ISO-10303-21;
HEADER;
/* Generated by software containing ST-Developer
 * from STEP Tools, Inc. (www.steptools.com) 
 */

FILE_DESCRIPTION(
/* description */ (''),
/* implementation_level */ '2;1');

FILE_NAME(
/* name */ 'BOTTOM.step',
/* time_stamp */ '2025-12-21T00:36:36+08:00',
/* author */ (''),
/* organization */ (''),
/* preprocessor_version */ 'ST-DEVELOPER v20.1',
/* originating_system */ 'Autodesk Translation Framework v14.21.0.0',
/* authorisation */ '');

FILE_SCHEMA (('AUTOMOTIVE_DESIGN { 1 0 10303 214 3 1 1 }'));
ENDSEC;

DATA;
#10=MECHANICAL_DESIGN_GEOMETRIC_PRESENTATION_REPRESENTATION('',(#13),#2885);
#11=SHAPE_REPRESENTATION_RELATIONSHIP('SRR','None',#2892,#12);
#12=ADVANCED_BREP_SHAPE_REPRESENTATION('',(#14),#2884);
#13=STYLED_ITEM('',(#2901),#14);
#14=MANIFOLD_SOLID_BREP('\X2\5B9E4F53\X0\1',#1707);
#15=CONICAL_SURFACE('',#1799,2.08,0.785398163397455);
#16=CONICAL_SURFACE('',#1803,2.07999999999997,0.785398163397475);
#17=CONICAL_SURFACE('',#1807,2.08000000000002,0.785398163397455);
#18=CONICAL_SURFACE('',#1811,2.08,0.785398163397457);
#19=CONICAL_SURFACE('',#1826,2.0799999999999,0.7853981633975);
#20=CONICAL_SURFACE('',#1829,2.08000000000007,0.785398163397467);
#21=CONICAL_SURFACE('',#1832,2.08000000000001,0.785398163397456);
#22=CONICAL_SURFACE('',#1835,2.08000000000001,0.785398163397452);
#23=ELLIPSE('',#1761,1.4142135623731,1.);
#24=ELLIPSE('',#1762,1.4142135623731,1.);
#25=ELLIPSE('',#1763,1.08239220029218,0.999999999999799);
#26=ELLIPSE('',#1765,1.41421356237309,0.999999999999999);
#27=ELLIPSE('',#1767,1.08239220029251,1.00000000000011);
#28=ELLIPSE('',#1768,1.08239220029244,1.00000000000006);
#29=ELLIPSE('',#1770,1.08239220029216,0.999999999999836);
#30=ELLIPSE('',#1772,1.08239220029228,0.999999999999931);
#31=ELLIPSE('',#1775,1.08239220029231,0.999999999999923);
#32=ELLIPSE('',#1777,1.08239220029256,1.00000000000017);
#33=ELLIPSE('',#1779,1.08239220029268,1.00000000000032);
#34=ELLIPSE('',#1781,1.08239220029213,0.999999999999764);
#35=ELLIPSE('',#1783,1.08239220029203,0.999999999999653);
#36=FACE_BOUND('',#202,.T.);
#37=FACE_BOUND('',#203,.T.);
#38=FACE_BOUND('',#204,.T.);
#39=FACE_BOUND('',#222,.T.);
#40=FACE_BOUND('',#223,.T.);
#41=FACE_BOUND('',#224,.T.);
#42=FACE_BOUND('',#230,.T.);
#43=FACE_BOUND('',#231,.T.);
#44=FACE_BOUND('',#232,.T.);
#45=FACE_BOUND('',#233,.T.);
#46=FACE_BOUND('',#247,.T.);
#47=FACE_BOUND('',#248,.T.);
#48=FACE_BOUND('',#290,.T.);
#49=FACE_BOUND('',#291,.T.);
#50=PLANE('',#1729);
#51=PLANE('',#1730);
#52=PLANE('',#1732);
#53=PLANE('',#1733);
#54=PLANE('',#1738);
#55=PLANE('',#1740);
#56=PLANE('',#1746);
#57=PLANE('',#1758);
#58=PLANE('',#1759);
#59=PLANE('',#1764);
#60=PLANE('',#1785);
#61=PLANE('',#1786);
#62=PLANE('',#1793);
#63=PLANE('',#1794);
#64=PLANE('',#1795);
#65=PLANE('',#1796);
#66=PLANE('',#1797);
#67=PLANE('',#1798);
#68=PLANE('',#1802);
#69=PLANE('',#1806);
#70=PLANE('',#1810);
#71=PLANE('',#1816);
#72=PLANE('',#1819);
#73=PLANE('',#1820);
#74=PLANE('',#1825);
#75=PLANE('',#1828);
#76=PLANE('',#1831);
#77=PLANE('',#1834);
#78=PLANE('',#1839);
#79=PLANE('',#1842);
#80=PLANE('',#1845);
#81=PLANE('',#1848);
#82=PLANE('',#1851);
#83=PLANE('',#1854);
#84=PLANE('',#1855);
#85=PLANE('',#1857);
#86=PLANE('',#1859);
#87=PLANE('',#1861);
#88=PLANE('',#1864);
#89=PLANE('',#1866);
#90=PLANE('',#1867);
#91=PLANE('',#1868);
#92=PLANE('',#1869);
#93=PLANE('',#1870);
#94=PLANE('',#1871);
#95=PLANE('',#1872);
#96=PLANE('',#1875);
#97=PLANE('',#1876);
#98=PLANE('',#1877);
#99=PLANE('',#1878);
#100=B_SPLINE_CURVE_WITH_KNOTS('',3,(#2386,#2387,#2388,#2389,#2390,#2391,
#2392,#2393,#2394,#2395,#2396,#2397),.UNSPECIFIED.,.F.,.F.,(4,2,2,2,2,4),
(-0.269265115238648,-0.22147986646837,-0.173694617698092,-0.122653891778167,
-0.0613269458890835,0.),.UNSPECIFIED.);
#101=B_SPLINE_CURVE_WITH_KNOTS('',3,(#2514,#2515,#2516,#2517,#2518,#2519,
#2520,#2521,#2522,#2523,#2524,#2525),.UNSPECIFIED.,.F.,.F.,(4,2,2,2,2,4),
(0.538552627793337,0.601094986553277,0.663637345313217,0.715900589877992,
0.76187036511301,0.807840140348029),.UNSPECIFIED.);
#102=FACE_OUTER_BOUND('',#191,.T.);
#103=FACE_OUTER_BOUND('',#192,.T.);
#104=FACE_OUTER_BOUND('',#193,.T.);
#105=FACE_OUTER_BOUND('',#194,.T.);
#106=FACE_OUTER_BOUND('',#195,.T.);
#107=FACE_OUTER_BOUND('',#196,.T.);
#108=FACE_OUTER_BOUND('',#197,.T.);
#109=FACE_OUTER_BOUND('',#198,.T.);
#110=FACE_OUTER_BOUND('',#199,.T.);
#111=FACE_OUTER_BOUND('',#200,.T.);
#112=FACE_OUTER_BOUND('',#201,.T.);
#113=FACE_OUTER_BOUND('',#205,.T.);
#114=FACE_OUTER_BOUND('',#206,.T.);
#115=FACE_OUTER_BOUND('',#207,.T.);
#116=FACE_OUTER_BOUND('',#208,.T.);
#117=FACE_OUTER_BOUND('',#209,.T.);
#118=FACE_OUTER_BOUND('',#210,.T.);
#119=FACE_OUTER_BOUND('',#211,.T.);
#120=FACE_OUTER_BOUND('',#212,.T.);
#121=FACE_OUTER_BOUND('',#213,.T.);
#122=FACE_OUTER_BOUND('',#214,.T.);
#123=FACE_OUTER_BOUND('',#215,.T.);
#124=FACE_OUTER_BOUND('',#216,.T.);
#125=FACE_OUTER_BOUND('',#217,.T.);
#126=FACE_OUTER_BOUND('',#218,.T.);
#127=FACE_OUTER_BOUND('',#219,.T.);
#128=FACE_OUTER_BOUND('',#220,.T.);
#129=FACE_OUTER_BOUND('',#221,.T.);
#130=FACE_OUTER_BOUND('',#225,.T.);
#131=FACE_OUTER_BOUND('',#226,.T.);
#132=FACE_OUTER_BOUND('',#227,.T.);
#133=FACE_OUTER_BOUND('',#228,.T.);
#134=FACE_OUTER_BOUND('',#229,.T.);
#135=FACE_OUTER_BOUND('',#234,.T.);
#136=FACE_OUTER_BOUND('',#235,.T.);
#137=FACE_OUTER_BOUND('',#236,.T.);
#138=FACE_OUTER_BOUND('',#237,.T.);
#139=FACE_OUTER_BOUND('',#238,.T.);
#140=FACE_OUTER_BOUND('',#239,.T.);
#141=FACE_OUTER_BOUND('',#240,.T.);
#142=FACE_OUTER_BOUND('',#241,.T.);
#143=FACE_OUTER_BOUND('',#242,.T.);
#144=FACE_OUTER_BOUND('',#243,.T.);
#145=FACE_OUTER_BOUND('',#244,.T.);
#146=FACE_OUTER_BOUND('',#245,.T.);
#147=FACE_OUTER_BOUND('',#246,.T.);
#148=FACE_OUTER_BOUND('',#249,.T.);
#149=FACE_OUTER_BOUND('',#250,.T.);
#150=FACE_OUTER_BOUND('',#251,.T.);
#151=FACE_OUTER_BOUND('',#252,.T.);
#152=FACE_OUTER_BOUND('',#253,.T.);
#153=FACE_OUTER_BOUND('',#254,.T.);
#154=FACE_OUTER_BOUND('',#255,.T.);
#155=FACE_OUTER_BOUND('',#256,.T.);
#156=FACE_OUTER_BOUND('',#257,.T.);
#157=FACE_OUTER_BOUND('',#258,.T.);
#158=FACE_OUTER_BOUND('',#259,.T.);
#159=FACE_OUTER_BOUND('',#260,.T.);
#160=FACE_OUTER_BOUND('',#261,.T.);
#161=FACE_OUTER_BOUND('',#262,.T.);
#162=FACE_OUTER_BOUND('',#263,.T.);
#163=FACE_OUTER_BOUND('',#264,.T.);
#164=FACE_OUTER_BOUND('',#265,.T.);
#165=FACE_OUTER_BOUND('',#266,.T.);
#166=FACE_OUTER_BOUND('',#267,.T.);
#167=FACE_OUTER_BOUND('',#268,.T.);
#168=FACE_OUTER_BOUND('',#269,.T.);
#169=FACE_OUTER_BOUND('',#270,.T.);
#170=FACE_OUTER_BOUND('',#271,.T.);
#171=FACE_OUTER_BOUND('',#272,.T.);
#172=FACE_OUTER_BOUND('',#273,.T.);
#173=FACE_OUTER_BOUND('',#274,.T.);
#174=FACE_OUTER_BOUND('',#275,.T.);
#175=FACE_OUTER_BOUND('',#276,.T.);
#176=FACE_OUTER_BOUND('',#277,.T.);
#177=FACE_OUTER_BOUND('',#278,.T.);
#178=FACE_OUTER_BOUND('',#279,.T.);
#179=FACE_OUTER_BOUND('',#280,.T.);
#180=FACE_OUTER_BOUND('',#281,.T.);
#181=FACE_OUTER_BOUND('',#282,.T.);
#182=FACE_OUTER_BOUND('',#283,.T.);
#183=FACE_OUTER_BOUND('',#284,.T.);
#184=FACE_OUTER_BOUND('',#285,.T.);
#185=FACE_OUTER_BOUND('',#286,.T.);
#186=FACE_OUTER_BOUND('',#287,.T.);
#187=FACE_OUTER_BOUND('',#288,.T.);
#188=FACE_OUTER_BOUND('',#289,.T.);
#189=FACE_OUTER_BOUND('',#292,.T.);
#190=FACE_OUTER_BOUND('',#293,.T.);
#191=EDGE_LOOP('',(#1097,#1098,#1099,#1100));
#192=EDGE_LOOP('',(#1101,#1102,#1103,#1104,#1105,#1106,#1107,#1108,#1109,
#1110,#1111));
#193=EDGE_LOOP('',(#1112,#1113,#1114,#1115));
#194=EDGE_LOOP('',(#1116,#1117,#1118,#1119,#1120,#1121,#1122,#1123));
#195=EDGE_LOOP('',(#1124,#1125,#1126,#1127));
#196=EDGE_LOOP('',(#1128,#1129,#1130,#1131));
#197=EDGE_LOOP('',(#1132,#1133,#1134,#1135,#1136,#1137,#1138));
#198=EDGE_LOOP('',(#1139,#1140,#1141,#1142,#1143,#1144));
#199=EDGE_LOOP('',(#1145,#1146,#1147,#1148,#1149));
#200=EDGE_LOOP('',(#1150,#1151,#1152,#1153,#1154,#1155,#1156,#1157));
#201=EDGE_LOOP('',(#1158,#1159,#1160,#1161));
#202=EDGE_LOOP('',(#1162));
#203=EDGE_LOOP('',(#1163,#1164,#1165,#1166,#1167,#1168));
#204=EDGE_LOOP('',(#1169,#1170,#1171,#1172,#1173,#1174,#1175,#1176));
#205=EDGE_LOOP('',(#1177,#1178,#1179,#1180,#1181,#1182,#1183,#1184,#1185,
#1186,#1187,#1188));
#206=EDGE_LOOP('',(#1189,#1190,#1191,#1192));
#207=EDGE_LOOP('',(#1193,#1194,#1195,#1196));
#208=EDGE_LOOP('',(#1197,#1198,#1199,#1200,#1201));
#209=EDGE_LOOP('',(#1202,#1203,#1204,#1205,#1206,#1207,#1208,#1209,#1210));
#210=EDGE_LOOP('',(#1211,#1212,#1213,#1214));
#211=EDGE_LOOP('',(#1215,#1216,#1217,#1218));
#212=EDGE_LOOP('',(#1219,#1220,#1221,#1222));
#213=EDGE_LOOP('',(#1223,#1224,#1225,#1226));
#214=EDGE_LOOP('',(#1227,#1228,#1229,#1230,#1231));
#215=EDGE_LOOP('',(#1232,#1233,#1234,#1235));
#216=EDGE_LOOP('',(#1236,#1237,#1238,#1239));
#217=EDGE_LOOP('',(#1240,#1241,#1242,#1243));
#218=EDGE_LOOP('',(#1244,#1245,#1246,#1247));
#219=EDGE_LOOP('',(#1248,#1249,#1250,#1251));
#220=EDGE_LOOP('',(#1252,#1253,#1254,#1255));
#221=EDGE_LOOP('',(#1256,#1257,#1258,#1259));
#222=EDGE_LOOP('',(#1260));
#223=EDGE_LOOP('',(#1261,#1262,#1263,#1264,#1265,#1266));
#224=EDGE_LOOP('',(#1267,#1268,#1269,#1270,#1271,#1272,#1273,#1274));
#225=EDGE_LOOP('',(#1275,#1276,#1277,#1278));
#226=EDGE_LOOP('',(#1279,#1280,#1281,#1282));
#227=EDGE_LOOP('',(#1283,#1284,#1285,#1286));
#228=EDGE_LOOP('',(#1287,#1288,#1289,#1290));
#229=EDGE_LOOP('',(#1291,#1292,#1293,#1294,#1295,#1296,#1297,#1298,#1299,
#1300,#1301));
#230=EDGE_LOOP('',(#1302));
#231=EDGE_LOOP('',(#1303));
#232=EDGE_LOOP('',(#1304));
#233=EDGE_LOOP('',(#1305));
#234=EDGE_LOOP('',(#1306,#1307,#1308,#1309));
#235=EDGE_LOOP('',(#1310,#1311,#1312,#1313));
#236=EDGE_LOOP('',(#1314,#1315,#1316,#1317));
#237=EDGE_LOOP('',(#1318,#1319,#1320,#1321));
#238=EDGE_LOOP('',(#1322,#1323,#1324,#1325));
#239=EDGE_LOOP('',(#1326,#1327,#1328,#1329));
#240=EDGE_LOOP('',(#1330,#1331,#1332,#1333));
#241=EDGE_LOOP('',(#1334,#1335,#1336,#1337));
#242=EDGE_LOOP('',(#1338,#1339,#1340,#1341));
#243=EDGE_LOOP('',(#1342,#1343,#1344,#1345));
#244=EDGE_LOOP('',(#1346,#1347,#1348,#1349));
#245=EDGE_LOOP('',(#1350,#1351,#1352,#1353));
#246=EDGE_LOOP('',(#1354,#1355,#1356,#1357));
#247=EDGE_LOOP('',(#1358,#1359,#1360,#1361,#1362,#1363,#1364,#1365));
#248=EDGE_LOOP('',(#1366,#1367,#1368,#1369,#1370,#1371,#1372,#1373));
#249=EDGE_LOOP('',(#1374,#1375,#1376,#1377));
#250=EDGE_LOOP('',(#1378,#1379,#1380,#1381));
#251=EDGE_LOOP('',(#1382,#1383,#1384,#1385));
#252=EDGE_LOOP('',(#1386,#1387,#1388,#1389));
#253=EDGE_LOOP('',(#1390,#1391,#1392,#1393));
#254=EDGE_LOOP('',(#1394,#1395,#1396,#1397));
#255=EDGE_LOOP('',(#1398,#1399,#1400,#1401));
#256=EDGE_LOOP('',(#1402,#1403,#1404,#1405));
#257=EDGE_LOOP('',(#1406,#1407,#1408,#1409));
#258=EDGE_LOOP('',(#1410,#1411,#1412,#1413));
#259=EDGE_LOOP('',(#1414,#1415,#1416,#1417));
#260=EDGE_LOOP('',(#1418,#1419,#1420,#1421));
#261=EDGE_LOOP('',(#1422,#1423,#1424,#1425));
#262=EDGE_LOOP('',(#1426,#1427,#1428,#1429));
#263=EDGE_LOOP('',(#1430,#1431,#1432,#1433));
#264=EDGE_LOOP('',(#1434,#1435,#1436,#1437));
#265=EDGE_LOOP('',(#1438,#1439,#1440,#1441));
#266=EDGE_LOOP('',(#1442,#1443,#1444,#1445));
#267=EDGE_LOOP('',(#1446,#1447,#1448,#1449));
#268=EDGE_LOOP('',(#1450,#1451,#1452,#1453));
#269=EDGE_LOOP('',(#1454,#1455,#1456,#1457));
#270=EDGE_LOOP('',(#1458,#1459,#1460,#1461));
#271=EDGE_LOOP('',(#1462,#1463,#1464,#1465));
#272=EDGE_LOOP('',(#1466,#1467,#1468,#1469));
#273=EDGE_LOOP('',(#1470,#1471,#1472,#1473));
#274=EDGE_LOOP('',(#1474,#1475,#1476,#1477));
#275=EDGE_LOOP('',(#1478,#1479,#1480,#1481));
#276=EDGE_LOOP('',(#1482,#1483,#1484,#1485));
#277=EDGE_LOOP('',(#1486,#1487,#1488,#1489));
#278=EDGE_LOOP('',(#1490,#1491,#1492,#1493));
#279=EDGE_LOOP('',(#1494,#1495,#1496,#1497));
#280=EDGE_LOOP('',(#1498,#1499,#1500,#1501));
#281=EDGE_LOOP('',(#1502,#1503,#1504,#1505));
#282=EDGE_LOOP('',(#1506,#1507,#1508,#1509));
#283=EDGE_LOOP('',(#1510,#1511,#1512,#1513));
#284=EDGE_LOOP('',(#1514,#1515,#1516,#1517));
#285=EDGE_LOOP('',(#1518,#1519,#1520,#1521,#1522,#1523,#1524,#1525));
#286=EDGE_LOOP('',(#1526,#1527,#1528,#1529,#1530,#1531,#1532,#1533,#1534,
#1535,#1536,#1537,#1538,#1539,#1540,#1541,#1542,#1543,#1544,#1545,#1546,
#1547));
#287=EDGE_LOOP('',(#1548,#1549,#1550,#1551,#1552,#1553));
#288=EDGE_LOOP('',(#1554,#1555,#1556,#1557));
#289=EDGE_LOOP('',(#1558,#1559,#1560,#1561,#1562));
#290=EDGE_LOOP('',(#1563,#1564,#1565,#1566,#1567,#1568,#1569,#1570));
#291=EDGE_LOOP('',(#1571,#1572,#1573,#1574,#1575,#1576,#1577,#1578));
#292=EDGE_LOOP('',(#1579,#1580,#1581,#1582));
#293=EDGE_LOOP('',(#1583,#1584,#1585,#1586));
#294=LINE('',#2376,#468);
#295=LINE('',#2381,#469);
#296=LINE('',#2383,#470);
#297=LINE('',#2399,#471);
#298=LINE('',#2403,#472);
#299=LINE('',#2407,#473);
#300=LINE('',#2411,#474);
#301=LINE('',#2413,#475);
#302=LINE('',#2414,#476);
#303=LINE('',#2417,#477);
#304=LINE('',#2419,#478);
#305=LINE('',#2421,#479);
#306=LINE('',#2423,#480);
#307=LINE('',#2425,#481);
#308=LINE('',#2429,#482);
#309=LINE('',#2430,#483);
#310=LINE('',#2433,#484);
#311=LINE('',#2434,#485);
#312=LINE('',#2438,#486);
#313=LINE('',#2442,#487);
#314=LINE('',#2445,#488);
#315=LINE('',#2449,#489);
#316=LINE('',#2451,#490);
#317=LINE('',#2453,#491);
#318=LINE('',#2456,#492);
#319=LINE('',#2459,#493);
#320=LINE('',#2462,#494);
#321=LINE('',#2466,#495);
#322=LINE('',#2470,#496);
#323=LINE('',#2472,#497);
#324=LINE('',#2477,#498);
#325=LINE('',#2481,#499);
#326=LINE('',#2483,#500);
#327=LINE('',#2484,#501);
#328=LINE('',#2487,#502);
#329=LINE('',#2491,#503);
#330=LINE('',#2495,#504);
#331=LINE('',#2499,#505);
#332=LINE('',#2504,#506);
#333=LINE('',#2508,#507);
#334=LINE('',#2513,#508);
#335=LINE('',#2527,#509);
#336=LINE('',#2531,#510);
#337=LINE('',#2533,#511);
#338=LINE('',#2534,#512);
#339=LINE('',#2536,#513);
#340=LINE('',#2544,#514);
#341=LINE('',#2547,#515);
#342=LINE('',#2552,#516);
#343=LINE('',#2554,#517);
#344=LINE('',#2555,#518);
#345=LINE('',#2556,#519);
#346=LINE('',#2560,#520);
#347=LINE('',#2564,#521);
#348=LINE('',#2568,#522);
#349=LINE('',#2571,#523);
#350=LINE('',#2574,#524);
#351=LINE('',#2577,#525);
#352=LINE('',#2579,#526);
#353=LINE('',#2580,#527);
#354=LINE('',#2583,#528);
#355=LINE('',#2586,#529);
#356=LINE('',#2589,#530);
#357=LINE('',#2591,#531);
#358=LINE('',#2595,#532);
#359=LINE('',#2597,#533);
#360=LINE('',#2601,#534);
#361=LINE('',#2603,#535);
#362=LINE('',#2607,#536);
#363=LINE('',#2609,#537);
#364=LINE('',#2612,#538);
#365=LINE('',#2613,#539);
#366=LINE('',#2616,#540);
#367=LINE('',#2618,#541);
#368=LINE('',#2619,#542);
#369=LINE('',#2622,#543);
#370=LINE('',#2623,#544);
#371=LINE('',#2628,#545);
#372=LINE('',#2630,#546);
#373=LINE('',#2632,#547);
#374=LINE('',#2635,#548);
#375=LINE('',#2638,#549);
#376=LINE('',#2642,#550);
#377=LINE('',#2646,#551);
#378=LINE('',#2650,#552);
#379=LINE('',#2654,#553);
#380=LINE('',#2655,#554);
#381=LINE('',#2658,#555);
#382=LINE('',#2659,#556);
#383=LINE('',#2662,#557);
#384=LINE('',#2663,#558);
#385=LINE('',#2666,#559);
#386=LINE('',#2667,#560);
#387=LINE('',#2672,#561);
#388=LINE('',#2674,#562);
#389=LINE('',#2676,#563);
#390=LINE('',#2677,#564);
#391=LINE('',#2682,#565);
#392=LINE('',#2687,#566);
#393=LINE('',#2688,#567);
#394=LINE('',#2689,#568);
#395=LINE('',#2694,#569);
#396=LINE('',#2699,#570);
#397=LINE('',#2700,#571);
#398=LINE('',#2701,#572);
#399=LINE('',#2706,#573);
#400=LINE('',#2711,#574);
#401=LINE('',#2712,#575);
#402=LINE('',#2713,#576);
#403=LINE('',#2719,#577);
#404=LINE('',#2722,#578);
#405=LINE('',#2725,#579);
#406=LINE('',#2726,#580);
#407=LINE('',#2729,#581);
#408=LINE('',#2733,#582);
#409=LINE('',#2734,#583);
#410=LINE('',#2736,#584);
#411=LINE('',#2739,#585);
#412=LINE('',#2743,#586);
#413=LINE('',#2747,#587);
#414=LINE('',#2751,#588);
#415=LINE('',#2755,#589);
#416=LINE('',#2757,#590);
#417=LINE('',#2758,#591);
#418=LINE('',#2762,#592);
#419=LINE('',#2765,#593);
#420=LINE('',#2766,#594);
#421=LINE('',#2770,#595);
#422=LINE('',#2773,#596);
#423=LINE('',#2774,#597);
#424=LINE('',#2778,#598);
#425=LINE('',#2781,#599);
#426=LINE('',#2782,#600);
#427=LINE('',#2787,#601);
#428=LINE('',#2790,#602);
#429=LINE('',#2793,#603);
#430=LINE('',#2794,#604);
#431=LINE('',#2797,#605);
#432=LINE('',#2801,#606);
#433=LINE('',#2802,#607);
#434=LINE('',#2805,#608);
#435=LINE('',#2809,#609);
#436=LINE('',#2810,#610);
#437=LINE('',#2813,#611);
#438=LINE('',#2816,#612);
#439=LINE('',#2819,#613);
#440=LINE('',#2822,#614);
#441=LINE('',#2824,#615);
#442=LINE('',#2827,#616);
#443=LINE('',#2830,#617);
#444=LINE('',#2832,#618);
#445=LINE('',#2833,#619);
#446=LINE('',#2835,#620);
#447=LINE('',#2837,#621);
#448=LINE('',#2839,#622);
#449=LINE('',#2841,#623);
#450=LINE('',#2843,#624);
#451=LINE('',#2845,#625);
#452=LINE('',#2848,#626);
#453=LINE('',#2849,#627);
#454=LINE('',#2851,#628);
#455=LINE('',#2853,#629);
#456=LINE('',#2855,#630);
#457=LINE('',#2857,#631);
#458=LINE('',#2861,#632);
#459=LINE('',#2862,#633);
#460=LINE('',#2864,#634);
#461=LINE('',#2866,#635);
#462=LINE('',#2868,#636);
#463=LINE('',#2869,#637);
#464=LINE('',#2871,#638);
#465=LINE('',#2873,#639);
#466=LINE('',#2874,#640);
#467=LINE('',#2880,#641);
#468=VECTOR('',#1885,1.25);
#469=VECTOR('',#1890,10.);
#470=VECTOR('',#1891,1.25);
#471=VECTOR('',#1894,10.);
#472=VECTOR('',#1897,10.);
#473=VECTOR('',#1900,10.);
#474=VECTOR('',#1905,10.);
#475=VECTOR('',#1906,10.);
#476=VECTOR('',#1907,10.);
#477=VECTOR('',#1910,10.);
#478=VECTOR('',#1911,10.);
#479=VECTOR('',#1912,10.);
#480=VECTOR('',#1913,10.);
#481=VECTOR('',#1914,10.);
#482=VECTOR('',#1919,10.);
#483=VECTOR('',#1920,10.);
#484=VECTOR('',#1923,10.);
#485=VECTOR('',#1924,10.);
#486=VECTOR('',#1927,10.);
#487=VECTOR('',#1930,10.);
#488=VECTOR('',#1933,1.25);
#489=VECTOR('',#1938,10.);
#490=VECTOR('',#1939,10.);
#491=VECTOR('',#1940,10.);
#492=VECTOR('',#1943,10.);
#493=VECTOR('',#1948,10.);
#494=VECTOR('',#1951,10.);
#495=VECTOR('',#1954,1.25);
#496=VECTOR('',#1959,10.);
#497=VECTOR('',#1962,10.);
#498=VECTOR('',#1965,10.);
#499=VECTOR('',#1968,10.);
#500=VECTOR('',#1969,10.);
#501=VECTOR('',#1970,10.);
#502=VECTOR('',#1971,10.);
#503=VECTOR('',#1974,10.);
#504=VECTOR('',#1977,10.);
#505=VECTOR('',#1980,10.);
#506=VECTOR('',#1985,10.);
#507=VECTOR('',#1988,1.25);
#508=VECTOR('',#1993,10.);
#509=VECTOR('',#1994,10.);
#510=VECTOR('',#1999,10.);
#511=VECTOR('',#2000,10.);
#512=VECTOR('',#2001,10.);
#513=VECTOR('',#2004,10.);
#514=VECTOR('',#2011,10.);
#515=VECTOR('',#2014,10.);
#516=VECTOR('',#2019,10.);
#517=VECTOR('',#2020,10.);
#518=VECTOR('',#2021,10.);
#519=VECTOR('',#2022,10.);
#520=VECTOR('',#2025,10.);
#521=VECTOR('',#2028,10.);
#522=VECTOR('',#2033,10.);
#523=VECTOR('',#2036,10.);
#524=VECTOR('',#2039,10.);
#525=VECTOR('',#2042,10.);
#526=VECTOR('',#2045,10.);
#527=VECTOR('',#2046,10.);
#528=VECTOR('',#2049,0.999999999999999);
#529=VECTOR('',#2052,10.);
#530=VECTOR('',#2055,10.);
#531=VECTOR('',#2056,10.);
#532=VECTOR('',#2061,10.);
#533=VECTOR('',#2062,10.);
#534=VECTOR('',#2067,10.);
#535=VECTOR('',#2068,10.);
#536=VECTOR('',#2073,10.);
#537=VECTOR('',#2074,10.);
#538=VECTOR('',#2079,10.);
#539=VECTOR('',#2080,10.);
#540=VECTOR('',#2083,10.);
#541=VECTOR('',#2084,10.);
#542=VECTOR('',#2085,10.);
#543=VECTOR('',#2088,10.);
#544=VECTOR('',#2089,10.);
#545=VECTOR('',#2092,10.);
#546=VECTOR('',#2093,10.);
#547=VECTOR('',#2094,10.);
#548=VECTOR('',#2097,10.);
#549=VECTOR('',#2098,10.);
#550=VECTOR('',#2101,10.);
#551=VECTOR('',#2104,10.);
#552=VECTOR('',#2107,10.);
#553=VECTOR('',#2112,10.);
#554=VECTOR('',#2113,10.);
#555=VECTOR('',#2116,10.);
#556=VECTOR('',#2117,10.);
#557=VECTOR('',#2120,10.);
#558=VECTOR('',#2121,10.);
#559=VECTOR('',#2124,10.);
#560=VECTOR('',#2125,10.);
#561=VECTOR('',#2130,10.);
#562=VECTOR('',#2131,10.);
#563=VECTOR('',#2132,10.);
#564=VECTOR('',#2133,10.);
#565=VECTOR('',#2138,10.);
#566=VECTOR('',#2143,10.);
#567=VECTOR('',#2144,10.);
#568=VECTOR('',#2145,10.);
#569=VECTOR('',#2150,10.);
#570=VECTOR('',#2155,10.);
#571=VECTOR('',#2156,10.);
#572=VECTOR('',#2157,10.);
#573=VECTOR('',#2162,10.);
#574=VECTOR('',#2167,10.);
#575=VECTOR('',#2168,10.);
#576=VECTOR('',#2169,10.);
#577=VECTOR('',#2178,10.);
#578=VECTOR('',#2181,10.);
#579=VECTOR('',#2184,10.);
#580=VECTOR('',#2185,10.);
#581=VECTOR('',#2188,10.);
#582=VECTOR('',#2193,10.);
#583=VECTOR('',#2194,10.);
#584=VECTOR('',#2197,10.);
#585=VECTOR('',#2198,10.);
#586=VECTOR('',#2201,10.);
#587=VECTOR('',#2204,10.);
#588=VECTOR('',#2207,10.);
#589=VECTOR('',#2212,10.);
#590=VECTOR('',#2213,10.);
#591=VECTOR('',#2214,10.);
#592=VECTOR('',#2219,10.);
#593=VECTOR('',#2222,10.);
#594=VECTOR('',#2223,10.);
#595=VECTOR('',#2228,10.);
#596=VECTOR('',#2231,10.);
#597=VECTOR('',#2232,10.);
#598=VECTOR('',#2237,10.);
#599=VECTOR('',#2240,10.);
#600=VECTOR('',#2241,10.);
#601=VECTOR('',#2248,10.);
#602=VECTOR('',#2251,10.);
#603=VECTOR('',#2254,10.);
#604=VECTOR('',#2255,10.);
#605=VECTOR('',#2258,10.);
#606=VECTOR('',#2263,10.);
#607=VECTOR('',#2264,10.);
#608=VECTOR('',#2267,10.);
#609=VECTOR('',#2272,10.);
#610=VECTOR('',#2273,10.);
#611=VECTOR('',#2276,10.);
#612=VECTOR('',#2281,10.);
#613=VECTOR('',#2284,10.);
#614=VECTOR('',#2287,10.);
#615=VECTOR('',#2290,10.);
#616=VECTOR('',#2293,10.);
#617=VECTOR('',#2298,10.);
#618=VECTOR('',#2301,10.);
#619=VECTOR('',#2302,10.);
#620=VECTOR('',#2305,10.);
#621=VECTOR('',#2308,10.);
#622=VECTOR('',#2311,10.);
#623=VECTOR('',#2314,10.);
#624=VECTOR('',#2317,10.);
#625=VECTOR('',#2320,10.);
#626=VECTOR('',#2325,10.);
#627=VECTOR('',#2326,10.);
#628=VECTOR('',#2329,10.);
#629=VECTOR('',#2332,10.);
#630=VECTOR('',#2335,10.);
#631=VECTOR('',#2338,10.);
#632=VECTOR('',#2343,10.);
#633=VECTOR('',#2344,10.);
#634=VECTOR('',#2347,10.);
#635=VECTOR('',#2350,10.);
#636=VECTOR('',#2351,10.);
#637=VECTOR('',#2352,10.);
#638=VECTOR('',#2355,10.);
#639=VECTOR('',#2356,10.);
#640=VECTOR('',#2357,10.);
#641=VECTOR('',#2368,10.);
#642=CIRCLE('',#1722,1.25);
#643=CIRCLE('',#1723,1.25);
#644=CIRCLE('',#1725,1.25);
#645=CIRCLE('',#1726,1.25);
#646=CIRCLE('',#1727,1.25);
#647=CIRCLE('',#1728,1.25);
#648=CIRCLE('',#1731,1.25);
#649=CIRCLE('',#1735,1.25);
#650=CIRCLE('',#1736,1.25);
#651=CIRCLE('',#1737,1.25);
#652=CIRCLE('',#1739,1.25);
#653=CIRCLE('',#1741,1.50000000000007);
#654=CIRCLE('',#1743,1.25);
#655=CIRCLE('',#1744,1.25);
#656=CIRCLE('',#1745,1.25);
#657=CIRCLE('',#1747,0.999999988527034);
#658=CIRCLE('',#1748,0.999999988527014);
#659=CIRCLE('',#1749,1.450000012581);
#660=CIRCLE('',#1750,1.45000001258099);
#661=CIRCLE('',#1751,1.45000001258098);
#662=CIRCLE('',#1752,1.45000001258094);
#663=CIRCLE('',#1754,1.25);
#664=CIRCLE('',#1755,1.25);
#665=CIRCLE('',#1756,1.25);
#666=CIRCLE('',#1757,1.25);
#667=CIRCLE('',#1787,0.999999988527032);
#668=CIRCLE('',#1788,0.999999988527014);
#669=CIRCLE('',#1789,1.45000001258094);
#670=CIRCLE('',#1790,1.45000001258098);
#671=CIRCLE('',#1791,1.450000012581);
#672=CIRCLE('',#1792,1.45000001258099);
#673=CIRCLE('',#1800,0.999999999999996);
#674=CIRCLE('',#1801,2.20000000000001);
#675=CIRCLE('',#1804,1.);
#676=CIRCLE('',#1805,2.19999999999999);
#677=CIRCLE('',#1808,0.999999999999999);
#678=CIRCLE('',#1809,2.2);
#679=CIRCLE('',#1812,1.);
#680=CIRCLE('',#1813,2.2);
#681=CIRCLE('',#1815,1.00000000000001);
#682=CIRCLE('',#1818,0.999999999999996);
#683=CIRCLE('',#1821,2.19999999999999);
#684=CIRCLE('',#1822,2.2);
#685=CIRCLE('',#1823,2.2);
#686=CIRCLE('',#1824,2.2);
#687=CIRCLE('',#1827,1.00000000000001);
#688=CIRCLE('',#1830,0.999999999999999);
#689=CIRCLE('',#1833,0.999999999999999);
#690=CIRCLE('',#1836,0.999999999999996);
#691=CIRCLE('',#1838,0.999999999999999);
#692=CIRCLE('',#1841,1.);
#693=CIRCLE('',#1844,1.);
#694=CIRCLE('',#1847,1.);
#695=CIRCLE('',#1850,0.999999999999999);
#696=CIRCLE('',#1853,1.);
#697=CIRCLE('',#1874,1.50000000000012);
#698=VERTEX_POINT('',#2373);
#699=VERTEX_POINT('',#2375);
#700=VERTEX_POINT('',#2379);
#701=VERTEX_POINT('',#2380);
#702=VERTEX_POINT('',#2382);
#703=VERTEX_POINT('',#2385);
#704=VERTEX_POINT('',#2398);
#705=VERTEX_POINT('',#2400);
#706=VERTEX_POINT('',#2402);
#707=VERTEX_POINT('',#2404);
#708=VERTEX_POINT('',#2406);
#709=VERTEX_POINT('',#2410);
#710=VERTEX_POINT('',#2412);
#711=VERTEX_POINT('',#2416);
#712=VERTEX_POINT('',#2418);
#713=VERTEX_POINT('',#2420);
#714=VERTEX_POINT('',#2422);
#715=VERTEX_POINT('',#2424);
#716=VERTEX_POINT('',#2428);
#717=VERTEX_POINT('',#2432);
#718=VERTEX_POINT('',#2436);
#719=VERTEX_POINT('',#2437);
#720=VERTEX_POINT('',#2439);
#721=VERTEX_POINT('',#2441);
#722=VERTEX_POINT('',#2444);
#723=VERTEX_POINT('',#2448);
#724=VERTEX_POINT('',#2450);
#725=VERTEX_POINT('',#2452);
#726=VERTEX_POINT('',#2454);
#727=VERTEX_POINT('',#2461);
#728=VERTEX_POINT('',#2463);
#729=VERTEX_POINT('',#2465);
#730=VERTEX_POINT('',#2468);
#731=VERTEX_POINT('',#2473);
#732=VERTEX_POINT('',#2474);
#733=VERTEX_POINT('',#2476);
#734=VERTEX_POINT('',#2478);
#735=VERTEX_POINT('',#2480);
#736=VERTEX_POINT('',#2482);
#737=VERTEX_POINT('',#2485);
#738=VERTEX_POINT('',#2486);
#739=VERTEX_POINT('',#2488);
#740=VERTEX_POINT('',#2490);
#741=VERTEX_POINT('',#2492);
#742=VERTEX_POINT('',#2494);
#743=VERTEX_POINT('',#2496);
#744=VERTEX_POINT('',#2498);
#745=VERTEX_POINT('',#2502);
#746=VERTEX_POINT('',#2503);
#747=VERTEX_POINT('',#2505);
#748=VERTEX_POINT('',#2507);
#749=VERTEX_POINT('',#2510);
#750=VERTEX_POINT('',#2512);
#751=VERTEX_POINT('',#2526);
#752=VERTEX_POINT('',#2530);
#753=VERTEX_POINT('',#2532);
#754=VERTEX_POINT('',#2538);
#755=VERTEX_POINT('',#2539);
#756=VERTEX_POINT('',#2541);
#757=VERTEX_POINT('',#2543);
#758=VERTEX_POINT('',#2545);
#759=VERTEX_POINT('',#2549);
#760=VERTEX_POINT('',#2551);
#761=VERTEX_POINT('',#2553);
#762=VERTEX_POINT('',#2558);
#763=VERTEX_POINT('',#2559);
#764=VERTEX_POINT('',#2561);
#765=VERTEX_POINT('',#2563);
#766=VERTEX_POINT('',#2567);
#767=VERTEX_POINT('',#2569);
#768=VERTEX_POINT('',#2573);
#769=VERTEX_POINT('',#2575);
#770=VERTEX_POINT('',#2582);
#771=VERTEX_POINT('',#2584);
#772=VERTEX_POINT('',#2588);
#773=VERTEX_POINT('',#2590);
#774=VERTEX_POINT('',#2594);
#775=VERTEX_POINT('',#2596);
#776=VERTEX_POINT('',#2600);
#777=VERTEX_POINT('',#2602);
#778=VERTEX_POINT('',#2606);
#779=VERTEX_POINT('',#2608);
#780=VERTEX_POINT('',#2615);
#781=VERTEX_POINT('',#2617);
#782=VERTEX_POINT('',#2621);
#783=VERTEX_POINT('',#2624);
#784=VERTEX_POINT('',#2625);
#785=VERTEX_POINT('',#2627);
#786=VERTEX_POINT('',#2629);
#787=VERTEX_POINT('',#2631);
#788=VERTEX_POINT('',#2633);
#789=VERTEX_POINT('',#2636);
#790=VERTEX_POINT('',#2637);
#791=VERTEX_POINT('',#2639);
#792=VERTEX_POINT('',#2641);
#793=VERTEX_POINT('',#2643);
#794=VERTEX_POINT('',#2645);
#795=VERTEX_POINT('',#2647);
#796=VERTEX_POINT('',#2649);
#797=VERTEX_POINT('',#2653);
#798=VERTEX_POINT('',#2657);
#799=VERTEX_POINT('',#2661);
#800=VERTEX_POINT('',#2665);
#801=VERTEX_POINT('',#2670);
#802=VERTEX_POINT('',#2671);
#803=VERTEX_POINT('',#2673);
#804=VERTEX_POINT('',#2675);
#805=VERTEX_POINT('',#2679);
#806=VERTEX_POINT('',#2681);
#807=VERTEX_POINT('',#2685);
#808=VERTEX_POINT('',#2686);
#809=VERTEX_POINT('',#2691);
#810=VERTEX_POINT('',#2693);
#811=VERTEX_POINT('',#2697);
#812=VERTEX_POINT('',#2698);
#813=VERTEX_POINT('',#2703);
#814=VERTEX_POINT('',#2705);
#815=VERTEX_POINT('',#2709);
#816=VERTEX_POINT('',#2710);
#817=VERTEX_POINT('',#2718);
#818=VERTEX_POINT('',#2720);
#819=VERTEX_POINT('',#2724);
#820=VERTEX_POINT('',#2728);
#821=VERTEX_POINT('',#2732);
#822=VERTEX_POINT('',#2737);
#823=VERTEX_POINT('',#2738);
#824=VERTEX_POINT('',#2740);
#825=VERTEX_POINT('',#2742);
#826=VERTEX_POINT('',#2744);
#827=VERTEX_POINT('',#2746);
#828=VERTEX_POINT('',#2748);
#829=VERTEX_POINT('',#2750);
#830=VERTEX_POINT('',#2754);
#831=VERTEX_POINT('',#2756);
#832=VERTEX_POINT('',#2760);
#833=VERTEX_POINT('',#2764);
#834=VERTEX_POINT('',#2768);
#835=VERTEX_POINT('',#2772);
#836=VERTEX_POINT('',#2776);
#837=VERTEX_POINT('',#2780);
#838=VERTEX_POINT('',#2786);
#839=VERTEX_POINT('',#2788);
#840=VERTEX_POINT('',#2792);
#841=VERTEX_POINT('',#2796);
#842=VERTEX_POINT('',#2800);
#843=VERTEX_POINT('',#2804);
#844=VERTEX_POINT('',#2808);
#845=VERTEX_POINT('',#2812);
#846=VERTEX_POINT('',#2818);
#847=VERTEX_POINT('',#2820);
#848=VERTEX_POINT('',#2826);
#849=VERTEX_POINT('',#2860);
#850=VERTEX_POINT('',#2867);
#851=VERTEX_POINT('',#2872);
#852=EDGE_CURVE('',#698,#698,#642,.T.);
#853=EDGE_CURVE('',#698,#699,#294,.T.);
#854=EDGE_CURVE('',#699,#699,#643,.T.);
#855=EDGE_CURVE('',#700,#701,#295,.T.);
#856=EDGE_CURVE('',#700,#702,#296,.T.);
#857=EDGE_CURVE('',#702,#702,#644,.T.);
#858=EDGE_CURVE('',#703,#700,#100,.T.);
#859=EDGE_CURVE('',#704,#703,#297,.T.);
#860=EDGE_CURVE('',#705,#704,#645,.T.);
#861=EDGE_CURVE('',#706,#705,#298,.T.);
#862=EDGE_CURVE('',#707,#706,#646,.T.);
#863=EDGE_CURVE('',#708,#707,#299,.T.);
#864=EDGE_CURVE('',#701,#708,#647,.T.);
#865=EDGE_CURVE('',#709,#701,#300,.T.);
#866=EDGE_CURVE('',#709,#710,#301,.T.);
#867=EDGE_CURVE('',#700,#710,#302,.T.);
#868=EDGE_CURVE('',#708,#711,#303,.T.);
#869=EDGE_CURVE('',#712,#711,#304,.T.);
#870=EDGE_CURVE('',#712,#713,#305,.T.);
#871=EDGE_CURVE('',#714,#713,#306,.T.);
#872=EDGE_CURVE('',#714,#715,#307,.T.);
#873=EDGE_CURVE('',#715,#709,#648,.T.);
#874=EDGE_CURVE('',#707,#716,#308,.T.);
#875=EDGE_CURVE('',#711,#716,#309,.T.);
#876=EDGE_CURVE('',#717,#706,#310,.T.);
#877=EDGE_CURVE('',#716,#717,#311,.T.);
#878=EDGE_CURVE('',#718,#719,#312,.T.);
#879=EDGE_CURVE('',#720,#718,#649,.T.);
#880=EDGE_CURVE('',#721,#720,#313,.T.);
#881=EDGE_CURVE('',#719,#721,#650,.T.);
#882=EDGE_CURVE('',#719,#722,#314,.T.);
#883=EDGE_CURVE('',#722,#722,#651,.T.);
#884=EDGE_CURVE('',#721,#723,#315,.T.);
#885=EDGE_CURVE('',#724,#723,#316,.T.);
#886=EDGE_CURVE('',#724,#725,#317,.T.);
#887=EDGE_CURVE('',#725,#726,#652,.T.);
#888=EDGE_CURVE('',#726,#719,#318,.T.);
#889=EDGE_CURVE('',#703,#723,#653,.T.);
#890=EDGE_CURVE('',#704,#720,#319,.T.);
#891=EDGE_CURVE('',#727,#725,#320,.T.);
#892=EDGE_CURVE('',#728,#727,#654,.T.);
#893=EDGE_CURVE('',#728,#729,#321,.T.);
#894=EDGE_CURVE('',#729,#729,#655,.T.);
#895=EDGE_CURVE('',#730,#728,#656,.T.);
#896=EDGE_CURVE('',#726,#730,#322,.T.);
#897=EDGE_CURVE('',#718,#730,#323,.T.);
#898=EDGE_CURVE('',#731,#732,#657,.T.);
#899=EDGE_CURVE('',#732,#733,#324,.T.);
#900=EDGE_CURVE('',#733,#734,#658,.T.);
#901=EDGE_CURVE('',#734,#735,#325,.T.);
#902=EDGE_CURVE('',#735,#736,#326,.T.);
#903=EDGE_CURVE('',#736,#731,#327,.T.);
#904=EDGE_CURVE('',#737,#738,#328,.T.);
#905=EDGE_CURVE('',#738,#739,#659,.T.);
#906=EDGE_CURVE('',#739,#740,#329,.T.);
#907=EDGE_CURVE('',#740,#741,#660,.T.);
#908=EDGE_CURVE('',#741,#742,#330,.T.);
#909=EDGE_CURVE('',#742,#743,#661,.T.);
#910=EDGE_CURVE('',#743,#744,#331,.T.);
#911=EDGE_CURVE('',#744,#737,#662,.T.);
#912=EDGE_CURVE('',#745,#746,#332,.T.);
#913=EDGE_CURVE('',#747,#745,#663,.T.);
#914=EDGE_CURVE('',#747,#748,#333,.T.);
#915=EDGE_CURVE('',#748,#748,#664,.T.);
#916=EDGE_CURVE('',#749,#747,#665,.T.);
#917=EDGE_CURVE('',#750,#749,#334,.T.);
#918=EDGE_CURVE('',#710,#750,#101,.T.);
#919=EDGE_CURVE('',#751,#715,#335,.T.);
#920=EDGE_CURVE('',#746,#751,#666,.T.);
#921=EDGE_CURVE('',#752,#751,#336,.T.);
#922=EDGE_CURVE('',#753,#752,#337,.T.);
#923=EDGE_CURVE('',#746,#753,#338,.T.);
#924=EDGE_CURVE('',#752,#714,#339,.T.);
#925=EDGE_CURVE('',#754,#755,#23,.T.);
#926=EDGE_CURVE('',#756,#754,#24,.T.);
#927=EDGE_CURVE('',#756,#757,#340,.T.);
#928=EDGE_CURVE('',#758,#757,#25,.T.);
#929=EDGE_CURVE('',#758,#755,#341,.T.);
#930=EDGE_CURVE('',#759,#754,#26,.F.);
#931=EDGE_CURVE('',#759,#760,#342,.T.);
#932=EDGE_CURVE('',#760,#761,#343,.T.);
#933=EDGE_CURVE('',#761,#753,#344,.T.);
#934=EDGE_CURVE('',#713,#756,#345,.T.);
#935=EDGE_CURVE('',#762,#763,#346,.T.);
#936=EDGE_CURVE('',#763,#764,#27,.T.);
#937=EDGE_CURVE('',#764,#765,#347,.T.);
#938=EDGE_CURVE('',#765,#762,#28,.T.);
#939=EDGE_CURVE('',#763,#766,#348,.T.);
#940=EDGE_CURVE('',#766,#767,#29,.T.);
#941=EDGE_CURVE('',#767,#764,#349,.T.);
#942=EDGE_CURVE('',#766,#768,#350,.T.);
#943=EDGE_CURVE('',#768,#769,#30,.T.);
#944=EDGE_CURVE('',#769,#767,#351,.T.);
#945=EDGE_CURVE('',#768,#758,#352,.T.);
#946=EDGE_CURVE('',#757,#769,#353,.T.);
#947=EDGE_CURVE('',#770,#755,#354,.T.);
#948=EDGE_CURVE('',#770,#771,#31,.T.);
#949=EDGE_CURVE('',#771,#759,#355,.T.);
#950=EDGE_CURVE('',#772,#771,#356,.T.);
#951=EDGE_CURVE('',#770,#773,#357,.T.);
#952=EDGE_CURVE('',#773,#772,#32,.T.);
#953=EDGE_CURVE('',#774,#772,#358,.T.);
#954=EDGE_CURVE('',#773,#775,#359,.T.);
#955=EDGE_CURVE('',#775,#774,#33,.T.);
#956=EDGE_CURVE('',#776,#774,#360,.T.);
#957=EDGE_CURVE('',#775,#777,#361,.T.);
#958=EDGE_CURVE('',#777,#776,#34,.T.);
#959=EDGE_CURVE('',#778,#776,#362,.T.);
#960=EDGE_CURVE('',#777,#779,#363,.T.);
#961=EDGE_CURVE('',#779,#778,#35,.T.);
#962=EDGE_CURVE('',#765,#778,#364,.T.);
#963=EDGE_CURVE('',#779,#762,#365,.T.);
#964=EDGE_CURVE('',#772,#780,#366,.T.);
#965=EDGE_CURVE('',#780,#781,#367,.T.);
#966=EDGE_CURVE('',#781,#771,#368,.T.);
#967=EDGE_CURVE('',#782,#774,#369,.T.);
#968=EDGE_CURVE('',#780,#782,#370,.T.);
#969=EDGE_CURVE('',#783,#784,#667,.T.);
#970=EDGE_CURVE('',#784,#785,#371,.T.);
#971=EDGE_CURVE('',#785,#786,#372,.T.);
#972=EDGE_CURVE('',#786,#787,#373,.T.);
#973=EDGE_CURVE('',#787,#788,#668,.T.);
#974=EDGE_CURVE('',#788,#783,#374,.T.);
#975=EDGE_CURVE('',#789,#790,#375,.T.);
#976=EDGE_CURVE('',#790,#791,#669,.T.);
#977=EDGE_CURVE('',#791,#792,#376,.T.);
#978=EDGE_CURVE('',#792,#793,#670,.T.);
#979=EDGE_CURVE('',#793,#794,#377,.T.);
#980=EDGE_CURVE('',#794,#795,#671,.T.);
#981=EDGE_CURVE('',#795,#796,#378,.T.);
#982=EDGE_CURVE('',#796,#789,#672,.T.);
#983=EDGE_CURVE('',#776,#797,#379,.T.);
#984=EDGE_CURVE('',#797,#782,#380,.T.);
#985=EDGE_CURVE('',#778,#798,#381,.T.);
#986=EDGE_CURVE('',#797,#798,#382,.T.);
#987=EDGE_CURVE('',#799,#765,#383,.T.);
#988=EDGE_CURVE('',#798,#799,#384,.T.);
#989=EDGE_CURVE('',#800,#764,#385,.T.);
#990=EDGE_CURVE('',#799,#800,#386,.T.);
#991=EDGE_CURVE('',#801,#802,#387,.T.);
#992=EDGE_CURVE('',#802,#803,#388,.T.);
#993=EDGE_CURVE('',#803,#804,#389,.T.);
#994=EDGE_CURVE('',#804,#801,#390,.T.);
#995=EDGE_CURVE('',#801,#805,#673,.T.);
#996=EDGE_CURVE('',#805,#806,#391,.T.);
#997=EDGE_CURVE('',#806,#802,#674,.T.);
#998=EDGE_CURVE('',#807,#808,#392,.T.);
#999=EDGE_CURVE('',#808,#806,#393,.T.);
#1000=EDGE_CURVE('',#805,#807,#394,.T.);
#1001=EDGE_CURVE('',#807,#809,#675,.T.);
#1002=EDGE_CURVE('',#809,#810,#395,.T.);
#1003=EDGE_CURVE('',#810,#808,#676,.T.);
#1004=EDGE_CURVE('',#811,#812,#396,.T.);
#1005=EDGE_CURVE('',#812,#810,#397,.T.);
#1006=EDGE_CURVE('',#809,#811,#398,.T.);
#1007=EDGE_CURVE('',#811,#813,#677,.T.);
#1008=EDGE_CURVE('',#813,#814,#399,.T.);
#1009=EDGE_CURVE('',#814,#812,#678,.T.);
#1010=EDGE_CURVE('',#815,#816,#400,.T.);
#1011=EDGE_CURVE('',#816,#814,#401,.T.);
#1012=EDGE_CURVE('',#813,#815,#402,.T.);
#1013=EDGE_CURVE('',#815,#804,#679,.T.);
#1014=EDGE_CURVE('',#803,#816,#680,.T.);
#1015=EDGE_CURVE('',#807,#817,#403,.T.);
#1016=EDGE_CURVE('',#817,#818,#681,.T.);
#1017=EDGE_CURVE('',#818,#809,#404,.T.);
#1018=EDGE_CURVE('',#819,#805,#405,.T.);
#1019=EDGE_CURVE('',#817,#819,#406,.T.);
#1020=EDGE_CURVE('',#801,#820,#407,.T.);
#1021=EDGE_CURVE('',#820,#819,#682,.T.);
#1022=EDGE_CURVE('',#821,#804,#408,.T.);
#1023=EDGE_CURVE('',#820,#821,#409,.T.);
#1024=EDGE_CURVE('',#760,#781,#410,.T.);
#1025=EDGE_CURVE('',#822,#823,#411,.T.);
#1026=EDGE_CURVE('',#824,#822,#683,.T.);
#1027=EDGE_CURVE('',#825,#824,#412,.T.);
#1028=EDGE_CURVE('',#826,#825,#684,.T.);
#1029=EDGE_CURVE('',#827,#826,#413,.T.);
#1030=EDGE_CURVE('',#828,#827,#685,.T.);
#1031=EDGE_CURVE('',#829,#828,#414,.T.);
#1032=EDGE_CURVE('',#823,#829,#686,.T.);
#1033=EDGE_CURVE('',#830,#822,#415,.T.);
#1034=EDGE_CURVE('',#823,#831,#416,.T.);
#1035=EDGE_CURVE('',#831,#830,#417,.T.);
#1036=EDGE_CURVE('',#830,#832,#687,.T.);
#1037=EDGE_CURVE('',#832,#824,#418,.T.);
#1038=EDGE_CURVE('',#833,#825,#419,.T.);
#1039=EDGE_CURVE('',#832,#833,#420,.T.);
#1040=EDGE_CURVE('',#833,#834,#688,.T.);
#1041=EDGE_CURVE('',#834,#826,#421,.T.);
#1042=EDGE_CURVE('',#835,#827,#422,.T.);
#1043=EDGE_CURVE('',#834,#835,#423,.T.);
#1044=EDGE_CURVE('',#835,#836,#689,.T.);
#1045=EDGE_CURVE('',#836,#828,#424,.T.);
#1046=EDGE_CURVE('',#837,#829,#425,.T.);
#1047=EDGE_CURVE('',#836,#837,#426,.T.);
#1048=EDGE_CURVE('',#837,#831,#690,.T.);
#1049=EDGE_CURVE('',#833,#838,#427,.T.);
#1050=EDGE_CURVE('',#838,#839,#691,.T.);
#1051=EDGE_CURVE('',#839,#834,#428,.T.);
#1052=EDGE_CURVE('',#840,#832,#429,.T.);
#1053=EDGE_CURVE('',#838,#840,#430,.T.);
#1054=EDGE_CURVE('',#830,#841,#431,.T.);
#1055=EDGE_CURVE('',#841,#840,#692,.T.);
#1056=EDGE_CURVE('',#842,#831,#432,.T.);
#1057=EDGE_CURVE('',#841,#842,#433,.T.);
#1058=EDGE_CURVE('',#815,#843,#434,.T.);
#1059=EDGE_CURVE('',#843,#821,#693,.T.);
#1060=EDGE_CURVE('',#844,#813,#435,.T.);
#1061=EDGE_CURVE('',#843,#844,#436,.T.);
#1062=EDGE_CURVE('',#811,#845,#437,.T.);
#1063=EDGE_CURVE('',#845,#844,#694,.T.);
#1064=EDGE_CURVE('',#845,#818,#438,.T.);
#1065=EDGE_CURVE('',#835,#846,#439,.T.);
#1066=EDGE_CURVE('',#846,#847,#695,.T.);
#1067=EDGE_CURVE('',#847,#836,#440,.T.);
#1068=EDGE_CURVE('',#846,#839,#441,.T.);
#1069=EDGE_CURVE('',#837,#848,#442,.T.);
#1070=EDGE_CURVE('',#848,#842,#696,.T.);
#1071=EDGE_CURVE('',#848,#847,#443,.T.);
#1072=EDGE_CURVE('',#790,#737,#444,.T.);
#1073=EDGE_CURVE('',#789,#738,#445,.T.);
#1074=EDGE_CURVE('',#796,#739,#446,.T.);
#1075=EDGE_CURVE('',#795,#740,#447,.T.);
#1076=EDGE_CURVE('',#794,#741,#448,.T.);
#1077=EDGE_CURVE('',#793,#742,#449,.T.);
#1078=EDGE_CURVE('',#792,#743,#450,.T.);
#1079=EDGE_CURVE('',#791,#744,#451,.T.);
#1080=EDGE_CURVE('',#784,#731,#452,.T.);
#1081=EDGE_CURVE('',#783,#732,#453,.T.);
#1082=EDGE_CURVE('',#788,#733,#454,.T.);
#1083=EDGE_CURVE('',#787,#734,#455,.T.);
#1084=EDGE_CURVE('',#786,#735,#456,.T.);
#1085=EDGE_CURVE('',#785,#736,#457,.T.);
#1086=EDGE_CURVE('',#849,#705,#458,.T.);
#1087=EDGE_CURVE('',#717,#849,#459,.T.);
#1088=EDGE_CURVE('',#745,#761,#460,.T.);
#1089=EDGE_CURVE('',#757,#712,#461,.T.);
#1090=EDGE_CURVE('',#849,#850,#462,.T.);
#1091=EDGE_CURVE('',#850,#769,#463,.T.);
#1092=EDGE_CURVE('',#727,#749,#464,.T.);
#1093=EDGE_CURVE('',#800,#851,#465,.T.);
#1094=EDGE_CURVE('',#851,#850,#466,.T.);
#1095=EDGE_CURVE('',#724,#750,#697,.T.);
#1096=EDGE_CURVE('',#851,#767,#467,.T.);
#1097=ORIENTED_EDGE('',*,*,#852,.F.);
#1098=ORIENTED_EDGE('',*,*,#853,.T.);
#1099=ORIENTED_EDGE('',*,*,#854,.F.);
#1100=ORIENTED_EDGE('',*,*,#853,.F.);
#1101=ORIENTED_EDGE('',*,*,#855,.F.);
#1102=ORIENTED_EDGE('',*,*,#856,.T.);
#1103=ORIENTED_EDGE('',*,*,#857,.F.);
#1104=ORIENTED_EDGE('',*,*,#856,.F.);
#1105=ORIENTED_EDGE('',*,*,#858,.F.);
#1106=ORIENTED_EDGE('',*,*,#859,.F.);
#1107=ORIENTED_EDGE('',*,*,#860,.F.);
#1108=ORIENTED_EDGE('',*,*,#861,.F.);
#1109=ORIENTED_EDGE('',*,*,#862,.F.);
#1110=ORIENTED_EDGE('',*,*,#863,.F.);
#1111=ORIENTED_EDGE('',*,*,#864,.F.);
#1112=ORIENTED_EDGE('',*,*,#855,.T.);
#1113=ORIENTED_EDGE('',*,*,#865,.F.);
#1114=ORIENTED_EDGE('',*,*,#866,.T.);
#1115=ORIENTED_EDGE('',*,*,#867,.F.);
#1116=ORIENTED_EDGE('',*,*,#864,.T.);
#1117=ORIENTED_EDGE('',*,*,#868,.T.);
#1118=ORIENTED_EDGE('',*,*,#869,.F.);
#1119=ORIENTED_EDGE('',*,*,#870,.T.);
#1120=ORIENTED_EDGE('',*,*,#871,.F.);
#1121=ORIENTED_EDGE('',*,*,#872,.T.);
#1122=ORIENTED_EDGE('',*,*,#873,.T.);
#1123=ORIENTED_EDGE('',*,*,#865,.T.);
#1124=ORIENTED_EDGE('',*,*,#863,.T.);
#1125=ORIENTED_EDGE('',*,*,#874,.T.);
#1126=ORIENTED_EDGE('',*,*,#875,.F.);
#1127=ORIENTED_EDGE('',*,*,#868,.F.);
#1128=ORIENTED_EDGE('',*,*,#862,.T.);
#1129=ORIENTED_EDGE('',*,*,#876,.F.);
#1130=ORIENTED_EDGE('',*,*,#877,.F.);
#1131=ORIENTED_EDGE('',*,*,#874,.F.);
#1132=ORIENTED_EDGE('',*,*,#878,.F.);
#1133=ORIENTED_EDGE('',*,*,#879,.F.);
#1134=ORIENTED_EDGE('',*,*,#880,.F.);
#1135=ORIENTED_EDGE('',*,*,#881,.F.);
#1136=ORIENTED_EDGE('',*,*,#882,.T.);
#1137=ORIENTED_EDGE('',*,*,#883,.F.);
#1138=ORIENTED_EDGE('',*,*,#882,.F.);
#1139=ORIENTED_EDGE('',*,*,#881,.T.);
#1140=ORIENTED_EDGE('',*,*,#884,.T.);
#1141=ORIENTED_EDGE('',*,*,#885,.F.);
#1142=ORIENTED_EDGE('',*,*,#886,.T.);
#1143=ORIENTED_EDGE('',*,*,#887,.T.);
#1144=ORIENTED_EDGE('',*,*,#888,.T.);
#1145=ORIENTED_EDGE('',*,*,#859,.T.);
#1146=ORIENTED_EDGE('',*,*,#889,.T.);
#1147=ORIENTED_EDGE('',*,*,#884,.F.);
#1148=ORIENTED_EDGE('',*,*,#880,.T.);
#1149=ORIENTED_EDGE('',*,*,#890,.F.);
#1150=ORIENTED_EDGE('',*,*,#891,.F.);
#1151=ORIENTED_EDGE('',*,*,#892,.F.);
#1152=ORIENTED_EDGE('',*,*,#893,.T.);
#1153=ORIENTED_EDGE('',*,*,#894,.F.);
#1154=ORIENTED_EDGE('',*,*,#893,.F.);
#1155=ORIENTED_EDGE('',*,*,#895,.F.);
#1156=ORIENTED_EDGE('',*,*,#896,.F.);
#1157=ORIENTED_EDGE('',*,*,#887,.F.);
#1158=ORIENTED_EDGE('',*,*,#878,.T.);
#1159=ORIENTED_EDGE('',*,*,#888,.F.);
#1160=ORIENTED_EDGE('',*,*,#896,.T.);
#1161=ORIENTED_EDGE('',*,*,#897,.F.);
#1162=ORIENTED_EDGE('',*,*,#854,.T.);
#1163=ORIENTED_EDGE('',*,*,#898,.T.);
#1164=ORIENTED_EDGE('',*,*,#899,.T.);
#1165=ORIENTED_EDGE('',*,*,#900,.T.);
#1166=ORIENTED_EDGE('',*,*,#901,.T.);
#1167=ORIENTED_EDGE('',*,*,#902,.T.);
#1168=ORIENTED_EDGE('',*,*,#903,.T.);
#1169=ORIENTED_EDGE('',*,*,#904,.T.);
#1170=ORIENTED_EDGE('',*,*,#905,.T.);
#1171=ORIENTED_EDGE('',*,*,#906,.T.);
#1172=ORIENTED_EDGE('',*,*,#907,.T.);
#1173=ORIENTED_EDGE('',*,*,#908,.T.);
#1174=ORIENTED_EDGE('',*,*,#909,.T.);
#1175=ORIENTED_EDGE('',*,*,#910,.T.);
#1176=ORIENTED_EDGE('',*,*,#911,.T.);
#1177=ORIENTED_EDGE('',*,*,#912,.F.);
#1178=ORIENTED_EDGE('',*,*,#913,.F.);
#1179=ORIENTED_EDGE('',*,*,#914,.T.);
#1180=ORIENTED_EDGE('',*,*,#915,.F.);
#1181=ORIENTED_EDGE('',*,*,#914,.F.);
#1182=ORIENTED_EDGE('',*,*,#916,.F.);
#1183=ORIENTED_EDGE('',*,*,#917,.F.);
#1184=ORIENTED_EDGE('',*,*,#918,.F.);
#1185=ORIENTED_EDGE('',*,*,#866,.F.);
#1186=ORIENTED_EDGE('',*,*,#873,.F.);
#1187=ORIENTED_EDGE('',*,*,#919,.F.);
#1188=ORIENTED_EDGE('',*,*,#920,.F.);
#1189=ORIENTED_EDGE('',*,*,#920,.T.);
#1190=ORIENTED_EDGE('',*,*,#921,.F.);
#1191=ORIENTED_EDGE('',*,*,#922,.F.);
#1192=ORIENTED_EDGE('',*,*,#923,.F.);
#1193=ORIENTED_EDGE('',*,*,#919,.T.);
#1194=ORIENTED_EDGE('',*,*,#872,.F.);
#1195=ORIENTED_EDGE('',*,*,#924,.F.);
#1196=ORIENTED_EDGE('',*,*,#921,.T.);
#1197=ORIENTED_EDGE('',*,*,#925,.F.);
#1198=ORIENTED_EDGE('',*,*,#926,.F.);
#1199=ORIENTED_EDGE('',*,*,#927,.T.);
#1200=ORIENTED_EDGE('',*,*,#928,.F.);
#1201=ORIENTED_EDGE('',*,*,#929,.T.);
#1202=ORIENTED_EDGE('',*,*,#930,.F.);
#1203=ORIENTED_EDGE('',*,*,#931,.T.);
#1204=ORIENTED_EDGE('',*,*,#932,.T.);
#1205=ORIENTED_EDGE('',*,*,#933,.T.);
#1206=ORIENTED_EDGE('',*,*,#922,.T.);
#1207=ORIENTED_EDGE('',*,*,#924,.T.);
#1208=ORIENTED_EDGE('',*,*,#871,.T.);
#1209=ORIENTED_EDGE('',*,*,#934,.T.);
#1210=ORIENTED_EDGE('',*,*,#926,.T.);
#1211=ORIENTED_EDGE('',*,*,#935,.T.);
#1212=ORIENTED_EDGE('',*,*,#936,.T.);
#1213=ORIENTED_EDGE('',*,*,#937,.T.);
#1214=ORIENTED_EDGE('',*,*,#938,.T.);
#1215=ORIENTED_EDGE('',*,*,#939,.T.);
#1216=ORIENTED_EDGE('',*,*,#940,.T.);
#1217=ORIENTED_EDGE('',*,*,#941,.T.);
#1218=ORIENTED_EDGE('',*,*,#936,.F.);
#1219=ORIENTED_EDGE('',*,*,#942,.T.);
#1220=ORIENTED_EDGE('',*,*,#943,.T.);
#1221=ORIENTED_EDGE('',*,*,#944,.T.);
#1222=ORIENTED_EDGE('',*,*,#940,.F.);
#1223=ORIENTED_EDGE('',*,*,#945,.T.);
#1224=ORIENTED_EDGE('',*,*,#928,.T.);
#1225=ORIENTED_EDGE('',*,*,#946,.T.);
#1226=ORIENTED_EDGE('',*,*,#943,.F.);
#1227=ORIENTED_EDGE('',*,*,#925,.T.);
#1228=ORIENTED_EDGE('',*,*,#947,.F.);
#1229=ORIENTED_EDGE('',*,*,#948,.T.);
#1230=ORIENTED_EDGE('',*,*,#949,.T.);
#1231=ORIENTED_EDGE('',*,*,#930,.T.);
#1232=ORIENTED_EDGE('',*,*,#950,.T.);
#1233=ORIENTED_EDGE('',*,*,#948,.F.);
#1234=ORIENTED_EDGE('',*,*,#951,.T.);
#1235=ORIENTED_EDGE('',*,*,#952,.T.);
#1236=ORIENTED_EDGE('',*,*,#953,.T.);
#1237=ORIENTED_EDGE('',*,*,#952,.F.);
#1238=ORIENTED_EDGE('',*,*,#954,.T.);
#1239=ORIENTED_EDGE('',*,*,#955,.T.);
#1240=ORIENTED_EDGE('',*,*,#956,.T.);
#1241=ORIENTED_EDGE('',*,*,#955,.F.);
#1242=ORIENTED_EDGE('',*,*,#957,.T.);
#1243=ORIENTED_EDGE('',*,*,#958,.T.);
#1244=ORIENTED_EDGE('',*,*,#959,.T.);
#1245=ORIENTED_EDGE('',*,*,#958,.F.);
#1246=ORIENTED_EDGE('',*,*,#960,.T.);
#1247=ORIENTED_EDGE('',*,*,#961,.T.);
#1248=ORIENTED_EDGE('',*,*,#962,.T.);
#1249=ORIENTED_EDGE('',*,*,#961,.F.);
#1250=ORIENTED_EDGE('',*,*,#963,.T.);
#1251=ORIENTED_EDGE('',*,*,#938,.F.);
#1252=ORIENTED_EDGE('',*,*,#950,.F.);
#1253=ORIENTED_EDGE('',*,*,#964,.T.);
#1254=ORIENTED_EDGE('',*,*,#965,.T.);
#1255=ORIENTED_EDGE('',*,*,#966,.T.);
#1256=ORIENTED_EDGE('',*,*,#953,.F.);
#1257=ORIENTED_EDGE('',*,*,#967,.F.);
#1258=ORIENTED_EDGE('',*,*,#968,.F.);
#1259=ORIENTED_EDGE('',*,*,#964,.F.);
#1260=ORIENTED_EDGE('',*,*,#852,.T.);
#1261=ORIENTED_EDGE('',*,*,#969,.T.);
#1262=ORIENTED_EDGE('',*,*,#970,.T.);
#1263=ORIENTED_EDGE('',*,*,#971,.T.);
#1264=ORIENTED_EDGE('',*,*,#972,.T.);
#1265=ORIENTED_EDGE('',*,*,#973,.T.);
#1266=ORIENTED_EDGE('',*,*,#974,.T.);
#1267=ORIENTED_EDGE('',*,*,#975,.T.);
#1268=ORIENTED_EDGE('',*,*,#976,.T.);
#1269=ORIENTED_EDGE('',*,*,#977,.T.);
#1270=ORIENTED_EDGE('',*,*,#978,.T.);
#1271=ORIENTED_EDGE('',*,*,#979,.T.);
#1272=ORIENTED_EDGE('',*,*,#980,.T.);
#1273=ORIENTED_EDGE('',*,*,#981,.T.);
#1274=ORIENTED_EDGE('',*,*,#982,.T.);
#1275=ORIENTED_EDGE('',*,*,#956,.F.);
#1276=ORIENTED_EDGE('',*,*,#983,.T.);
#1277=ORIENTED_EDGE('',*,*,#984,.T.);
#1278=ORIENTED_EDGE('',*,*,#967,.T.);
#1279=ORIENTED_EDGE('',*,*,#959,.F.);
#1280=ORIENTED_EDGE('',*,*,#985,.T.);
#1281=ORIENTED_EDGE('',*,*,#986,.F.);
#1282=ORIENTED_EDGE('',*,*,#983,.F.);
#1283=ORIENTED_EDGE('',*,*,#962,.F.);
#1284=ORIENTED_EDGE('',*,*,#987,.F.);
#1285=ORIENTED_EDGE('',*,*,#988,.F.);
#1286=ORIENTED_EDGE('',*,*,#985,.F.);
#1287=ORIENTED_EDGE('',*,*,#937,.F.);
#1288=ORIENTED_EDGE('',*,*,#989,.F.);
#1289=ORIENTED_EDGE('',*,*,#990,.F.);
#1290=ORIENTED_EDGE('',*,*,#987,.T.);
#1291=ORIENTED_EDGE('',*,*,#929,.F.);
#1292=ORIENTED_EDGE('',*,*,#945,.F.);
#1293=ORIENTED_EDGE('',*,*,#942,.F.);
#1294=ORIENTED_EDGE('',*,*,#939,.F.);
#1295=ORIENTED_EDGE('',*,*,#935,.F.);
#1296=ORIENTED_EDGE('',*,*,#963,.F.);
#1297=ORIENTED_EDGE('',*,*,#960,.F.);
#1298=ORIENTED_EDGE('',*,*,#957,.F.);
#1299=ORIENTED_EDGE('',*,*,#954,.F.);
#1300=ORIENTED_EDGE('',*,*,#951,.F.);
#1301=ORIENTED_EDGE('',*,*,#947,.T.);
#1302=ORIENTED_EDGE('',*,*,#857,.T.);
#1303=ORIENTED_EDGE('',*,*,#883,.T.);
#1304=ORIENTED_EDGE('',*,*,#894,.T.);
#1305=ORIENTED_EDGE('',*,*,#915,.T.);
#1306=ORIENTED_EDGE('',*,*,#991,.T.);
#1307=ORIENTED_EDGE('',*,*,#992,.T.);
#1308=ORIENTED_EDGE('',*,*,#993,.T.);
#1309=ORIENTED_EDGE('',*,*,#994,.T.);
#1310=ORIENTED_EDGE('',*,*,#991,.F.);
#1311=ORIENTED_EDGE('',*,*,#995,.T.);
#1312=ORIENTED_EDGE('',*,*,#996,.T.);
#1313=ORIENTED_EDGE('',*,*,#997,.T.);
#1314=ORIENTED_EDGE('',*,*,#998,.T.);
#1315=ORIENTED_EDGE('',*,*,#999,.T.);
#1316=ORIENTED_EDGE('',*,*,#996,.F.);
#1317=ORIENTED_EDGE('',*,*,#1000,.T.);
#1318=ORIENTED_EDGE('',*,*,#998,.F.);
#1319=ORIENTED_EDGE('',*,*,#1001,.T.);
#1320=ORIENTED_EDGE('',*,*,#1002,.T.);
#1321=ORIENTED_EDGE('',*,*,#1003,.T.);
#1322=ORIENTED_EDGE('',*,*,#1004,.T.);
#1323=ORIENTED_EDGE('',*,*,#1005,.T.);
#1324=ORIENTED_EDGE('',*,*,#1002,.F.);
#1325=ORIENTED_EDGE('',*,*,#1006,.T.);
#1326=ORIENTED_EDGE('',*,*,#1004,.F.);
#1327=ORIENTED_EDGE('',*,*,#1007,.T.);
#1328=ORIENTED_EDGE('',*,*,#1008,.T.);
#1329=ORIENTED_EDGE('',*,*,#1009,.T.);
#1330=ORIENTED_EDGE('',*,*,#1010,.T.);
#1331=ORIENTED_EDGE('',*,*,#1011,.T.);
#1332=ORIENTED_EDGE('',*,*,#1008,.F.);
#1333=ORIENTED_EDGE('',*,*,#1012,.T.);
#1334=ORIENTED_EDGE('',*,*,#1010,.F.);
#1335=ORIENTED_EDGE('',*,*,#1013,.T.);
#1336=ORIENTED_EDGE('',*,*,#993,.F.);
#1337=ORIENTED_EDGE('',*,*,#1014,.T.);
#1338=ORIENTED_EDGE('',*,*,#1001,.F.);
#1339=ORIENTED_EDGE('',*,*,#1015,.T.);
#1340=ORIENTED_EDGE('',*,*,#1016,.T.);
#1341=ORIENTED_EDGE('',*,*,#1017,.T.);
#1342=ORIENTED_EDGE('',*,*,#1000,.F.);
#1343=ORIENTED_EDGE('',*,*,#1018,.F.);
#1344=ORIENTED_EDGE('',*,*,#1019,.F.);
#1345=ORIENTED_EDGE('',*,*,#1015,.F.);
#1346=ORIENTED_EDGE('',*,*,#995,.F.);
#1347=ORIENTED_EDGE('',*,*,#1020,.T.);
#1348=ORIENTED_EDGE('',*,*,#1021,.T.);
#1349=ORIENTED_EDGE('',*,*,#1018,.T.);
#1350=ORIENTED_EDGE('',*,*,#994,.F.);
#1351=ORIENTED_EDGE('',*,*,#1022,.F.);
#1352=ORIENTED_EDGE('',*,*,#1023,.F.);
#1353=ORIENTED_EDGE('',*,*,#1020,.F.);
#1354=ORIENTED_EDGE('',*,*,#949,.F.);
#1355=ORIENTED_EDGE('',*,*,#966,.F.);
#1356=ORIENTED_EDGE('',*,*,#1024,.F.);
#1357=ORIENTED_EDGE('',*,*,#931,.F.);
#1358=ORIENTED_EDGE('',*,*,#1025,.F.);
#1359=ORIENTED_EDGE('',*,*,#1026,.F.);
#1360=ORIENTED_EDGE('',*,*,#1027,.F.);
#1361=ORIENTED_EDGE('',*,*,#1028,.F.);
#1362=ORIENTED_EDGE('',*,*,#1029,.F.);
#1363=ORIENTED_EDGE('',*,*,#1030,.F.);
#1364=ORIENTED_EDGE('',*,*,#1031,.F.);
#1365=ORIENTED_EDGE('',*,*,#1032,.F.);
#1366=ORIENTED_EDGE('',*,*,#992,.F.);
#1367=ORIENTED_EDGE('',*,*,#997,.F.);
#1368=ORIENTED_EDGE('',*,*,#999,.F.);
#1369=ORIENTED_EDGE('',*,*,#1003,.F.);
#1370=ORIENTED_EDGE('',*,*,#1005,.F.);
#1371=ORIENTED_EDGE('',*,*,#1009,.F.);
#1372=ORIENTED_EDGE('',*,*,#1011,.F.);
#1373=ORIENTED_EDGE('',*,*,#1014,.F.);
#1374=ORIENTED_EDGE('',*,*,#1033,.T.);
#1375=ORIENTED_EDGE('',*,*,#1025,.T.);
#1376=ORIENTED_EDGE('',*,*,#1034,.T.);
#1377=ORIENTED_EDGE('',*,*,#1035,.T.);
#1378=ORIENTED_EDGE('',*,*,#1033,.F.);
#1379=ORIENTED_EDGE('',*,*,#1036,.T.);
#1380=ORIENTED_EDGE('',*,*,#1037,.T.);
#1381=ORIENTED_EDGE('',*,*,#1026,.T.);
#1382=ORIENTED_EDGE('',*,*,#1038,.T.);
#1383=ORIENTED_EDGE('',*,*,#1027,.T.);
#1384=ORIENTED_EDGE('',*,*,#1037,.F.);
#1385=ORIENTED_EDGE('',*,*,#1039,.T.);
#1386=ORIENTED_EDGE('',*,*,#1038,.F.);
#1387=ORIENTED_EDGE('',*,*,#1040,.T.);
#1388=ORIENTED_EDGE('',*,*,#1041,.T.);
#1389=ORIENTED_EDGE('',*,*,#1028,.T.);
#1390=ORIENTED_EDGE('',*,*,#1042,.T.);
#1391=ORIENTED_EDGE('',*,*,#1029,.T.);
#1392=ORIENTED_EDGE('',*,*,#1041,.F.);
#1393=ORIENTED_EDGE('',*,*,#1043,.T.);
#1394=ORIENTED_EDGE('',*,*,#1042,.F.);
#1395=ORIENTED_EDGE('',*,*,#1044,.T.);
#1396=ORIENTED_EDGE('',*,*,#1045,.T.);
#1397=ORIENTED_EDGE('',*,*,#1030,.T.);
#1398=ORIENTED_EDGE('',*,*,#1046,.T.);
#1399=ORIENTED_EDGE('',*,*,#1031,.T.);
#1400=ORIENTED_EDGE('',*,*,#1045,.F.);
#1401=ORIENTED_EDGE('',*,*,#1047,.T.);
#1402=ORIENTED_EDGE('',*,*,#1046,.F.);
#1403=ORIENTED_EDGE('',*,*,#1048,.T.);
#1404=ORIENTED_EDGE('',*,*,#1034,.F.);
#1405=ORIENTED_EDGE('',*,*,#1032,.T.);
#1406=ORIENTED_EDGE('',*,*,#1040,.F.);
#1407=ORIENTED_EDGE('',*,*,#1049,.T.);
#1408=ORIENTED_EDGE('',*,*,#1050,.T.);
#1409=ORIENTED_EDGE('',*,*,#1051,.T.);
#1410=ORIENTED_EDGE('',*,*,#1039,.F.);
#1411=ORIENTED_EDGE('',*,*,#1052,.F.);
#1412=ORIENTED_EDGE('',*,*,#1053,.F.);
#1413=ORIENTED_EDGE('',*,*,#1049,.F.);
#1414=ORIENTED_EDGE('',*,*,#1036,.F.);
#1415=ORIENTED_EDGE('',*,*,#1054,.T.);
#1416=ORIENTED_EDGE('',*,*,#1055,.T.);
#1417=ORIENTED_EDGE('',*,*,#1052,.T.);
#1418=ORIENTED_EDGE('',*,*,#1035,.F.);
#1419=ORIENTED_EDGE('',*,*,#1056,.F.);
#1420=ORIENTED_EDGE('',*,*,#1057,.F.);
#1421=ORIENTED_EDGE('',*,*,#1054,.F.);
#1422=ORIENTED_EDGE('',*,*,#1013,.F.);
#1423=ORIENTED_EDGE('',*,*,#1058,.T.);
#1424=ORIENTED_EDGE('',*,*,#1059,.T.);
#1425=ORIENTED_EDGE('',*,*,#1022,.T.);
#1426=ORIENTED_EDGE('',*,*,#1012,.F.);
#1427=ORIENTED_EDGE('',*,*,#1060,.F.);
#1428=ORIENTED_EDGE('',*,*,#1061,.F.);
#1429=ORIENTED_EDGE('',*,*,#1058,.F.);
#1430=ORIENTED_EDGE('',*,*,#1007,.F.);
#1431=ORIENTED_EDGE('',*,*,#1062,.T.);
#1432=ORIENTED_EDGE('',*,*,#1063,.T.);
#1433=ORIENTED_EDGE('',*,*,#1060,.T.);
#1434=ORIENTED_EDGE('',*,*,#1006,.F.);
#1435=ORIENTED_EDGE('',*,*,#1017,.F.);
#1436=ORIENTED_EDGE('',*,*,#1064,.F.);
#1437=ORIENTED_EDGE('',*,*,#1062,.F.);
#1438=ORIENTED_EDGE('',*,*,#1044,.F.);
#1439=ORIENTED_EDGE('',*,*,#1065,.T.);
#1440=ORIENTED_EDGE('',*,*,#1066,.T.);
#1441=ORIENTED_EDGE('',*,*,#1067,.T.);
#1442=ORIENTED_EDGE('',*,*,#1043,.F.);
#1443=ORIENTED_EDGE('',*,*,#1051,.F.);
#1444=ORIENTED_EDGE('',*,*,#1068,.F.);
#1445=ORIENTED_EDGE('',*,*,#1065,.F.);
#1446=ORIENTED_EDGE('',*,*,#1048,.F.);
#1447=ORIENTED_EDGE('',*,*,#1069,.T.);
#1448=ORIENTED_EDGE('',*,*,#1070,.T.);
#1449=ORIENTED_EDGE('',*,*,#1056,.T.);
#1450=ORIENTED_EDGE('',*,*,#1047,.F.);
#1451=ORIENTED_EDGE('',*,*,#1067,.F.);
#1452=ORIENTED_EDGE('',*,*,#1071,.F.);
#1453=ORIENTED_EDGE('',*,*,#1069,.F.);
#1454=ORIENTED_EDGE('',*,*,#904,.F.);
#1455=ORIENTED_EDGE('',*,*,#1072,.F.);
#1456=ORIENTED_EDGE('',*,*,#975,.F.);
#1457=ORIENTED_EDGE('',*,*,#1073,.T.);
#1458=ORIENTED_EDGE('',*,*,#905,.F.);
#1459=ORIENTED_EDGE('',*,*,#1073,.F.);
#1460=ORIENTED_EDGE('',*,*,#982,.F.);
#1461=ORIENTED_EDGE('',*,*,#1074,.T.);
#1462=ORIENTED_EDGE('',*,*,#906,.F.);
#1463=ORIENTED_EDGE('',*,*,#1074,.F.);
#1464=ORIENTED_EDGE('',*,*,#981,.F.);
#1465=ORIENTED_EDGE('',*,*,#1075,.T.);
#1466=ORIENTED_EDGE('',*,*,#907,.F.);
#1467=ORIENTED_EDGE('',*,*,#1075,.F.);
#1468=ORIENTED_EDGE('',*,*,#980,.F.);
#1469=ORIENTED_EDGE('',*,*,#1076,.T.);
#1470=ORIENTED_EDGE('',*,*,#908,.F.);
#1471=ORIENTED_EDGE('',*,*,#1076,.F.);
#1472=ORIENTED_EDGE('',*,*,#979,.F.);
#1473=ORIENTED_EDGE('',*,*,#1077,.T.);
#1474=ORIENTED_EDGE('',*,*,#909,.F.);
#1475=ORIENTED_EDGE('',*,*,#1077,.F.);
#1476=ORIENTED_EDGE('',*,*,#978,.F.);
#1477=ORIENTED_EDGE('',*,*,#1078,.T.);
#1478=ORIENTED_EDGE('',*,*,#910,.F.);
#1479=ORIENTED_EDGE('',*,*,#1078,.F.);
#1480=ORIENTED_EDGE('',*,*,#977,.F.);
#1481=ORIENTED_EDGE('',*,*,#1079,.T.);
#1482=ORIENTED_EDGE('',*,*,#911,.F.);
#1483=ORIENTED_EDGE('',*,*,#1079,.F.);
#1484=ORIENTED_EDGE('',*,*,#976,.F.);
#1485=ORIENTED_EDGE('',*,*,#1072,.T.);
#1486=ORIENTED_EDGE('',*,*,#898,.F.);
#1487=ORIENTED_EDGE('',*,*,#1080,.F.);
#1488=ORIENTED_EDGE('',*,*,#969,.F.);
#1489=ORIENTED_EDGE('',*,*,#1081,.T.);
#1490=ORIENTED_EDGE('',*,*,#899,.F.);
#1491=ORIENTED_EDGE('',*,*,#1081,.F.);
#1492=ORIENTED_EDGE('',*,*,#974,.F.);
#1493=ORIENTED_EDGE('',*,*,#1082,.T.);
#1494=ORIENTED_EDGE('',*,*,#900,.F.);
#1495=ORIENTED_EDGE('',*,*,#1082,.F.);
#1496=ORIENTED_EDGE('',*,*,#973,.F.);
#1497=ORIENTED_EDGE('',*,*,#1083,.T.);
#1498=ORIENTED_EDGE('',*,*,#901,.F.);
#1499=ORIENTED_EDGE('',*,*,#1083,.F.);
#1500=ORIENTED_EDGE('',*,*,#972,.F.);
#1501=ORIENTED_EDGE('',*,*,#1084,.T.);
#1502=ORIENTED_EDGE('',*,*,#902,.F.);
#1503=ORIENTED_EDGE('',*,*,#1084,.F.);
#1504=ORIENTED_EDGE('',*,*,#971,.F.);
#1505=ORIENTED_EDGE('',*,*,#1085,.T.);
#1506=ORIENTED_EDGE('',*,*,#903,.F.);
#1507=ORIENTED_EDGE('',*,*,#1085,.F.);
#1508=ORIENTED_EDGE('',*,*,#970,.F.);
#1509=ORIENTED_EDGE('',*,*,#1080,.T.);
#1510=ORIENTED_EDGE('',*,*,#861,.T.);
#1511=ORIENTED_EDGE('',*,*,#1086,.F.);
#1512=ORIENTED_EDGE('',*,*,#1087,.F.);
#1513=ORIENTED_EDGE('',*,*,#876,.T.);
#1514=ORIENTED_EDGE('',*,*,#912,.T.);
#1515=ORIENTED_EDGE('',*,*,#923,.T.);
#1516=ORIENTED_EDGE('',*,*,#933,.F.);
#1517=ORIENTED_EDGE('',*,*,#1088,.F.);
#1518=ORIENTED_EDGE('',*,*,#946,.F.);
#1519=ORIENTED_EDGE('',*,*,#1089,.T.);
#1520=ORIENTED_EDGE('',*,*,#869,.T.);
#1521=ORIENTED_EDGE('',*,*,#875,.T.);
#1522=ORIENTED_EDGE('',*,*,#877,.T.);
#1523=ORIENTED_EDGE('',*,*,#1087,.T.);
#1524=ORIENTED_EDGE('',*,*,#1090,.T.);
#1525=ORIENTED_EDGE('',*,*,#1091,.T.);
#1526=ORIENTED_EDGE('',*,*,#860,.T.);
#1527=ORIENTED_EDGE('',*,*,#890,.T.);
#1528=ORIENTED_EDGE('',*,*,#879,.T.);
#1529=ORIENTED_EDGE('',*,*,#897,.T.);
#1530=ORIENTED_EDGE('',*,*,#895,.T.);
#1531=ORIENTED_EDGE('',*,*,#892,.T.);
#1532=ORIENTED_EDGE('',*,*,#1092,.T.);
#1533=ORIENTED_EDGE('',*,*,#916,.T.);
#1534=ORIENTED_EDGE('',*,*,#913,.T.);
#1535=ORIENTED_EDGE('',*,*,#1088,.T.);
#1536=ORIENTED_EDGE('',*,*,#932,.F.);
#1537=ORIENTED_EDGE('',*,*,#1024,.T.);
#1538=ORIENTED_EDGE('',*,*,#965,.F.);
#1539=ORIENTED_EDGE('',*,*,#968,.T.);
#1540=ORIENTED_EDGE('',*,*,#984,.F.);
#1541=ORIENTED_EDGE('',*,*,#986,.T.);
#1542=ORIENTED_EDGE('',*,*,#988,.T.);
#1543=ORIENTED_EDGE('',*,*,#990,.T.);
#1544=ORIENTED_EDGE('',*,*,#1093,.T.);
#1545=ORIENTED_EDGE('',*,*,#1094,.T.);
#1546=ORIENTED_EDGE('',*,*,#1090,.F.);
#1547=ORIENTED_EDGE('',*,*,#1086,.T.);
#1548=ORIENTED_EDGE('',*,*,#858,.T.);
#1549=ORIENTED_EDGE('',*,*,#867,.T.);
#1550=ORIENTED_EDGE('',*,*,#918,.T.);
#1551=ORIENTED_EDGE('',*,*,#1095,.F.);
#1552=ORIENTED_EDGE('',*,*,#885,.T.);
#1553=ORIENTED_EDGE('',*,*,#889,.F.);
#1554=ORIENTED_EDGE('',*,*,#927,.F.);
#1555=ORIENTED_EDGE('',*,*,#934,.F.);
#1556=ORIENTED_EDGE('',*,*,#870,.F.);
#1557=ORIENTED_EDGE('',*,*,#1089,.F.);
#1558=ORIENTED_EDGE('',*,*,#891,.T.);
#1559=ORIENTED_EDGE('',*,*,#886,.F.);
#1560=ORIENTED_EDGE('',*,*,#1095,.T.);
#1561=ORIENTED_EDGE('',*,*,#917,.T.);
#1562=ORIENTED_EDGE('',*,*,#1092,.F.);
#1563=ORIENTED_EDGE('',*,*,#1057,.T.);
#1564=ORIENTED_EDGE('',*,*,#1070,.F.);
#1565=ORIENTED_EDGE('',*,*,#1071,.T.);
#1566=ORIENTED_EDGE('',*,*,#1066,.F.);
#1567=ORIENTED_EDGE('',*,*,#1068,.T.);
#1568=ORIENTED_EDGE('',*,*,#1050,.F.);
#1569=ORIENTED_EDGE('',*,*,#1053,.T.);
#1570=ORIENTED_EDGE('',*,*,#1055,.F.);
#1571=ORIENTED_EDGE('',*,*,#1023,.T.);
#1572=ORIENTED_EDGE('',*,*,#1059,.F.);
#1573=ORIENTED_EDGE('',*,*,#1061,.T.);
#1574=ORIENTED_EDGE('',*,*,#1063,.F.);
#1575=ORIENTED_EDGE('',*,*,#1064,.T.);
#1576=ORIENTED_EDGE('',*,*,#1016,.F.);
#1577=ORIENTED_EDGE('',*,*,#1019,.T.);
#1578=ORIENTED_EDGE('',*,*,#1021,.F.);
#1579=ORIENTED_EDGE('',*,*,#941,.F.);
#1580=ORIENTED_EDGE('',*,*,#1096,.F.);
#1581=ORIENTED_EDGE('',*,*,#1093,.F.);
#1582=ORIENTED_EDGE('',*,*,#989,.T.);
#1583=ORIENTED_EDGE('',*,*,#944,.F.);
#1584=ORIENTED_EDGE('',*,*,#1091,.F.);
#1585=ORIENTED_EDGE('',*,*,#1094,.F.);
#1586=ORIENTED_EDGE('',*,*,#1096,.T.);
#1587=CYLINDRICAL_SURFACE('',#1721,1.25);
#1588=CYLINDRICAL_SURFACE('',#1724,1.25);
#1589=CYLINDRICAL_SURFACE('',#1734,1.25);
#1590=CYLINDRICAL_SURFACE('',#1742,1.25);
#1591=CYLINDRICAL_SURFACE('',#1753,1.25);
#1592=CYLINDRICAL_SURFACE('',#1760,1.);
#1593=CYLINDRICAL_SURFACE('',#1766,0.999999999999994);
#1594=CYLINDRICAL_SURFACE('',#1769,1.00000000000002);
#1595=CYLINDRICAL_SURFACE('',#1771,1.00000000000002);
#1596=CYLINDRICAL_SURFACE('',#1773,1.00000000000002);
#1597=CYLINDRICAL_SURFACE('',#1774,0.999999999999999);
#1598=CYLINDRICAL_SURFACE('',#1776,1.00000000000002);
#1599=CYLINDRICAL_SURFACE('',#1778,1.00000000000001);
#1600=CYLINDRICAL_SURFACE('',#1780,1.00000000000006);
#1601=CYLINDRICAL_SURFACE('',#1782,1.00000000000002);
#1602=CYLINDRICAL_SURFACE('',#1784,1.00000000000005);
#1603=CYLINDRICAL_SURFACE('',#1814,1.00000000000001);
#1604=CYLINDRICAL_SURFACE('',#1817,0.999999999999994);
#1605=CYLINDRICAL_SURFACE('',#1837,1.00000000000002);
#1606=CYLINDRICAL_SURFACE('',#1840,0.999999999999999);
#1607=CYLINDRICAL_SURFACE('',#1843,0.999999999999999);
#1608=CYLINDRICAL_SURFACE('',#1846,0.999999999999982);
#1609=CYLINDRICAL_SURFACE('',#1849,1.00000000000001);
#1610=CYLINDRICAL_SURFACE('',#1852,0.999999999999999);
#1611=CYLINDRICAL_SURFACE('',#1856,1.450000012581);
#1612=CYLINDRICAL_SURFACE('',#1858,1.45000001258095);
#1613=CYLINDRICAL_SURFACE('',#1860,1.45000001258097);
#1614=CYLINDRICAL_SURFACE('',#1862,1.45000001258094);
#1615=CYLINDRICAL_SURFACE('',#1863,0.999999988527183);
#1616=CYLINDRICAL_SURFACE('',#1865,0.999999988527085);
#1617=CYLINDRICAL_SURFACE('',#1873,1.5);
#1618=ADVANCED_FACE('',(#102),#1587,.F.);
#1619=ADVANCED_FACE('',(#103),#1588,.F.);
#1620=ADVANCED_FACE('',(#104),#50,.T.);
#1621=ADVANCED_FACE('',(#105),#51,.T.);
#1622=ADVANCED_FACE('',(#106),#52,.T.);
#1623=ADVANCED_FACE('',(#107),#53,.T.);
#1624=ADVANCED_FACE('',(#108),#1589,.F.);
#1625=ADVANCED_FACE('',(#109),#54,.T.);
#1626=ADVANCED_FACE('',(#110),#55,.T.);
#1627=ADVANCED_FACE('',(#111),#1590,.F.);
#1628=ADVANCED_FACE('',(#112,#36,#37,#38),#56,.T.);
#1629=ADVANCED_FACE('',(#113),#1591,.F.);
#1630=ADVANCED_FACE('',(#114),#57,.T.);
#1631=ADVANCED_FACE('',(#115),#58,.T.);
#1632=ADVANCED_FACE('',(#116),#1592,.T.);
#1633=ADVANCED_FACE('',(#117),#59,.T.);
#1634=ADVANCED_FACE('',(#118),#1593,.T.);
#1635=ADVANCED_FACE('',(#119),#1594,.T.);
#1636=ADVANCED_FACE('',(#120),#1595,.T.);
#1637=ADVANCED_FACE('',(#121),#1596,.T.);
#1638=ADVANCED_FACE('',(#122),#1597,.T.);
#1639=ADVANCED_FACE('',(#123),#1598,.T.);
#1640=ADVANCED_FACE('',(#124),#1599,.T.);
#1641=ADVANCED_FACE('',(#125),#1600,.T.);
#1642=ADVANCED_FACE('',(#126),#1601,.T.);
#1643=ADVANCED_FACE('',(#127),#1602,.T.);
#1644=ADVANCED_FACE('',(#128),#60,.T.);
#1645=ADVANCED_FACE('',(#129,#39,#40,#41),#61,.T.);
#1646=ADVANCED_FACE('',(#130),#62,.T.);
#1647=ADVANCED_FACE('',(#131),#63,.T.);
#1648=ADVANCED_FACE('',(#132),#64,.T.);
#1649=ADVANCED_FACE('',(#133),#65,.T.);
#1650=ADVANCED_FACE('',(#134,#42,#43,#44,#45),#66,.T.);
#1651=ADVANCED_FACE('',(#135),#67,.T.);
#1652=ADVANCED_FACE('',(#136),#15,.F.);
#1653=ADVANCED_FACE('',(#137),#68,.T.);
#1654=ADVANCED_FACE('',(#138),#16,.F.);
#1655=ADVANCED_FACE('',(#139),#69,.T.);
#1656=ADVANCED_FACE('',(#140),#17,.F.);
#1657=ADVANCED_FACE('',(#141),#70,.T.);
#1658=ADVANCED_FACE('',(#142),#18,.F.);
#1659=ADVANCED_FACE('',(#143),#1603,.F.);
#1660=ADVANCED_FACE('',(#144),#71,.T.);
#1661=ADVANCED_FACE('',(#145),#1604,.F.);
#1662=ADVANCED_FACE('',(#146),#72,.T.);
#1663=ADVANCED_FACE('',(#147,#46,#47),#73,.T.);
#1664=ADVANCED_FACE('',(#148),#74,.T.);
#1665=ADVANCED_FACE('',(#149),#19,.F.);
#1666=ADVANCED_FACE('',(#150),#75,.T.);
#1667=ADVANCED_FACE('',(#151),#20,.F.);
#1668=ADVANCED_FACE('',(#152),#76,.T.);
#1669=ADVANCED_FACE('',(#153),#21,.F.);
#1670=ADVANCED_FACE('',(#154),#77,.T.);
#1671=ADVANCED_FACE('',(#155),#22,.F.);
#1672=ADVANCED_FACE('',(#156),#1605,.F.);
#1673=ADVANCED_FACE('',(#157),#78,.T.);
#1674=ADVANCED_FACE('',(#158),#1606,.F.);
#1675=ADVANCED_FACE('',(#159),#79,.T.);
#1676=ADVANCED_FACE('',(#160),#1607,.F.);
#1677=ADVANCED_FACE('',(#161),#80,.T.);
#1678=ADVANCED_FACE('',(#162),#1608,.F.);
#1679=ADVANCED_FACE('',(#163),#81,.T.);
#1680=ADVANCED_FACE('',(#164),#1609,.F.);
#1681=ADVANCED_FACE('',(#165),#82,.T.);
#1682=ADVANCED_FACE('',(#166),#1610,.F.);
#1683=ADVANCED_FACE('',(#167),#83,.T.);
#1684=ADVANCED_FACE('',(#168),#84,.T.);
#1685=ADVANCED_FACE('',(#169),#1611,.F.);
#1686=ADVANCED_FACE('',(#170),#85,.T.);
#1687=ADVANCED_FACE('',(#171),#1612,.F.);
#1688=ADVANCED_FACE('',(#172),#86,.T.);
#1689=ADVANCED_FACE('',(#173),#1613,.F.);
#1690=ADVANCED_FACE('',(#174),#87,.T.);
#1691=ADVANCED_FACE('',(#175),#1614,.F.);
#1692=ADVANCED_FACE('',(#176),#1615,.F.);
#1693=ADVANCED_FACE('',(#177),#88,.T.);
#1694=ADVANCED_FACE('',(#178),#1616,.F.);
#1695=ADVANCED_FACE('',(#179),#89,.T.);
#1696=ADVANCED_FACE('',(#180),#90,.T.);
#1697=ADVANCED_FACE('',(#181),#91,.T.);
#1698=ADVANCED_FACE('',(#182),#92,.T.);
#1699=ADVANCED_FACE('',(#183),#93,.T.);
#1700=ADVANCED_FACE('',(#184),#94,.T.);
#1701=ADVANCED_FACE('',(#185),#95,.T.);
#1702=ADVANCED_FACE('',(#186),#1617,.F.);
#1703=ADVANCED_FACE('',(#187),#96,.T.);
#1704=ADVANCED_FACE('',(#188,#48,#49),#97,.T.);
#1705=ADVANCED_FACE('',(#189),#98,.T.);
#1706=ADVANCED_FACE('',(#190),#99,.T.);
#1707=CLOSED_SHELL('',(#1618,#1619,#1620,#1621,#1622,#1623,#1624,#1625,
#1626,#1627,#1628,#1629,#1630,#1631,#1632,#1633,#1634,#1635,#1636,#1637,
#1638,#1639,#1640,#1641,#1642,#1643,#1644,#1645,#1646,#1647,#1648,#1649,
#1650,#1651,#1652,#1653,#1654,#1655,#1656,#1657,#1658,#1659,#1660,#1661,
#1662,#1663,#1664,#1665,#1666,#1667,#1668,#1669,#1670,#1671,#1672,#1673,
#1674,#1675,#1676,#1677,#1678,#1679,#1680,#1681,#1682,#1683,#1684,#1685,
#1686,#1687,#1688,#1689,#1690,#1691,#1692,#1693,#1694,#1695,#1696,#1697,
#1698,#1699,#1700,#1701,#1702,#1703,#1704,#1705,#1706));
#1708=DERIVED_UNIT_ELEMENT(#1710,1.);
#1709=DERIVED_UNIT_ELEMENT(#2887,-3.);
#1710=(
MASS_UNIT()
NAMED_UNIT(*)
SI_UNIT(.KILO.,.GRAM.)
);
#1711=DERIVED_UNIT((#1708,#1709));
#1712=MEASURE_REPRESENTATION_ITEM('density measure',
POSITIVE_RATIO_MEASURE(7850.),#1711);
#1713=PROPERTY_DEFINITION_REPRESENTATION(#1718,#1715);
#1714=PROPERTY_DEFINITION_REPRESENTATION(#1719,#1716);
#1715=REPRESENTATION('material name',(#1717),#2884);
#1716=REPRESENTATION('density',(#1712),#2884);
#1717=DESCRIPTIVE_REPRESENTATION_ITEM('\X2\94A2\X0\','\X2\94A2\X0\');
#1718=PROPERTY_DEFINITION('material property','material name',#2894);
#1719=PROPERTY_DEFINITION('material property','density of part',#2894);
#1720=AXIS2_PLACEMENT_3D('',#2371,#1879,#1880);
#1721=AXIS2_PLACEMENT_3D('',#2372,#1881,#1882);
#1722=AXIS2_PLACEMENT_3D('',#2374,#1883,#1884);
#1723=AXIS2_PLACEMENT_3D('',#2377,#1886,#1887);
#1724=AXIS2_PLACEMENT_3D('',#2378,#1888,#1889);
#1725=AXIS2_PLACEMENT_3D('',#2384,#1892,#1893);
#1726=AXIS2_PLACEMENT_3D('',#2401,#1895,#1896);
#1727=AXIS2_PLACEMENT_3D('',#2405,#1898,#1899);
#1728=AXIS2_PLACEMENT_3D('',#2408,#1901,#1902);
#1729=AXIS2_PLACEMENT_3D('',#2409,#1903,#1904);
#1730=AXIS2_PLACEMENT_3D('',#2415,#1908,#1909);
#1731=AXIS2_PLACEMENT_3D('',#2426,#1915,#1916);
#1732=AXIS2_PLACEMENT_3D('',#2427,#1917,#1918);
#1733=AXIS2_PLACEMENT_3D('',#2431,#1921,#1922);
#1734=AXIS2_PLACEMENT_3D('',#2435,#1925,#1926);
#1735=AXIS2_PLACEMENT_3D('',#2440,#1928,#1929);
#1736=AXIS2_PLACEMENT_3D('',#2443,#1931,#1932);
#1737=AXIS2_PLACEMENT_3D('',#2446,#1934,#1935);
#1738=AXIS2_PLACEMENT_3D('',#2447,#1936,#1937);
#1739=AXIS2_PLACEMENT_3D('',#2455,#1941,#1942);
#1740=AXIS2_PLACEMENT_3D('',#2457,#1944,#1945);
#1741=AXIS2_PLACEMENT_3D('',#2458,#1946,#1947);
#1742=AXIS2_PLACEMENT_3D('',#2460,#1949,#1950);
#1743=AXIS2_PLACEMENT_3D('',#2464,#1952,#1953);
#1744=AXIS2_PLACEMENT_3D('',#2467,#1955,#1956);
#1745=AXIS2_PLACEMENT_3D('',#2469,#1957,#1958);
#1746=AXIS2_PLACEMENT_3D('',#2471,#1960,#1961);
#1747=AXIS2_PLACEMENT_3D('',#2475,#1963,#1964);
#1748=AXIS2_PLACEMENT_3D('',#2479,#1966,#1967);
#1749=AXIS2_PLACEMENT_3D('',#2489,#1972,#1973);
#1750=AXIS2_PLACEMENT_3D('',#2493,#1975,#1976);
#1751=AXIS2_PLACEMENT_3D('',#2497,#1978,#1979);
#1752=AXIS2_PLACEMENT_3D('',#2500,#1981,#1982);
#1753=AXIS2_PLACEMENT_3D('',#2501,#1983,#1984);
#1754=AXIS2_PLACEMENT_3D('',#2506,#1986,#1987);
#1755=AXIS2_PLACEMENT_3D('',#2509,#1989,#1990);
#1756=AXIS2_PLACEMENT_3D('',#2511,#1991,#1992);
#1757=AXIS2_PLACEMENT_3D('',#2528,#1995,#1996);
#1758=AXIS2_PLACEMENT_3D('',#2529,#1997,#1998);
#1759=AXIS2_PLACEMENT_3D('',#2535,#2002,#2003);
#1760=AXIS2_PLACEMENT_3D('',#2537,#2005,#2006);
#1761=AXIS2_PLACEMENT_3D('',#2540,#2007,#2008);
#1762=AXIS2_PLACEMENT_3D('',#2542,#2009,#2010);
#1763=AXIS2_PLACEMENT_3D('',#2546,#2012,#2013);
#1764=AXIS2_PLACEMENT_3D('',#2548,#2015,#2016);
#1765=AXIS2_PLACEMENT_3D('',#2550,#2017,#2018);
#1766=AXIS2_PLACEMENT_3D('',#2557,#2023,#2024);
#1767=AXIS2_PLACEMENT_3D('',#2562,#2026,#2027);
#1768=AXIS2_PLACEMENT_3D('',#2565,#2029,#2030);
#1769=AXIS2_PLACEMENT_3D('',#2566,#2031,#2032);
#1770=AXIS2_PLACEMENT_3D('',#2570,#2034,#2035);
#1771=AXIS2_PLACEMENT_3D('',#2572,#2037,#2038);
#1772=AXIS2_PLACEMENT_3D('',#2576,#2040,#2041);
#1773=AXIS2_PLACEMENT_3D('',#2578,#2043,#2044);
#1774=AXIS2_PLACEMENT_3D('',#2581,#2047,#2048);
#1775=AXIS2_PLACEMENT_3D('',#2585,#2050,#2051);
#1776=AXIS2_PLACEMENT_3D('',#2587,#2053,#2054);
#1777=AXIS2_PLACEMENT_3D('',#2592,#2057,#2058);
#1778=AXIS2_PLACEMENT_3D('',#2593,#2059,#2060);
#1779=AXIS2_PLACEMENT_3D('',#2598,#2063,#2064);
#1780=AXIS2_PLACEMENT_3D('',#2599,#2065,#2066);
#1781=AXIS2_PLACEMENT_3D('',#2604,#2069,#2070);
#1782=AXIS2_PLACEMENT_3D('',#2605,#2071,#2072);
#1783=AXIS2_PLACEMENT_3D('',#2610,#2075,#2076);
#1784=AXIS2_PLACEMENT_3D('',#2611,#2077,#2078);
#1785=AXIS2_PLACEMENT_3D('',#2614,#2081,#2082);
#1786=AXIS2_PLACEMENT_3D('',#2620,#2086,#2087);
#1787=AXIS2_PLACEMENT_3D('',#2626,#2090,#2091);
#1788=AXIS2_PLACEMENT_3D('',#2634,#2095,#2096);
#1789=AXIS2_PLACEMENT_3D('',#2640,#2099,#2100);
#1790=AXIS2_PLACEMENT_3D('',#2644,#2102,#2103);
#1791=AXIS2_PLACEMENT_3D('',#2648,#2105,#2106);
#1792=AXIS2_PLACEMENT_3D('',#2651,#2108,#2109);
#1793=AXIS2_PLACEMENT_3D('',#2652,#2110,#2111);
#1794=AXIS2_PLACEMENT_3D('',#2656,#2114,#2115);
#1795=AXIS2_PLACEMENT_3D('',#2660,#2118,#2119);
#1796=AXIS2_PLACEMENT_3D('',#2664,#2122,#2123);
#1797=AXIS2_PLACEMENT_3D('',#2668,#2126,#2127);
#1798=AXIS2_PLACEMENT_3D('',#2669,#2128,#2129);
#1799=AXIS2_PLACEMENT_3D('',#2678,#2134,#2135);
#1800=AXIS2_PLACEMENT_3D('',#2680,#2136,#2137);
#1801=AXIS2_PLACEMENT_3D('',#2683,#2139,#2140);
#1802=AXIS2_PLACEMENT_3D('',#2684,#2141,#2142);
#1803=AXIS2_PLACEMENT_3D('',#2690,#2146,#2147);
#1804=AXIS2_PLACEMENT_3D('',#2692,#2148,#2149);
#1805=AXIS2_PLACEMENT_3D('',#2695,#2151,#2152);
#1806=AXIS2_PLACEMENT_3D('',#2696,#2153,#2154);
#1807=AXIS2_PLACEMENT_3D('',#2702,#2158,#2159);
#1808=AXIS2_PLACEMENT_3D('',#2704,#2160,#2161);
#1809=AXIS2_PLACEMENT_3D('',#2707,#2163,#2164);
#1810=AXIS2_PLACEMENT_3D('',#2708,#2165,#2166);
#1811=AXIS2_PLACEMENT_3D('',#2714,#2170,#2171);
#1812=AXIS2_PLACEMENT_3D('',#2715,#2172,#2173);
#1813=AXIS2_PLACEMENT_3D('',#2716,#2174,#2175);
#1814=AXIS2_PLACEMENT_3D('',#2717,#2176,#2177);
#1815=AXIS2_PLACEMENT_3D('',#2721,#2179,#2180);
#1816=AXIS2_PLACEMENT_3D('',#2723,#2182,#2183);
#1817=AXIS2_PLACEMENT_3D('',#2727,#2186,#2187);
#1818=AXIS2_PLACEMENT_3D('',#2730,#2189,#2190);
#1819=AXIS2_PLACEMENT_3D('',#2731,#2191,#2192);
#1820=AXIS2_PLACEMENT_3D('',#2735,#2195,#2196);
#1821=AXIS2_PLACEMENT_3D('',#2741,#2199,#2200);
#1822=AXIS2_PLACEMENT_3D('',#2745,#2202,#2203);
#1823=AXIS2_PLACEMENT_3D('',#2749,#2205,#2206);
#1824=AXIS2_PLACEMENT_3D('',#2752,#2208,#2209);
#1825=AXIS2_PLACEMENT_3D('',#2753,#2210,#2211);
#1826=AXIS2_PLACEMENT_3D('',#2759,#2215,#2216);
#1827=AXIS2_PLACEMENT_3D('',#2761,#2217,#2218);
#1828=AXIS2_PLACEMENT_3D('',#2763,#2220,#2221);
#1829=AXIS2_PLACEMENT_3D('',#2767,#2224,#2225);
#1830=AXIS2_PLACEMENT_3D('',#2769,#2226,#2227);
#1831=AXIS2_PLACEMENT_3D('',#2771,#2229,#2230);
#1832=AXIS2_PLACEMENT_3D('',#2775,#2233,#2234);
#1833=AXIS2_PLACEMENT_3D('',#2777,#2235,#2236);
#1834=AXIS2_PLACEMENT_3D('',#2779,#2238,#2239);
#1835=AXIS2_PLACEMENT_3D('',#2783,#2242,#2243);
#1836=AXIS2_PLACEMENT_3D('',#2784,#2244,#2245);
#1837=AXIS2_PLACEMENT_3D('',#2785,#2246,#2247);
#1838=AXIS2_PLACEMENT_3D('',#2789,#2249,#2250);
#1839=AXIS2_PLACEMENT_3D('',#2791,#2252,#2253);
#1840=AXIS2_PLACEMENT_3D('',#2795,#2256,#2257);
#1841=AXIS2_PLACEMENT_3D('',#2798,#2259,#2260);
#1842=AXIS2_PLACEMENT_3D('',#2799,#2261,#2262);
#1843=AXIS2_PLACEMENT_3D('',#2803,#2265,#2266);
#1844=AXIS2_PLACEMENT_3D('',#2806,#2268,#2269);
#1845=AXIS2_PLACEMENT_3D('',#2807,#2270,#2271);
#1846=AXIS2_PLACEMENT_3D('',#2811,#2274,#2275);
#1847=AXIS2_PLACEMENT_3D('',#2814,#2277,#2278);
#1848=AXIS2_PLACEMENT_3D('',#2815,#2279,#2280);
#1849=AXIS2_PLACEMENT_3D('',#2817,#2282,#2283);
#1850=AXIS2_PLACEMENT_3D('',#2821,#2285,#2286);
#1851=AXIS2_PLACEMENT_3D('',#2823,#2288,#2289);
#1852=AXIS2_PLACEMENT_3D('',#2825,#2291,#2292);
#1853=AXIS2_PLACEMENT_3D('',#2828,#2294,#2295);
#1854=AXIS2_PLACEMENT_3D('',#2829,#2296,#2297);
#1855=AXIS2_PLACEMENT_3D('',#2831,#2299,#2300);
#1856=AXIS2_PLACEMENT_3D('',#2834,#2303,#2304);
#1857=AXIS2_PLACEMENT_3D('',#2836,#2306,#2307);
#1858=AXIS2_PLACEMENT_3D('',#2838,#2309,#2310);
#1859=AXIS2_PLACEMENT_3D('',#2840,#2312,#2313);
#1860=AXIS2_PLACEMENT_3D('',#2842,#2315,#2316);
#1861=AXIS2_PLACEMENT_3D('',#2844,#2318,#2319);
#1862=AXIS2_PLACEMENT_3D('',#2846,#2321,#2322);
#1863=AXIS2_PLACEMENT_3D('',#2847,#2323,#2324);
#1864=AXIS2_PLACEMENT_3D('',#2850,#2327,#2328);
#1865=AXIS2_PLACEMENT_3D('',#2852,#2330,#2331);
#1866=AXIS2_PLACEMENT_3D('',#2854,#2333,#2334);
#1867=AXIS2_PLACEMENT_3D('',#2856,#2336,#2337);
#1868=AXIS2_PLACEMENT_3D('',#2858,#2339,#2340);
#1869=AXIS2_PLACEMENT_3D('',#2859,#2341,#2342);
#1870=AXIS2_PLACEMENT_3D('',#2863,#2345,#2346);
#1871=AXIS2_PLACEMENT_3D('',#2865,#2348,#2349);
#1872=AXIS2_PLACEMENT_3D('',#2870,#2353,#2354);
#1873=AXIS2_PLACEMENT_3D('',#2875,#2358,#2359);
#1874=AXIS2_PLACEMENT_3D('',#2876,#2360,#2361);
#1875=AXIS2_PLACEMENT_3D('',#2877,#2362,#2363);
#1876=AXIS2_PLACEMENT_3D('',#2878,#2364,#2365);
#1877=AXIS2_PLACEMENT_3D('',#2879,#2366,#2367);
#1878=AXIS2_PLACEMENT_3D('',#2881,#2369,#2370);
#1879=DIRECTION('axis',(0.,0.,1.));
#1880=DIRECTION('refdir',(1.,0.,0.));
#1881=DIRECTION('center_axis',(0.,1.,0.));
#1882=DIRECTION('ref_axis',(0.,0.,-1.));
#1883=DIRECTION('center_axis',(0.,1.,0.));
#1884=DIRECTION('ref_axis',(0.,0.,-1.));
#1885=DIRECTION('',(0.,1.,0.));
#1886=DIRECTION('center_axis',(0.,-1.,0.));
#1887=DIRECTION('ref_axis',(0.,0.,-1.));
#1888=DIRECTION('center_axis',(0.,0.,-1.));
#1889=DIRECTION('ref_axis',(1.,0.,0.));
#1890=DIRECTION('',(0.,0.,1.));
#1891=DIRECTION('',(0.,0.,-1.));
#1892=DIRECTION('center_axis',(0.,0.,1.));
#1893=DIRECTION('ref_axis',(1.,0.,0.));
#1894=DIRECTION('',(0.,0.,-1.));
#1895=DIRECTION('center_axis',(0.,0.,-1.));
#1896=DIRECTION('ref_axis',(1.,0.,0.));
#1897=DIRECTION('',(0.,0.,1.));
#1898=DIRECTION('center_axis',(0.,0.,-1.));
#1899=DIRECTION('ref_axis',(1.,0.,0.));
#1900=DIRECTION('',(0.,0.,-1.));
#1901=DIRECTION('center_axis',(0.,0.,-1.));
#1902=DIRECTION('ref_axis',(1.,0.,0.));
#1903=DIRECTION('center_axis',(0.,-1.,0.));
#1904=DIRECTION('ref_axis',(0.,0.,-1.));
#1905=DIRECTION('',(1.,0.,0.));
#1906=DIRECTION('',(0.,0.,-1.));
#1907=DIRECTION('',(-1.,0.,0.));
#1908=DIRECTION('center_axis',(0.,0.,1.));
#1909=DIRECTION('ref_axis',(1.,0.,0.));
#1910=DIRECTION('',(0.707106781186544,0.707106781186551,0.));
#1911=DIRECTION('',(0.707106781186521,-0.707106781186575,0.));
#1912=DIRECTION('',(-1.,0.,0.));
#1913=DIRECTION('',(0.707106781186548,0.707106781186547,0.));
#1914=DIRECTION('',(0.707106781186551,-0.707106781186544,0.));
#1915=DIRECTION('center_axis',(0.,0.,-1.));
#1916=DIRECTION('ref_axis',(1.,0.,0.));
#1917=DIRECTION('center_axis',(0.707106781186568,-0.707106781186527,0.));
#1918=DIRECTION('ref_axis',(0.,0.,-1.));
#1919=DIRECTION('',(0.707106781186543,0.707106781186552,0.));
#1920=DIRECTION('',(0.,0.,-1.));
#1921=DIRECTION('center_axis',(0.,0.,1.));
#1922=DIRECTION('ref_axis',(1.,0.,0.));
#1923=DIRECTION('',(-0.707106781186542,-0.707106781186553,0.));
#1924=DIRECTION('',(0.707106781186603,-0.707106781186492,0.));
#1925=DIRECTION('center_axis',(0.,0.,-1.));
#1926=DIRECTION('ref_axis',(1.,0.,0.));
#1927=DIRECTION('',(0.,0.,-1.));
#1928=DIRECTION('center_axis',(0.,0.,-1.));
#1929=DIRECTION('ref_axis',(1.,0.,0.));
#1930=DIRECTION('',(0.,0.,1.));
#1931=DIRECTION('center_axis',(0.,0.,-1.));
#1932=DIRECTION('ref_axis',(1.,0.,0.));
#1933=DIRECTION('',(0.,0.,-1.));
#1934=DIRECTION('center_axis',(0.,0.,1.));
#1935=DIRECTION('ref_axis',(1.,0.,0.));
#1936=DIRECTION('center_axis',(0.,0.,1.));
#1937=DIRECTION('ref_axis',(1.,0.,0.));
#1938=DIRECTION('',(0.,1.,0.));
#1939=DIRECTION('',(1.,0.,0.));
#1940=DIRECTION('',(-2.32740778777914E-33,-1.,0.));
#1941=DIRECTION('center_axis',(0.,0.,-1.));
#1942=DIRECTION('ref_axis',(1.,0.,0.));
#1943=DIRECTION('',(1.,0.,0.));
#1944=DIRECTION('center_axis',(-1.,0.,0.));
#1945=DIRECTION('ref_axis',(0.,0.,1.));
#1946=DIRECTION('center_axis',(-1.,0.,0.));
#1947=DIRECTION('ref_axis',(0.,-6.10622663543809E-15,-1.));
#1948=DIRECTION('',(0.,-1.,0.));
#1949=DIRECTION('center_axis',(0.,0.,-1.));
#1950=DIRECTION('ref_axis',(1.,0.,0.));
#1951=DIRECTION('',(0.,0.,-1.));
#1952=DIRECTION('center_axis',(0.,0.,-1.));
#1953=DIRECTION('ref_axis',(1.,0.,0.));
#1954=DIRECTION('',(0.,0.,-1.));
#1955=DIRECTION('center_axis',(0.,0.,1.));
#1956=DIRECTION('ref_axis',(1.,0.,0.));
#1957=DIRECTION('center_axis',(0.,0.,-1.));
#1958=DIRECTION('ref_axis',(1.,0.,0.));
#1959=DIRECTION('',(0.,0.,1.));
#1960=DIRECTION('center_axis',(0.,1.,0.));
#1961=DIRECTION('ref_axis',(0.,0.,1.));
#1962=DIRECTION('',(-1.,0.,0.));
#1963=DIRECTION('center_axis',(-2.14425241124789E-14,-1.,-2.1442524112481E-14));
#1964=DIRECTION('ref_axis',(-6.66133822417625E-14,-2.22044607472542E-14,
1.));
#1965=DIRECTION('',(-1.,0.,0.));
#1966=DIRECTION('center_axis',(1.0721262056241E-14,-1.,-1.0721262056241E-14));
#1967=DIRECTION('ref_axis',(-1.,-8.88178429890184E-15,1.33226764483528E-14));
#1968=DIRECTION('',(0.,0.,-1.));
#1969=DIRECTION('',(1.,0.,0.));
#1970=DIRECTION('',(0.,0.,1.));
#1971=DIRECTION('',(0.00315177346079468,0.,0.999995033149691));
#1972=DIRECTION('center_axis',(0.,-1.,0.));
#1973=DIRECTION('ref_axis',(-3.06268417928897E-15,0.,1.));
#1974=DIRECTION('',(-1.,0.,0.));
#1975=DIRECTION('center_axis',(-7.39397368290482E-15,-1.,7.39397368290473E-15));
#1976=DIRECTION('ref_axis',(-1.,6.12536835857795E-15,-1.60790919412671E-14));
#1977=DIRECTION('',(-0.00315177346073952,0.,-0.999995033149691));
#1978=DIRECTION('center_axis',(0.,-1.,0.));
#1979=DIRECTION('ref_axis',(-0.00630351561270674,0.,-0.999980132648104));
#1980=DIRECTION('',(0.999980132648104,0.,-0.00630351561271534));
#1981=DIRECTION('center_axis',(0.,-1.,0.));
#1982=DIRECTION('ref_axis',(0.999980132648104,0.,-0.00630351561269541));
#1983=DIRECTION('center_axis',(0.,0.,-1.));
#1984=DIRECTION('ref_axis',(1.,0.,0.));
#1985=DIRECTION('',(0.,0.,-1.));
#1986=DIRECTION('center_axis',(0.,0.,-1.));
#1987=DIRECTION('ref_axis',(1.,0.,0.));
#1988=DIRECTION('',(0.,0.,-1.));
#1989=DIRECTION('center_axis',(0.,0.,1.));
#1990=DIRECTION('ref_axis',(1.,0.,0.));
#1991=DIRECTION('center_axis',(0.,0.,-1.));
#1992=DIRECTION('ref_axis',(1.,0.,0.));
#1993=DIRECTION('',(0.,0.,1.));
#1994=DIRECTION('',(0.,0.,1.));
#1995=DIRECTION('center_axis',(0.,0.,-1.));
#1996=DIRECTION('ref_axis',(1.,0.,0.));
#1997=DIRECTION('center_axis',(0.,0.,1.));
#1998=DIRECTION('ref_axis',(1.,0.,0.));
#1999=DIRECTION('',(0.70710678118655,-0.707106781186545,0.));
#2000=DIRECTION('',(0.707106781186548,0.707106781186547,0.));
#2001=DIRECTION('',(-0.707106781186544,0.707106781186551,0.));
#2002=DIRECTION('center_axis',(-0.707106781186548,-0.707106781186547,3.11667627347619E-17));
#2003=DIRECTION('ref_axis',(4.40764585547646E-17,0.,1.));
#2004=DIRECTION('',(2.20382292773823E-17,2.20382292773823E-17,1.));
#2005=DIRECTION('center_axis',(1.,0.,0.));
#2006=DIRECTION('ref_axis',(0.,0.,-1.));
#2007=DIRECTION('center_axis',(-0.707106781186549,-0.707106781186546,0.));
#2008=DIRECTION('ref_axis',(-0.707106781186546,0.707106781186549,1.96261557335472E-16));
#2009=DIRECTION('center_axis',(-0.707106781186547,0.707106781186548,0.));
#2010=DIRECTION('ref_axis',(0.707106781186548,0.707106781186547,0.));
#2011=DIRECTION('',(1.,0.,0.));
#2012=DIRECTION('center_axis',(0.923879532511288,-0.382683432365086,-5.35964894925694E-15));
#2013=DIRECTION('ref_axis',(0.382683432365086,0.923879532511288,1.07602148847365E-12));
#2014=DIRECTION('',(-1.,0.,0.));
#2015=DIRECTION('center_axis',(-0.707106781186547,0.707106781186548,0.));
#2016=DIRECTION('ref_axis',(0.,0.,1.));
#2017=DIRECTION('center_axis',(-0.707106781186547,0.707106781186548,0.));
#2018=DIRECTION('ref_axis',(-0.707106781186548,-0.707106781186547,1.96261557335472E-16));
#2019=DIRECTION('',(0.,0.,1.));
#2020=DIRECTION('',(0.707106781186548,0.707106781186547,0.));
#2021=DIRECTION('',(0.,0.,-1.));
#2022=DIRECTION('',(0.,0.,-1.));
#2023=DIRECTION('center_axis',(0.,-1.,0.));
#2024=DIRECTION('ref_axis',(0.,0.,-1.));
#2025=DIRECTION('',(0.,1.,0.));
#2026=DIRECTION('center_axis',(-0.382683432365095,-0.923879532511285,-3.42105252080228E-16));
#2027=DIRECTION('ref_axis',(0.923879532511285,-0.382683432365095,-6.25186836376818E-13));
#2028=DIRECTION('',(0.,-1.,0.));
#2029=DIRECTION('center_axis',(-0.382683432365093,0.923879532511286,-6.27192962147085E-16));
#2030=DIRECTION('ref_axis',(0.923879532511286,0.382683432365093,-3.35526587563225E-13));
#2031=DIRECTION('center_axis',(-0.707106781186543,-0.707106781186552,2.46421486409251E-16));
#2032=DIRECTION('ref_axis',(8.88178419700104E-15,-9.99200722162617E-15,
-1.));
#2033=DIRECTION('',(0.707106781186545,0.70710678118655,0.));
#2034=DIRECTION('center_axis',(-0.382683432365089,-0.923879532511287,-3.64912268885581E-15));
#2035=DIRECTION('ref_axis',(0.923879532511287,-0.382683432365089,1.06999442402062E-12));
#2036=DIRECTION('',(-0.707106781186547,-0.707106781186548,0.));
#2037=DIRECTION('center_axis',(0.,-1.,0.));
#2038=DIRECTION('ref_axis',(0.,0.,-1.));
#2039=DIRECTION('',(0.,1.,0.));
#2040=DIRECTION('center_axis',(0.382683432365095,-0.923879532511285,4.56140336106975E-16));
#2041=DIRECTION('ref_axis',(0.923879532511285,0.382683432365095,5.23770726178387E-13));
#2042=DIRECTION('',(0.,-1.,0.));
#2043=DIRECTION('center_axis',(-0.707106781186547,0.707106781186548,-1.40244945107283E-15));
#2044=DIRECTION('ref_axis',(0.707106781186548,0.707106781186547,4.16333634234425E-16));
#2045=DIRECTION('',(-0.707106781186543,0.707106781186552,0.));
#2046=DIRECTION('',(0.707106781186548,-0.707106781186547,0.));
#2047=DIRECTION('center_axis',(0.,1.,0.));
#2048=DIRECTION('ref_axis',(-2.77555756156289E-16,0.,-1.));
#2049=DIRECTION('',(0.,1.,0.));
#2050=DIRECTION('center_axis',(-0.382683432365077,0.923879532511292,1.55087714276372E-14));
#2051=DIRECTION('ref_axis',(0.923879532511292,0.382683432365077,-4.40036864925772E-13));
#2052=DIRECTION('',(0.,1.,0.));
#2053=DIRECTION('center_axis',(0.707106781186547,-0.707106781186548,2.33741575178804E-16));
#2054=DIRECTION('ref_axis',(-0.707106781186547,-0.707106781186548,-2.22044604925026E-15));
#2055=DIRECTION('',(-0.707106781186547,0.707106781186548,0.));
#2056=DIRECTION('',(0.707106781186547,-0.707106781186548,0.));
#2057=DIRECTION('center_axis',(-0.923879532511288,0.382683432365088,-2.73684201664182E-15));
#2058=DIRECTION('ref_axis',(0.382683432365088,0.923879532511288,8.29032531564448E-13));
#2059=DIRECTION('center_axis',(-1.,0.,0.));
#2060=DIRECTION('ref_axis',(0.,-4.44089209850057E-15,-1.));
#2061=DIRECTION('',(-1.,0.,0.));
#2062=DIRECTION('',(1.,0.,0.));
#2063=DIRECTION('center_axis',(-0.92387953251129,-0.382683432365083,8.21052604992548E-15));
#2064=DIRECTION('ref_axis',(0.382683432365083,-0.92387953251129,-1.55879606480277E-12));
#2065=DIRECTION('center_axis',(0.707106781186548,0.707106781186548,7.59660119331112E-15));
#2066=DIRECTION('ref_axis',(0.70710678118655,-0.707106781186545,0.));
#2067=DIRECTION('',(-0.707106781186548,-0.707106781186548,0.));
#2068=DIRECTION('',(0.707106781186546,0.707106781186549,0.));
#2069=DIRECTION('center_axis',(-0.382683432365095,-0.923879532511285,6.84210504160475E-15));
#2070=DIRECTION('ref_axis',(0.923879532511285,-0.382683432365095,1.38770497758645E-12));
#2071=DIRECTION('center_axis',(0.,-1.,0.));
#2072=DIRECTION('ref_axis',(0.,0.,-1.));
#2073=DIRECTION('',(0.,-1.,0.));
#2074=DIRECTION('',(0.,1.,0.));
#2075=DIRECTION('center_axis',(0.382683432365102,-0.923879532511282,-1.15175434867011E-14));
#2076=DIRECTION('ref_axis',(0.923879532511282,0.382683432365102,1.82430911161404E-12));
#2077=DIRECTION('center_axis',(0.707106781186548,-0.707106781186547,4.62040287017041E-16));
#2078=DIRECTION('ref_axis',(8.88178419700084E-15,1.11022302462511E-14,-1.));
#2079=DIRECTION('',(0.70710678118655,-0.707106781186545,0.));
#2080=DIRECTION('',(-0.707106781186547,0.707106781186548,0.));
#2081=DIRECTION('center_axis',(-0.707106781186562,-0.707106781186533,0.));
#2082=DIRECTION('ref_axis',(0.,0.,1.));
#2083=DIRECTION('',(0.,0.,1.));
#2084=DIRECTION('',(-0.707106781186548,0.707106781186547,0.));
#2085=DIRECTION('',(0.,0.,-1.));
#2086=DIRECTION('center_axis',(0.,-1.,0.));
#2087=DIRECTION('ref_axis',(0.,0.,-1.));
#2088=DIRECTION('',(0.,0.,-1.));
#2089=DIRECTION('',(1.,0.,0.));
#2090=DIRECTION('center_axis',(2.14425241124789E-14,1.,2.1442524112481E-14));
#2091=DIRECTION('ref_axis',(1.,-2.22044607472542E-14,3.33066911208813E-14));
#2092=DIRECTION('',(0.,0.,-1.));
#2093=DIRECTION('',(-1.,0.,0.));
#2094=DIRECTION('',(0.,0.,1.));
#2095=DIRECTION('center_axis',(1.0721262056241E-14,1.,-1.0721262056241E-14));
#2096=DIRECTION('ref_axis',(-1.33226764483528E-14,8.88178429890184E-15,
1.));
#2097=DIRECTION('',(1.,0.,0.));
#2098=DIRECTION('',(-0.00315177346079468,0.,-0.999995033149691));
#2099=DIRECTION('center_axis',(0.,1.,0.));
#2100=DIRECTION('ref_axis',(-0.00630351561272604,0.,-0.999980132648104));
#2101=DIRECTION('',(-0.999980132648104,0.,0.00630351561271535));
#2102=DIRECTION('center_axis',(0.,1.,0.));
#2103=DIRECTION('ref_axis',(-0.999980132648104,0.,0.00630351561273122));
#2104=DIRECTION('',(0.00315177346075621,0.,0.999995033149691));
#2105=DIRECTION('center_axis',(0.,1.,0.));
#2106=DIRECTION('ref_axis',(-1.53134208964448E-15,0.,1.));
#2107=DIRECTION('',(1.,0.,0.));
#2108=DIRECTION('center_axis',(0.,1.,0.));
#2109=DIRECTION('ref_axis',(1.,0.,-9.18805253786693E-15));
#2110=DIRECTION('center_axis',(0.707106781186548,-0.707106781186548,0.));
#2111=DIRECTION('ref_axis',(0.,0.,-1.));
#2112=DIRECTION('',(0.,0.,1.));
#2113=DIRECTION('',(-0.707106781186548,-0.707106781186548,0.));
#2114=DIRECTION('center_axis',(1.,0.,0.));
#2115=DIRECTION('ref_axis',(0.,0.,-1.));
#2116=DIRECTION('',(0.,0.,1.));
#2117=DIRECTION('',(0.,1.,0.));
#2118=DIRECTION('center_axis',(0.707106781186546,0.707106781186549,0.));
#2119=DIRECTION('ref_axis',(0.,0.,-1.));
#2120=DIRECTION('',(0.,0.,-1.));
#2121=DIRECTION('',(-0.70710678118655,0.707106781186545,0.));
#2122=DIRECTION('center_axis',(1.,0.,0.));
#2123=DIRECTION('ref_axis',(0.,0.,-1.));
#2124=DIRECTION('',(0.,0.,-1.));
#2125=DIRECTION('',(0.,1.,0.));
#2126=DIRECTION('center_axis',(0.,0.,-1.));
#2127=DIRECTION('ref_axis',(-1.,0.,0.));
#2128=DIRECTION('center_axis',(-0.707106781186568,0.,-0.707106781186527));
#2129=DIRECTION('ref_axis',(-0.707106781186527,0.,0.707106781186568));
#2130=DIRECTION('',(-0.707106781186548,0.,0.707106781186547));
#2131=DIRECTION('',(0.,1.,0.));
#2132=DIRECTION('',(0.707106781186548,0.,-0.707106781186547));
#2133=DIRECTION('',(0.,-1.,0.));
#2134=DIRECTION('center_axis',(-1.,-2.27219357879974E-15,1.11398768076435E-15));
#2135=DIRECTION('ref_axis',(1.43151294705103E-15,-0.144919489023164,0.989443450481767));
#2136=DIRECTION('center_axis',(1.,0.,0.));
#2137=DIRECTION('ref_axis',(0.,-1.,-4.44089209850064E-15));
#2138=DIRECTION('',(-0.707106781186532,-0.707106781186563,0.));
#2139=DIRECTION('center_axis',(-1.,0.,0.));
#2140=DIRECTION('ref_axis',(0.,-6.05576195250082E-15,1.));
#2141=DIRECTION('center_axis',(-0.707106781186565,0.70710678118653,0.));
#2142=DIRECTION('ref_axis',(0.,0.,1.));
#2143=DIRECTION('',(-0.707106781186547,-0.707106781186548,0.));
#2144=DIRECTION('',(0.,0.,1.));
#2145=DIRECTION('',(0.,0.,-1.));
#2146=DIRECTION('center_axis',(-1.,1.81274012017177E-14,1.72966644160561E-15));
#2147=DIRECTION('ref_axis',(-1.81867007701929E-14,-0.989443450481767,-0.144919489023163));
#2148=DIRECTION('center_axis',(1.,0.,0.));
#2149=DIRECTION('ref_axis',(0.,-4.44089209850063E-15,-1.));
#2150=DIRECTION('',(-0.707106781186533,0.,-0.707106781186562));
#2151=DIRECTION('center_axis',(-1.,0.,0.));
#2152=DIRECTION('ref_axis',(0.,-1.,-3.02788097625044E-15));
#2153=DIRECTION('center_axis',(-0.707106781186545,0.,0.70710678118655));
#2154=DIRECTION('ref_axis',(0.70710678118655,0.,0.707106781186545));
#2155=DIRECTION('',(-0.707106781186548,0.,-0.707106781186547));
#2156=DIRECTION('',(0.,-1.,1.41730705487196E-15));
#2157=DIRECTION('',(0.,1.,-1.5747856165244E-15));
#2158=DIRECTION('center_axis',(-1.,-2.45855398868921E-15,-9.80063153314475E-15));
#2159=DIRECTION('ref_axis',(9.34087829327847E-15,0.144919489023158,-0.989443450481768));
#2160=DIRECTION('center_axis',(1.,-6.70078870827232E-16,6.70078870827231E-16));
#2161=DIRECTION('ref_axis',(5.55111512312579E-16,1.,3.33066907387547E-15));
#2162=DIRECTION('',(-0.707106781186538,0.707106781186557,5.88784672006423E-15));
#2163=DIRECTION('center_axis',(-1.,3.04581304921469E-16,-3.04581304921468E-16));
#2164=DIRECTION('ref_axis',(2.52323414687535E-16,1.00929365875014E-15,-1.));
#2165=DIRECTION('center_axis',(-0.707106781186565,-0.70710678118653,0.));
#2166=DIRECTION('ref_axis',(0.,0.,1.));
#2167=DIRECTION('',(-0.707106781186547,0.707106781186548,0.));
#2168=DIRECTION('',(0.,0.,-1.));
#2169=DIRECTION('',(0.,0.,1.));
#2170=DIRECTION('center_axis',(-1.,2.31561834144088E-16,-8.74615184537266E-16));
#2171=DIRECTION('ref_axis',(1.02368554540376E-16,0.989443450481768,0.14491948902316));
#2172=DIRECTION('center_axis',(1.,0.,0.));
#2173=DIRECTION('ref_axis',(0.,4.44089209850061E-15,1.));
#2174=DIRECTION('center_axis',(-1.,0.,0.));
#2175=DIRECTION('ref_axis',(0.,1.,0.));
#2176=DIRECTION('center_axis',(1.,0.,0.));
#2177=DIRECTION('ref_axis',(0.,-1.,0.));
#2178=DIRECTION('',(1.,0.,0.));
#2179=DIRECTION('center_axis',(1.,-5.5511151231258E-16,-5.55111512312578E-16));
#2180=DIRECTION('ref_axis',(-5.55111512312586E-16,-1.33226762955017E-14,
-1.));
#2181=DIRECTION('',(-1.,0.,0.));
#2182=DIRECTION('center_axis',(0.,1.,0.));
#2183=DIRECTION('ref_axis',(0.,0.,1.));
#2184=DIRECTION('',(-1.,0.,0.));
#2185=DIRECTION('',(-5.77462878248881E-50,0.,1.));
#2186=DIRECTION('center_axis',(1.,0.,0.));
#2187=DIRECTION('ref_axis',(0.,0.,1.));
#2188=DIRECTION('',(1.,0.,0.));
#2189=DIRECTION('center_axis',(1.,0.,0.));
#2190=DIRECTION('ref_axis',(0.,-1.,-4.44089209850064E-15));
#2191=DIRECTION('center_axis',(0.,0.,-1.));
#2192=DIRECTION('ref_axis',(-1.,0.,0.));
#2193=DIRECTION('',(-1.,0.,0.));
#2194=DIRECTION('',(2.32740778777912E-33,1.,0.));
#2195=DIRECTION('center_axis',(-1.,0.,0.));
#2196=DIRECTION('ref_axis',(0.,0.,1.));
#2197=DIRECTION('',(0.,-1.,0.));
#2198=DIRECTION('',(0.,1.,0.));
#2199=DIRECTION('center_axis',(-1.,0.,0.));
#2200=DIRECTION('ref_axis',(0.,4.03717463500058E-15,1.));
#2201=DIRECTION('',(0.,0.,1.));
#2202=DIRECTION('center_axis',(-1.,0.,0.));
#2203=DIRECTION('ref_axis',(0.,-1.,-5.04646829375072E-16));
#2204=DIRECTION('',(0.,-1.,0.));
#2205=DIRECTION('center_axis',(-1.,3.04581304921469E-16,-3.04581304921469E-16));
#2206=DIRECTION('ref_axis',(2.52323414687536E-16,0.,-1.));
#2207=DIRECTION('',(0.,0.,-1.));
#2208=DIRECTION('center_axis',(-1.,3.04581304921469E-16,3.04581304921469E-16));
#2209=DIRECTION('ref_axis',(2.52323414687536E-16,1.,0.));
#2210=DIRECTION('center_axis',(-0.707106781186565,4.99676192581901E-16,
-0.70710678118653));
#2211=DIRECTION('ref_axis',(-0.70710678118653,0.,0.707106781186565));
#2212=DIRECTION('',(-0.707106781186548,0.,0.707106781186547));
#2213=DIRECTION('',(0.707106781186548,0.,-0.707106781186547));
#2214=DIRECTION('',(0.,-1.,0.));
#2215=DIRECTION('center_axis',(-1.,-1.15894659938188E-14,-4.53858112993332E-14));
#2216=DIRECTION('ref_axis',(-4.32271542450507E-14,-0.144919489023182,0.989443450481765));
#2217=DIRECTION('center_axis',(1.,6.70078870827235E-16,-6.70078870827235E-16));
#2218=DIRECTION('ref_axis',(5.55111512312575E-16,-1.,2.2204460492503E-15));
#2219=DIRECTION('',(-0.707106781186536,-0.707106781186559,0.));
#2220=DIRECTION('center_axis',(-0.707106781186536,0.707106781186559,0.));
#2221=DIRECTION('ref_axis',(0.,0.,1.));
#2222=DIRECTION('',(-0.707106781186548,-0.707106781186547,0.));
#2223=DIRECTION('',(0.,0.,-1.));
#2224=DIRECTION('center_axis',(-1.,-3.30411517108054E-14,1.14016006664363E-14));
#2225=DIRECTION('ref_axis',(3.10400370140051E-14,-0.98944345048177,-0.144919489023144));
#2226=DIRECTION('center_axis',(1.,-6.7007887082723E-16,-6.7007887082723E-16));
#2227=DIRECTION('ref_axis',(-5.55111512312579E-16,2.22044604925032E-15,
-1.));
#2228=DIRECTION('',(-0.707106781186539,0.,-0.707106781186556));
#2229=DIRECTION('center_axis',(-0.707106781186545,0.,0.70710678118655));
#2230=DIRECTION('ref_axis',(0.70710678118655,0.,0.707106781186545));
#2231=DIRECTION('',(-0.707106781186548,0.,-0.707106781186547));
#2232=DIRECTION('',(0.,1.,0.));
#2233=DIRECTION('center_axis',(-1.,-8.79129937030142E-16,-4.52168295799158E-15));
#2234=DIRECTION('ref_axis',(4.34654652668042E-15,0.144919489023161,-0.989443450481768));
#2235=DIRECTION('center_axis',(1.,-6.7007887082723E-16,6.7007887082723E-16));
#2236=DIRECTION('ref_axis',(5.55111512312579E-16,1.,3.33066907387547E-15));
#2237=DIRECTION('',(-0.707106781186542,0.707106781186553,0.));
#2238=DIRECTION('center_axis',(-0.707106781186548,-0.707106781186547,0.));
#2239=DIRECTION('ref_axis',(0.,0.,1.));
#2240=DIRECTION('',(-0.707106781186548,0.707106781186547,0.));
#2241=DIRECTION('',(0.,0.,1.));
#2242=DIRECTION('center_axis',(-1.,4.90031576657236E-15,-1.22927699434458E-15));
#2243=DIRECTION('ref_axis',(4.67043914663922E-15,0.989443450481768,0.14491948902316));
#2244=DIRECTION('center_axis',(1.,6.70078870827228E-16,6.70078870827228E-16));
#2245=DIRECTION('ref_axis',(-5.5511151231258E-16,-4.44089209850064E-15,
1.));
#2246=DIRECTION('center_axis',(1.,0.,0.));
#2247=DIRECTION('ref_axis',(0.,-1.,0.));
#2248=DIRECTION('',(1.,0.,0.));
#2249=DIRECTION('center_axis',(1.,-5.55111512312591E-16,-5.55111512312591E-16));
#2250=DIRECTION('ref_axis',(-5.55111512312591E-16,2.22044604925032E-15,
-1.));
#2251=DIRECTION('',(-1.,0.,0.));
#2252=DIRECTION('center_axis',(0.,1.,0.));
#2253=DIRECTION('ref_axis',(0.,0.,1.));
#2254=DIRECTION('',(-1.,0.,0.));
#2255=DIRECTION('',(-5.77462878248881E-50,0.,1.));
#2256=DIRECTION('center_axis',(1.,0.,0.));
#2257=DIRECTION('ref_axis',(0.,0.,1.));
#2258=DIRECTION('',(1.,0.,0.));
#2259=DIRECTION('center_axis',(1.,-5.55111512312592E-16,5.55111512312592E-16));
#2260=DIRECTION('ref_axis',(-5.55111512312594E-16,-1.,-2.22044604925031E-15));
#2261=DIRECTION('center_axis',(0.,0.,-1.));
#2262=DIRECTION('ref_axis',(-1.,0.,0.));
#2263=DIRECTION('',(-1.,0.,0.));
#2264=DIRECTION('',(2.32740778777913E-33,1.,0.));
#2265=DIRECTION('center_axis',(1.,0.,0.));
#2266=DIRECTION('ref_axis',(0.,1.,0.));
#2267=DIRECTION('',(1.,0.,0.));
#2268=DIRECTION('center_axis',(1.,-5.55111512312602E-16,-5.55111512312601E-16));
#2269=DIRECTION('ref_axis',(5.55111512312604E-16,4.44089209850061E-15,1.));
#2270=DIRECTION('center_axis',(0.,-1.,0.));
#2271=DIRECTION('ref_axis',(0.,0.,-1.));
#2272=DIRECTION('',(-1.,0.,0.));
#2273=DIRECTION('',(2.12490077480262E-48,0.,-1.));
#2274=DIRECTION('center_axis',(1.,0.,0.));
#2275=DIRECTION('ref_axis',(0.,0.,-1.));
#2276=DIRECTION('',(1.,0.,0.));
#2277=DIRECTION('center_axis',(1.,0.,0.));
#2278=DIRECTION('ref_axis',(0.,1.,1.11022302462516E-15));
#2279=DIRECTION('center_axis',(0.,1.57033077409836E-15,1.));
#2280=DIRECTION('ref_axis',(1.,0.,0.));
#2281=DIRECTION('',(-2.32740778777912E-33,-1.,0.));
#2282=DIRECTION('center_axis',(1.,-4.03539631741333E-15,0.));
#2283=DIRECTION('ref_axis',(0.,0.,-1.));
#2284=DIRECTION('',(1.,0.,0.));
#2285=DIRECTION('center_axis',(1.,-5.55111512312601E-16,5.55111512312601E-16));
#2286=DIRECTION('ref_axis',(5.55111512312599E-16,1.,3.33066907387547E-15));
#2287=DIRECTION('',(-1.,0.,0.));
#2288=DIRECTION('center_axis',(0.,0.,1.));
#2289=DIRECTION('ref_axis',(1.,0.,0.));
#2290=DIRECTION('',(-2.32740778777913E-33,-1.,0.));
#2291=DIRECTION('center_axis',(1.,0.,0.));
#2292=DIRECTION('ref_axis',(0.,1.,0.));
#2293=DIRECTION('',(1.,0.,0.));
#2294=DIRECTION('center_axis',(1.,-5.55111512312604E-16,-5.55111512312604E-16));
#2295=DIRECTION('ref_axis',(5.55111512312604E-16,1.11022302462515E-15,1.));
#2296=DIRECTION('center_axis',(0.,-1.,0.));
#2297=DIRECTION('ref_axis',(0.,0.,-1.));
#2298=DIRECTION('',(-4.59042333919549E-49,0.,-1.));
#2299=DIRECTION('center_axis',(-0.999995033149691,0.,0.00315177346077117));
#2300=DIRECTION('ref_axis',(0.00315177346077117,0.,0.999995033149691));
#2301=DIRECTION('',(0.,1.,0.));
#2302=DIRECTION('',(0.,1.,0.));
#2303=DIRECTION('center_axis',(0.,1.,0.));
#2304=DIRECTION('ref_axis',(0.,0.,1.));
#2305=DIRECTION('',(0.,1.,0.));
#2306=DIRECTION('center_axis',(0.,0.,-1.));
#2307=DIRECTION('ref_axis',(-1.,0.,0.));
#2308=DIRECTION('',(0.,1.,0.));
#2309=DIRECTION('center_axis',(-9.44811682159119E-30,1.,2.68475507421503E-15));
#2310=DIRECTION('ref_axis',(-1.,0.,-3.82835522411135E-15));
#2311=DIRECTION('',(0.,1.,0.));
#2312=DIRECTION('center_axis',(0.999995033149691,0.,-0.00315177346074964));
#2313=DIRECTION('ref_axis',(-0.00315177346074964,0.,-0.999995033149691));
#2314=DIRECTION('',(0.,1.,0.));
#2315=DIRECTION('center_axis',(-1.84561012165649E-15,1.,-1.07609677169196E-17));
#2316=DIRECTION('ref_axis',(-0.00630351561271981,0.,-0.999980132648104));
#2317=DIRECTION('',(-3.5527136788005E-15,1.,0.));
#2318=DIRECTION('center_axis',(0.00630351561271442,0.,0.999980132648104));
#2319=DIRECTION('ref_axis',(0.999980132648104,0.,-0.00630351561271443));
#2320=DIRECTION('',(0.,1.,0.));
#2321=DIRECTION('center_axis',(0.,1.,0.));
#2322=DIRECTION('ref_axis',(0.999980132648104,0.,-0.006303515612687));
#2323=DIRECTION('center_axis',(0.,1.,0.));
#2324=DIRECTION('ref_axis',(0.,0.,1.));
#2325=DIRECTION('',(0.,1.,0.));
#2326=DIRECTION('',(0.,1.,0.));
#2327=DIRECTION('center_axis',(0.,0.,-1.));
#2328=DIRECTION('ref_axis',(-1.,0.,0.));
#2329=DIRECTION('',(0.,1.,0.));
#2330=DIRECTION('center_axis',(0.,1.,0.));
#2331=DIRECTION('ref_axis',(-1.,0.,0.));
#2332=DIRECTION('',(0.,1.,0.));
#2333=DIRECTION('center_axis',(1.,0.,0.));
#2334=DIRECTION('ref_axis',(0.,0.,-1.));
#2335=DIRECTION('',(0.,1.,0.));
#2336=DIRECTION('center_axis',(0.,0.,1.));
#2337=DIRECTION('ref_axis',(1.,0.,0.));
#2338=DIRECTION('',(-3.90798504668055E-14,1.,0.));
#2339=DIRECTION('center_axis',(-1.,-1.93848464617091E-14,0.));
#2340=DIRECTION('ref_axis',(0.,0.,1.));
#2341=DIRECTION('center_axis',(-0.707106781186566,0.707106781186529,0.));
#2342=DIRECTION('ref_axis',(0.,0.,1.));
#2343=DIRECTION('',(-0.707106781186541,-0.707106781186554,0.));
#2344=DIRECTION('',(0.,0.,1.));
#2345=DIRECTION('center_axis',(0.707106781186547,0.707106781186548,0.));
#2346=DIRECTION('ref_axis',(0.,0.,-1.));
#2347=DIRECTION('',(-0.707106781186548,0.707106781186547,0.));
#2348=DIRECTION('center_axis',(0.707106781186533,0.707106781186562,0.));
#2349=DIRECTION('ref_axis',(0.,0.,-1.));
#2350=DIRECTION('',(0.,0.,1.));
#2351=DIRECTION('',(0.707106781186529,-0.707106781186566,0.));
#2352=DIRECTION('',(0.,0.,-1.));
#2353=DIRECTION('center_axis',(0.,0.,1.));
#2354=DIRECTION('ref_axis',(1.,0.,0.));
#2355=DIRECTION('',(2.32740778777914E-33,1.,0.));
#2356=DIRECTION('',(0.707106781186547,0.707106781186548,0.));
#2357=DIRECTION('',(0.,1.,0.));
#2358=DIRECTION('center_axis',(-1.,0.,0.));
#2359=DIRECTION('ref_axis',(0.,1.,0.));
#2360=DIRECTION('center_axis',(1.,-1.16370389388954E-33,-1.16370389388975E-33));
#2361=DIRECTION('ref_axis',(-8.1124376394756E-34,0.266666666666643,-0.963788819653404));
#2362=DIRECTION('center_axis',(0.,1.,0.));
#2363=DIRECTION('ref_axis',(0.,0.,1.));
#2364=DIRECTION('center_axis',(1.,-2.32740778777914E-33,0.));
#2365=DIRECTION('ref_axis',(0.,0.,-1.));
#2366=DIRECTION('center_axis',(0.707106781186533,-0.707106781186562,0.));
#2367=DIRECTION('ref_axis',(0.,0.,-1.));
#2368=DIRECTION('',(0.,0.,-1.));
#2369=DIRECTION('center_axis',(1.,0.,0.));
#2370=DIRECTION('ref_axis',(0.,0.,-1.));
#2371=CARTESIAN_POINT('',(0.,0.,0.));
#2372=CARTESIAN_POINT('Origin',(3.03937854717928,-34.225,9.42448611893556));
#2373=CARTESIAN_POINT('',(3.03937854717928,-35.6,10.6744861189356));
#2374=CARTESIAN_POINT('Origin',(3.03937854717928,-35.6,9.42448611893556));
#2375=CARTESIAN_POINT('',(3.03937854717928,-33.1,10.6744861189356));
#2376=CARTESIAN_POINT('',(3.03937854717928,-34.225,10.6744861189356));
#2377=CARTESIAN_POINT('Origin',(3.03937854717928,-33.1,9.42448611893556));
#2378=CARTESIAN_POINT('Origin',(45.1,-2.60282982141584E-14,4.));
#2379=CARTESIAN_POINT('',(43.85,0.,4.5));
#2380=CARTESIAN_POINT('',(43.85,0.,14.));
#2381=CARTESIAN_POINT('',(43.85,0.,4.));
#2382=CARTESIAN_POINT('',(43.85,-2.61813790640518E-14,0.));
#2383=CARTESIAN_POINT('',(43.85,-2.58752173642649E-14,4.));
#2384=CARTESIAN_POINT('Origin',(45.1,-2.60282982141584E-14,0.));
#2385=CARTESIAN_POINT('',(45.1,-1.24999999999988,3.02098005422511));
#2386=CARTESIAN_POINT('Ctrl Pts',(45.1,-1.25000000000003,3.02098005422509));
#2387=CARTESIAN_POINT('Ctrl Pts',(44.9407158374324,-1.25000000000003,3.02098005422509));
#2388=CARTESIAN_POINT('Ctrl Pts',(44.771204227958,-1.21754099866211,3.02533439443256));
#2389=CARTESIAN_POINT('Ctrl Pts',(44.4624821415711,-1.08815585209019,3.05611405780308));
#2390=CARTESIAN_POINT('Ctrl Pts',(44.3234339331705,-0.991200886136878,3.08402758509843));
#2391=CARTESIAN_POINT('Ctrl Pts',(44.1014878748537,-0.769254827820045,3.18401446029494));
#2392=CARTESIAN_POINT('Ctrl Pts',(44.004390538278,-0.615887439790841,3.27746521073569));
#2393=CARTESIAN_POINT('Ctrl Pts',(43.8899989982062,-0.350993131009901,3.51629559997015));
#2394=CARTESIAN_POINT('Ctrl Pts',(43.8663354037376,-0.219892570595454,3.68944936629247));
#2395=CARTESIAN_POINT('Ctrl Pts',(43.8476807761389,-0.0444640939609964,
4.07918734805785));
#2396=CARTESIAN_POINT('Ctrl Pts',(43.85,3.16040024244194E-16,4.29557684703639));
#2397=CARTESIAN_POINT('Ctrl Pts',(43.85,6.07153216591882E-17,4.5));
#2398=CARTESIAN_POINT('',(45.1,-1.25000000000003,14.));
#2399=CARTESIAN_POINT('',(45.1,-1.25000000000003,4.));
#2400=CARTESIAN_POINT('',(46.1701821494425,0.645918080730553,14.));
#2401=CARTESIAN_POINT('Origin',(45.1,-2.60282982141584E-14,14.));
#2402=CARTESIAN_POINT('',(46.1701821494425,0.645918080730526,3.));
#2403=CARTESIAN_POINT('',(46.1701821494425,0.645918080730553,4.));
#2404=CARTESIAN_POINT('',(45.7459180807305,1.07018214944249,3.));
#2405=CARTESIAN_POINT('Origin',(45.1,-2.60282982141584E-14,3.));
#2406=CARTESIAN_POINT('',(45.7459180807305,1.07018214944249,14.));
#2407=CARTESIAN_POINT('',(45.7459180807306,1.07018214944246,4.));
#2408=CARTESIAN_POINT('Origin',(45.1,-2.60282982141584E-14,14.));
#2409=CARTESIAN_POINT('Origin',(22.55,0.,4.49));
#2410=CARTESIAN_POINT('',(1.25,-2.77555756156289E-16,14.));
#2411=CARTESIAN_POINT('',(1.1,0.,14.));
#2412=CARTESIAN_POINT('',(1.25,0.,4.5));
#2413=CARTESIAN_POINT('',(1.25,0.,4.));
#2414=CARTESIAN_POINT('',(44.,0.,4.5));
#2415=CARTESIAN_POINT('Origin',(22.675,-0.0099999999999989,14.));
#2416=CARTESIAN_POINT('',(46.637867965644,1.96213203435597,14.));
#2417=CARTESIAN_POINT('',(45.6361994429988,0.96046351171076,14.));
#2418=CARTESIAN_POINT('',(46.1,2.5,14.));
#2419=CARTESIAN_POINT('',(46.1,2.5,14.));
#2420=CARTESIAN_POINT('',(-1.20710678118655,2.5,14.));
#2421=CARTESIAN_POINT('',(46.1,2.5,14.));
#2422=CARTESIAN_POINT('',(-1.64142135623732,2.06568542494923,14.));
#2423=CARTESIAN_POINT('',(3.3091610755008,7.01626785668735,14.));
#2424=CARTESIAN_POINT('',(-0.645918080730561,1.07018214944249,14.));
#2425=CARTESIAN_POINT('',(-1.28786796564404,1.71213203435596,14.));
#2426=CARTESIAN_POINT('Origin',(0.,-2.77555756156289E-16,14.));
#2427=CARTESIAN_POINT('Origin',(46.1370337043214,1.46129777303337,14.01));
#2428=CARTESIAN_POINT('',(46.637867965644,1.96213203435597,3.));
#2429=CARTESIAN_POINT('',(45.6361994429988,0.960463511710758,3.));
#2430=CARTESIAN_POINT('',(46.637867965644,1.96213203435597,14.));
#2431=CARTESIAN_POINT('Origin',(46.3491657386774,0.526199442998821,3.));
#2432=CARTESIAN_POINT('',(47.062132034356,1.53786796564404,3.));
#2433=CARTESIAN_POINT('',(47.062132034356,1.53786796564404,3.));
#2434=CARTESIAN_POINT('',(46.637867965644,1.96213203435596,3.));
#2435=CARTESIAN_POINT('Origin',(45.1,-33.1,4.));
#2436=CARTESIAN_POINT('',(43.85,-33.1,14.));
#2437=CARTESIAN_POINT('',(43.85,-33.1,3.));
#2438=CARTESIAN_POINT('',(43.85,-33.1,4.));
#2439=CARTESIAN_POINT('',(45.1,-31.85,14.));
#2440=CARTESIAN_POINT('Origin',(45.1,-33.1,14.));
#2441=CARTESIAN_POINT('',(45.1,-31.85,3.));
#2442=CARTESIAN_POINT('',(45.1,-31.85,4.));
#2443=CARTESIAN_POINT('Origin',(45.1,-33.1,3.));
#2444=CARTESIAN_POINT('',(43.85,-33.1,0.));
#2445=CARTESIAN_POINT('',(43.85,-33.1,4.));
#2446=CARTESIAN_POINT('Origin',(45.1,-33.1,0.));
#2447=CARTESIAN_POINT('Origin',(22.55,-33.11,3.));
#2448=CARTESIAN_POINT('',(45.1,-1.5,3.));
#2449=CARTESIAN_POINT('',(45.1,-32.,3.));
#2450=CARTESIAN_POINT('',(5.42867866499484E-32,-1.5,3.));
#2451=CARTESIAN_POINT('',(0.,-1.5,3.));
#2452=CARTESIAN_POINT('',(-1.63500397091484E-32,-31.85,3.));
#2453=CARTESIAN_POINT('',(5.42867866499484E-32,-1.5,3.));
#2454=CARTESIAN_POINT('',(1.25,-33.1,3.));
#2455=CARTESIAN_POINT('Origin',(0.,-33.1,3.));
#2456=CARTESIAN_POINT('',(1.1,-33.1,3.));
#2457=CARTESIAN_POINT('Origin',(45.1,-16.55,2.99));
#2458=CARTESIAN_POINT('Origin',(45.1,-1.49999999999999,4.50000000000007));
#2459=CARTESIAN_POINT('',(45.1,-1.1,14.));
#2460=CARTESIAN_POINT('Origin',(0.,-33.1,4.));
#2461=CARTESIAN_POINT('',(-7.41279380407655E-32,-31.85,14.));
#2462=CARTESIAN_POINT('',(-7.41279380407655E-32,-31.85,4.));
#2463=CARTESIAN_POINT('',(-1.25,-33.1,14.));
#2464=CARTESIAN_POINT('Origin',(0.,-33.1,14.));
#2465=CARTESIAN_POINT('',(-1.25,-33.1,0.));
#2466=CARTESIAN_POINT('',(-1.25,-33.1,4.));
#2467=CARTESIAN_POINT('Origin',(0.,-33.1,0.));
#2468=CARTESIAN_POINT('',(1.25,-33.1,14.));
#2469=CARTESIAN_POINT('Origin',(0.,-33.1,14.));
#2470=CARTESIAN_POINT('',(1.25,-33.1,4.));
#2471=CARTESIAN_POINT('Origin',(22.55,-33.1,2.99));
#2472=CARTESIAN_POINT('',(44.,-33.1,14.));
#2473=CARTESIAN_POINT('',(33.6478853747831,-33.1,11.800050711188));
#2474=CARTESIAN_POINT('',(32.647885386256,-33.1,12.800050699715));
#2475=CARTESIAN_POINT('Origin',(32.6478853862561,-33.1,11.800050711188));
#2476=CARTESIAN_POINT('',(24.347885505286,-33.1,12.800050699715));
#2477=CARTESIAN_POINT('',(32.647885386256,-33.1,12.800050699715));
#2478=CARTESIAN_POINT('',(23.347885516759,-33.1,11.800050711188));
#2479=CARTESIAN_POINT('Origin',(24.347885505286,-33.1,11.800050711188));
#2480=CARTESIAN_POINT('',(23.347885516759,-33.1,7.40005077142006));
#2481=CARTESIAN_POINT('',(23.347885516759,-33.1,11.800050711188));
#2482=CARTESIAN_POINT('',(33.647885374783,-33.1,7.40005077142006));
#2483=CARTESIAN_POINT('',(23.347885516759,-33.1,7.40005077142006));
#2484=CARTESIAN_POINT('',(33.6478853747831,-33.1,7.40005077142006));
#2485=CARTESIAN_POINT('',(14.8779032726419,-33.1,8.95244257399617));
#2486=CARTESIAN_POINT('',(14.8799759149429,-33.1,9.61005075309799));
#2487=CARTESIAN_POINT('',(14.8779032726419,-33.1,8.95244257399617));
#2488=CARTESIAN_POINT('',(13.4299759023619,-33.1,11.060050765679));
#2489=CARTESIAN_POINT('Origin',(13.4299759023619,-33.1,9.610050753098));
#2490=CARTESIAN_POINT('',(6.98997583754185,-33.1,11.060050765679));
#2491=CARTESIAN_POINT('',(13.4299759023619,-33.1,11.060050765679));
#2492=CARTESIAN_POINT('',(5.53997582496085,-33.1,9.61005075309798));
#2493=CARTESIAN_POINT('Origin',(6.98997583754184,-33.1000000000001,9.610050753098));
#2494=CARTESIAN_POINT('',(5.53808874372838,-33.1,9.01131741038617));
#2495=CARTESIAN_POINT('',(5.53997582496085,-33.1,9.61005075309798));
#2496=CARTESIAN_POINT('',(6.97891985093113,-33.1,7.55220610774792));
#2497=CARTESIAN_POINT('Origin',(6.98805994864886,-33.1000000000001,9.0021773126684));
#2498=CARTESIAN_POINT('',(13.4187919700037,-33.1,7.51161146679344));
#2499=CARTESIAN_POINT('',(6.97891985093113,-33.1,7.55220610774792));
#2500=CARTESIAN_POINT('Origin',(13.4279320677215,-33.1,8.96158267171388));
#2501=CARTESIAN_POINT('Origin',(0.,-2.77555756156289E-16,4.));
#2502=CARTESIAN_POINT('',(-1.07018214944249,0.645918080730561,14.));
#2503=CARTESIAN_POINT('',(-1.07018214944249,0.645918080730563,3.));
#2504=CARTESIAN_POINT('',(-1.07018214944249,0.645918080730561,4.));
#2505=CARTESIAN_POINT('',(-1.25,-1.2447490626287E-16,14.));
#2506=CARTESIAN_POINT('Origin',(0.,-2.77555756156289E-16,14.));
#2507=CARTESIAN_POINT('',(-1.25,-4.30636606049708E-16,0.));
#2508=CARTESIAN_POINT('',(-1.25,-1.2447490626287E-16,4.));
#2509=CARTESIAN_POINT('Origin',(0.,-2.77555756156289E-16,0.));
#2510=CARTESIAN_POINT('',(-2.90925973472391E-33,-1.25,14.));
#2511=CARTESIAN_POINT('Origin',(0.,-2.77555756156289E-16,14.));
#2512=CARTESIAN_POINT('',(-1.4302152965662E-33,-1.25,3.0209800542251));
#2513=CARTESIAN_POINT('',(-2.90925973472391E-33,-1.25,4.));
#2514=CARTESIAN_POINT('Ctrl Pts',(1.25,3.46944695195361E-17,4.5));
#2515=CARTESIAN_POINT('Ctrl Pts',(1.25,2.89081389603984E-17,4.2915254708002));
#2516=CARTESIAN_POINT('Ctrl Pts',(1.25247794499683,-0.0462406419290826,
4.07122903381659));
#2517=CARTESIAN_POINT('Ctrl Pts',(1.23245895931304,-0.227782316255723,3.67615403850762));
#2518=CARTESIAN_POINT('Ctrl Pts',(1.20709721257554,-0.363245312675891,3.50160031070954));
#2519=CARTESIAN_POINT('Ctrl Pts',(1.08466542488045,-0.636024758257317,3.26274909287582));
#2520=CARTESIAN_POINT('Ctrl Pts',(0.980809987040309,-0.792731119810628,
3.17131435112656));
#2521=CARTESIAN_POINT('Ctrl Pts',(0.752809829511579,-1.00864808993068,3.07849748871692));
#2522=CARTESIAN_POINT('Ctrl Pts',(0.61658625748476,-1.09929035867193,3.05318633592939));
#2523=CARTESIAN_POINT('Ctrl Pts',(0.316733359261694,-1.2199583328224,3.02507143451347));
#2524=CARTESIAN_POINT('Ctrl Pts',(0.153232584116728,-1.25,3.0209800542251));
#2525=CARTESIAN_POINT('Ctrl Pts',(0.,-1.25,3.0209800542251));
#2526=CARTESIAN_POINT('',(-0.645918080730563,1.07018214944249,3.));
#2527=CARTESIAN_POINT('',(-0.645918080730561,1.07018214944249,4.));
#2528=CARTESIAN_POINT('Origin',(0.,-2.77555756156289E-16,3.));
#2529=CARTESIAN_POINT('Origin',(-1.1241657386774,0.526199442998824,3.));
#2530=CARTESIAN_POINT('',(-1.64142135623732,2.06568542494923,3.));
#2531=CARTESIAN_POINT('',(-1.28786796564404,1.71213203435596,3.));
#2532=CARTESIAN_POINT('',(-2.06568542494923,1.64142135623732,3.));
#2533=CARTESIAN_POINT('',(-2.50658049841885,1.2005262827677,3.));
#2534=CARTESIAN_POINT('',(-0.960463511710753,0.536199442998825,3.));
#2535=CARTESIAN_POINT('Origin',(-0.912033704321429,1.33629777303336,14.01));
#2536=CARTESIAN_POINT('',(-1.64142135623731,2.06568542494924,10.755));
#2537=CARTESIAN_POINT('Origin',(22.8,1.5,1.));
#2538=CARTESIAN_POINT('',(-1.85355339059328,1.85355339059328,0.0645856533065156));
#2539=CARTESIAN_POINT('',(-1.5,1.5,0.));
#2540=CARTESIAN_POINT('Origin',(-1.5,1.5,0.999999999999999));
#2541=CARTESIAN_POINT('',(-1.20710678118655,2.5,1.));
#2542=CARTESIAN_POINT('Origin',(-2.20710678118655,1.5,1.));
#2543=CARTESIAN_POINT('',(46.1,2.5,1.));
#2544=CARTESIAN_POINT('',(-0.499999999999998,2.5,1.));
#2545=CARTESIAN_POINT('',(45.6857864376269,1.5,0.));
#2546=CARTESIAN_POINT('Origin',(45.685786437627,1.5000000000002,0.999999999999799));
#2547=CARTESIAN_POINT('',(45.6857864376269,1.5,0.));
#2548=CARTESIAN_POINT('Origin',(-2.86062445840514,0.846482322781407,7.5));
#2549=CARTESIAN_POINT('',(-2.5,1.20710678118655,1.));
#2550=CARTESIAN_POINT('Origin',(-1.5,2.20710678118655,0.999999999999999));
#2551=CARTESIAN_POINT('',(-2.5,1.20710678118655,14.));
#2552=CARTESIAN_POINT('',(-2.5,1.20710678118655,4.245));
#2553=CARTESIAN_POINT('',(-2.06568542494924,1.64142135623731,14.));
#2554=CARTESIAN_POINT('',(-5.62208892449921,-1.91498214331265,14.));
#2555=CARTESIAN_POINT('',(-2.06568542494924,1.64142135623731,10.755));
#2556=CARTESIAN_POINT('',(-1.20710678118655,2.5,4.245));
#2557=CARTESIAN_POINT('Origin',(45.3,-10.8,0.999999999999995));
#2558=CARTESIAN_POINT('',(45.3,-18.2142135623731,0.));
#2559=CARTESIAN_POINT('',(45.3,-3.38578643762691,0.));
#2560=CARTESIAN_POINT('',(45.3,-18.2142135623731,0.));
#2561=CARTESIAN_POINT('',(46.3,-3.80000000000001,1.));
#2562=CARTESIAN_POINT('Origin',(45.2999999999999,-3.38578643762687,1.00000000000011));
#2563=CARTESIAN_POINT('',(46.3,-17.8,1.));
#2564=CARTESIAN_POINT('',(46.3,-3.80000000000001,1.));
#2565=CARTESIAN_POINT('Origin',(45.3,-18.2142135623731,1.00000000000006));
#2566=CARTESIAN_POINT('Origin',(46.0964466094067,-2.58933982822018,1.00000000000002));
#2567=CARTESIAN_POINT('',(46.6,-2.0857864376269,0.));
#2568=CARTESIAN_POINT('',(45.3,-3.38578643762691,0.));
#2569=CARTESIAN_POINT('',(47.6,-2.5,1.));
#2570=CARTESIAN_POINT('Origin',(46.6000000000002,-2.08578643762699,0.999999999999837));
#2571=CARTESIAN_POINT('',(47.6,-2.5,1.));
#2572=CARTESIAN_POINT('Origin',(46.6,-0.75,1.00000000000002));
#2573=CARTESIAN_POINT('',(46.6,0.585786437626895,0.));
#2574=CARTESIAN_POINT('',(46.6,-2.0857864376269,0.));
#2575=CARTESIAN_POINT('',(47.6,0.999999999999999,1.));
#2576=CARTESIAN_POINT('Origin',(46.6000000000001,0.585786437626942,0.999999999999931));
#2577=CARTESIAN_POINT('',(47.6,1.,1.));
#2578=CARTESIAN_POINT('Origin',(46.1428932188134,1.04289321881343,1.));
#2579=CARTESIAN_POINT('',(46.6,0.585786437626895,0.));
#2580=CARTESIAN_POINT('',(46.1,2.5,1.));
#2581=CARTESIAN_POINT('Origin',(-1.5,-16.8,0.999999999999999));
#2582=CARTESIAN_POINT('',(-1.5,-33.6857864376269,0.));
#2583=CARTESIAN_POINT('',(-1.5,-16.8,0.));
#2584=CARTESIAN_POINT('',(-2.5,-34.1,1.));
#2585=CARTESIAN_POINT('Origin',(-1.50000000000008,-33.685786437627,0.999999999999923));
#2586=CARTESIAN_POINT('',(-2.5,-34.1,1.));
#2587=CARTESIAN_POINT('Origin',(-1.04289321881344,-34.1428932188134,1.));
#2588=CARTESIAN_POINT('',(-1.,-35.6,1.));
#2589=CARTESIAN_POINT('',(-0.999999999999998,-35.6,1.));
#2590=CARTESIAN_POINT('',(-0.585786437626903,-34.6,0.));
#2591=CARTESIAN_POINT('',(-1.5,-33.6857864376269,0.));
#2592=CARTESIAN_POINT('Origin',(-0.585786437626842,-34.5999999999999,1.00000000000017));
#2593=CARTESIAN_POINT('Origin',(22.55,-34.6,1.00000000000001));
#2594=CARTESIAN_POINT('',(46.1,-35.6,1.));
#2595=CARTESIAN_POINT('',(46.1,-35.6,1.));
#2596=CARTESIAN_POINT('',(45.6857864376269,-34.6,0.));
#2597=CARTESIAN_POINT('',(-0.585786437626903,-34.6,0.));
#2598=CARTESIAN_POINT('Origin',(45.6857864376268,-34.5999999999997,1.00000000000032));
#2599=CARTESIAN_POINT('Origin',(46.1428932188134,-34.1428932188134,1.00000000000001));
#2600=CARTESIAN_POINT('',(47.6,-34.1,1.));
#2601=CARTESIAN_POINT('',(47.6,-34.1,1.));
#2602=CARTESIAN_POINT('',(46.6,-33.6857864376269,0.));
#2603=CARTESIAN_POINT('',(45.6857864376269,-34.6,0.));
#2604=CARTESIAN_POINT('Origin',(46.6000000000003,-33.685786437627,0.999999999999764));
#2605=CARTESIAN_POINT('Origin',(46.6,-26.6,1.00000000000002));
#2606=CARTESIAN_POINT('',(47.6,-19.1,1.));
#2607=CARTESIAN_POINT('',(47.6,-19.1,1.));
#2608=CARTESIAN_POINT('',(46.6,-19.5142135623731,0.));
#2609=CARTESIAN_POINT('',(46.6,-33.6857864376269,0.));
#2610=CARTESIAN_POINT('Origin',(46.6000000000003,-19.514213562373,0.999999999999653));
#2611=CARTESIAN_POINT('Origin',(46.0964466094067,-19.0106601717799,1.00000000000004));
#2612=CARTESIAN_POINT('',(46.3,-17.8,1.));
#2613=CARTESIAN_POINT('',(46.6,-19.5142135623731,0.));
#2614=CARTESIAN_POINT('Origin',(-0.992928932188129,-35.6070710678119,7.5));
#2615=CARTESIAN_POINT('',(-0.999999999999996,-35.6,14.));
#2616=CARTESIAN_POINT('',(-1.,-35.6,1.));
#2617=CARTESIAN_POINT('',(-2.5,-34.1,14.));
#2618=CARTESIAN_POINT('',(-0.999999999999996,-35.6,14.));
#2619=CARTESIAN_POINT('',(-2.5,-34.1,14.));
#2620=CARTESIAN_POINT('Origin',(22.55,-35.6,0.99));
#2621=CARTESIAN_POINT('',(46.1,-35.6,14.));
#2622=CARTESIAN_POINT('',(46.1,-35.6,14.));
#2623=CARTESIAN_POINT('',(-0.999999999999996,-35.6,14.));
#2624=CARTESIAN_POINT('',(32.647885386256,-35.6,12.800050699715));
#2625=CARTESIAN_POINT('',(33.6478853747831,-35.6,11.800050711188));
#2626=CARTESIAN_POINT('Origin',(32.6478853862561,-35.5999999999999,11.800050711188));
#2627=CARTESIAN_POINT('',(33.6478853747831,-35.6,7.40005077142006));
#2628=CARTESIAN_POINT('',(33.6478853747831,-35.6,11.800050711188));
#2629=CARTESIAN_POINT('',(23.347885516759,-35.6,7.40005077142006));
#2630=CARTESIAN_POINT('',(33.6478853747831,-35.6,7.40005077142006));
#2631=CARTESIAN_POINT('',(23.347885516759,-35.6,11.800050711188));
#2632=CARTESIAN_POINT('',(23.347885516759,-35.6,7.40005077142006));
#2633=CARTESIAN_POINT('',(24.347885505286,-35.6,12.800050699715));
#2634=CARTESIAN_POINT('Origin',(24.347885505286,-35.6,11.800050711188));
#2635=CARTESIAN_POINT('',(24.347885505286,-35.6,12.800050699715));
#2636=CARTESIAN_POINT('',(14.8799759149429,-35.6,9.61005075309799));
#2637=CARTESIAN_POINT('',(14.8779032726419,-35.6,8.95244257399617));
#2638=CARTESIAN_POINT('',(14.8799759149429,-35.6,9.61005075309799));
#2639=CARTESIAN_POINT('',(13.4187919700037,-35.6,7.51161146679344));
#2640=CARTESIAN_POINT('Origin',(13.4279320677215,-35.6,8.96158267171388));
#2641=CARTESIAN_POINT('',(6.97891985093114,-35.6,7.55220610774792));
#2642=CARTESIAN_POINT('',(13.4187919700037,-35.6,7.51161146679344));
#2643=CARTESIAN_POINT('',(5.53808874372838,-35.6,9.01131741038617));
#2644=CARTESIAN_POINT('Origin',(6.98805994864887,-35.6,9.00217731266841));
#2645=CARTESIAN_POINT('',(5.53997582496085,-35.6,9.61005075309798));
#2646=CARTESIAN_POINT('',(5.53808874372838,-35.6,9.01131741038617));
#2647=CARTESIAN_POINT('',(6.98997583754185,-35.6,11.060050765679));
#2648=CARTESIAN_POINT('Origin',(6.98997583754185,-35.6,9.610050753098));
#2649=CARTESIAN_POINT('',(13.4299759023619,-35.6,11.060050765679));
#2650=CARTESIAN_POINT('',(6.98997583754185,-35.6,11.060050765679));
#2651=CARTESIAN_POINT('Origin',(13.4299759023619,-35.6,9.610050753098));
#2652=CARTESIAN_POINT('Origin',(46.0929289321881,-35.6070710678119,7.5));
#2653=CARTESIAN_POINT('',(47.6,-34.1,14.));
#2654=CARTESIAN_POINT('',(47.6,-34.1,1.));
#2655=CARTESIAN_POINT('',(47.6,-34.1,14.));
#2656=CARTESIAN_POINT('Origin',(47.6,-26.6,0.99));
#2657=CARTESIAN_POINT('',(47.6,-19.1,14.));
#2658=CARTESIAN_POINT('',(47.6,-19.1,1.));
#2659=CARTESIAN_POINT('',(47.6,-34.1,14.));
#2660=CARTESIAN_POINT('Origin',(46.95,-18.45,14.01));
#2661=CARTESIAN_POINT('',(46.3,-17.8,14.));
#2662=CARTESIAN_POINT('',(46.3,-17.8,14.));
#2663=CARTESIAN_POINT('',(47.6,-19.1,14.));
#2664=CARTESIAN_POINT('Origin',(46.3,-10.8,14.01));
#2665=CARTESIAN_POINT('',(46.3,-3.80000000000001,14.));
#2666=CARTESIAN_POINT('',(46.3,-3.80000000000001,14.));
#2667=CARTESIAN_POINT('',(46.3,-17.8,14.));
#2668=CARTESIAN_POINT('Origin',(22.55,-34.61,0.));
#2669=CARTESIAN_POINT('Origin',(-1.90000000000001,-26.1760094295666,12.850048020846));
#2670=CARTESIAN_POINT('',(-1.3,-26.1660094295666,12.250048020846));
#2671=CARTESIAN_POINT('',(-2.5,-26.1660094295666,13.450048020846));
#2672=CARTESIAN_POINT('',(-1.3,-26.1660094295666,12.250048020846));
#2673=CARTESIAN_POINT('',(-2.5,-19.1160147320315,13.450048020846));
#2674=CARTESIAN_POINT('',(-2.5,-26.1660094295666,13.450048020846));
#2675=CARTESIAN_POINT('',(-1.3,-19.1160147320315,12.250048020846));
#2676=CARTESIAN_POINT('',(-2.5,-19.1160147320315,13.450048020846));
#2677=CARTESIAN_POINT('',(-1.3,-19.1160147320315,12.250048020846));
#2678=CARTESIAN_POINT('Origin',(-2.38000000000001,-26.1660094295666,11.250048020846));
#2679=CARTESIAN_POINT('',(-1.30000000000005,-27.1660094295666,11.250048020846));
#2680=CARTESIAN_POINT('Origin',(-1.30000000000005,-26.1660094295666,11.250048020846));
#2681=CARTESIAN_POINT('',(-2.5,-28.3660094295666,11.250048020846));
#2682=CARTESIAN_POINT('',(-1.30000000000005,-27.1660094295666,11.250048020846));
#2683=CARTESIAN_POINT('Origin',(-2.5,-26.1660094295666,11.250048020846));
#2684=CARTESIAN_POINT('Origin',(-2.50707106781187,-28.3730804973785,9.75004937056408));
#2685=CARTESIAN_POINT('',(-1.3,-27.1660094295666,8.25005072028214));
#2686=CARTESIAN_POINT('',(-2.5,-28.3660094295666,8.25005072028214));
#2687=CARTESIAN_POINT('',(-1.3,-27.1660094295666,8.25005072028214));
#2688=CARTESIAN_POINT('',(-2.5,-28.3660094295666,8.25005072028214));
#2689=CARTESIAN_POINT('',(-1.3,-27.1660094295666,11.250048020846));
#2690=CARTESIAN_POINT('Origin',(-2.37999999999996,-26.1660094295666,8.25005072028215));
#2691=CARTESIAN_POINT('',(-1.30000000000005,-26.1660094295666,7.25005072028215));
#2692=CARTESIAN_POINT('Origin',(-1.30000000000005,-26.1660094295666,8.25005072028214));
#2693=CARTESIAN_POINT('',(-2.5,-26.1660094295666,6.05005072028215));
#2694=CARTESIAN_POINT('',(-1.30000000000005,-26.1660094295666,7.25005072028215));
#2695=CARTESIAN_POINT('Origin',(-2.5,-26.1660094295666,8.25005072028215));
#2696=CARTESIAN_POINT('Origin',(-1.9,-26.1760094295666,6.65005072028215));
#2697=CARTESIAN_POINT('',(-1.3,-19.1160147320315,7.25005072028214));
#2698=CARTESIAN_POINT('',(-2.5,-19.1160147320315,6.05005072028214));
#2699=CARTESIAN_POINT('',(-1.3,-19.1160147320315,7.25005072028214));
#2700=CARTESIAN_POINT('',(-2.5,-19.1160147320315,6.05005072028214));
#2701=CARTESIAN_POINT('',(-1.3,-26.1660094295666,7.25005072028215));
#2702=CARTESIAN_POINT('Origin',(-2.38000000000002,-19.1160147320315,8.25005072028216));
#2703=CARTESIAN_POINT('',(-1.30000000000003,-18.1160147320315,8.25005072028214));
#2704=CARTESIAN_POINT('Origin',(-1.30000000000003,-19.1160147320315,8.25005072028214));
#2705=CARTESIAN_POINT('',(-2.5,-16.9160147320315,8.25005072028215));
#2706=CARTESIAN_POINT('',(-1.30000000000003,-18.1160147320315,8.25005072028214));
#2707=CARTESIAN_POINT('Origin',(-2.5,-19.1160147320315,8.25005072028214));
#2708=CARTESIAN_POINT('Origin',(-1.29292893218813,-18.1230857998434,9.75004937056407));
#2709=CARTESIAN_POINT('',(-1.3,-18.1160147320315,11.250048020846));
#2710=CARTESIAN_POINT('',(-2.5,-16.9160147320315,11.250048020846));
#2711=CARTESIAN_POINT('',(-1.3,-18.1160147320315,11.250048020846));
#2712=CARTESIAN_POINT('',(-2.5,-16.9160147320315,11.250048020846));
#2713=CARTESIAN_POINT('',(-1.3,-18.1160147320315,8.25005072028214));
#2714=CARTESIAN_POINT('Origin',(-2.38,-19.1160147320315,11.250048020846));
#2715=CARTESIAN_POINT('Origin',(-1.30000000000003,-19.1160147320315,11.250048020846));
#2716=CARTESIAN_POINT('Origin',(-2.5,-19.1160147320315,11.250048020846));
#2717=CARTESIAN_POINT('Origin',(-0.650000000000023,-26.1660094295666,8.25005072028215));
#2718=CARTESIAN_POINT('',(-1.22712404023101E-49,-27.1660094295666,8.25005072028214));
#2719=CARTESIAN_POINT('',(-1.3,-27.1660094295666,8.25005072028214));
#2720=CARTESIAN_POINT('',(9.23281572089649E-33,-26.1660094295666,7.25005072028214));
#2721=CARTESIAN_POINT('Origin',(5.55111512312579E-15,-26.1660094295666,
8.25005072028215));
#2722=CARTESIAN_POINT('',(0.,-26.1660094295666,7.25005072028215));
#2723=CARTESIAN_POINT('Origin',(-1.31000000000005,-27.1660094295666,9.75004937056408));
#2724=CARTESIAN_POINT('',(-2.95951111615349E-49,-27.1660094295666,11.250048020846));
#2725=CARTESIAN_POINT('',(0.,-27.1660094295666,11.250048020846));
#2726=CARTESIAN_POINT('',(-1.22712404023101E-49,-27.1660094295666,8.25005072028214));
#2727=CARTESIAN_POINT('Origin',(-0.650000000000022,-26.1660094295666,11.250048020846));
#2728=CARTESIAN_POINT('',(-1.29869834830502E-33,-26.1660094295666,12.250048020846));
#2729=CARTESIAN_POINT('',(-1.3,-26.1660094295666,12.250048020846));
#2730=CARTESIAN_POINT('Origin',(5.55111512312578E-15,-26.1660094295666,
11.250048020846));
#2731=CARTESIAN_POINT('Origin',(-1.31,-22.6410120807991,12.250048020846));
#2732=CARTESIAN_POINT('',(1.51095142145397E-32,-19.1160147320315,12.250048020846));
#2733=CARTESIAN_POINT('',(0.,-19.1160147320315,12.250048020846));
#2734=CARTESIAN_POINT('',(-1.29869834830502E-33,-26.1660094295666,12.250048020846));
#2735=CARTESIAN_POINT('Origin',(-2.5,-16.8,0.99));
#2736=CARTESIAN_POINT('',(-2.5,0.499999999999998,14.));
#2737=CARTESIAN_POINT('',(-2.5,-13.7199845375165,13.450048020846));
#2738=CARTESIAN_POINT('',(-2.5,-6.66998983998138,13.450048020846));
#2739=CARTESIAN_POINT('',(-2.5,-13.7199845375165,13.450048020846));
#2740=CARTESIAN_POINT('',(-2.5,-15.9199845375165,11.250048020846));
#2741=CARTESIAN_POINT('Origin',(-2.5,-13.7199845375165,11.250048020846));
#2742=CARTESIAN_POINT('',(-2.5,-15.9199845375165,8.25005072028214));
#2743=CARTESIAN_POINT('',(-2.5,-15.9199845375165,8.25005072028214));
#2744=CARTESIAN_POINT('',(-2.5,-13.7199845375165,6.05005072028215));
#2745=CARTESIAN_POINT('Origin',(-2.5,-13.7199845375165,8.25005072028214));
#2746=CARTESIAN_POINT('',(-2.5,-6.66998983998138,6.05005072028214));
#2747=CARTESIAN_POINT('',(-2.5,-6.66998983998138,6.05005072028214));
#2748=CARTESIAN_POINT('',(-2.5,-4.46998983998138,8.25005072028214));
#2749=CARTESIAN_POINT('Origin',(-2.5,-6.66998983998138,8.25005072028214));
#2750=CARTESIAN_POINT('',(-2.5,-4.46998983998138,11.250048020846));
#2751=CARTESIAN_POINT('',(-2.5,-4.46998983998138,11.250048020846));
#2752=CARTESIAN_POINT('Origin',(-2.5,-6.66998983998138,11.250048020846));
#2753=CARTESIAN_POINT('Origin',(-1.9,-13.7299845375165,12.850048020846));
#2754=CARTESIAN_POINT('',(-1.3,-13.7199845375165,12.250048020846));
#2755=CARTESIAN_POINT('',(-1.3,-13.7199845375165,12.250048020846));
#2756=CARTESIAN_POINT('',(-1.3,-6.66998983998138,12.250048020846));
#2757=CARTESIAN_POINT('',(-2.5,-6.66998983998138,13.450048020846));
#2758=CARTESIAN_POINT('',(-1.3,-6.66998983998138,12.250048020846));
#2759=CARTESIAN_POINT('Origin',(-2.37999999999991,-13.7199845375165,11.2500480208461));
#2760=CARTESIAN_POINT('',(-1.30000000000004,-14.7199845375165,11.250048020846));
#2761=CARTESIAN_POINT('Origin',(-1.30000000000004,-13.7199845375165,11.250048020846));
#2762=CARTESIAN_POINT('',(-1.30000000000004,-14.7199845375165,11.250048020846));
#2763=CARTESIAN_POINT('Origin',(-2.50707106781187,-15.9270556053283,9.75004937056408));
#2764=CARTESIAN_POINT('',(-1.3,-14.7199845375165,8.25005072028214));
#2765=CARTESIAN_POINT('',(-1.3,-14.7199845375165,8.25005072028214));
#2766=CARTESIAN_POINT('',(-1.3,-14.7199845375165,11.250048020846));
#2767=CARTESIAN_POINT('Origin',(-2.38000000000007,-13.7199845375164,8.25005072028212));
#2768=CARTESIAN_POINT('',(-1.30000000000004,-13.7199845375165,7.25005072028214));
#2769=CARTESIAN_POINT('Origin',(-1.30000000000004,-13.7199845375165,8.25005072028214));
#2770=CARTESIAN_POINT('',(-1.30000000000004,-13.7199845375165,7.25005072028214));
#2771=CARTESIAN_POINT('Origin',(-1.9,-13.7299845375165,6.65005072028215));
#2772=CARTESIAN_POINT('',(-1.3,-6.66998983998138,7.25005072028214));
#2773=CARTESIAN_POINT('',(-1.3,-6.66998983998138,7.25005072028214));
#2774=CARTESIAN_POINT('',(-1.3,-13.7199845375165,7.25005072028214));
#2775=CARTESIAN_POINT('Origin',(-2.38000000000001,-6.66998983998138,8.25005072028215));
#2776=CARTESIAN_POINT('',(-1.30000000000002,-5.66998983998138,8.25005072028214));
#2777=CARTESIAN_POINT('Origin',(-1.30000000000002,-6.66998983998138,8.25005072028214));
#2778=CARTESIAN_POINT('',(-1.30000000000002,-5.66998983998138,8.25005072028214));
#2779=CARTESIAN_POINT('Origin',(-1.29292893218813,-5.67706090779325,9.75004937056407));
#2780=CARTESIAN_POINT('',(-1.3,-5.66998983998138,11.250048020846));
#2781=CARTESIAN_POINT('',(-1.3,-5.66998983998138,11.250048020846));
#2782=CARTESIAN_POINT('',(-1.3,-5.66998983998138,8.25005072028214));
#2783=CARTESIAN_POINT('Origin',(-2.38000000000001,-6.66998983998139,11.250048020846));
#2784=CARTESIAN_POINT('Origin',(-1.30000000000002,-6.66998983998138,11.250048020846));
#2785=CARTESIAN_POINT('Origin',(-0.650000000000009,-13.7199845375165,8.25005072028215));
#2786=CARTESIAN_POINT('',(-1.22712404023101E-49,-14.7199845375165,8.25005072028214));
#2787=CARTESIAN_POINT('',(-1.3,-14.7199845375165,8.25005072028214));
#2788=CARTESIAN_POINT('',(2.37163033512217E-32,-13.7199845375165,7.25005072028214));
#2789=CARTESIAN_POINT('Origin',(2.33146835171283E-14,-13.7199845375165,
8.25005072028214));
#2790=CARTESIAN_POINT('',(0.,-13.7199845375165,7.25005072028214));
#2791=CARTESIAN_POINT('Origin',(-1.31000000000004,-14.7199845375165,9.75004937056408));
#2792=CARTESIAN_POINT('',(-2.95951111615349E-49,-14.7199845375165,11.250048020846));
#2793=CARTESIAN_POINT('',(0.,-14.7199845375165,11.250048020846));
#2794=CARTESIAN_POINT('',(-1.22712404023101E-49,-14.7199845375165,8.25005072028214));
#2795=CARTESIAN_POINT('Origin',(-0.650000000000008,-13.7199845375165,11.250048020846));
#2796=CARTESIAN_POINT('',(1.31847892820202E-32,-13.7199845375165,12.250048020846));
#2797=CARTESIAN_POINT('',(-1.3,-13.7199845375165,12.250048020846));
#2798=CARTESIAN_POINT('Origin',(2.35922392732846E-14,-13.7199845375165,
11.250048020846));
#2799=CARTESIAN_POINT('Origin',(-1.31,-10.1949871887489,12.250048020846));
#2800=CARTESIAN_POINT('',(2.9593001844865E-32,-6.66998983998138,12.250048020846));
#2801=CARTESIAN_POINT('',(0.,-6.66998983998138,12.250048020846));
#2802=CARTESIAN_POINT('',(1.31847892820202E-32,-13.7199845375165,12.250048020846));
#2803=CARTESIAN_POINT('Origin',(-0.650000000000009,-19.1160147320315,11.250048020846));
#2804=CARTESIAN_POINT('',(-1.62024165596195E-47,-18.1160147320315,11.250048020846));
#2805=CARTESIAN_POINT('',(-1.3,-18.1160147320315,11.250048020846));
#2806=CARTESIAN_POINT('Origin',(1.11022302462515E-14,-19.1160147320315,
11.250048020846));
#2807=CARTESIAN_POINT('Origin',(-1.31000000000003,-18.1160147320315,9.75004937056408));
#2808=CARTESIAN_POINT('',(-9.82771997124559E-48,-18.1160147320315,8.25005072028214));
#2809=CARTESIAN_POINT('',(0.,-18.1160147320315,8.25005072028214));
#2810=CARTESIAN_POINT('',(-1.62024165596195E-47,-18.1160147320315,11.250048020846));
#2811=CARTESIAN_POINT('Origin',(-0.650000000000015,-19.1160147320315,8.25005072028212));
#2812=CARTESIAN_POINT('',(2.56410282837412E-32,-19.1160147320315,7.25005072028214));
#2813=CARTESIAN_POINT('',(-1.3,-19.1160147320315,7.25005072028214));
#2814=CARTESIAN_POINT('Origin',(1.11022302462516E-14,-19.1160147320315,
8.25005072028214));
#2815=CARTESIAN_POINT('Origin',(-1.31000000000004,-22.6410120807991,7.25005072028214));
#2816=CARTESIAN_POINT('',(2.56410282837412E-32,-19.1160147320315,7.25005072028214));
#2817=CARTESIAN_POINT('Origin',(-0.649999999999994,-6.66998983998139,8.25005072028215));
#2818=CARTESIAN_POINT('',(4.01245159140665E-32,-6.66998983998138,7.25005072028214));
#2819=CARTESIAN_POINT('',(-1.3,-6.66998983998138,7.25005072028214));
#2820=CARTESIAN_POINT('',(2.12308243575626E-48,-5.66998983998138,8.25005072028214));
#2821=CARTESIAN_POINT('Origin',(3.21964677141295E-14,-6.66998983998138,
8.25005072028214));
#2822=CARTESIAN_POINT('',(0.,-5.66998983998138,8.25005072028214));
#2823=CARTESIAN_POINT('Origin',(-1.31000000000004,-10.1949871887489,7.25005072028214));
#2824=CARTESIAN_POINT('',(4.01245159140665E-32,-6.66998983998138,7.25005072028214));
#2825=CARTESIAN_POINT('Origin',(-0.649999999999993,-6.66998983998138,11.250048020846));
#2826=CARTESIAN_POINT('',(3.50020819835944E-48,-5.66998983998138,11.250048020846));
#2827=CARTESIAN_POINT('',(-1.3,-5.66998983998138,11.250048020846));
#2828=CARTESIAN_POINT('Origin',(3.21964677141295E-14,-6.66998983998138,
11.250048020846));
#2829=CARTESIAN_POINT('Origin',(-1.31000000000002,-5.66998983998138,9.75004937056407));
#2830=CARTESIAN_POINT('',(3.50020819835944E-48,-5.66998983998138,11.250048020846));
#2831=CARTESIAN_POINT('Origin',(14.8789395937924,-35.61,9.28124666354709));
#2832=CARTESIAN_POINT('',(14.8779032726419,-35.6,8.95244257399617));
#2833=CARTESIAN_POINT('',(14.8799759149429,-35.6,9.61005075309799));
#2834=CARTESIAN_POINT('Origin',(13.4299759023619,-34.35,9.610050753098));
#2835=CARTESIAN_POINT('',(13.4299759023619,-35.6,11.060050765679));
#2836=CARTESIAN_POINT('Origin',(10.2099758699519,-35.61,11.060050765679));
#2837=CARTESIAN_POINT('',(6.98997583754185,-35.6,11.060050765679));
#2838=CARTESIAN_POINT('Origin',(6.9899758375418,-34.35,9.61005075309803));
#2839=CARTESIAN_POINT('',(5.53997582496085,-35.6,9.61005075309798));
#2840=CARTESIAN_POINT('Origin',(5.53903228434462,-35.61,9.31068408174208));
#2841=CARTESIAN_POINT('',(5.53808874372838,-35.6,9.01131741038617));
#2842=CARTESIAN_POINT('Origin',(6.98805994864884,-34.35,9.00217731266839));
#2843=CARTESIAN_POINT('',(6.97891985093114,-35.6,7.55220610774792));
#2844=CARTESIAN_POINT('Origin',(10.1988559104674,-35.61,7.53190878727068));
#2845=CARTESIAN_POINT('',(13.4187919700037,-35.6,7.51161146679344));
#2846=CARTESIAN_POINT('Origin',(13.4279320677215,-34.35,8.96158267171389));
#2847=CARTESIAN_POINT('Origin',(32.647885386256,-34.35,11.8000507111878));
#2848=CARTESIAN_POINT('',(33.6478853747831,-35.6,11.800050711188));
#2849=CARTESIAN_POINT('',(32.647885386256,-35.6,12.800050699715));
#2850=CARTESIAN_POINT('Origin',(28.4978854457711,-35.61,12.800050699715));
#2851=CARTESIAN_POINT('',(24.347885505286,-35.6,12.800050699715));
#2852=CARTESIAN_POINT('Origin',(24.3478855052861,-34.35,11.800050711188));
#2853=CARTESIAN_POINT('',(23.347885516759,-35.6,11.800050711188));
#2854=CARTESIAN_POINT('Origin',(23.347885516759,-35.61,9.60005074130403));
#2855=CARTESIAN_POINT('',(23.347885516759,-35.6,7.40005077142006));
#2856=CARTESIAN_POINT('Origin',(28.497885445771,-35.61,7.40005077142006));
#2857=CARTESIAN_POINT('',(33.6478853747831,-35.6,7.40005077142006));
#2858=CARTESIAN_POINT('Origin',(33.6478853747831,-35.61,9.60005074130403));
#2859=CARTESIAN_POINT('Origin',(46.5612977730333,1.03703370432143,14.01));
#2860=CARTESIAN_POINT('',(47.062132034356,1.53786796564404,14.));
#2861=CARTESIAN_POINT('',(47.062132034356,1.53786796564404,14.));
#2862=CARTESIAN_POINT('',(47.062132034356,1.53786796564403,3.));
#2863=CARTESIAN_POINT('Origin',(-1.33629777303336,0.912033704321429,14.01));
#2864=CARTESIAN_POINT('',(-0.960463511710754,0.536199442998825,14.));
#2865=CARTESIAN_POINT('Origin',(47.6070710678119,0.99292893218813,7.5));
#2866=CARTESIAN_POINT('',(46.1,2.5,1.));
#2867=CARTESIAN_POINT('',(47.6,0.999999999999999,14.));
#2868=CARTESIAN_POINT('',(47.062132034356,1.53786796564403,14.));
#2869=CARTESIAN_POINT('',(47.6,0.999999999999999,14.));
#2870=CARTESIAN_POINT('Origin',(22.55,-35.61,14.));
#2871=CARTESIAN_POINT('',(-7.44770492089324E-32,-32.,14.));
#2872=CARTESIAN_POINT('',(47.6,-2.5,14.));
#2873=CARTESIAN_POINT('',(46.3,-3.80000000000001,14.));
#2874=CARTESIAN_POINT('',(47.6,-2.5,14.));
#2875=CARTESIAN_POINT('Origin',(22.55,-1.5,4.5));
#2876=CARTESIAN_POINT('Origin',(4.27856174791559E-46,-1.5,4.50000000000012));
#2877=CARTESIAN_POINT('Origin',(22.8,2.5,0.99));
#2878=CARTESIAN_POINT('Origin',(-3.85185988877447E-32,-16.55,2.99));
#2879=CARTESIAN_POINT('Origin',(46.95,-3.15,14.01));
#2880=CARTESIAN_POINT('',(47.6,-2.5,14.));
#2881=CARTESIAN_POINT('Origin',(47.6,-0.749999999999998,0.99));
#2882=UNCERTAINTY_MEASURE_WITH_UNIT(LENGTH_MEASURE(0.01),#2886,
'DISTANCE_ACCURACY_VALUE',
'Maximum model space distance between geometric entities at asserted c
onnectivities');
#2883=UNCERTAINTY_MEASURE_WITH_UNIT(LENGTH_MEASURE(0.01),#2886,
'DISTANCE_ACCURACY_VALUE',
'Maximum model space distance between geometric entities at asserted c
onnectivities');
#2884=(
GEOMETRIC_REPRESENTATION_CONTEXT(3)
GLOBAL_UNCERTAINTY_ASSIGNED_CONTEXT((#2882))
GLOBAL_UNIT_ASSIGNED_CONTEXT((#2886,#2888,#2889))
REPRESENTATION_CONTEXT('','3D')
);
#2885=(
GEOMETRIC_REPRESENTATION_CONTEXT(3)
GLOBAL_UNCERTAINTY_ASSIGNED_CONTEXT((#2883))
GLOBAL_UNIT_ASSIGNED_CONTEXT((#2886,#2888,#2889))
REPRESENTATION_CONTEXT('','3D')
);
#2886=(
LENGTH_UNIT()
NAMED_UNIT(*)
SI_UNIT(.MILLI.,.METRE.)
);
#2887=(
LENGTH_UNIT()
NAMED_UNIT(*)
SI_UNIT($,.METRE.)
);
#2888=(
NAMED_UNIT(*)
PLANE_ANGLE_UNIT()
SI_UNIT($,.RADIAN.)
);
#2889=(
NAMED_UNIT(*)
SI_UNIT($,.STERADIAN.)
SOLID_ANGLE_UNIT()
);
#2890=SHAPE_DEFINITION_REPRESENTATION(#2891,#2892);
#2891=PRODUCT_DEFINITION_SHAPE('',$,#2894);
#2892=SHAPE_REPRESENTATION('',(#1720),#2884);
#2893=PRODUCT_DEFINITION_CONTEXT('part definition',#2898,'design');
#2894=PRODUCT_DEFINITION(' \X2\5E95677F96F64EF6\X0\',' \X2\5E95677F96F64EF6\X0\',
#2895,#2893);
#2895=PRODUCT_DEFINITION_FORMATION('',$,#2900);
#2896=PRODUCT_RELATED_PRODUCT_CATEGORY(' \X2\5E95677F96F64EF6\X0\',
' \X2\5E95677F96F64EF6\X0\',(#2900));
#2897=APPLICATION_PROTOCOL_DEFINITION('international standard',
'automotive_design',2009,#2898);
#2898=APPLICATION_CONTEXT(
'Core Data for Automotive Mechanical Design Process');
#2899=PRODUCT_CONTEXT('part definition',#2898,'mechanical');
#2900=PRODUCT(' \X2\5E95677F96F64EF6\X0\',' \X2\5E95677F96F64EF6\X0\',$,
(#2899));
#2901=PRESENTATION_STYLE_ASSIGNMENT((#2902));
#2902=SURFACE_STYLE_USAGE(.BOTH.,#2903);
#2903=SURFACE_SIDE_STYLE('',(#2904));
#2904=SURFACE_STYLE_FILL_AREA(#2905);
#2905=FILL_AREA_STYLE('\X2\73BB7483\X0\(\X2\900F660E\X0\)',(#2906));
#2906=FILL_AREA_STYLE_COLOUR('\X2\73BB7483\X0\(\X2\900F660E\X0\)',#2907);
#2907=COLOUR_RGB('\X2\73BB7483\X0\(\X2\900F660E\X0\)',0.964705882352941,
0.964705882352941,0.952941176470588);
ENDSEC;
END-ISO-10303-21;
