ISO-10303-21;
HEADER;
/* Generated by software containing ST-Developer
 * from STEP Tools, Inc. (www.steptools.com) 
 */

FILE_DESCRIPTION(
/* description */ (''),
/* implementation_level */ '2;1');

FILE_NAME(
/* name */ '',
/* time_stamp */ '2025-09-11T22:43:11+08:00',
/* author */ (''),
/* organization */ (''),
/* preprocessor_version */ 'ST-DEVELOPER v20.1',
/* originating_system */ 'Autodesk Translation Framework v14.10.0.0',
/* authorisation */ '');

FILE_SCHEMA (('AUTOMOTIVE_DESIGN { 1 0 10303 214 3 1 1 }'));
ENDSEC;

DATA;
#10=MECHANICAL_DESIGN_GEOMETRIC_PRESENTATION_REPRESENTATION('',(#13),#6974);
#11=SHAPE_REPRESENTATION_RELATIONSHIP('SRR','None',#6981,#12);
#12=ADVANCED_BREP_SHAPE_REPRESENTATION('',(#14),#6973);
#13=STYLED_ITEM('',(#6991),#14);
#14=MANIFOLD_SOLID_BREP('\X2\5B9E4F53\X0\1',#4231);
#15=B_SPLINE_CURVE_WITH_KNOTS('',3,(#6868,#6869,#6870,#6871,#6872,#6873,
#6874,#6875,#6876,#6877),.UNSPECIFIED.,.F.,.F.,(4,2,2,2,4),(-0.0787261404836613,
-0.0589355102340285,-0.0393774134933702,-0.0198400569274544,0.),
 .UNSPECIFIED.);
#16=B_SPLINE_CURVE_WITH_KNOTS('',3,(#6879,#6880,#6881,#6882),
 .UNSPECIFIED.,.F.,.F.,(4,4),(0.,1.00000000353587),.UNSPECIFIED.);
#17=B_SPLINE_CURVE_WITH_KNOTS('',3,(#6883,#6884,#6885,#6886,#6887),
 .UNSPECIFIED.,.F.,.F.,(4,1,4),(-1.5710486093461,-0.897790116662828,-1.53314894113521E-9),
 .UNSPECIFIED.);
#18=B_SPLINE_SURFACE_WITH_KNOTS('',3,3,((#6848,#6849,#6850,#6851,#6852),
(#6853,#6854,#6855,#6856,#6857),(#6858,#6859,#6860,#6861,#6862),(#6863,
#6864,#6865,#6866,#6867)),.UNSPECIFIED.,.F.,.F.,.F.,(4,4),(4,1,4),(-0.000345071722390413,
1.),(-1.57113270301009,-0.897790116662828,-1.53314894113521E-9),
 .UNSPECIFIED.);
#19=CONICAL_SURFACE('',#4441,0.999999999999999,0.78539816339745);
#20=CONICAL_SURFACE('',#4443,0.999999999999993,0.785398163397446);
#21=CONICAL_SURFACE('',#4455,1.5,0.785398163397448);
#22=CONICAL_SURFACE('',#4458,1.5,0.785398163397448);
#23=CONICAL_SURFACE('',#4466,0.999999999999995,0.785398163397461);
#24=CONICAL_SURFACE('',#4468,0.999999999999997,0.785398163397471);
#25=CONICAL_SURFACE('',#4470,1.,0.78539816339745);
#26=CONICAL_SURFACE('',#4472,0.999999999999997,0.785398163397448);
#27=CONICAL_SURFACE('',#4474,0.999999999999998,0.785398163397449);
#28=CONICAL_SURFACE('',#4476,1.,0.785398163397451);
#29=CONICAL_SURFACE('',#4478,1.,0.78539816339745);
#30=CONICAL_SURFACE('',#4480,1.,0.785398163397451);
#31=CONICAL_SURFACE('',#4512,1.25,0.785398163397458);
#32=CONICAL_SURFACE('',#4515,1.25,0.785398163397455);
#33=CONICAL_SURFACE('',#4537,0.75,0.785398163397467);
#34=CONICAL_SURFACE('',#4545,0.749999999999999,0.785398163397456);
#35=CONICAL_SURFACE('',#4548,0.749999999999999,0.785398163397458);
#36=CONICAL_SURFACE('',#4562,1.24999998852698,0.785398163397454);
#37=CONICAL_SURFACE('',#4565,1.24999999275733,0.785398163397447);
#38=FACE_BOUND('',#500,.T.);
#39=FACE_BOUND('',#513,.T.);
#40=FACE_BOUND('',#534,.T.);
#41=FACE_BOUND('',#542,.T.);
#42=FACE_BOUND('',#544,.T.);
#43=FACE_BOUND('',#545,.T.);
#44=FACE_BOUND('',#546,.T.);
#45=FACE_BOUND('',#547,.T.);
#46=FACE_BOUND('',#548,.T.);
#47=FACE_BOUND('',#549,.T.);
#48=FACE_BOUND('',#564,.T.);
#49=FACE_BOUND('',#565,.T.);
#50=FACE_BOUND('',#566,.T.);
#51=FACE_BOUND('',#567,.T.);
#52=FACE_BOUND('',#568,.T.);
#53=FACE_BOUND('',#575,.T.);
#54=FACE_BOUND('',#578,.T.);
#55=FACE_BOUND('',#580,.T.);
#56=FACE_BOUND('',#582,.T.);
#57=FACE_BOUND('',#584,.T.);
#58=FACE_BOUND('',#585,.T.);
#59=FACE_BOUND('',#646,.T.);
#60=FACE_BOUND('',#647,.T.);
#61=ELLIPSE('',#4264,1.41421356237309,1.);
#62=ELLIPSE('',#4265,1.41421356237309,1.);
#63=ELLIPSE('',#4269,1.41421356237309,1.);
#64=ELLIPSE('',#4270,1.4142135623731,1.);
#65=ELLIPSE('',#4274,1.41421356237309,1.);
#66=ELLIPSE('',#4275,1.41421356237309,1.);
#67=ELLIPSE('',#4279,1.41421356237309,1.);
#68=ELLIPSE('',#4280,1.41421356237309,1.);
#69=ELLIPSE('',#4284,1.4142135623731,1.);
#70=ELLIPSE('',#4285,1.41421356237309,1.);
#71=ELLIPSE('',#4289,1.41421356237311,1.);
#72=ELLIPSE('',#4290,1.41421356237309,1.);
#73=ELLIPSE('',#4294,1.4142135623731,1.);
#74=ELLIPSE('',#4295,1.41421356237308,1.);
#75=ELLIPSE('',#4299,1.4142135623731,1.);
#76=ELLIPSE('',#4300,1.4142135623731,1.);
#77=ELLIPSE('',#4304,1.41421356237309,1.);
#78=ELLIPSE('',#4305,1.4142135623731,1.);
#79=ELLIPSE('',#4309,1.41421356237309,1.);
#80=ELLIPSE('',#4310,1.41421356237309,1.);
#81=ELLIPSE('',#4314,1.41421356237309,1.);
#82=ELLIPSE('',#4315,1.41421356237309,1.);
#83=CIRCLE('',#4263,1.);
#84=CIRCLE('',#4268,1.);
#85=CIRCLE('',#4273,1.);
#86=CIRCLE('',#4278,1.);
#87=CIRCLE('',#4283,1.);
#88=CIRCLE('',#4288,1.);
#89=CIRCLE('',#4293,1.);
#90=CIRCLE('',#4298,1.);
#91=CIRCLE('',#4303,1.);
#92=CIRCLE('',#4308,1.);
#93=CIRCLE('',#4313,1.);
#94=CIRCLE('',#4389,1.99999999999999);
#95=CIRCLE('',#4390,1.99999999999999);
#96=CIRCLE('',#4393,2.);
#97=CIRCLE('',#4394,2.);
#98=CIRCLE('',#4397,1.50000000000001);
#99=CIRCLE('',#4398,1.50000000000001);
#100=CIRCLE('',#4401,1.50000000000001);
#101=CIRCLE('',#4402,1.50000000000001);
#102=CIRCLE('',#4404,2.25);
#103=CIRCLE('',#4405,2.25);
#104=CIRCLE('',#4406,2.25);
#105=CIRCLE('',#4407,2.25);
#106=CIRCLE('',#4409,0.500000028286986);
#107=CIRCLE('',#4410,0.500000028286986);
#108=CIRCLE('',#4413,1.35);
#109=CIRCLE('',#4414,1.35);
#110=CIRCLE('',#4416,1.35);
#111=CIRCLE('',#4417,1.35);
#112=CIRCLE('',#4419,2.25);
#113=CIRCLE('',#4422,2.25);
#114=CIRCLE('',#4425,2.25);
#115=CIRCLE('',#4426,1.35);
#116=CIRCLE('',#4428,2.25);
#117=CIRCLE('',#4429,1.35);
#118=CIRCLE('',#4431,1.);
#119=CIRCLE('',#4432,1.);
#120=CIRCLE('',#4433,1.);
#121=CIRCLE('',#4434,1.);
#122=CIRCLE('',#4435,1.);
#123=CIRCLE('',#4436,1.);
#124=CIRCLE('',#4442,0.999999999999999);
#125=CIRCLE('',#4444,0.999999999999993);
#126=CIRCLE('',#4456,1.);
#127=CIRCLE('',#4459,1.);
#128=CIRCLE('',#4467,0.999999999999995);
#129=CIRCLE('',#4469,0.999999999999997);
#130=CIRCLE('',#4471,1.);
#131=CIRCLE('',#4473,0.999999999999997);
#132=CIRCLE('',#4475,0.999999999999998);
#133=CIRCLE('',#4477,1.);
#134=CIRCLE('',#4479,1.);
#135=CIRCLE('',#4481,1.);
#136=CIRCLE('',#4484,1.);
#137=CIRCLE('',#4487,1.);
#138=CIRCLE('',#4490,1.);
#139=CIRCLE('',#4493,1.);
#140=CIRCLE('',#4496,1.);
#141=CIRCLE('',#4499,1.);
#142=CIRCLE('',#4502,1.);
#143=CIRCLE('',#4504,0.999999999999999);
#144=CIRCLE('',#4505,0.999999999999999);
#145=CIRCLE('',#4506,1.49999998852698);
#146=CIRCLE('',#4507,1.49999999275733);
#147=CIRCLE('',#4513,1.);
#148=CIRCLE('',#4516,1.);
#149=CIRCLE('',#4522,1.);
#150=CIRCLE('',#4523,1.35);
#151=CIRCLE('',#4524,1.35);
#152=CIRCLE('',#4538,1.);
#153=CIRCLE('',#4539,0.5);
#154=CIRCLE('',#4546,0.5);
#155=CIRCLE('',#4549,0.5);
#156=CIRCLE('',#4552,0.5);
#157=CIRCLE('',#4555,0.5);
#158=CIRCLE('',#4557,0.999999992757332);
#159=CIRCLE('',#4558,0.999999988526983);
#160=CIRCLE('',#4563,0.999999988526983);
#161=CIRCLE('',#4566,0.999999992757332);
#162=CYLINDRICAL_SURFACE('',#4262,1.);
#163=CYLINDRICAL_SURFACE('',#4267,1.);
#164=CYLINDRICAL_SURFACE('',#4272,1.);
#165=CYLINDRICAL_SURFACE('',#4277,1.);
#166=CYLINDRICAL_SURFACE('',#4282,1.);
#167=CYLINDRICAL_SURFACE('',#4287,1.);
#168=CYLINDRICAL_SURFACE('',#4292,1.);
#169=CYLINDRICAL_SURFACE('',#4297,1.);
#170=CYLINDRICAL_SURFACE('',#4302,1.);
#171=CYLINDRICAL_SURFACE('',#4307,1.);
#172=CYLINDRICAL_SURFACE('',#4312,1.);
#173=CYLINDRICAL_SURFACE('',#4388,1.99999999999999);
#174=CYLINDRICAL_SURFACE('',#4392,2.);
#175=CYLINDRICAL_SURFACE('',#4396,1.50000000000001);
#176=CYLINDRICAL_SURFACE('',#4400,1.50000000000001);
#177=CYLINDRICAL_SURFACE('',#4412,1.35);
#178=CYLINDRICAL_SURFACE('',#4415,1.35);
#179=CYLINDRICAL_SURFACE('',#4418,2.25);
#180=CYLINDRICAL_SURFACE('',#4421,2.25);
#181=CYLINDRICAL_SURFACE('',#4448,1.);
#182=CYLINDRICAL_SURFACE('',#4483,1.);
#183=CYLINDRICAL_SURFACE('',#4486,1.);
#184=CYLINDRICAL_SURFACE('',#4489,1.);
#185=CYLINDRICAL_SURFACE('',#4492,1.);
#186=CYLINDRICAL_SURFACE('',#4495,1.);
#187=CYLINDRICAL_SURFACE('',#4498,1.);
#188=CYLINDRICAL_SURFACE('',#4501,1.);
#189=CYLINDRICAL_SURFACE('',#4508,1.);
#190=CYLINDRICAL_SURFACE('',#4510,1.);
#191=CYLINDRICAL_SURFACE('',#4518,1.);
#192=CYLINDRICAL_SURFACE('',#4520,1.);
#193=CYLINDRICAL_SURFACE('',#4525,1.);
#194=CYLINDRICAL_SURFACE('',#4527,1.);
#195=CYLINDRICAL_SURFACE('',#4530,2.25);
#196=CYLINDRICAL_SURFACE('',#4531,2.25);
#197=CYLINDRICAL_SURFACE('',#4540,0.5);
#198=CYLINDRICAL_SURFACE('',#4544,0.5);
#199=CYLINDRICAL_SURFACE('',#4551,0.5);
#200=CYLINDRICAL_SURFACE('',#4554,0.5);
#201=CYLINDRICAL_SURFACE('',#4559,1.35);
#202=CYLINDRICAL_SURFACE('',#4560,1.35);
#203=CYLINDRICAL_SURFACE('',#4568,0.999999992757332);
#204=CYLINDRICAL_SURFACE('',#4570,0.999999988526983);
#205=FACE_OUTER_BOUND('',#436,.T.);
#206=FACE_OUTER_BOUND('',#437,.T.);
#207=FACE_OUTER_BOUND('',#438,.T.);
#208=FACE_OUTER_BOUND('',#439,.T.);
#209=FACE_OUTER_BOUND('',#440,.T.);
#210=FACE_OUTER_BOUND('',#441,.T.);
#211=FACE_OUTER_BOUND('',#442,.T.);
#212=FACE_OUTER_BOUND('',#443,.T.);
#213=FACE_OUTER_BOUND('',#444,.T.);
#214=FACE_OUTER_BOUND('',#445,.T.);
#215=FACE_OUTER_BOUND('',#446,.T.);
#216=FACE_OUTER_BOUND('',#447,.T.);
#217=FACE_OUTER_BOUND('',#448,.T.);
#218=FACE_OUTER_BOUND('',#449,.T.);
#219=FACE_OUTER_BOUND('',#450,.T.);
#220=FACE_OUTER_BOUND('',#451,.T.);
#221=FACE_OUTER_BOUND('',#452,.T.);
#222=FACE_OUTER_BOUND('',#453,.T.);
#223=FACE_OUTER_BOUND('',#454,.T.);
#224=FACE_OUTER_BOUND('',#455,.T.);
#225=FACE_OUTER_BOUND('',#456,.T.);
#226=FACE_OUTER_BOUND('',#457,.T.);
#227=FACE_OUTER_BOUND('',#458,.T.);
#228=FACE_OUTER_BOUND('',#459,.T.);
#229=FACE_OUTER_BOUND('',#460,.T.);
#230=FACE_OUTER_BOUND('',#461,.T.);
#231=FACE_OUTER_BOUND('',#462,.T.);
#232=FACE_OUTER_BOUND('',#463,.T.);
#233=FACE_OUTER_BOUND('',#464,.T.);
#234=FACE_OUTER_BOUND('',#465,.T.);
#235=FACE_OUTER_BOUND('',#466,.T.);
#236=FACE_OUTER_BOUND('',#467,.T.);
#237=FACE_OUTER_BOUND('',#468,.T.);
#238=FACE_OUTER_BOUND('',#469,.T.);
#239=FACE_OUTER_BOUND('',#470,.T.);
#240=FACE_OUTER_BOUND('',#471,.T.);
#241=FACE_OUTER_BOUND('',#472,.T.);
#242=FACE_OUTER_BOUND('',#473,.T.);
#243=FACE_OUTER_BOUND('',#474,.T.);
#244=FACE_OUTER_BOUND('',#475,.T.);
#245=FACE_OUTER_BOUND('',#476,.T.);
#246=FACE_OUTER_BOUND('',#477,.T.);
#247=FACE_OUTER_BOUND('',#478,.T.);
#248=FACE_OUTER_BOUND('',#479,.T.);
#249=FACE_OUTER_BOUND('',#480,.T.);
#250=FACE_OUTER_BOUND('',#481,.T.);
#251=FACE_OUTER_BOUND('',#482,.T.);
#252=FACE_OUTER_BOUND('',#483,.T.);
#253=FACE_OUTER_BOUND('',#484,.T.);
#254=FACE_OUTER_BOUND('',#485,.T.);
#255=FACE_OUTER_BOUND('',#486,.T.);
#256=FACE_OUTER_BOUND('',#487,.T.);
#257=FACE_OUTER_BOUND('',#488,.T.);
#258=FACE_OUTER_BOUND('',#489,.T.);
#259=FACE_OUTER_BOUND('',#490,.T.);
#260=FACE_OUTER_BOUND('',#491,.T.);
#261=FACE_OUTER_BOUND('',#492,.T.);
#262=FACE_OUTER_BOUND('',#493,.T.);
#263=FACE_OUTER_BOUND('',#494,.T.);
#264=FACE_OUTER_BOUND('',#495,.T.);
#265=FACE_OUTER_BOUND('',#496,.T.);
#266=FACE_OUTER_BOUND('',#497,.T.);
#267=FACE_OUTER_BOUND('',#498,.T.);
#268=FACE_OUTER_BOUND('',#499,.T.);
#269=FACE_OUTER_BOUND('',#501,.T.);
#270=FACE_OUTER_BOUND('',#502,.T.);
#271=FACE_OUTER_BOUND('',#503,.T.);
#272=FACE_OUTER_BOUND('',#504,.T.);
#273=FACE_OUTER_BOUND('',#505,.T.);
#274=FACE_OUTER_BOUND('',#506,.T.);
#275=FACE_OUTER_BOUND('',#507,.T.);
#276=FACE_OUTER_BOUND('',#508,.T.);
#277=FACE_OUTER_BOUND('',#509,.T.);
#278=FACE_OUTER_BOUND('',#510,.T.);
#279=FACE_OUTER_BOUND('',#511,.T.);
#280=FACE_OUTER_BOUND('',#512,.T.);
#281=FACE_OUTER_BOUND('',#514,.T.);
#282=FACE_OUTER_BOUND('',#515,.T.);
#283=FACE_OUTER_BOUND('',#516,.T.);
#284=FACE_OUTER_BOUND('',#517,.T.);
#285=FACE_OUTER_BOUND('',#518,.T.);
#286=FACE_OUTER_BOUND('',#519,.T.);
#287=FACE_OUTER_BOUND('',#520,.T.);
#288=FACE_OUTER_BOUND('',#521,.T.);
#289=FACE_OUTER_BOUND('',#522,.T.);
#290=FACE_OUTER_BOUND('',#523,.T.);
#291=FACE_OUTER_BOUND('',#524,.T.);
#292=FACE_OUTER_BOUND('',#525,.T.);
#293=FACE_OUTER_BOUND('',#526,.T.);
#294=FACE_OUTER_BOUND('',#527,.T.);
#295=FACE_OUTER_BOUND('',#528,.T.);
#296=FACE_OUTER_BOUND('',#529,.T.);
#297=FACE_OUTER_BOUND('',#530,.T.);
#298=FACE_OUTER_BOUND('',#531,.T.);
#299=FACE_OUTER_BOUND('',#532,.T.);
#300=FACE_OUTER_BOUND('',#533,.T.);
#301=FACE_OUTER_BOUND('',#535,.T.);
#302=FACE_OUTER_BOUND('',#536,.T.);
#303=FACE_OUTER_BOUND('',#537,.T.);
#304=FACE_OUTER_BOUND('',#538,.T.);
#305=FACE_OUTER_BOUND('',#539,.T.);
#306=FACE_OUTER_BOUND('',#540,.T.);
#307=FACE_OUTER_BOUND('',#541,.T.);
#308=FACE_OUTER_BOUND('',#543,.T.);
#309=FACE_OUTER_BOUND('',#550,.T.);
#310=FACE_OUTER_BOUND('',#551,.T.);
#311=FACE_OUTER_BOUND('',#552,.T.);
#312=FACE_OUTER_BOUND('',#553,.T.);
#313=FACE_OUTER_BOUND('',#554,.T.);
#314=FACE_OUTER_BOUND('',#555,.T.);
#315=FACE_OUTER_BOUND('',#556,.T.);
#316=FACE_OUTER_BOUND('',#557,.T.);
#317=FACE_OUTER_BOUND('',#558,.T.);
#318=FACE_OUTER_BOUND('',#559,.T.);
#319=FACE_OUTER_BOUND('',#560,.T.);
#320=FACE_OUTER_BOUND('',#561,.T.);
#321=FACE_OUTER_BOUND('',#562,.T.);
#322=FACE_OUTER_BOUND('',#563,.T.);
#323=FACE_OUTER_BOUND('',#569,.T.);
#324=FACE_OUTER_BOUND('',#570,.T.);
#325=FACE_OUTER_BOUND('',#571,.T.);
#326=FACE_OUTER_BOUND('',#572,.T.);
#327=FACE_OUTER_BOUND('',#573,.T.);
#328=FACE_OUTER_BOUND('',#574,.T.);
#329=FACE_OUTER_BOUND('',#576,.T.);
#330=FACE_OUTER_BOUND('',#577,.T.);
#331=FACE_OUTER_BOUND('',#579,.T.);
#332=FACE_OUTER_BOUND('',#581,.T.);
#333=FACE_OUTER_BOUND('',#583,.T.);
#334=FACE_OUTER_BOUND('',#586,.T.);
#335=FACE_OUTER_BOUND('',#587,.T.);
#336=FACE_OUTER_BOUND('',#588,.T.);
#337=FACE_OUTER_BOUND('',#589,.T.);
#338=FACE_OUTER_BOUND('',#590,.T.);
#339=FACE_OUTER_BOUND('',#591,.T.);
#340=FACE_OUTER_BOUND('',#592,.T.);
#341=FACE_OUTER_BOUND('',#593,.T.);
#342=FACE_OUTER_BOUND('',#594,.T.);
#343=FACE_OUTER_BOUND('',#595,.T.);
#344=FACE_OUTER_BOUND('',#596,.T.);
#345=FACE_OUTER_BOUND('',#597,.T.);
#346=FACE_OUTER_BOUND('',#598,.T.);
#347=FACE_OUTER_BOUND('',#599,.T.);
#348=FACE_OUTER_BOUND('',#600,.T.);
#349=FACE_OUTER_BOUND('',#601,.T.);
#350=FACE_OUTER_BOUND('',#602,.T.);
#351=FACE_OUTER_BOUND('',#603,.T.);
#352=FACE_OUTER_BOUND('',#604,.T.);
#353=FACE_OUTER_BOUND('',#605,.T.);
#354=FACE_OUTER_BOUND('',#606,.T.);
#355=FACE_OUTER_BOUND('',#607,.T.);
#356=FACE_OUTER_BOUND('',#608,.T.);
#357=FACE_OUTER_BOUND('',#609,.T.);
#358=FACE_OUTER_BOUND('',#610,.T.);
#359=FACE_OUTER_BOUND('',#611,.T.);
#360=FACE_OUTER_BOUND('',#612,.T.);
#361=FACE_OUTER_BOUND('',#613,.T.);
#362=FACE_OUTER_BOUND('',#614,.T.);
#363=FACE_OUTER_BOUND('',#615,.T.);
#364=FACE_OUTER_BOUND('',#616,.T.);
#365=FACE_OUTER_BOUND('',#617,.T.);
#366=FACE_OUTER_BOUND('',#618,.T.);
#367=FACE_OUTER_BOUND('',#619,.T.);
#368=FACE_OUTER_BOUND('',#620,.T.);
#369=FACE_OUTER_BOUND('',#621,.T.);
#370=FACE_OUTER_BOUND('',#622,.T.);
#371=FACE_OUTER_BOUND('',#623,.T.);
#372=FACE_OUTER_BOUND('',#624,.T.);
#373=FACE_OUTER_BOUND('',#625,.T.);
#374=FACE_OUTER_BOUND('',#626,.T.);
#375=FACE_OUTER_BOUND('',#627,.T.);
#376=FACE_OUTER_BOUND('',#628,.T.);
#377=FACE_OUTER_BOUND('',#629,.T.);
#378=FACE_OUTER_BOUND('',#630,.T.);
#379=FACE_OUTER_BOUND('',#631,.T.);
#380=FACE_OUTER_BOUND('',#632,.T.);
#381=FACE_OUTER_BOUND('',#633,.T.);
#382=FACE_OUTER_BOUND('',#634,.T.);
#383=FACE_OUTER_BOUND('',#635,.T.);
#384=FACE_OUTER_BOUND('',#636,.T.);
#385=FACE_OUTER_BOUND('',#637,.T.);
#386=FACE_OUTER_BOUND('',#638,.T.);
#387=FACE_OUTER_BOUND('',#639,.T.);
#388=FACE_OUTER_BOUND('',#640,.T.);
#389=FACE_OUTER_BOUND('',#641,.T.);
#390=FACE_OUTER_BOUND('',#642,.T.);
#391=FACE_OUTER_BOUND('',#643,.T.);
#392=FACE_OUTER_BOUND('',#644,.T.);
#393=FACE_OUTER_BOUND('',#645,.T.);
#394=FACE_OUTER_BOUND('',#648,.T.);
#395=FACE_OUTER_BOUND('',#649,.T.);
#396=FACE_OUTER_BOUND('',#650,.T.);
#397=FACE_OUTER_BOUND('',#651,.T.);
#398=FACE_OUTER_BOUND('',#652,.T.);
#399=FACE_OUTER_BOUND('',#653,.T.);
#400=FACE_OUTER_BOUND('',#654,.T.);
#401=FACE_OUTER_BOUND('',#655,.T.);
#402=FACE_OUTER_BOUND('',#656,.T.);
#403=FACE_OUTER_BOUND('',#657,.T.);
#404=FACE_OUTER_BOUND('',#658,.T.);
#405=FACE_OUTER_BOUND('',#659,.T.);
#406=FACE_OUTER_BOUND('',#660,.T.);
#407=FACE_OUTER_BOUND('',#661,.T.);
#408=FACE_OUTER_BOUND('',#662,.T.);
#409=FACE_OUTER_BOUND('',#663,.T.);
#410=FACE_OUTER_BOUND('',#664,.T.);
#411=FACE_OUTER_BOUND('',#665,.T.);
#412=FACE_OUTER_BOUND('',#666,.T.);
#413=FACE_OUTER_BOUND('',#667,.T.);
#414=FACE_OUTER_BOUND('',#668,.T.);
#415=FACE_OUTER_BOUND('',#669,.T.);
#416=FACE_OUTER_BOUND('',#670,.T.);
#417=FACE_OUTER_BOUND('',#671,.T.);
#418=FACE_OUTER_BOUND('',#672,.T.);
#419=FACE_OUTER_BOUND('',#673,.T.);
#420=FACE_OUTER_BOUND('',#674,.T.);
#421=FACE_OUTER_BOUND('',#675,.T.);
#422=FACE_OUTER_BOUND('',#676,.T.);
#423=FACE_OUTER_BOUND('',#677,.T.);
#424=FACE_OUTER_BOUND('',#678,.T.);
#425=FACE_OUTER_BOUND('',#679,.T.);
#426=FACE_OUTER_BOUND('',#680,.T.);
#427=FACE_OUTER_BOUND('',#681,.T.);
#428=FACE_OUTER_BOUND('',#682,.T.);
#429=FACE_OUTER_BOUND('',#683,.T.);
#430=FACE_OUTER_BOUND('',#684,.T.);
#431=FACE_OUTER_BOUND('',#685,.T.);
#432=FACE_OUTER_BOUND('',#686,.T.);
#433=FACE_OUTER_BOUND('',#687,.T.);
#434=FACE_OUTER_BOUND('',#688,.T.);
#435=FACE_OUTER_BOUND('',#689,.T.);
#436=EDGE_LOOP('',(#2644,#2645,#2646,#2647));
#437=EDGE_LOOP('',(#2648,#2649,#2650,#2651));
#438=EDGE_LOOP('',(#2652,#2653,#2654,#2655));
#439=EDGE_LOOP('',(#2656,#2657,#2658,#2659));
#440=EDGE_LOOP('',(#2660,#2661,#2662,#2663));
#441=EDGE_LOOP('',(#2664,#2665,#2666,#2667));
#442=EDGE_LOOP('',(#2668,#2669,#2670,#2671));
#443=EDGE_LOOP('',(#2672,#2673,#2674,#2675));
#444=EDGE_LOOP('',(#2676,#2677,#2678,#2679));
#445=EDGE_LOOP('',(#2680,#2681,#2682,#2683));
#446=EDGE_LOOP('',(#2684,#2685,#2686,#2687));
#447=EDGE_LOOP('',(#2688,#2689,#2690,#2691));
#448=EDGE_LOOP('',(#2692,#2693,#2694,#2695));
#449=EDGE_LOOP('',(#2696,#2697,#2698,#2699));
#450=EDGE_LOOP('',(#2700,#2701,#2702,#2703));
#451=EDGE_LOOP('',(#2704,#2705,#2706,#2707));
#452=EDGE_LOOP('',(#2708,#2709,#2710,#2711));
#453=EDGE_LOOP('',(#2712,#2713,#2714,#2715,#2716));
#454=EDGE_LOOP('',(#2717,#2718,#2719,#2720));
#455=EDGE_LOOP('',(#2721,#2722,#2723,#2724,#2725));
#456=EDGE_LOOP('',(#2726,#2727,#2728,#2729));
#457=EDGE_LOOP('',(#2730,#2731,#2732,#2733,#2734));
#458=EDGE_LOOP('',(#2735,#2736,#2737,#2738));
#459=EDGE_LOOP('',(#2739,#2740,#2741,#2742,#2743));
#460=EDGE_LOOP('',(#2744,#2745,#2746,#2747));
#461=EDGE_LOOP('',(#2748,#2749,#2750,#2751,#2752));
#462=EDGE_LOOP('',(#2753,#2754,#2755,#2756));
#463=EDGE_LOOP('',(#2757,#2758,#2759,#2760,#2761));
#464=EDGE_LOOP('',(#2762,#2763,#2764,#2765));
#465=EDGE_LOOP('',(#2766,#2767,#2768,#2769,#2770));
#466=EDGE_LOOP('',(#2771,#2772,#2773,#2774));
#467=EDGE_LOOP('',(#2775,#2776,#2777,#2778,#2779));
#468=EDGE_LOOP('',(#2780,#2781,#2782,#2783));
#469=EDGE_LOOP('',(#2784,#2785,#2786,#2787,#2788));
#470=EDGE_LOOP('',(#2789,#2790,#2791,#2792));
#471=EDGE_LOOP('',(#2793,#2794,#2795,#2796,#2797));
#472=EDGE_LOOP('',(#2798,#2799,#2800,#2801));
#473=EDGE_LOOP('',(#2802,#2803,#2804,#2805,#2806));
#474=EDGE_LOOP('',(#2807,#2808,#2809,#2810));
#475=EDGE_LOOP('',(#2811,#2812,#2813,#2814));
#476=EDGE_LOOP('',(#2815,#2816,#2817,#2818));
#477=EDGE_LOOP('',(#2819,#2820,#2821,#2822));
#478=EDGE_LOOP('',(#2823,#2824,#2825,#2826));
#479=EDGE_LOOP('',(#2827,#2828,#2829,#2830));
#480=EDGE_LOOP('',(#2831,#2832,#2833,#2834));
#481=EDGE_LOOP('',(#2835,#2836,#2837,#2838));
#482=EDGE_LOOP('',(#2839,#2840,#2841,#2842));
#483=EDGE_LOOP('',(#2843,#2844,#2845,#2846));
#484=EDGE_LOOP('',(#2847,#2848,#2849,#2850));
#485=EDGE_LOOP('',(#2851,#2852,#2853,#2854));
#486=EDGE_LOOP('',(#2855,#2856,#2857,#2858));
#487=EDGE_LOOP('',(#2859,#2860,#2861,#2862));
#488=EDGE_LOOP('',(#2863,#2864,#2865,#2866));
#489=EDGE_LOOP('',(#2867,#2868,#2869,#2870));
#490=EDGE_LOOP('',(#2871,#2872,#2873,#2874));
#491=EDGE_LOOP('',(#2875,#2876,#2877,#2878,#2879,#2880,#2881,#2882,#2883,
#2884,#2885,#2886,#2887,#2888,#2889,#2890));
#492=EDGE_LOOP('',(#2891,#2892,#2893,#2894));
#493=EDGE_LOOP('',(#2895,#2896,#2897,#2898));
#494=EDGE_LOOP('',(#2899,#2900,#2901,#2902));
#495=EDGE_LOOP('',(#2903,#2904,#2905,#2906));
#496=EDGE_LOOP('',(#2907,#2908,#2909,#2910));
#497=EDGE_LOOP('',(#2911,#2912,#2913,#2914));
#498=EDGE_LOOP('',(#2915,#2916,#2917,#2918));
#499=EDGE_LOOP('',(#2919,#2920,#2921,#2922,#2923,#2924,#2925));
#500=EDGE_LOOP('',(#2926,#2927,#2928,#2929));
#501=EDGE_LOOP('',(#2930,#2931,#2932,#2933));
#502=EDGE_LOOP('',(#2934,#2935,#2936,#2937));
#503=EDGE_LOOP('',(#2938,#2939,#2940,#2941));
#504=EDGE_LOOP('',(#2942,#2943,#2944,#2945));
#505=EDGE_LOOP('',(#2946,#2947,#2948,#2949));
#506=EDGE_LOOP('',(#2950,#2951,#2952,#2953));
#507=EDGE_LOOP('',(#2954,#2955,#2956,#2957));
#508=EDGE_LOOP('',(#2958,#2959,#2960,#2961));
#509=EDGE_LOOP('',(#2962,#2963,#2964,#2965));
#510=EDGE_LOOP('',(#2966,#2967,#2968,#2969));
#511=EDGE_LOOP('',(#2970,#2971,#2972,#2973));
#512=EDGE_LOOP('',(#2974,#2975,#2976,#2977,#2978,#2979,#2980,#2981,#2982,
#2983,#2984));
#513=EDGE_LOOP('',(#2985,#2986,#2987,#2988));
#514=EDGE_LOOP('',(#2989,#2990,#2991,#2992));
#515=EDGE_LOOP('',(#2993,#2994,#2995,#2996));
#516=EDGE_LOOP('',(#2997,#2998,#2999,#3000));
#517=EDGE_LOOP('',(#3001,#3002,#3003,#3004));
#518=EDGE_LOOP('',(#3005,#3006,#3007,#3008));
#519=EDGE_LOOP('',(#3009,#3010,#3011,#3012));
#520=EDGE_LOOP('',(#3013,#3014,#3015,#3016));
#521=EDGE_LOOP('',(#3017,#3018,#3019,#3020));
#522=EDGE_LOOP('',(#3021,#3022,#3023,#3024));
#523=EDGE_LOOP('',(#3025,#3026,#3027,#3028));
#524=EDGE_LOOP('',(#3029,#3030,#3031,#3032));
#525=EDGE_LOOP('',(#3033,#3034,#3035,#3036));
#526=EDGE_LOOP('',(#3037,#3038,#3039,#3040,#3041,#3042,#3043,#3044,#3045,
#3046,#3047,#3048));
#527=EDGE_LOOP('',(#3049,#3050,#3051,#3052));
#528=EDGE_LOOP('',(#3053,#3054,#3055,#3056));
#529=EDGE_LOOP('',(#3057,#3058,#3059,#3060));
#530=EDGE_LOOP('',(#3061,#3062,#3063,#3064));
#531=EDGE_LOOP('',(#3065,#3066,#3067,#3068));
#532=EDGE_LOOP('',(#3069,#3070,#3071,#3072));
#533=EDGE_LOOP('',(#3073,#3074,#3075,#3076,#3077,#3078));
#534=EDGE_LOOP('',(#3079,#3080,#3081,#3082));
#535=EDGE_LOOP('',(#3083,#3084,#3085,#3086));
#536=EDGE_LOOP('',(#3087,#3088,#3089,#3090));
#537=EDGE_LOOP('',(#3091,#3092,#3093,#3094));
#538=EDGE_LOOP('',(#3095,#3096,#3097,#3098));
#539=EDGE_LOOP('',(#3099,#3100,#3101,#3102));
#540=EDGE_LOOP('',(#3103,#3104,#3105,#3106));
#541=EDGE_LOOP('',(#3107,#3108,#3109,#3110,#3111,#3112));
#542=EDGE_LOOP('',(#3113,#3114,#3115,#3116));
#543=EDGE_LOOP('',(#3117,#3118,#3119,#3120));
#544=EDGE_LOOP('',(#3121,#3122,#3123,#3124,#3125,#3126,#3127));
#545=EDGE_LOOP('',(#3128,#3129,#3130,#3131,#3132,#3133,#3134,#3135,#3136,
#3137,#3138,#3139));
#546=EDGE_LOOP('',(#3140,#3141,#3142,#3143,#3144,#3145));
#547=EDGE_LOOP('',(#3146,#3147,#3148,#3149,#3150,#3151));
#548=EDGE_LOOP('',(#3152,#3153,#3154,#3155,#3156,#3157,#3158,#3159,#3160,
#3161,#3162));
#549=EDGE_LOOP('',(#3163,#3164,#3165,#3166,#3167,#3168,#3169,#3170,#3171,
#3172,#3173,#3174,#3175,#3176,#3177,#3178));
#550=EDGE_LOOP('',(#3179,#3180,#3181,#3182));
#551=EDGE_LOOP('',(#3183,#3184,#3185,#3186));
#552=EDGE_LOOP('',(#3187,#3188,#3189,#3190));
#553=EDGE_LOOP('',(#3191,#3192,#3193,#3194));
#554=EDGE_LOOP('',(#3195,#3196,#3197,#3198));
#555=EDGE_LOOP('',(#3199,#3200,#3201,#3202));
#556=EDGE_LOOP('',(#3203,#3204,#3205,#3206));
#557=EDGE_LOOP('',(#3207,#3208,#3209,#3210));
#558=EDGE_LOOP('',(#3211,#3212,#3213,#3214));
#559=EDGE_LOOP('',(#3215,#3216,#3217,#3218));
#560=EDGE_LOOP('',(#3219,#3220,#3221,#3222));
#561=EDGE_LOOP('',(#3223,#3224,#3225,#3226));
#562=EDGE_LOOP('',(#3227,#3228,#3229,#3230));
#563=EDGE_LOOP('',(#3231,#3232,#3233,#3234,#3235,#3236,#3237,#3238,#3239,
#3240,#3241,#3242,#3243,#3244,#3245,#3246,#3247,#3248,#3249,#3250,#3251,
#3252,#3253,#3254,#3255,#3256,#3257,#3258,#3259,#3260,#3261,#3262,#3263,
#3264));
#564=EDGE_LOOP('',(#3265));
#565=EDGE_LOOP('',(#3266));
#566=EDGE_LOOP('',(#3267,#3268,#3269,#3270));
#567=EDGE_LOOP('',(#3271));
#568=EDGE_LOOP('',(#3272));
#569=EDGE_LOOP('',(#3273,#3274,#3275,#3276,#3277,#3278,#3279,#3280));
#570=EDGE_LOOP('',(#3281,#3282,#3283,#3284));
#571=EDGE_LOOP('',(#3285,#3286,#3287,#3288));
#572=EDGE_LOOP('',(#3289,#3290,#3291,#3292));
#573=EDGE_LOOP('',(#3293,#3294,#3295,#3296));
#574=EDGE_LOOP('',(#3297));
#575=EDGE_LOOP('',(#3298));
#576=EDGE_LOOP('',(#3299,#3300,#3301,#3302));
#577=EDGE_LOOP('',(#3303));
#578=EDGE_LOOP('',(#3304));
#579=EDGE_LOOP('',(#3305));
#580=EDGE_LOOP('',(#3306));
#581=EDGE_LOOP('',(#3307));
#582=EDGE_LOOP('',(#3308));
#583=EDGE_LOOP('',(#3309,#3310,#3311,#3312,#3313,#3314,#3315,#3316,#3317,
#3318,#3319,#3320,#3321,#3322,#3323,#3324,#3325,#3326,#3327,#3328,#3329,
#3330));
#584=EDGE_LOOP('',(#3331));
#585=EDGE_LOOP('',(#3332));
#586=EDGE_LOOP('',(#3333,#3334,#3335,#3336));
#587=EDGE_LOOP('',(#3337,#3338,#3339,#3340,#3341,#3342,#3343,#3344));
#588=EDGE_LOOP('',(#3345,#3346,#3347,#3348,#3349,#3350,#3351,#3352));
#589=EDGE_LOOP('',(#3353,#3354,#3355,#3356,#3357,#3358));
#590=EDGE_LOOP('',(#3359,#3360,#3361));
#591=EDGE_LOOP('',(#3362,#3363,#3364));
#592=EDGE_LOOP('',(#3365,#3366,#3367,#3368,#3369));
#593=EDGE_LOOP('',(#3370,#3371,#3372,#3373,#3374));
#594=EDGE_LOOP('',(#3375,#3376,#3377,#3378));
#595=EDGE_LOOP('',(#3379,#3380,#3381,#3382));
#596=EDGE_LOOP('',(#3383,#3384,#3385,#3386));
#597=EDGE_LOOP('',(#3387,#3388,#3389,#3390,#3391,#3392));
#598=EDGE_LOOP('',(#3393,#3394,#3395,#3396));
#599=EDGE_LOOP('',(#3397,#3398,#3399,#3400,#3401,#3402,#3403,#3404));
#600=EDGE_LOOP('',(#3405,#3406,#3407,#3408,#3409,#3410));
#601=EDGE_LOOP('',(#3411,#3412,#3413,#3414,#3415,#3416));
#602=EDGE_LOOP('',(#3417,#3418,#3419,#3420));
#603=EDGE_LOOP('',(#3421,#3422,#3423,#3424));
#604=EDGE_LOOP('',(#3425,#3426,#3427,#3428));
#605=EDGE_LOOP('',(#3429,#3430,#3431,#3432));
#606=EDGE_LOOP('',(#3433,#3434,#3435,#3436,#3437,#3438,#3439,#3440));
#607=EDGE_LOOP('',(#3441,#3442,#3443,#3444,#3445,#3446,#3447,#3448));
#608=EDGE_LOOP('',(#3449,#3450,#3451,#3452,#3453,#3454,#3455,#3456));
#609=EDGE_LOOP('',(#3457,#3458,#3459,#3460,#3461,#3462,#3463,#3464));
#610=EDGE_LOOP('',(#3465,#3466,#3467,#3468,#3469,#3470,#3471,#3472));
#611=EDGE_LOOP('',(#3473,#3474,#3475));
#612=EDGE_LOOP('',(#3476,#3477,#3478));
#613=EDGE_LOOP('',(#3479,#3480,#3481));
#614=EDGE_LOOP('',(#3482,#3483,#3484));
#615=EDGE_LOOP('',(#3485,#3486,#3487));
#616=EDGE_LOOP('',(#3488,#3489,#3490));
#617=EDGE_LOOP('',(#3491,#3492,#3493));
#618=EDGE_LOOP('',(#3494,#3495,#3496));
#619=EDGE_LOOP('',(#3497,#3498,#3499,#3500));
#620=EDGE_LOOP('',(#3501,#3502,#3503,#3504));
#621=EDGE_LOOP('',(#3505,#3506,#3507,#3508));
#622=EDGE_LOOP('',(#3509,#3510,#3511,#3512));
#623=EDGE_LOOP('',(#3513,#3514,#3515,#3516));
#624=EDGE_LOOP('',(#3517,#3518,#3519,#3520));
#625=EDGE_LOOP('',(#3521,#3522,#3523,#3524));
#626=EDGE_LOOP('',(#3525,#3526,#3527,#3528));
#627=EDGE_LOOP('',(#3529,#3530,#3531,#3532));
#628=EDGE_LOOP('',(#3533,#3534,#3535,#3536));
#629=EDGE_LOOP('',(#3537,#3538,#3539,#3540));
#630=EDGE_LOOP('',(#3541,#3542,#3543,#3544));
#631=EDGE_LOOP('',(#3545,#3546,#3547,#3548));
#632=EDGE_LOOP('',(#3549,#3550,#3551,#3552));
#633=EDGE_LOOP('',(#3553,#3554,#3555,#3556,#3557,#3558,#3559,#3560,#3561,
#3562,#3563,#3564,#3565,#3566));
#634=EDGE_LOOP('',(#3567,#3568,#3569,#3570));
#635=EDGE_LOOP('',(#3571,#3572,#3573,#3574));
#636=EDGE_LOOP('',(#3575,#3576,#3577,#3578));
#637=EDGE_LOOP('',(#3579,#3580,#3581,#3582,#3583));
#638=EDGE_LOOP('',(#3584,#3585,#3586,#3587));
#639=EDGE_LOOP('',(#3588,#3589,#3590,#3591));
#640=EDGE_LOOP('',(#3592,#3593,#3594,#3595));
#641=EDGE_LOOP('',(#3596,#3597,#3598,#3599,#3600));
#642=EDGE_LOOP('',(#3601,#3602,#3603,#3604));
#643=EDGE_LOOP('',(#3605,#3606,#3607,#3608));
#644=EDGE_LOOP('',(#3609,#3610,#3611,#3612));
#645=EDGE_LOOP('',(#3613,#3614,#3615,#3616,#3617,#3618,#3619,#3620,#3621,
#3622,#3623,#3624,#3625,#3626,#3627,#3628,#3629,#3630,#3631,#3632,#3633,
#3634,#3635,#3636,#3637));
#646=EDGE_LOOP('',(#3638));
#647=EDGE_LOOP('',(#3639));
#648=EDGE_LOOP('',(#3640,#3641,#3642,#3643));
#649=EDGE_LOOP('',(#3644,#3645,#3646,#3647));
#650=EDGE_LOOP('',(#3648,#3649,#3650,#3651));
#651=EDGE_LOOP('',(#3652,#3653,#3654,#3655));
#652=EDGE_LOOP('',(#3656,#3657,#3658,#3659));
#653=EDGE_LOOP('',(#3660,#3661,#3662,#3663));
#654=EDGE_LOOP('',(#3664,#3665,#3666,#3667));
#655=EDGE_LOOP('',(#3668,#3669,#3670,#3671));
#656=EDGE_LOOP('',(#3672,#3673,#3674,#3675));
#657=EDGE_LOOP('',(#3676,#3677,#3678,#3679));
#658=EDGE_LOOP('',(#3680,#3681,#3682,#3683));
#659=EDGE_LOOP('',(#3684,#3685,#3686,#3687));
#660=EDGE_LOOP('',(#3688,#3689,#3690,#3691));
#661=EDGE_LOOP('',(#3692,#3693,#3694,#3695));
#662=EDGE_LOOP('',(#3696,#3697,#3698,#3699,#3700,#3701));
#663=EDGE_LOOP('',(#3702,#3703,#3704,#3705));
#664=EDGE_LOOP('',(#3706,#3707,#3708,#3709));
#665=EDGE_LOOP('',(#3710,#3711,#3712,#3713,#3714,#3715));
#666=EDGE_LOOP('',(#3716,#3717,#3718,#3719));
#667=EDGE_LOOP('',(#3720,#3721,#3722,#3723));
#668=EDGE_LOOP('',(#3724,#3725,#3726,#3727));
#669=EDGE_LOOP('',(#3728,#3729,#3730,#3731));
#670=EDGE_LOOP('',(#3732,#3733,#3734,#3735,#3736,#3737));
#671=EDGE_LOOP('',(#3738,#3739,#3740,#3741));
#672=EDGE_LOOP('',(#3742,#3743,#3744,#3745));
#673=EDGE_LOOP('',(#3746,#3747,#3748,#3749));
#674=EDGE_LOOP('',(#3750,#3751,#3752,#3753,#3754,#3755,#3756,#3757,#3758,
#3759,#3760,#3761,#3762,#3763));
#675=EDGE_LOOP('',(#3764,#3765,#3766,#3767));
#676=EDGE_LOOP('',(#3768,#3769,#3770,#3771));
#677=EDGE_LOOP('',(#3772,#3773,#3774,#3775));
#678=EDGE_LOOP('',(#3776,#3777,#3778,#3779));
#679=EDGE_LOOP('',(#3780,#3781,#3782,#3783));
#680=EDGE_LOOP('',(#3784,#3785,#3786,#3787));
#681=EDGE_LOOP('',(#3788,#3789,#3790,#3791));
#682=EDGE_LOOP('',(#3792,#3793,#3794,#3795));
#683=EDGE_LOOP('',(#3796,#3797,#3798,#3799));
#684=EDGE_LOOP('',(#3800,#3801,#3802,#3803));
#685=EDGE_LOOP('',(#3804,#3805,#3806,#3807));
#686=EDGE_LOOP('',(#3808,#3809,#3810,#3811));
#687=EDGE_LOOP('',(#3812,#3813,#3814,#3815));
#688=EDGE_LOOP('',(#3816,#3817,#3818,#3819,#3820,#3821,#3822,#3823,#3824,
#3825));
#689=EDGE_LOOP('',(#3826,#3827,#3828,#3829,#3830,#3831));
#690=LINE('',#5734,#1180);
#691=LINE('',#5736,#1181);
#692=LINE('',#5738,#1182);
#693=LINE('',#5739,#1183);
#694=LINE('',#5742,#1184);
#695=LINE('',#5744,#1185);
#696=LINE('',#5745,#1186);
#697=LINE('',#5748,#1187);
#698=LINE('',#5749,#1188);
#699=LINE('',#5753,#1189);
#700=LINE('',#5755,#1190);
#701=LINE('',#5757,#1191);
#702=LINE('',#5758,#1192);
#703=LINE('',#5761,#1193);
#704=LINE('',#5763,#1194);
#705=LINE('',#5764,#1195);
#706=LINE('',#5767,#1196);
#707=LINE('',#5768,#1197);
#708=LINE('',#5772,#1198);
#709=LINE('',#5774,#1199);
#710=LINE('',#5776,#1200);
#711=LINE('',#5777,#1201);
#712=LINE('',#5780,#1202);
#713=LINE('',#5782,#1203);
#714=LINE('',#5783,#1204);
#715=LINE('',#5786,#1205);
#716=LINE('',#5787,#1206);
#717=LINE('',#5791,#1207);
#718=LINE('',#5793,#1208);
#719=LINE('',#5795,#1209);
#720=LINE('',#5796,#1210);
#721=LINE('',#5799,#1211);
#722=LINE('',#5801,#1212);
#723=LINE('',#5802,#1213);
#724=LINE('',#5805,#1214);
#725=LINE('',#5806,#1215);
#726=LINE('',#5810,#1216);
#727=LINE('',#5812,#1217);
#728=LINE('',#5814,#1218);
#729=LINE('',#5815,#1219);
#730=LINE('',#5818,#1220);
#731=LINE('',#5819,#1221);
#732=LINE('',#5822,#1222);
#733=LINE('',#5823,#1223);
#734=LINE('',#5826,#1224);
#735=LINE('',#5827,#1225);
#736=LINE('',#5830,#1226);
#737=LINE('',#5831,#1227);
#738=LINE('',#5837,#1228);
#739=LINE('',#5842,#1229);
#740=LINE('',#5845,#1230);
#741=LINE('',#5847,#1231);
#742=LINE('',#5848,#1232);
#743=LINE('',#5854,#1233);
#744=LINE('',#5859,#1234);
#745=LINE('',#5861,#1235);
#746=LINE('',#5862,#1236);
#747=LINE('',#5868,#1237);
#748=LINE('',#5873,#1238);
#749=LINE('',#5875,#1239);
#750=LINE('',#5876,#1240);
#751=LINE('',#5882,#1241);
#752=LINE('',#5887,#1242);
#753=LINE('',#5889,#1243);
#754=LINE('',#5890,#1244);
#755=LINE('',#5896,#1245);
#756=LINE('',#5901,#1246);
#757=LINE('',#5903,#1247);
#758=LINE('',#5904,#1248);
#759=LINE('',#5910,#1249);
#760=LINE('',#5915,#1250);
#761=LINE('',#5917,#1251);
#762=LINE('',#5918,#1252);
#763=LINE('',#5924,#1253);
#764=LINE('',#5929,#1254);
#765=LINE('',#5932,#1255);
#766=LINE('',#5934,#1256);
#767=LINE('',#5935,#1257);
#768=LINE('',#5941,#1258);
#769=LINE('',#5946,#1259);
#770=LINE('',#5948,#1260);
#771=LINE('',#5949,#1261);
#772=LINE('',#5955,#1262);
#773=LINE('',#5960,#1263);
#774=LINE('',#5962,#1264);
#775=LINE('',#5963,#1265);
#776=LINE('',#5969,#1266);
#777=LINE('',#5974,#1267);
#778=LINE('',#5977,#1268);
#779=LINE('',#5979,#1269);
#780=LINE('',#5980,#1270);
#781=LINE('',#5988,#1271);
#782=LINE('',#5991,#1272);
#783=LINE('',#5993,#1273);
#784=LINE('',#5994,#1274);
#785=LINE('',#5998,#1275);
#786=LINE('',#6000,#1276);
#787=LINE('',#6002,#1277);
#788=LINE('',#6003,#1278);
#789=LINE('',#6006,#1279);
#790=LINE('',#6008,#1280);
#791=LINE('',#6009,#1281);
#792=LINE('',#6012,#1282);
#793=LINE('',#6014,#1283);
#794=LINE('',#6015,#1284);
#795=LINE('',#6018,#1285);
#796=LINE('',#6020,#1286);
#797=LINE('',#6021,#1287);
#798=LINE('',#6024,#1288);
#799=LINE('',#6026,#1289);
#800=LINE('',#6027,#1290);
#801=LINE('',#6030,#1291);
#802=LINE('',#6032,#1292);
#803=LINE('',#6033,#1293);
#804=LINE('',#6036,#1294);
#805=LINE('',#6038,#1295);
#806=LINE('',#6039,#1296);
#807=LINE('',#6042,#1297);
#808=LINE('',#6044,#1298);
#809=LINE('',#6045,#1299);
#810=LINE('',#6048,#1300);
#811=LINE('',#6050,#1301);
#812=LINE('',#6051,#1302);
#813=LINE('',#6054,#1303);
#814=LINE('',#6056,#1304);
#815=LINE('',#6057,#1305);
#816=LINE('',#6060,#1306);
#817=LINE('',#6062,#1307);
#818=LINE('',#6063,#1308);
#819=LINE('',#6066,#1309);
#820=LINE('',#6068,#1310);
#821=LINE('',#6069,#1311);
#822=LINE('',#6072,#1312);
#823=LINE('',#6074,#1313);
#824=LINE('',#6075,#1314);
#825=LINE('',#6078,#1315);
#826=LINE('',#6080,#1316);
#827=LINE('',#6081,#1317);
#828=LINE('',#6084,#1318);
#829=LINE('',#6086,#1319);
#830=LINE('',#6087,#1320);
#831=LINE('',#6089,#1321);
#832=LINE('',#6090,#1322);
#833=LINE('',#6095,#1323);
#834=LINE('',#6097,#1324);
#835=LINE('',#6099,#1325);
#836=LINE('',#6100,#1326);
#837=LINE('',#6103,#1327);
#838=LINE('',#6105,#1328);
#839=LINE('',#6106,#1329);
#840=LINE('',#6109,#1330);
#841=LINE('',#6111,#1331);
#842=LINE('',#6112,#1332);
#843=LINE('',#6115,#1333);
#844=LINE('',#6117,#1334);
#845=LINE('',#6118,#1335);
#846=LINE('',#6121,#1336);
#847=LINE('',#6123,#1337);
#848=LINE('',#6124,#1338);
#849=LINE('',#6127,#1339);
#850=LINE('',#6129,#1340);
#851=LINE('',#6130,#1341);
#852=LINE('',#6132,#1342);
#853=LINE('',#6133,#1343);
#854=LINE('',#6135,#1344);
#855=LINE('',#6139,#1345);
#856=LINE('',#6141,#1346);
#857=LINE('',#6143,#1347);
#858=LINE('',#6144,#1348);
#859=LINE('',#6147,#1349);
#860=LINE('',#6149,#1350);
#861=LINE('',#6150,#1351);
#862=LINE('',#6153,#1352);
#863=LINE('',#6155,#1353);
#864=LINE('',#6156,#1354);
#865=LINE('',#6159,#1355);
#866=LINE('',#6161,#1356);
#867=LINE('',#6162,#1357);
#868=LINE('',#6165,#1358);
#869=LINE('',#6167,#1359);
#870=LINE('',#6168,#1360);
#871=LINE('',#6171,#1361);
#872=LINE('',#6173,#1362);
#873=LINE('',#6174,#1363);
#874=LINE('',#6177,#1364);
#875=LINE('',#6179,#1365);
#876=LINE('',#6180,#1366);
#877=LINE('',#6183,#1367);
#878=LINE('',#6185,#1368);
#879=LINE('',#6186,#1369);
#880=LINE('',#6189,#1370);
#881=LINE('',#6191,#1371);
#882=LINE('',#6192,#1372);
#883=LINE('',#6195,#1373);
#884=LINE('',#6197,#1374);
#885=LINE('',#6198,#1375);
#886=LINE('',#6200,#1376);
#887=LINE('',#6201,#1377);
#888=LINE('',#6203,#1378);
#889=LINE('',#6207,#1379);
#890=LINE('',#6209,#1380);
#891=LINE('',#6211,#1381);
#892=LINE('',#6212,#1382);
#893=LINE('',#6215,#1383);
#894=LINE('',#6217,#1384);
#895=LINE('',#6218,#1385);
#896=LINE('',#6221,#1386);
#897=LINE('',#6223,#1387);
#898=LINE('',#6224,#1388);
#899=LINE('',#6227,#1389);
#900=LINE('',#6229,#1390);
#901=LINE('',#6230,#1391);
#902=LINE('',#6233,#1392);
#903=LINE('',#6235,#1393);
#904=LINE('',#6236,#1394);
#905=LINE('',#6239,#1395);
#906=LINE('',#6241,#1396);
#907=LINE('',#6242,#1397);
#908=LINE('',#6245,#1398);
#909=LINE('',#6247,#1399);
#910=LINE('',#6248,#1400);
#911=LINE('',#6251,#1401);
#912=LINE('',#6253,#1402);
#913=LINE('',#6254,#1403);
#914=LINE('',#6257,#1404);
#915=LINE('',#6259,#1405);
#916=LINE('',#6260,#1406);
#917=LINE('',#6263,#1407);
#918=LINE('',#6265,#1408);
#919=LINE('',#6266,#1409);
#920=LINE('',#6269,#1410);
#921=LINE('',#6271,#1411);
#922=LINE('',#6272,#1412);
#923=LINE('',#6274,#1413);
#924=LINE('',#6275,#1414);
#925=LINE('',#6280,#1415);
#926=LINE('',#6282,#1416);
#927=LINE('',#6284,#1417);
#928=LINE('',#6285,#1418);
#929=LINE('',#6288,#1419);
#930=LINE('',#6290,#1420);
#931=LINE('',#6291,#1421);
#932=LINE('',#6294,#1422);
#933=LINE('',#6296,#1423);
#934=LINE('',#6297,#1424);
#935=LINE('',#6300,#1425);
#936=LINE('',#6302,#1426);
#937=LINE('',#6303,#1427);
#938=LINE('',#6306,#1428);
#939=LINE('',#6308,#1429);
#940=LINE('',#6309,#1430);
#941=LINE('',#6311,#1431);
#942=LINE('',#6312,#1432);
#943=LINE('',#6314,#1433);
#944=LINE('',#6318,#1434);
#945=LINE('',#6320,#1435);
#946=LINE('',#6322,#1436);
#947=LINE('',#6323,#1437);
#948=LINE('',#6326,#1438);
#949=LINE('',#6328,#1439);
#950=LINE('',#6329,#1440);
#951=LINE('',#6332,#1441);
#952=LINE('',#6334,#1442);
#953=LINE('',#6335,#1443);
#954=LINE('',#6338,#1444);
#955=LINE('',#6340,#1445);
#956=LINE('',#6341,#1446);
#957=LINE('',#6344,#1447);
#958=LINE('',#6346,#1448);
#959=LINE('',#6347,#1449);
#960=LINE('',#6349,#1450);
#961=LINE('',#6350,#1451);
#962=LINE('',#6352,#1452);
#963=LINE('',#6356,#1453);
#964=LINE('',#6358,#1454);
#965=LINE('',#6360,#1455);
#966=LINE('',#6361,#1456);
#967=LINE('',#6364,#1457);
#968=LINE('',#6366,#1458);
#969=LINE('',#6367,#1459);
#970=LINE('',#6370,#1460);
#971=LINE('',#6371,#1461);
#972=LINE('',#6374,#1462);
#973=LINE('',#6376,#1463);
#974=LINE('',#6377,#1464);
#975=LINE('',#6380,#1465);
#976=LINE('',#6382,#1466);
#977=LINE('',#6383,#1467);
#978=LINE('',#6386,#1468);
#979=LINE('',#6388,#1469);
#980=LINE('',#6389,#1470);
#981=LINE('',#6392,#1471);
#982=LINE('',#6394,#1472);
#983=LINE('',#6395,#1473);
#984=LINE('',#6401,#1474);
#985=LINE('',#6404,#1475);
#986=LINE('',#6406,#1476);
#987=LINE('',#6407,#1477);
#988=LINE('',#6413,#1478);
#989=LINE('',#6415,#1479);
#990=LINE('',#6416,#1480);
#991=LINE('',#6422,#1481);
#992=LINE('',#6425,#1482);
#993=LINE('',#6427,#1483);
#994=LINE('',#6428,#1484);
#995=LINE('',#6433,#1485);
#996=LINE('',#6439,#1486);
#997=LINE('',#6440,#1487);
#998=LINE('',#6447,#1488);
#999=LINE('',#6449,#1489);
#1000=LINE('',#6453,#1490);
#1001=LINE('',#6457,#1491);
#1002=LINE('',#6458,#1492);
#1003=LINE('',#6461,#1493);
#1004=LINE('',#6462,#1494);
#1005=LINE('',#6467,#1495);
#1006=LINE('',#6473,#1496);
#1007=LINE('',#6477,#1497);
#1008=LINE('',#6482,#1498);
#1009=LINE('',#6498,#1499);
#1010=LINE('',#6502,#1500);
#1011=LINE('',#6506,#1501);
#1012=LINE('',#6508,#1502);
#1013=LINE('',#6512,#1503);
#1014=LINE('',#6516,#1504);
#1015=LINE('',#6518,#1505);
#1016=LINE('',#6519,#1506);
#1017=LINE('',#6521,#1507);
#1018=LINE('',#6523,#1508);
#1019=LINE('',#6525,#1509);
#1020=LINE('',#6527,#1510);
#1021=LINE('',#6531,#1511);
#1022=LINE('',#6534,#1512);
#1023=LINE('',#6537,#1513);
#1024=LINE('',#6539,#1514);
#1025=LINE('',#6540,#1515);
#1026=LINE('',#6543,#1516);
#1027=LINE('',#6545,#1517);
#1028=LINE('',#6546,#1518);
#1029=LINE('',#6547,#1519);
#1030=LINE('',#6550,#1520);
#1031=LINE('',#6552,#1521);
#1032=LINE('',#6554,#1522);
#1033=LINE('',#6555,#1523);
#1034=LINE('',#6558,#1524);
#1035=LINE('',#6560,#1525);
#1036=LINE('',#6561,#1526);
#1037=LINE('',#6568,#1527);
#1038=LINE('',#6569,#1528);
#1039=LINE('',#6571,#1529);
#1040=LINE('',#6574,#1530);
#1041=LINE('',#6576,#1531);
#1042=LINE('',#6577,#1532);
#1043=LINE('',#6579,#1533);
#1044=LINE('',#6581,#1534);
#1045=LINE('',#6584,#1535);
#1046=LINE('',#6586,#1536);
#1047=LINE('',#6588,#1537);
#1048=LINE('',#6589,#1538);
#1049=LINE('',#6592,#1539);
#1050=LINE('',#6593,#1540);
#1051=LINE('',#6596,#1541);
#1052=LINE('',#6598,#1542);
#1053=LINE('',#6600,#1543);
#1054=LINE('',#6601,#1544);
#1055=LINE('',#6604,#1545);
#1056=LINE('',#6606,#1546);
#1057=LINE('',#6607,#1547);
#1058=LINE('',#6610,#1548);
#1059=LINE('',#6612,#1549);
#1060=LINE('',#6614,#1550);
#1061=LINE('',#6615,#1551);
#1062=LINE('',#6619,#1552);
#1063=LINE('',#6622,#1553);
#1064=LINE('',#6623,#1554);
#1065=LINE('',#6627,#1555);
#1066=LINE('',#6630,#1556);
#1067=LINE('',#6631,#1557);
#1068=LINE('',#6634,#1558);
#1069=LINE('',#6636,#1559);
#1070=LINE('',#6638,#1560);
#1071=LINE('',#6639,#1561);
#1072=LINE('',#6642,#1562);
#1073=LINE('',#6644,#1563);
#1074=LINE('',#6646,#1564);
#1075=LINE('',#6647,#1565);
#1076=LINE('',#6650,#1566);
#1077=LINE('',#6652,#1567);
#1078=LINE('',#6654,#1568);
#1079=LINE('',#6655,#1569);
#1080=LINE('',#6658,#1570);
#1081=LINE('',#6660,#1571);
#1082=LINE('',#6662,#1572);
#1083=LINE('',#6663,#1573);
#1084=LINE('',#6666,#1574);
#1085=LINE('',#6667,#1575);
#1086=LINE('',#6668,#1576);
#1087=LINE('',#6687,#1577);
#1088=LINE('',#6689,#1578);
#1089=LINE('',#6690,#1579);
#1090=LINE('',#6693,#1580);
#1091=LINE('',#6697,#1581);
#1092=LINE('',#6698,#1582);
#1093=LINE('',#6701,#1583);
#1094=LINE('',#6705,#1584);
#1095=LINE('',#6706,#1585);
#1096=LINE('',#6709,#1586);
#1097=LINE('',#6713,#1587);
#1098=LINE('',#6714,#1588);
#1099=LINE('',#6717,#1589);
#1100=LINE('',#6721,#1590);
#1101=LINE('',#6722,#1591);
#1102=LINE('',#6725,#1592);
#1103=LINE('',#6729,#1593);
#1104=LINE('',#6730,#1594);
#1105=LINE('',#6733,#1595);
#1106=LINE('',#6737,#1596);
#1107=LINE('',#6738,#1597);
#1108=LINE('',#6741,#1598);
#1109=LINE('',#6744,#1599);
#1110=LINE('',#6748,#1600);
#1111=LINE('',#6752,#1601);
#1112=LINE('',#6754,#1602);
#1113=LINE('',#6758,#1603);
#1114=LINE('',#6762,#1604);
#1115=LINE('',#6763,#1605);
#1116=LINE('',#6765,#1606);
#1117=LINE('',#6767,#1607);
#1118=LINE('',#6771,#1608);
#1119=LINE('',#6772,#1609);
#1120=LINE('',#6776,#1610);
#1121=LINE('',#6779,#1611);
#1122=LINE('',#6780,#1612);
#1123=LINE('',#6783,#1613);
#1124=LINE('',#6786,#1614);
#1125=LINE('',#6788,#1615);
#1126=LINE('',#6792,#1616);
#1127=LINE('',#6794,#1617);
#1128=LINE('',#6796,#1618);
#1129=LINE('',#6797,#1619);
#1130=LINE('',#6799,#1620);
#1131=LINE('',#6801,#1621);
#1132=LINE('',#6803,#1622);
#1133=LINE('',#6805,#1623);
#1134=LINE('',#6812,#1624);
#1135=LINE('',#6814,#1625);
#1136=LINE('',#6816,#1626);
#1137=LINE('',#6818,#1627);
#1138=LINE('',#6821,#1628);
#1139=LINE('',#6823,#1629);
#1140=LINE('',#6831,#1630);
#1141=LINE('',#6833,#1631);
#1142=LINE('',#6835,#1632);
#1143=LINE('',#6836,#1633);
#1144=LINE('',#6841,#1634);
#1145=LINE('',#6844,#1635);
#1146=LINE('',#6846,#1636);
#1147=LINE('',#6847,#1637);
#1148=LINE('',#6890,#1638);
#1149=LINE('',#6891,#1639);
#1150=LINE('',#6893,#1640);
#1151=LINE('',#6897,#1641);
#1152=LINE('',#6899,#1642);
#1153=LINE('',#6903,#1643);
#1154=LINE('',#6904,#1644);
#1155=LINE('',#6909,#1645);
#1156=LINE('',#6911,#1646);
#1157=LINE('',#6913,#1647);
#1158=LINE('',#6914,#1648);
#1159=LINE('',#6917,#1649);
#1160=LINE('',#6921,#1650);
#1161=LINE('',#6922,#1651);
#1162=LINE('',#6926,#1652);
#1163=LINE('',#6928,#1653);
#1164=LINE('',#6932,#1654);
#1165=LINE('',#6935,#1655);
#1166=LINE('',#6937,#1656);
#1167=LINE('',#6939,#1657);
#1168=LINE('',#6942,#1658);
#1169=LINE('',#6943,#1659);
#1170=LINE('',#6946,#1660);
#1171=LINE('',#6950,#1661);
#1172=LINE('',#6951,#1662);
#1173=LINE('',#6954,#1663);
#1174=LINE('',#6957,#1664);
#1175=LINE('',#6959,#1665);
#1176=LINE('',#6960,#1666);
#1177=LINE('',#6962,#1667);
#1178=LINE('',#6964,#1668);
#1179=LINE('',#6969,#1669);
#1180=VECTOR('',#4580,10.);
#1181=VECTOR('',#4581,10.);
#1182=VECTOR('',#4582,10.);
#1183=VECTOR('',#4583,10.);
#1184=VECTOR('',#4586,10.);
#1185=VECTOR('',#4587,10.);
#1186=VECTOR('',#4588,10.);
#1187=VECTOR('',#4591,10.);
#1188=VECTOR('',#4592,10.);
#1189=VECTOR('',#4595,10.);
#1190=VECTOR('',#4596,10.);
#1191=VECTOR('',#4597,10.);
#1192=VECTOR('',#4598,10.);
#1193=VECTOR('',#4601,10.);
#1194=VECTOR('',#4602,10.);
#1195=VECTOR('',#4603,10.);
#1196=VECTOR('',#4606,10.);
#1197=VECTOR('',#4607,10.);
#1198=VECTOR('',#4610,10.);
#1199=VECTOR('',#4611,10.);
#1200=VECTOR('',#4612,10.);
#1201=VECTOR('',#4613,10.);
#1202=VECTOR('',#4616,10.);
#1203=VECTOR('',#4617,10.);
#1204=VECTOR('',#4618,10.);
#1205=VECTOR('',#4621,10.);
#1206=VECTOR('',#4622,10.);
#1207=VECTOR('',#4625,10.);
#1208=VECTOR('',#4626,10.);
#1209=VECTOR('',#4627,10.);
#1210=VECTOR('',#4628,10.);
#1211=VECTOR('',#4631,10.);
#1212=VECTOR('',#4632,10.);
#1213=VECTOR('',#4633,10.);
#1214=VECTOR('',#4636,10.);
#1215=VECTOR('',#4637,10.);
#1216=VECTOR('',#4640,10.);
#1217=VECTOR('',#4641,10.);
#1218=VECTOR('',#4642,10.);
#1219=VECTOR('',#4643,10.);
#1220=VECTOR('',#4646,10.);
#1221=VECTOR('',#4647,10.);
#1222=VECTOR('',#4650,10.);
#1223=VECTOR('',#4651,10.);
#1224=VECTOR('',#4654,10.);
#1225=VECTOR('',#4655,10.);
#1226=VECTOR('',#4658,10.);
#1227=VECTOR('',#4659,10.);
#1228=VECTOR('',#4664,10.);
#1229=VECTOR('',#4669,10.);
#1230=VECTOR('',#4672,10.);
#1231=VECTOR('',#4673,10.);
#1232=VECTOR('',#4674,10.);
#1233=VECTOR('',#4679,10.);
#1234=VECTOR('',#4684,10.);
#1235=VECTOR('',#4687,10.);
#1236=VECTOR('',#4688,10.);
#1237=VECTOR('',#4693,10.);
#1238=VECTOR('',#4698,10.);
#1239=VECTOR('',#4701,10.);
#1240=VECTOR('',#4702,10.);
#1241=VECTOR('',#4707,10.);
#1242=VECTOR('',#4712,10.);
#1243=VECTOR('',#4715,10.);
#1244=VECTOR('',#4716,10.);
#1245=VECTOR('',#4721,10.);
#1246=VECTOR('',#4726,10.);
#1247=VECTOR('',#4729,10.);
#1248=VECTOR('',#4730,10.);
#1249=VECTOR('',#4735,10.);
#1250=VECTOR('',#4740,10.);
#1251=VECTOR('',#4743,10.);
#1252=VECTOR('',#4744,10.);
#1253=VECTOR('',#4749,10.);
#1254=VECTOR('',#4754,10.);
#1255=VECTOR('',#4757,10.);
#1256=VECTOR('',#4758,10.);
#1257=VECTOR('',#4759,10.);
#1258=VECTOR('',#4764,10.);
#1259=VECTOR('',#4769,10.);
#1260=VECTOR('',#4772,10.);
#1261=VECTOR('',#4773,10.);
#1262=VECTOR('',#4778,10.);
#1263=VECTOR('',#4783,10.);
#1264=VECTOR('',#4786,10.);
#1265=VECTOR('',#4787,10.);
#1266=VECTOR('',#4792,10.);
#1267=VECTOR('',#4797,10.);
#1268=VECTOR('',#4800,10.);
#1269=VECTOR('',#4801,10.);
#1270=VECTOR('',#4802,10.);
#1271=VECTOR('',#4811,10.);
#1272=VECTOR('',#4814,10.);
#1273=VECTOR('',#4815,10.);
#1274=VECTOR('',#4816,10.);
#1275=VECTOR('',#4819,10.);
#1276=VECTOR('',#4820,10.);
#1277=VECTOR('',#4821,10.);
#1278=VECTOR('',#4822,10.);
#1279=VECTOR('',#4825,10.);
#1280=VECTOR('',#4826,10.);
#1281=VECTOR('',#4827,10.);
#1282=VECTOR('',#4830,10.);
#1283=VECTOR('',#4831,10.);
#1284=VECTOR('',#4832,10.);
#1285=VECTOR('',#4835,10.);
#1286=VECTOR('',#4836,10.);
#1287=VECTOR('',#4837,10.);
#1288=VECTOR('',#4840,10.);
#1289=VECTOR('',#4841,10.);
#1290=VECTOR('',#4842,10.);
#1291=VECTOR('',#4845,10.);
#1292=VECTOR('',#4846,10.);
#1293=VECTOR('',#4847,10.);
#1294=VECTOR('',#4850,10.);
#1295=VECTOR('',#4851,10.);
#1296=VECTOR('',#4852,10.);
#1297=VECTOR('',#4855,10.);
#1298=VECTOR('',#4856,10.);
#1299=VECTOR('',#4857,10.);
#1300=VECTOR('',#4860,10.);
#1301=VECTOR('',#4861,10.);
#1302=VECTOR('',#4862,10.);
#1303=VECTOR('',#4865,10.);
#1304=VECTOR('',#4866,9.99999999999999);
#1305=VECTOR('',#4867,10.);
#1306=VECTOR('',#4870,10.);
#1307=VECTOR('',#4871,10.);
#1308=VECTOR('',#4872,10.);
#1309=VECTOR('',#4875,10.);
#1310=VECTOR('',#4876,10.);
#1311=VECTOR('',#4877,10.);
#1312=VECTOR('',#4880,10.);
#1313=VECTOR('',#4881,10.);
#1314=VECTOR('',#4882,10.);
#1315=VECTOR('',#4885,10.);
#1316=VECTOR('',#4886,10.);
#1317=VECTOR('',#4887,10.);
#1318=VECTOR('',#4890,10.);
#1319=VECTOR('',#4891,10.);
#1320=VECTOR('',#4892,10.);
#1321=VECTOR('',#4895,10.);
#1322=VECTOR('',#4896,10.);
#1323=VECTOR('',#4901,10.);
#1324=VECTOR('',#4902,10.);
#1325=VECTOR('',#4903,10.);
#1326=VECTOR('',#4904,10.);
#1327=VECTOR('',#4907,10.);
#1328=VECTOR('',#4908,10.);
#1329=VECTOR('',#4909,10.);
#1330=VECTOR('',#4912,10.);
#1331=VECTOR('',#4913,10.);
#1332=VECTOR('',#4914,10.);
#1333=VECTOR('',#4917,10.);
#1334=VECTOR('',#4918,10.);
#1335=VECTOR('',#4919,10.);
#1336=VECTOR('',#4922,10.);
#1337=VECTOR('',#4923,10.);
#1338=VECTOR('',#4924,10.);
#1339=VECTOR('',#4927,10.);
#1340=VECTOR('',#4928,10.);
#1341=VECTOR('',#4929,10.);
#1342=VECTOR('',#4932,10.);
#1343=VECTOR('',#4933,10.);
#1344=VECTOR('',#4936,10.);
#1345=VECTOR('',#4939,10.);
#1346=VECTOR('',#4940,10.);
#1347=VECTOR('',#4941,10.);
#1348=VECTOR('',#4942,10.);
#1349=VECTOR('',#4945,10.);
#1350=VECTOR('',#4946,10.);
#1351=VECTOR('',#4947,10.);
#1352=VECTOR('',#4950,10.);
#1353=VECTOR('',#4951,10.);
#1354=VECTOR('',#4952,10.);
#1355=VECTOR('',#4955,10.);
#1356=VECTOR('',#4956,10.);
#1357=VECTOR('',#4957,10.);
#1358=VECTOR('',#4960,10.);
#1359=VECTOR('',#4961,10.);
#1360=VECTOR('',#4962,10.);
#1361=VECTOR('',#4965,10.);
#1362=VECTOR('',#4966,10.);
#1363=VECTOR('',#4967,10.);
#1364=VECTOR('',#4970,10.);
#1365=VECTOR('',#4971,10.);
#1366=VECTOR('',#4972,10.);
#1367=VECTOR('',#4975,10.);
#1368=VECTOR('',#4976,10.);
#1369=VECTOR('',#4977,10.);
#1370=VECTOR('',#4980,10.);
#1371=VECTOR('',#4981,10.);
#1372=VECTOR('',#4982,10.);
#1373=VECTOR('',#4985,10.);
#1374=VECTOR('',#4986,10.);
#1375=VECTOR('',#4987,10.);
#1376=VECTOR('',#4990,10.);
#1377=VECTOR('',#4991,10.);
#1378=VECTOR('',#4994,10.);
#1379=VECTOR('',#4997,10.);
#1380=VECTOR('',#4998,10.);
#1381=VECTOR('',#4999,10.);
#1382=VECTOR('',#5000,10.);
#1383=VECTOR('',#5003,9.99999999999999);
#1384=VECTOR('',#5004,10.);
#1385=VECTOR('',#5005,9.99999999999999);
#1386=VECTOR('',#5008,10.);
#1387=VECTOR('',#5009,10.);
#1388=VECTOR('',#5010,10.);
#1389=VECTOR('',#5013,10.);
#1390=VECTOR('',#5014,10.);
#1391=VECTOR('',#5015,10.);
#1392=VECTOR('',#5018,10.);
#1393=VECTOR('',#5019,10.);
#1394=VECTOR('',#5020,10.);
#1395=VECTOR('',#5023,10.);
#1396=VECTOR('',#5024,10.);
#1397=VECTOR('',#5025,10.);
#1398=VECTOR('',#5028,10.);
#1399=VECTOR('',#5029,10.);
#1400=VECTOR('',#5030,10.);
#1401=VECTOR('',#5033,10.);
#1402=VECTOR('',#5034,10.);
#1403=VECTOR('',#5035,10.);
#1404=VECTOR('',#5038,10.);
#1405=VECTOR('',#5039,10.);
#1406=VECTOR('',#5040,10.);
#1407=VECTOR('',#5043,10.);
#1408=VECTOR('',#5044,10.);
#1409=VECTOR('',#5045,10.);
#1410=VECTOR('',#5048,9.99999999999999);
#1411=VECTOR('',#5049,9.99999999999999);
#1412=VECTOR('',#5050,10.);
#1413=VECTOR('',#5053,10.);
#1414=VECTOR('',#5054,10.);
#1415=VECTOR('',#5059,10.);
#1416=VECTOR('',#5060,10.);
#1417=VECTOR('',#5061,10.);
#1418=VECTOR('',#5062,10.);
#1419=VECTOR('',#5065,10.);
#1420=VECTOR('',#5066,10.);
#1421=VECTOR('',#5067,10.);
#1422=VECTOR('',#5070,10.);
#1423=VECTOR('',#5071,10.);
#1424=VECTOR('',#5072,10.);
#1425=VECTOR('',#5075,10.);
#1426=VECTOR('',#5076,10.);
#1427=VECTOR('',#5077,10.);
#1428=VECTOR('',#5080,10.);
#1429=VECTOR('',#5081,10.);
#1430=VECTOR('',#5082,10.);
#1431=VECTOR('',#5085,10.);
#1432=VECTOR('',#5086,10.);
#1433=VECTOR('',#5089,10.);
#1434=VECTOR('',#5092,10.);
#1435=VECTOR('',#5093,10.);
#1436=VECTOR('',#5094,10.);
#1437=VECTOR('',#5095,10.);
#1438=VECTOR('',#5098,10.);
#1439=VECTOR('',#5099,10.);
#1440=VECTOR('',#5100,10.);
#1441=VECTOR('',#5103,10.);
#1442=VECTOR('',#5104,10.);
#1443=VECTOR('',#5105,10.);
#1444=VECTOR('',#5108,10.);
#1445=VECTOR('',#5109,10.);
#1446=VECTOR('',#5110,10.);
#1447=VECTOR('',#5113,10.);
#1448=VECTOR('',#5114,10.);
#1449=VECTOR('',#5115,10.);
#1450=VECTOR('',#5118,10.);
#1451=VECTOR('',#5119,10.);
#1452=VECTOR('',#5122,10.);
#1453=VECTOR('',#5125,10.);
#1454=VECTOR('',#5126,10.);
#1455=VECTOR('',#5127,10.);
#1456=VECTOR('',#5128,10.);
#1457=VECTOR('',#5131,10.);
#1458=VECTOR('',#5132,10.);
#1459=VECTOR('',#5133,10.);
#1460=VECTOR('',#5136,10.);
#1461=VECTOR('',#5137,10.);
#1462=VECTOR('',#5140,10.);
#1463=VECTOR('',#5141,10.);
#1464=VECTOR('',#5142,10.);
#1465=VECTOR('',#5145,10.);
#1466=VECTOR('',#5146,10.);
#1467=VECTOR('',#5147,10.);
#1468=VECTOR('',#5150,10.);
#1469=VECTOR('',#5151,10.);
#1470=VECTOR('',#5152,10.);
#1471=VECTOR('',#5155,10.);
#1472=VECTOR('',#5156,10.);
#1473=VECTOR('',#5157,10.);
#1474=VECTOR('',#5164,10.);
#1475=VECTOR('',#5167,10.);
#1476=VECTOR('',#5168,10.);
#1477=VECTOR('',#5169,10.);
#1478=VECTOR('',#5178,10.);
#1479=VECTOR('',#5179,10.);
#1480=VECTOR('',#5180,10.);
#1481=VECTOR('',#5187,10.);
#1482=VECTOR('',#5190,10.);
#1483=VECTOR('',#5191,10.);
#1484=VECTOR('',#5192,10.);
#1485=VECTOR('',#5201,10.);
#1486=VECTOR('',#5206,10.);
#1487=VECTOR('',#5207,10.);
#1488=VECTOR('',#5214,10.);
#1489=VECTOR('',#5215,10.);
#1490=VECTOR('',#5218,10.);
#1491=VECTOR('',#5221,10.);
#1492=VECTOR('',#5222,10.);
#1493=VECTOR('',#5225,10.);
#1494=VECTOR('',#5226,10.);
#1495=VECTOR('',#5231,1.35);
#1496=VECTOR('',#5238,1.35);
#1497=VECTOR('',#5243,2.25);
#1498=VECTOR('',#5250,2.25);
#1499=VECTOR('',#5269,10.);
#1500=VECTOR('',#5272,10.);
#1501=VECTOR('',#5275,10.);
#1502=VECTOR('',#5276,10.);
#1503=VECTOR('',#5279,10.);
#1504=VECTOR('',#5282,10.);
#1505=VECTOR('',#5283,10.);
#1506=VECTOR('',#5284,10.);
#1507=VECTOR('',#5285,10.);
#1508=VECTOR('',#5286,10.);
#1509=VECTOR('',#5287,10.);
#1510=VECTOR('',#5288,10.);
#1511=VECTOR('',#5291,10.);
#1512=VECTOR('',#5294,10.);
#1513=VECTOR('',#5297,10.);
#1514=VECTOR('',#5298,10.);
#1515=VECTOR('',#5299,10.);
#1516=VECTOR('',#5302,10.);
#1517=VECTOR('',#5303,10.);
#1518=VECTOR('',#5304,10.);
#1519=VECTOR('',#5305,10.);
#1520=VECTOR('',#5308,10.);
#1521=VECTOR('',#5309,10.);
#1522=VECTOR('',#5310,10.);
#1523=VECTOR('',#5311,10.);
#1524=VECTOR('',#5314,10.);
#1525=VECTOR('',#5315,10.);
#1526=VECTOR('',#5316,10.);
#1527=VECTOR('',#5327,10.);
#1528=VECTOR('',#5328,10.);
#1529=VECTOR('',#5331,10.);
#1530=VECTOR('',#5334,10.);
#1531=VECTOR('',#5335,10.);
#1532=VECTOR('',#5336,10.);
#1533=VECTOR('',#5339,10.);
#1534=VECTOR('',#5342,10.);
#1535=VECTOR('',#5345,10.);
#1536=VECTOR('',#5346,10.);
#1537=VECTOR('',#5347,10.);
#1538=VECTOR('',#5348,10.);
#1539=VECTOR('',#5351,10.);
#1540=VECTOR('',#5352,10.);
#1541=VECTOR('',#5355,10.);
#1542=VECTOR('',#5356,10.);
#1543=VECTOR('',#5357,10.);
#1544=VECTOR('',#5358,10.);
#1545=VECTOR('',#5361,10.);
#1546=VECTOR('',#5362,10.);
#1547=VECTOR('',#5363,10.);
#1548=VECTOR('',#5366,10.);
#1549=VECTOR('',#5367,10.);
#1550=VECTOR('',#5368,10.);
#1551=VECTOR('',#5369,10.);
#1552=VECTOR('',#5374,10.);
#1553=VECTOR('',#5377,10.);
#1554=VECTOR('',#5378,10.);
#1555=VECTOR('',#5383,10.);
#1556=VECTOR('',#5386,10.);
#1557=VECTOR('',#5387,10.);
#1558=VECTOR('',#5390,10.);
#1559=VECTOR('',#5391,10.);
#1560=VECTOR('',#5392,10.);
#1561=VECTOR('',#5393,10.);
#1562=VECTOR('',#5396,10.);
#1563=VECTOR('',#5397,10.);
#1564=VECTOR('',#5398,10.);
#1565=VECTOR('',#5399,10.);
#1566=VECTOR('',#5402,10.);
#1567=VECTOR('',#5403,10.);
#1568=VECTOR('',#5404,10.);
#1569=VECTOR('',#5405,10.);
#1570=VECTOR('',#5408,10.);
#1571=VECTOR('',#5409,10.);
#1572=VECTOR('',#5410,10.);
#1573=VECTOR('',#5411,10.);
#1574=VECTOR('',#5414,10.);
#1575=VECTOR('',#5415,10.);
#1576=VECTOR('',#5416,10.);
#1577=VECTOR('',#5451,10.);
#1578=VECTOR('',#5452,10.);
#1579=VECTOR('',#5453,10.);
#1580=VECTOR('',#5456,10.);
#1581=VECTOR('',#5461,10.);
#1582=VECTOR('',#5462,10.);
#1583=VECTOR('',#5465,10.);
#1584=VECTOR('',#5470,10.);
#1585=VECTOR('',#5471,10.);
#1586=VECTOR('',#5474,10.);
#1587=VECTOR('',#5479,10.);
#1588=VECTOR('',#5480,10.);
#1589=VECTOR('',#5483,10.);
#1590=VECTOR('',#5488,10.);
#1591=VECTOR('',#5489,10.);
#1592=VECTOR('',#5492,10.);
#1593=VECTOR('',#5497,10.);
#1594=VECTOR('',#5498,10.);
#1595=VECTOR('',#5501,10.);
#1596=VECTOR('',#5506,10.);
#1597=VECTOR('',#5507,10.);
#1598=VECTOR('',#5510,10.);
#1599=VECTOR('',#5515,10.);
#1600=VECTOR('',#5518,10.);
#1601=VECTOR('',#5521,10.);
#1602=VECTOR('',#5522,10.);
#1603=VECTOR('',#5525,10.);
#1604=VECTOR('',#5528,10.);
#1605=VECTOR('',#5529,10.);
#1606=VECTOR('',#5532,10.);
#1607=VECTOR('',#5535,10.);
#1608=VECTOR('',#5540,10.);
#1609=VECTOR('',#5541,10.);
#1610=VECTOR('',#5546,10.);
#1611=VECTOR('',#5549,10.);
#1612=VECTOR('',#5550,10.);
#1613=VECTOR('',#5555,10.);
#1614=VECTOR('',#5560,10.);
#1615=VECTOR('',#5563,10.);
#1616=VECTOR('',#5568,10.);
#1617=VECTOR('',#5569,10.);
#1618=VECTOR('',#5570,10.);
#1619=VECTOR('',#5571,10.);
#1620=VECTOR('',#5572,10.);
#1621=VECTOR('',#5573,10.);
#1622=VECTOR('',#5574,10.);
#1623=VECTOR('',#5575,10.);
#1624=VECTOR('',#5584,10.);
#1625=VECTOR('',#5587,10.);
#1626=VECTOR('',#5590,10.);
#1627=VECTOR('',#5593,10.);
#1628=VECTOR('',#5598,2.25);
#1629=VECTOR('',#5601,2.25);
#1630=VECTOR('',#5612,10.);
#1631=VECTOR('',#5613,10.);
#1632=VECTOR('',#5614,10.);
#1633=VECTOR('',#5615,10.);
#1634=VECTOR('',#5624,10.);
#1635=VECTOR('',#5627,10.);
#1636=VECTOR('',#5628,10.);
#1637=VECTOR('',#5629,10.);
#1638=VECTOR('',#5632,10.);
#1639=VECTOR('',#5633,10.);
#1640=VECTOR('',#5636,10.);
#1641=VECTOR('',#5641,10.);
#1642=VECTOR('',#5642,10.);
#1643=VECTOR('',#5647,10.);
#1644=VECTOR('',#5648,10.);
#1645=VECTOR('',#5655,10.);
#1646=VECTOR('',#5656,10.);
#1647=VECTOR('',#5657,10.);
#1648=VECTOR('',#5658,10.);
#1649=VECTOR('',#5661,10.);
#1650=VECTOR('',#5666,10.);
#1651=VECTOR('',#5667,10.);
#1652=VECTOR('',#5674,10.);
#1653=VECTOR('',#5675,10.);
#1654=VECTOR('',#5678,10.);
#1655=VECTOR('',#5681,10.);
#1656=VECTOR('',#5684,1.35);
#1657=VECTOR('',#5687,1.35);
#1658=VECTOR('',#5690,10.);
#1659=VECTOR('',#5691,10.);
#1660=VECTOR('',#5694,10.);
#1661=VECTOR('',#5699,10.);
#1662=VECTOR('',#5700,10.);
#1663=VECTOR('',#5703,10.);
#1664=VECTOR('',#5708,10.);
#1665=VECTOR('',#5711,10.);
#1666=VECTOR('',#5712,10.);
#1667=VECTOR('',#5715,10.);
#1668=VECTOR('',#5718,10.);
#1669=VECTOR('',#5727,10.);
#1670=VERTEX_POINT('',#5732);
#1671=VERTEX_POINT('',#5733);
#1672=VERTEX_POINT('',#5735);
#1673=VERTEX_POINT('',#5737);
#1674=VERTEX_POINT('',#5741);
#1675=VERTEX_POINT('',#5743);
#1676=VERTEX_POINT('',#5747);
#1677=VERTEX_POINT('',#5751);
#1678=VERTEX_POINT('',#5752);
#1679=VERTEX_POINT('',#5754);
#1680=VERTEX_POINT('',#5756);
#1681=VERTEX_POINT('',#5760);
#1682=VERTEX_POINT('',#5762);
#1683=VERTEX_POINT('',#5766);
#1684=VERTEX_POINT('',#5770);
#1685=VERTEX_POINT('',#5771);
#1686=VERTEX_POINT('',#5773);
#1687=VERTEX_POINT('',#5775);
#1688=VERTEX_POINT('',#5779);
#1689=VERTEX_POINT('',#5781);
#1690=VERTEX_POINT('',#5785);
#1691=VERTEX_POINT('',#5789);
#1692=VERTEX_POINT('',#5790);
#1693=VERTEX_POINT('',#5792);
#1694=VERTEX_POINT('',#5794);
#1695=VERTEX_POINT('',#5798);
#1696=VERTEX_POINT('',#5800);
#1697=VERTEX_POINT('',#5804);
#1698=VERTEX_POINT('',#5808);
#1699=VERTEX_POINT('',#5809);
#1700=VERTEX_POINT('',#5811);
#1701=VERTEX_POINT('',#5813);
#1702=VERTEX_POINT('',#5817);
#1703=VERTEX_POINT('',#5821);
#1704=VERTEX_POINT('',#5825);
#1705=VERTEX_POINT('',#5829);
#1706=VERTEX_POINT('',#5833);
#1707=VERTEX_POINT('',#5834);
#1708=VERTEX_POINT('',#5836);
#1709=VERTEX_POINT('',#5838);
#1710=VERTEX_POINT('',#5840);
#1711=VERTEX_POINT('',#5844);
#1712=VERTEX_POINT('',#5846);
#1713=VERTEX_POINT('',#5850);
#1714=VERTEX_POINT('',#5851);
#1715=VERTEX_POINT('',#5853);
#1716=VERTEX_POINT('',#5855);
#1717=VERTEX_POINT('',#5857);
#1718=VERTEX_POINT('',#5864);
#1719=VERTEX_POINT('',#5865);
#1720=VERTEX_POINT('',#5867);
#1721=VERTEX_POINT('',#5869);
#1722=VERTEX_POINT('',#5871);
#1723=VERTEX_POINT('',#5878);
#1724=VERTEX_POINT('',#5879);
#1725=VERTEX_POINT('',#5881);
#1726=VERTEX_POINT('',#5883);
#1727=VERTEX_POINT('',#5885);
#1728=VERTEX_POINT('',#5892);
#1729=VERTEX_POINT('',#5893);
#1730=VERTEX_POINT('',#5895);
#1731=VERTEX_POINT('',#5897);
#1732=VERTEX_POINT('',#5899);
#1733=VERTEX_POINT('',#5906);
#1734=VERTEX_POINT('',#5907);
#1735=VERTEX_POINT('',#5909);
#1736=VERTEX_POINT('',#5911);
#1737=VERTEX_POINT('',#5913);
#1738=VERTEX_POINT('',#5920);
#1739=VERTEX_POINT('',#5921);
#1740=VERTEX_POINT('',#5923);
#1741=VERTEX_POINT('',#5925);
#1742=VERTEX_POINT('',#5927);
#1743=VERTEX_POINT('',#5931);
#1744=VERTEX_POINT('',#5933);
#1745=VERTEX_POINT('',#5937);
#1746=VERTEX_POINT('',#5938);
#1747=VERTEX_POINT('',#5940);
#1748=VERTEX_POINT('',#5942);
#1749=VERTEX_POINT('',#5944);
#1750=VERTEX_POINT('',#5951);
#1751=VERTEX_POINT('',#5952);
#1752=VERTEX_POINT('',#5954);
#1753=VERTEX_POINT('',#5956);
#1754=VERTEX_POINT('',#5958);
#1755=VERTEX_POINT('',#5965);
#1756=VERTEX_POINT('',#5966);
#1757=VERTEX_POINT('',#5968);
#1758=VERTEX_POINT('',#5970);
#1759=VERTEX_POINT('',#5972);
#1760=VERTEX_POINT('',#5976);
#1761=VERTEX_POINT('',#5978);
#1762=VERTEX_POINT('',#5982);
#1763=VERTEX_POINT('',#5984);
#1764=VERTEX_POINT('',#5986);
#1765=VERTEX_POINT('',#5990);
#1766=VERTEX_POINT('',#5992);
#1767=VERTEX_POINT('',#5996);
#1768=VERTEX_POINT('',#5997);
#1769=VERTEX_POINT('',#5999);
#1770=VERTEX_POINT('',#6001);
#1771=VERTEX_POINT('',#6005);
#1772=VERTEX_POINT('',#6007);
#1773=VERTEX_POINT('',#6011);
#1774=VERTEX_POINT('',#6013);
#1775=VERTEX_POINT('',#6017);
#1776=VERTEX_POINT('',#6019);
#1777=VERTEX_POINT('',#6023);
#1778=VERTEX_POINT('',#6025);
#1779=VERTEX_POINT('',#6029);
#1780=VERTEX_POINT('',#6031);
#1781=VERTEX_POINT('',#6035);
#1782=VERTEX_POINT('',#6037);
#1783=VERTEX_POINT('',#6041);
#1784=VERTEX_POINT('',#6043);
#1785=VERTEX_POINT('',#6047);
#1786=VERTEX_POINT('',#6049);
#1787=VERTEX_POINT('',#6053);
#1788=VERTEX_POINT('',#6055);
#1789=VERTEX_POINT('',#6059);
#1790=VERTEX_POINT('',#6061);
#1791=VERTEX_POINT('',#6065);
#1792=VERTEX_POINT('',#6067);
#1793=VERTEX_POINT('',#6071);
#1794=VERTEX_POINT('',#6073);
#1795=VERTEX_POINT('',#6077);
#1796=VERTEX_POINT('',#6079);
#1797=VERTEX_POINT('',#6083);
#1798=VERTEX_POINT('',#6085);
#1799=VERTEX_POINT('',#6093);
#1800=VERTEX_POINT('',#6094);
#1801=VERTEX_POINT('',#6096);
#1802=VERTEX_POINT('',#6098);
#1803=VERTEX_POINT('',#6102);
#1804=VERTEX_POINT('',#6104);
#1805=VERTEX_POINT('',#6108);
#1806=VERTEX_POINT('',#6110);
#1807=VERTEX_POINT('',#6114);
#1808=VERTEX_POINT('',#6116);
#1809=VERTEX_POINT('',#6120);
#1810=VERTEX_POINT('',#6122);
#1811=VERTEX_POINT('',#6126);
#1812=VERTEX_POINT('',#6128);
#1813=VERTEX_POINT('',#6137);
#1814=VERTEX_POINT('',#6138);
#1815=VERTEX_POINT('',#6140);
#1816=VERTEX_POINT('',#6142);
#1817=VERTEX_POINT('',#6146);
#1818=VERTEX_POINT('',#6148);
#1819=VERTEX_POINT('',#6152);
#1820=VERTEX_POINT('',#6154);
#1821=VERTEX_POINT('',#6158);
#1822=VERTEX_POINT('',#6160);
#1823=VERTEX_POINT('',#6164);
#1824=VERTEX_POINT('',#6166);
#1825=VERTEX_POINT('',#6170);
#1826=VERTEX_POINT('',#6172);
#1827=VERTEX_POINT('',#6176);
#1828=VERTEX_POINT('',#6178);
#1829=VERTEX_POINT('',#6182);
#1830=VERTEX_POINT('',#6184);
#1831=VERTEX_POINT('',#6188);
#1832=VERTEX_POINT('',#6190);
#1833=VERTEX_POINT('',#6194);
#1834=VERTEX_POINT('',#6196);
#1835=VERTEX_POINT('',#6205);
#1836=VERTEX_POINT('',#6206);
#1837=VERTEX_POINT('',#6208);
#1838=VERTEX_POINT('',#6210);
#1839=VERTEX_POINT('',#6214);
#1840=VERTEX_POINT('',#6216);
#1841=VERTEX_POINT('',#6220);
#1842=VERTEX_POINT('',#6222);
#1843=VERTEX_POINT('',#6226);
#1844=VERTEX_POINT('',#6228);
#1845=VERTEX_POINT('',#6232);
#1846=VERTEX_POINT('',#6234);
#1847=VERTEX_POINT('',#6238);
#1848=VERTEX_POINT('',#6240);
#1849=VERTEX_POINT('',#6244);
#1850=VERTEX_POINT('',#6246);
#1851=VERTEX_POINT('',#6250);
#1852=VERTEX_POINT('',#6252);
#1853=VERTEX_POINT('',#6256);
#1854=VERTEX_POINT('',#6258);
#1855=VERTEX_POINT('',#6262);
#1856=VERTEX_POINT('',#6264);
#1857=VERTEX_POINT('',#6268);
#1858=VERTEX_POINT('',#6270);
#1859=VERTEX_POINT('',#6278);
#1860=VERTEX_POINT('',#6279);
#1861=VERTEX_POINT('',#6281);
#1862=VERTEX_POINT('',#6283);
#1863=VERTEX_POINT('',#6287);
#1864=VERTEX_POINT('',#6289);
#1865=VERTEX_POINT('',#6293);
#1866=VERTEX_POINT('',#6295);
#1867=VERTEX_POINT('',#6299);
#1868=VERTEX_POINT('',#6301);
#1869=VERTEX_POINT('',#6305);
#1870=VERTEX_POINT('',#6307);
#1871=VERTEX_POINT('',#6316);
#1872=VERTEX_POINT('',#6317);
#1873=VERTEX_POINT('',#6319);
#1874=VERTEX_POINT('',#6321);
#1875=VERTEX_POINT('',#6325);
#1876=VERTEX_POINT('',#6327);
#1877=VERTEX_POINT('',#6331);
#1878=VERTEX_POINT('',#6333);
#1879=VERTEX_POINT('',#6337);
#1880=VERTEX_POINT('',#6339);
#1881=VERTEX_POINT('',#6343);
#1882=VERTEX_POINT('',#6345);
#1883=VERTEX_POINT('',#6354);
#1884=VERTEX_POINT('',#6355);
#1885=VERTEX_POINT('',#6357);
#1886=VERTEX_POINT('',#6359);
#1887=VERTEX_POINT('',#6363);
#1888=VERTEX_POINT('',#6365);
#1889=VERTEX_POINT('',#6369);
#1890=VERTEX_POINT('',#6373);
#1891=VERTEX_POINT('',#6375);
#1892=VERTEX_POINT('',#6379);
#1893=VERTEX_POINT('',#6381);
#1894=VERTEX_POINT('',#6385);
#1895=VERTEX_POINT('',#6387);
#1896=VERTEX_POINT('',#6391);
#1897=VERTEX_POINT('',#6393);
#1898=VERTEX_POINT('',#6397);
#1899=VERTEX_POINT('',#6399);
#1900=VERTEX_POINT('',#6403);
#1901=VERTEX_POINT('',#6405);
#1902=VERTEX_POINT('',#6412);
#1903=VERTEX_POINT('',#6414);
#1904=VERTEX_POINT('',#6418);
#1905=VERTEX_POINT('',#6420);
#1906=VERTEX_POINT('',#6424);
#1907=VERTEX_POINT('',#6426);
#1908=VERTEX_POINT('',#6434);
#1909=VERTEX_POINT('',#6436);
#1910=VERTEX_POINT('',#6438);
#1911=VERTEX_POINT('',#6441);
#1912=VERTEX_POINT('',#6443);
#1913=VERTEX_POINT('',#6446);
#1914=VERTEX_POINT('',#6448);
#1915=VERTEX_POINT('',#6450);
#1916=VERTEX_POINT('',#6452);
#1917=VERTEX_POINT('',#6454);
#1918=VERTEX_POINT('',#6456);
#1919=VERTEX_POINT('',#6460);
#1920=VERTEX_POINT('',#6464);
#1921=VERTEX_POINT('',#6466);
#1922=VERTEX_POINT('',#6470);
#1923=VERTEX_POINT('',#6472);
#1924=VERTEX_POINT('',#6476);
#1925=VERTEX_POINT('',#6481);
#1926=VERTEX_POINT('',#6486);
#1927=VERTEX_POINT('',#6488);
#1928=VERTEX_POINT('',#6491);
#1929=VERTEX_POINT('',#6493);
#1930=VERTEX_POINT('',#6496);
#1931=VERTEX_POINT('',#6497);
#1932=VERTEX_POINT('',#6499);
#1933=VERTEX_POINT('',#6501);
#1934=VERTEX_POINT('',#6503);
#1935=VERTEX_POINT('',#6505);
#1936=VERTEX_POINT('',#6507);
#1937=VERTEX_POINT('',#6509);
#1938=VERTEX_POINT('',#6511);
#1939=VERTEX_POINT('',#6513);
#1940=VERTEX_POINT('',#6515);
#1941=VERTEX_POINT('',#6517);
#1942=VERTEX_POINT('',#6520);
#1943=VERTEX_POINT('',#6522);
#1944=VERTEX_POINT('',#6524);
#1945=VERTEX_POINT('',#6526);
#1946=VERTEX_POINT('',#6528);
#1947=VERTEX_POINT('',#6530);
#1948=VERTEX_POINT('',#6532);
#1949=VERTEX_POINT('',#6536);
#1950=VERTEX_POINT('',#6538);
#1951=VERTEX_POINT('',#6542);
#1952=VERTEX_POINT('',#6544);
#1953=VERTEX_POINT('',#6549);
#1954=VERTEX_POINT('',#6551);
#1955=VERTEX_POINT('',#6553);
#1956=VERTEX_POINT('',#6557);
#1957=VERTEX_POINT('',#6559);
#1958=VERTEX_POINT('',#6567);
#1959=VERTEX_POINT('',#6573);
#1960=VERTEX_POINT('',#6575);
#1961=VERTEX_POINT('',#6583);
#1962=VERTEX_POINT('',#6585);
#1963=VERTEX_POINT('',#6587);
#1964=VERTEX_POINT('',#6591);
#1965=VERTEX_POINT('',#6595);
#1966=VERTEX_POINT('',#6597);
#1967=VERTEX_POINT('',#6599);
#1968=VERTEX_POINT('',#6603);
#1969=VERTEX_POINT('',#6605);
#1970=VERTEX_POINT('',#6609);
#1971=VERTEX_POINT('',#6611);
#1972=VERTEX_POINT('',#6613);
#1973=VERTEX_POINT('',#6617);
#1974=VERTEX_POINT('',#6621);
#1975=VERTEX_POINT('',#6625);
#1976=VERTEX_POINT('',#6629);
#1977=VERTEX_POINT('',#6633);
#1978=VERTEX_POINT('',#6635);
#1979=VERTEX_POINT('',#6637);
#1980=VERTEX_POINT('',#6641);
#1981=VERTEX_POINT('',#6643);
#1982=VERTEX_POINT('',#6645);
#1983=VERTEX_POINT('',#6649);
#1984=VERTEX_POINT('',#6651);
#1985=VERTEX_POINT('',#6653);
#1986=VERTEX_POINT('',#6657);
#1987=VERTEX_POINT('',#6659);
#1988=VERTEX_POINT('',#6661);
#1989=VERTEX_POINT('',#6665);
#1990=VERTEX_POINT('',#6686);
#1991=VERTEX_POINT('',#6688);
#1992=VERTEX_POINT('',#6692);
#1993=VERTEX_POINT('',#6696);
#1994=VERTEX_POINT('',#6700);
#1995=VERTEX_POINT('',#6704);
#1996=VERTEX_POINT('',#6708);
#1997=VERTEX_POINT('',#6712);
#1998=VERTEX_POINT('',#6716);
#1999=VERTEX_POINT('',#6720);
#2000=VERTEX_POINT('',#6724);
#2001=VERTEX_POINT('',#6728);
#2002=VERTEX_POINT('',#6732);
#2003=VERTEX_POINT('',#6736);
#2004=VERTEX_POINT('',#6740);
#2005=VERTEX_POINT('',#6745);
#2006=VERTEX_POINT('',#6747);
#2007=VERTEX_POINT('',#6749);
#2008=VERTEX_POINT('',#6751);
#2009=VERTEX_POINT('',#6753);
#2010=VERTEX_POINT('',#6755);
#2011=VERTEX_POINT('',#6757);
#2012=VERTEX_POINT('',#6759);
#2013=VERTEX_POINT('',#6761);
#2014=VERTEX_POINT('',#6770);
#2015=VERTEX_POINT('',#6774);
#2016=VERTEX_POINT('',#6778);
#2017=VERTEX_POINT('',#6791);
#2018=VERTEX_POINT('',#6793);
#2019=VERTEX_POINT('',#6795);
#2020=VERTEX_POINT('',#6798);
#2021=VERTEX_POINT('',#6800);
#2022=VERTEX_POINT('',#6802);
#2023=VERTEX_POINT('',#6804);
#2024=VERTEX_POINT('',#6807);
#2025=VERTEX_POINT('',#6809);
#2026=VERTEX_POINT('',#6829);
#2027=VERTEX_POINT('',#6830);
#2028=VERTEX_POINT('',#6832);
#2029=VERTEX_POINT('',#6834);
#2030=VERTEX_POINT('',#6843);
#2031=VERTEX_POINT('',#6845);
#2032=VERTEX_POINT('',#6878);
#2033=VERTEX_POINT('',#6889);
#2034=VERTEX_POINT('',#6896);
#2035=VERTEX_POINT('',#6898);
#2036=VERTEX_POINT('',#6902);
#2037=VERTEX_POINT('',#6908);
#2038=VERTEX_POINT('',#6910);
#2039=VERTEX_POINT('',#6912);
#2040=VERTEX_POINT('',#6916);
#2041=VERTEX_POINT('',#6920);
#2042=VERTEX_POINT('',#6927);
#2043=VERTEX_POINT('',#6929);
#2044=VERTEX_POINT('',#6931);
#2045=VERTEX_POINT('',#6933);
#2046=VERTEX_POINT('',#6941);
#2047=VERTEX_POINT('',#6945);
#2048=VERTEX_POINT('',#6949);
#2049=VERTEX_POINT('',#6953);
#2050=EDGE_CURVE('',#1670,#1671,#690,.T.);
#2051=EDGE_CURVE('',#1672,#1670,#691,.T.);
#2052=EDGE_CURVE('',#1673,#1672,#692,.T.);
#2053=EDGE_CURVE('',#1671,#1673,#693,.T.);
#2054=EDGE_CURVE('',#1670,#1674,#694,.T.);
#2055=EDGE_CURVE('',#1675,#1674,#695,.T.);
#2056=EDGE_CURVE('',#1672,#1675,#696,.T.);
#2057=EDGE_CURVE('',#1671,#1676,#697,.T.);
#2058=EDGE_CURVE('',#1674,#1676,#698,.T.);
#2059=EDGE_CURVE('',#1677,#1678,#699,.T.);
#2060=EDGE_CURVE('',#1679,#1677,#700,.T.);
#2061=EDGE_CURVE('',#1680,#1679,#701,.T.);
#2062=EDGE_CURVE('',#1678,#1680,#702,.T.);
#2063=EDGE_CURVE('',#1677,#1681,#703,.T.);
#2064=EDGE_CURVE('',#1682,#1681,#704,.T.);
#2065=EDGE_CURVE('',#1679,#1682,#705,.T.);
#2066=EDGE_CURVE('',#1678,#1683,#706,.T.);
#2067=EDGE_CURVE('',#1681,#1683,#707,.T.);
#2068=EDGE_CURVE('',#1684,#1685,#708,.T.);
#2069=EDGE_CURVE('',#1686,#1684,#709,.T.);
#2070=EDGE_CURVE('',#1687,#1686,#710,.T.);
#2071=EDGE_CURVE('',#1685,#1687,#711,.T.);
#2072=EDGE_CURVE('',#1684,#1688,#712,.T.);
#2073=EDGE_CURVE('',#1689,#1688,#713,.T.);
#2074=EDGE_CURVE('',#1686,#1689,#714,.T.);
#2075=EDGE_CURVE('',#1685,#1690,#715,.T.);
#2076=EDGE_CURVE('',#1688,#1690,#716,.T.);
#2077=EDGE_CURVE('',#1691,#1692,#717,.T.);
#2078=EDGE_CURVE('',#1693,#1691,#718,.T.);
#2079=EDGE_CURVE('',#1694,#1693,#719,.T.);
#2080=EDGE_CURVE('',#1692,#1694,#720,.T.);
#2081=EDGE_CURVE('',#1691,#1695,#721,.T.);
#2082=EDGE_CURVE('',#1696,#1695,#722,.T.);
#2083=EDGE_CURVE('',#1693,#1696,#723,.T.);
#2084=EDGE_CURVE('',#1692,#1697,#724,.T.);
#2085=EDGE_CURVE('',#1695,#1697,#725,.T.);
#2086=EDGE_CURVE('',#1698,#1699,#726,.T.);
#2087=EDGE_CURVE('',#1700,#1698,#727,.T.);
#2088=EDGE_CURVE('',#1701,#1700,#728,.T.);
#2089=EDGE_CURVE('',#1699,#1701,#729,.T.);
#2090=EDGE_CURVE('',#1687,#1702,#730,.T.);
#2091=EDGE_CURVE('',#1690,#1702,#731,.T.);
#2092=EDGE_CURVE('',#1680,#1703,#732,.T.);
#2093=EDGE_CURVE('',#1683,#1703,#733,.T.);
#2094=EDGE_CURVE('',#1694,#1704,#734,.T.);
#2095=EDGE_CURVE('',#1697,#1704,#735,.T.);
#2096=EDGE_CURVE('',#1673,#1705,#736,.T.);
#2097=EDGE_CURVE('',#1676,#1705,#737,.T.);
#2098=EDGE_CURVE('',#1706,#1707,#83,.T.);
#2099=EDGE_CURVE('',#1707,#1708,#738,.T.);
#2100=EDGE_CURVE('',#1709,#1708,#61,.T.);
#2101=EDGE_CURVE('',#1710,#1709,#62,.T.);
#2102=EDGE_CURVE('',#1710,#1706,#739,.T.);
#2103=EDGE_CURVE('',#1711,#1710,#740,.T.);
#2104=EDGE_CURVE('',#1711,#1712,#741,.T.);
#2105=EDGE_CURVE('',#1706,#1712,#742,.T.);
#2106=EDGE_CURVE('',#1713,#1714,#84,.T.);
#2107=EDGE_CURVE('',#1714,#1715,#743,.T.);
#2108=EDGE_CURVE('',#1716,#1715,#63,.T.);
#2109=EDGE_CURVE('',#1717,#1716,#64,.T.);
#2110=EDGE_CURVE('',#1717,#1713,#744,.T.);
#2111=EDGE_CURVE('',#1713,#1707,#745,.T.);
#2112=EDGE_CURVE('',#1708,#1717,#746,.T.);
#2113=EDGE_CURVE('',#1718,#1719,#85,.T.);
#2114=EDGE_CURVE('',#1719,#1720,#747,.T.);
#2115=EDGE_CURVE('',#1721,#1720,#65,.T.);
#2116=EDGE_CURVE('',#1722,#1721,#66,.T.);
#2117=EDGE_CURVE('',#1722,#1718,#748,.T.);
#2118=EDGE_CURVE('',#1718,#1714,#749,.T.);
#2119=EDGE_CURVE('',#1715,#1722,#750,.T.);
#2120=EDGE_CURVE('',#1723,#1724,#86,.T.);
#2121=EDGE_CURVE('',#1724,#1725,#751,.T.);
#2122=EDGE_CURVE('',#1726,#1725,#67,.T.);
#2123=EDGE_CURVE('',#1727,#1726,#68,.T.);
#2124=EDGE_CURVE('',#1727,#1723,#752,.T.);
#2125=EDGE_CURVE('',#1723,#1719,#753,.T.);
#2126=EDGE_CURVE('',#1720,#1727,#754,.T.);
#2127=EDGE_CURVE('',#1728,#1729,#87,.T.);
#2128=EDGE_CURVE('',#1729,#1730,#755,.T.);
#2129=EDGE_CURVE('',#1731,#1730,#69,.T.);
#2130=EDGE_CURVE('',#1732,#1731,#70,.T.);
#2131=EDGE_CURVE('',#1732,#1728,#756,.T.);
#2132=EDGE_CURVE('',#1728,#1724,#757,.T.);
#2133=EDGE_CURVE('',#1725,#1732,#758,.T.);
#2134=EDGE_CURVE('',#1733,#1734,#88,.T.);
#2135=EDGE_CURVE('',#1734,#1735,#759,.T.);
#2136=EDGE_CURVE('',#1736,#1735,#71,.T.);
#2137=EDGE_CURVE('',#1737,#1736,#72,.T.);
#2138=EDGE_CURVE('',#1737,#1733,#760,.T.);
#2139=EDGE_CURVE('',#1733,#1729,#761,.T.);
#2140=EDGE_CURVE('',#1730,#1737,#762,.T.);
#2141=EDGE_CURVE('',#1738,#1739,#89,.T.);
#2142=EDGE_CURVE('',#1739,#1740,#763,.T.);
#2143=EDGE_CURVE('',#1741,#1740,#73,.T.);
#2144=EDGE_CURVE('',#1742,#1741,#74,.T.);
#2145=EDGE_CURVE('',#1742,#1738,#764,.T.);
#2146=EDGE_CURVE('',#1743,#1742,#765,.T.);
#2147=EDGE_CURVE('',#1743,#1744,#766,.T.);
#2148=EDGE_CURVE('',#1738,#1744,#767,.T.);
#2149=EDGE_CURVE('',#1745,#1746,#90,.T.);
#2150=EDGE_CURVE('',#1746,#1747,#768,.T.);
#2151=EDGE_CURVE('',#1748,#1747,#75,.T.);
#2152=EDGE_CURVE('',#1749,#1748,#76,.T.);
#2153=EDGE_CURVE('',#1749,#1745,#769,.T.);
#2154=EDGE_CURVE('',#1745,#1739,#770,.T.);
#2155=EDGE_CURVE('',#1740,#1749,#771,.T.);
#2156=EDGE_CURVE('',#1750,#1751,#91,.T.);
#2157=EDGE_CURVE('',#1751,#1752,#772,.T.);
#2158=EDGE_CURVE('',#1753,#1752,#77,.T.);
#2159=EDGE_CURVE('',#1754,#1753,#78,.T.);
#2160=EDGE_CURVE('',#1754,#1750,#773,.T.);
#2161=EDGE_CURVE('',#1750,#1746,#774,.T.);
#2162=EDGE_CURVE('',#1747,#1754,#775,.T.);
#2163=EDGE_CURVE('',#1755,#1756,#92,.T.);
#2164=EDGE_CURVE('',#1756,#1757,#776,.T.);
#2165=EDGE_CURVE('',#1758,#1757,#79,.T.);
#2166=EDGE_CURVE('',#1759,#1758,#80,.T.);
#2167=EDGE_CURVE('',#1759,#1755,#777,.T.);
#2168=EDGE_CURVE('',#1760,#1759,#778,.T.);
#2169=EDGE_CURVE('',#1761,#1760,#779,.T.);
#2170=EDGE_CURVE('',#1755,#1761,#780,.T.);
#2171=EDGE_CURVE('',#1762,#1761,#93,.T.);
#2172=EDGE_CURVE('',#1763,#1760,#81,.T.);
#2173=EDGE_CURVE('',#1764,#1763,#82,.T.);
#2174=EDGE_CURVE('',#1764,#1762,#781,.T.);
#2175=EDGE_CURVE('',#1765,#1764,#782,.T.);
#2176=EDGE_CURVE('',#1765,#1766,#783,.T.);
#2177=EDGE_CURVE('',#1762,#1766,#784,.T.);
#2178=EDGE_CURVE('',#1767,#1768,#785,.T.);
#2179=EDGE_CURVE('',#1767,#1769,#786,.T.);
#2180=EDGE_CURVE('',#1770,#1769,#787,.T.);
#2181=EDGE_CURVE('',#1768,#1770,#788,.T.);
#2182=EDGE_CURVE('',#1771,#1767,#789,.T.);
#2183=EDGE_CURVE('',#1771,#1772,#790,.T.);
#2184=EDGE_CURVE('',#1769,#1772,#791,.T.);
#2185=EDGE_CURVE('',#1773,#1771,#792,.T.);
#2186=EDGE_CURVE('',#1773,#1774,#793,.T.);
#2187=EDGE_CURVE('',#1772,#1774,#794,.T.);
#2188=EDGE_CURVE('',#1775,#1773,#795,.T.);
#2189=EDGE_CURVE('',#1775,#1776,#796,.T.);
#2190=EDGE_CURVE('',#1774,#1776,#797,.T.);
#2191=EDGE_CURVE('',#1777,#1775,#798,.T.);
#2192=EDGE_CURVE('',#1777,#1778,#799,.T.);
#2193=EDGE_CURVE('',#1776,#1778,#800,.T.);
#2194=EDGE_CURVE('',#1779,#1777,#801,.T.);
#2195=EDGE_CURVE('',#1779,#1780,#802,.T.);
#2196=EDGE_CURVE('',#1778,#1780,#803,.T.);
#2197=EDGE_CURVE('',#1781,#1779,#804,.T.);
#2198=EDGE_CURVE('',#1781,#1782,#805,.T.);
#2199=EDGE_CURVE('',#1780,#1782,#806,.T.);
#2200=EDGE_CURVE('',#1783,#1781,#807,.T.);
#2201=EDGE_CURVE('',#1783,#1784,#808,.T.);
#2202=EDGE_CURVE('',#1782,#1784,#809,.T.);
#2203=EDGE_CURVE('',#1768,#1785,#810,.T.);
#2204=EDGE_CURVE('',#1786,#1770,#811,.T.);
#2205=EDGE_CURVE('',#1785,#1786,#812,.T.);
#2206=EDGE_CURVE('',#1785,#1787,#813,.T.);
#2207=EDGE_CURVE('',#1788,#1786,#814,.T.);
#2208=EDGE_CURVE('',#1787,#1788,#815,.T.);
#2209=EDGE_CURVE('',#1787,#1789,#816,.T.);
#2210=EDGE_CURVE('',#1790,#1788,#817,.T.);
#2211=EDGE_CURVE('',#1789,#1790,#818,.T.);
#2212=EDGE_CURVE('',#1789,#1791,#819,.T.);
#2213=EDGE_CURVE('',#1792,#1790,#820,.T.);
#2214=EDGE_CURVE('',#1791,#1792,#821,.T.);
#2215=EDGE_CURVE('',#1791,#1793,#822,.T.);
#2216=EDGE_CURVE('',#1794,#1792,#823,.T.);
#2217=EDGE_CURVE('',#1793,#1794,#824,.T.);
#2218=EDGE_CURVE('',#1793,#1795,#825,.T.);
#2219=EDGE_CURVE('',#1796,#1794,#826,.T.);
#2220=EDGE_CURVE('',#1795,#1796,#827,.T.);
#2221=EDGE_CURVE('',#1795,#1797,#828,.T.);
#2222=EDGE_CURVE('',#1798,#1796,#829,.T.);
#2223=EDGE_CURVE('',#1797,#1798,#830,.T.);
#2224=EDGE_CURVE('',#1797,#1783,#831,.T.);
#2225=EDGE_CURVE('',#1784,#1798,#832,.T.);
#2226=EDGE_CURVE('',#1799,#1800,#833,.T.);
#2227=EDGE_CURVE('',#1799,#1801,#834,.T.);
#2228=EDGE_CURVE('',#1802,#1801,#835,.T.);
#2229=EDGE_CURVE('',#1800,#1802,#836,.T.);
#2230=EDGE_CURVE('',#1803,#1799,#837,.T.);
#2231=EDGE_CURVE('',#1803,#1804,#838,.T.);
#2232=EDGE_CURVE('',#1801,#1804,#839,.T.);
#2233=EDGE_CURVE('',#1805,#1803,#840,.T.);
#2234=EDGE_CURVE('',#1805,#1806,#841,.T.);
#2235=EDGE_CURVE('',#1804,#1806,#842,.T.);
#2236=EDGE_CURVE('',#1807,#1805,#843,.T.);
#2237=EDGE_CURVE('',#1807,#1808,#844,.T.);
#2238=EDGE_CURVE('',#1806,#1808,#845,.T.);
#2239=EDGE_CURVE('',#1800,#1809,#846,.T.);
#2240=EDGE_CURVE('',#1810,#1802,#847,.T.);
#2241=EDGE_CURVE('',#1809,#1810,#848,.T.);
#2242=EDGE_CURVE('',#1809,#1811,#849,.T.);
#2243=EDGE_CURVE('',#1812,#1810,#850,.T.);
#2244=EDGE_CURVE('',#1811,#1812,#851,.T.);
#2245=EDGE_CURVE('',#1811,#1807,#852,.T.);
#2246=EDGE_CURVE('',#1808,#1812,#853,.T.);
#2247=EDGE_CURVE('',#1702,#1689,#854,.T.);
#2248=EDGE_CURVE('',#1813,#1814,#855,.T.);
#2249=EDGE_CURVE('',#1813,#1815,#856,.T.);
#2250=EDGE_CURVE('',#1816,#1815,#857,.T.);
#2251=EDGE_CURVE('',#1814,#1816,#858,.T.);
#2252=EDGE_CURVE('',#1817,#1813,#859,.T.);
#2253=EDGE_CURVE('',#1817,#1818,#860,.T.);
#2254=EDGE_CURVE('',#1815,#1818,#861,.T.);
#2255=EDGE_CURVE('',#1819,#1817,#862,.T.);
#2256=EDGE_CURVE('',#1819,#1820,#863,.T.);
#2257=EDGE_CURVE('',#1818,#1820,#864,.T.);
#2258=EDGE_CURVE('',#1821,#1819,#865,.T.);
#2259=EDGE_CURVE('',#1821,#1822,#866,.T.);
#2260=EDGE_CURVE('',#1820,#1822,#867,.T.);
#2261=EDGE_CURVE('',#1823,#1821,#868,.T.);
#2262=EDGE_CURVE('',#1823,#1824,#869,.T.);
#2263=EDGE_CURVE('',#1822,#1824,#870,.T.);
#2264=EDGE_CURVE('',#1825,#1823,#871,.T.);
#2265=EDGE_CURVE('',#1825,#1826,#872,.T.);
#2266=EDGE_CURVE('',#1824,#1826,#873,.T.);
#2267=EDGE_CURVE('',#1814,#1827,#874,.T.);
#2268=EDGE_CURVE('',#1828,#1816,#875,.T.);
#2269=EDGE_CURVE('',#1827,#1828,#876,.T.);
#2270=EDGE_CURVE('',#1827,#1829,#877,.T.);
#2271=EDGE_CURVE('',#1830,#1828,#878,.T.);
#2272=EDGE_CURVE('',#1829,#1830,#879,.T.);
#2273=EDGE_CURVE('',#1829,#1831,#880,.T.);
#2274=EDGE_CURVE('',#1832,#1830,#881,.T.);
#2275=EDGE_CURVE('',#1831,#1832,#882,.T.);
#2276=EDGE_CURVE('',#1831,#1833,#883,.T.);
#2277=EDGE_CURVE('',#1834,#1832,#884,.T.);
#2278=EDGE_CURVE('',#1833,#1834,#885,.T.);
#2279=EDGE_CURVE('',#1833,#1825,#886,.T.);
#2280=EDGE_CURVE('',#1826,#1834,#887,.T.);
#2281=EDGE_CURVE('',#1703,#1682,#888,.T.);
#2282=EDGE_CURVE('',#1835,#1836,#889,.T.);
#2283=EDGE_CURVE('',#1835,#1837,#890,.T.);
#2284=EDGE_CURVE('',#1838,#1837,#891,.T.);
#2285=EDGE_CURVE('',#1836,#1838,#892,.T.);
#2286=EDGE_CURVE('',#1839,#1835,#893,.T.);
#2287=EDGE_CURVE('',#1839,#1840,#894,.T.);
#2288=EDGE_CURVE('',#1837,#1840,#895,.T.);
#2289=EDGE_CURVE('',#1841,#1839,#896,.T.);
#2290=EDGE_CURVE('',#1841,#1842,#897,.T.);
#2291=EDGE_CURVE('',#1840,#1842,#898,.T.);
#2292=EDGE_CURVE('',#1843,#1841,#899,.T.);
#2293=EDGE_CURVE('',#1843,#1844,#900,.T.);
#2294=EDGE_CURVE('',#1842,#1844,#901,.T.);
#2295=EDGE_CURVE('',#1845,#1843,#902,.T.);
#2296=EDGE_CURVE('',#1845,#1846,#903,.T.);
#2297=EDGE_CURVE('',#1844,#1846,#904,.T.);
#2298=EDGE_CURVE('',#1847,#1845,#905,.T.);
#2299=EDGE_CURVE('',#1847,#1848,#906,.T.);
#2300=EDGE_CURVE('',#1846,#1848,#907,.T.);
#2301=EDGE_CURVE('',#1836,#1849,#908,.T.);
#2302=EDGE_CURVE('',#1850,#1838,#909,.T.);
#2303=EDGE_CURVE('',#1849,#1850,#910,.T.);
#2304=EDGE_CURVE('',#1849,#1851,#911,.T.);
#2305=EDGE_CURVE('',#1852,#1850,#912,.T.);
#2306=EDGE_CURVE('',#1851,#1852,#913,.T.);
#2307=EDGE_CURVE('',#1851,#1853,#914,.T.);
#2308=EDGE_CURVE('',#1854,#1852,#915,.T.);
#2309=EDGE_CURVE('',#1853,#1854,#916,.T.);
#2310=EDGE_CURVE('',#1853,#1855,#917,.T.);
#2311=EDGE_CURVE('',#1856,#1854,#918,.T.);
#2312=EDGE_CURVE('',#1855,#1856,#919,.T.);
#2313=EDGE_CURVE('',#1855,#1857,#920,.T.);
#2314=EDGE_CURVE('',#1858,#1856,#921,.T.);
#2315=EDGE_CURVE('',#1857,#1858,#922,.T.);
#2316=EDGE_CURVE('',#1857,#1847,#923,.T.);
#2317=EDGE_CURVE('',#1848,#1858,#924,.T.);
#2318=EDGE_CURVE('',#1859,#1860,#925,.T.);
#2319=EDGE_CURVE('',#1859,#1861,#926,.T.);
#2320=EDGE_CURVE('',#1862,#1861,#927,.T.);
#2321=EDGE_CURVE('',#1860,#1862,#928,.T.);
#2322=EDGE_CURVE('',#1863,#1859,#929,.T.);
#2323=EDGE_CURVE('',#1863,#1864,#930,.T.);
#2324=EDGE_CURVE('',#1861,#1864,#931,.T.);
#2325=EDGE_CURVE('',#1865,#1863,#932,.T.);
#2326=EDGE_CURVE('',#1865,#1866,#933,.T.);
#2327=EDGE_CURVE('',#1864,#1866,#934,.T.);
#2328=EDGE_CURVE('',#1860,#1867,#935,.T.);
#2329=EDGE_CURVE('',#1868,#1862,#936,.T.);
#2330=EDGE_CURVE('',#1867,#1868,#937,.T.);
#2331=EDGE_CURVE('',#1867,#1869,#938,.T.);
#2332=EDGE_CURVE('',#1870,#1868,#939,.T.);
#2333=EDGE_CURVE('',#1869,#1870,#940,.T.);
#2334=EDGE_CURVE('',#1869,#1865,#941,.T.);
#2335=EDGE_CURVE('',#1866,#1870,#942,.T.);
#2336=EDGE_CURVE('',#1704,#1696,#943,.T.);
#2337=EDGE_CURVE('',#1871,#1872,#944,.T.);
#2338=EDGE_CURVE('',#1871,#1873,#945,.T.);
#2339=EDGE_CURVE('',#1874,#1873,#946,.T.);
#2340=EDGE_CURVE('',#1872,#1874,#947,.T.);
#2341=EDGE_CURVE('',#1875,#1871,#948,.T.);
#2342=EDGE_CURVE('',#1875,#1876,#949,.T.);
#2343=EDGE_CURVE('',#1873,#1876,#950,.T.);
#2344=EDGE_CURVE('',#1877,#1875,#951,.T.);
#2345=EDGE_CURVE('',#1877,#1878,#952,.T.);
#2346=EDGE_CURVE('',#1876,#1878,#953,.T.);
#2347=EDGE_CURVE('',#1872,#1879,#954,.T.);
#2348=EDGE_CURVE('',#1880,#1874,#955,.T.);
#2349=EDGE_CURVE('',#1879,#1880,#956,.T.);
#2350=EDGE_CURVE('',#1879,#1881,#957,.T.);
#2351=EDGE_CURVE('',#1882,#1880,#958,.T.);
#2352=EDGE_CURVE('',#1881,#1882,#959,.T.);
#2353=EDGE_CURVE('',#1881,#1877,#960,.T.);
#2354=EDGE_CURVE('',#1878,#1882,#961,.T.);
#2355=EDGE_CURVE('',#1705,#1675,#962,.T.);
#2356=EDGE_CURVE('',#1883,#1884,#963,.T.);
#2357=EDGE_CURVE('',#1885,#1883,#964,.T.);
#2358=EDGE_CURVE('',#1886,#1885,#965,.T.);
#2359=EDGE_CURVE('',#1884,#1886,#966,.T.);
#2360=EDGE_CURVE('',#1884,#1887,#967,.T.);
#2361=EDGE_CURVE('',#1888,#1887,#968,.T.);
#2362=EDGE_CURVE('',#1883,#1888,#969,.T.);
#2363=EDGE_CURVE('',#1886,#1889,#970,.T.);
#2364=EDGE_CURVE('',#1887,#1889,#971,.T.);
#2365=EDGE_CURVE('',#1890,#1751,#972,.T.);
#2366=EDGE_CURVE('',#1891,#1890,#973,.T.);
#2367=EDGE_CURVE('',#1752,#1891,#974,.T.);
#2368=EDGE_CURVE('',#1892,#1765,#975,.T.);
#2369=EDGE_CURVE('',#1892,#1893,#976,.T.);
#2370=EDGE_CURVE('',#1766,#1893,#977,.T.);
#2371=EDGE_CURVE('',#1894,#1756,#978,.T.);
#2372=EDGE_CURVE('',#1895,#1894,#979,.T.);
#2373=EDGE_CURVE('',#1757,#1895,#980,.T.);
#2374=EDGE_CURVE('',#1895,#1896,#981,.T.);
#2375=EDGE_CURVE('',#1897,#1894,#982,.T.);
#2376=EDGE_CURVE('',#1896,#1897,#983,.T.);
#2377=EDGE_CURVE('',#1896,#1898,#94,.T.);
#2378=EDGE_CURVE('',#1899,#1897,#95,.T.);
#2379=EDGE_CURVE('',#1898,#1899,#984,.T.);
#2380=EDGE_CURVE('',#1898,#1900,#985,.T.);
#2381=EDGE_CURVE('',#1901,#1899,#986,.T.);
#2382=EDGE_CURVE('',#1900,#1901,#987,.T.);
#2383=EDGE_CURVE('',#1900,#1711,#96,.T.);
#2384=EDGE_CURVE('',#1712,#1901,#97,.T.);
#2385=EDGE_CURVE('',#1902,#1734,#988,.T.);
#2386=EDGE_CURVE('',#1903,#1902,#989,.T.);
#2387=EDGE_CURVE('',#1735,#1903,#990,.T.);
#2388=EDGE_CURVE('',#1903,#1904,#98,.T.);
#2389=EDGE_CURVE('',#1905,#1902,#99,.T.);
#2390=EDGE_CURVE('',#1904,#1905,#991,.T.);
#2391=EDGE_CURVE('',#1904,#1906,#992,.T.);
#2392=EDGE_CURVE('',#1907,#1905,#993,.T.);
#2393=EDGE_CURVE('',#1906,#1907,#994,.T.);
#2394=EDGE_CURVE('',#1906,#1743,#100,.T.);
#2395=EDGE_CURVE('',#1744,#1907,#101,.T.);
#2396=EDGE_CURVE('',#1893,#1890,#995,.T.);
#2397=EDGE_CURVE('',#1908,#1908,#102,.T.);
#2398=EDGE_CURVE('',#1909,#1909,#103,.T.);
#2399=EDGE_CURVE('',#1910,#1888,#996,.T.);
#2400=EDGE_CURVE('',#1889,#1910,#997,.T.);
#2401=EDGE_CURVE('',#1911,#1911,#104,.T.);
#2402=EDGE_CURVE('',#1912,#1912,#105,.T.);
#2403=EDGE_CURVE('',#1913,#1698,#998,.T.);
#2404=EDGE_CURVE('',#1914,#1913,#999,.T.);
#2405=EDGE_CURVE('',#1915,#1914,#106,.T.);
#2406=EDGE_CURVE('',#1915,#1916,#1000,.T.);
#2407=EDGE_CURVE('',#1917,#1916,#107,.T.);
#2408=EDGE_CURVE('',#1918,#1917,#1001,.T.);
#2409=EDGE_CURVE('',#1918,#1700,#1002,.T.);
#2410=EDGE_CURVE('',#1919,#1699,#1003,.T.);
#2411=EDGE_CURVE('',#1913,#1919,#1004,.T.);
#2412=EDGE_CURVE('',#1920,#1920,#108,.T.);
#2413=EDGE_CURVE('',#1920,#1921,#1005,.T.);
#2414=EDGE_CURVE('',#1921,#1921,#109,.T.);
#2415=EDGE_CURVE('',#1922,#1922,#110,.T.);
#2416=EDGE_CURVE('',#1922,#1923,#1006,.T.);
#2417=EDGE_CURVE('',#1923,#1923,#111,.T.);
#2418=EDGE_CURVE('',#1908,#1924,#1007,.T.);
#2419=EDGE_CURVE('',#1924,#1924,#112,.T.);
#2420=EDGE_CURVE('',#1909,#1925,#1008,.T.);
#2421=EDGE_CURVE('',#1925,#1925,#113,.T.);
#2422=EDGE_CURVE('',#1926,#1926,#114,.T.);
#2423=EDGE_CURVE('',#1927,#1927,#115,.T.);
#2424=EDGE_CURVE('',#1928,#1928,#116,.T.);
#2425=EDGE_CURVE('',#1929,#1929,#117,.T.);
#2426=EDGE_CURVE('',#1930,#1931,#1009,.T.);
#2427=EDGE_CURVE('',#1931,#1932,#118,.T.);
#2428=EDGE_CURVE('',#1932,#1933,#1010,.T.);
#2429=EDGE_CURVE('',#1933,#1934,#119,.T.);
#2430=EDGE_CURVE('',#1934,#1935,#1011,.T.);
#2431=EDGE_CURVE('',#1935,#1936,#1012,.T.);
#2432=EDGE_CURVE('',#1937,#1936,#120,.T.);
#2433=EDGE_CURVE('',#1937,#1938,#1013,.T.);
#2434=EDGE_CURVE('',#1939,#1938,#121,.T.);
#2435=EDGE_CURVE('',#1939,#1940,#1014,.T.);
#2436=EDGE_CURVE('',#1941,#1940,#1015,.T.);
#2437=EDGE_CURVE('',#1941,#1914,#1016,.T.);
#2438=EDGE_CURVE('',#1919,#1942,#1017,.T.);
#2439=EDGE_CURVE('',#1942,#1943,#1018,.T.);
#2440=EDGE_CURVE('',#1944,#1943,#1019,.T.);
#2441=EDGE_CURVE('',#1944,#1945,#1020,.T.);
#2442=EDGE_CURVE('',#1946,#1945,#122,.T.);
#2443=EDGE_CURVE('',#1946,#1947,#1021,.T.);
#2444=EDGE_CURVE('',#1948,#1947,#123,.T.);
#2445=EDGE_CURVE('',#1948,#1930,#1022,.T.);
#2446=EDGE_CURVE('',#1935,#1949,#1023,.T.);
#2447=EDGE_CURVE('',#1950,#1949,#1024,.T.);
#2448=EDGE_CURVE('',#1936,#1950,#1025,.T.);
#2449=EDGE_CURVE('',#1741,#1951,#1026,.T.);
#2450=EDGE_CURVE('',#1748,#1952,#1027,.T.);
#2451=EDGE_CURVE('',#1952,#1950,#1028,.T.);
#2452=EDGE_CURVE('',#1949,#1951,#1029,.T.);
#2453=EDGE_CURVE('',#1953,#1952,#1030,.T.);
#2454=EDGE_CURVE('',#1753,#1954,#1031,.T.);
#2455=EDGE_CURVE('',#1954,#1955,#1032,.T.);
#2456=EDGE_CURVE('',#1955,#1953,#1033,.T.);
#2457=EDGE_CURVE('',#1891,#1956,#1034,.T.);
#2458=EDGE_CURVE('',#1956,#1957,#1035,.T.);
#2459=EDGE_CURVE('',#1957,#1954,#1036,.T.);
#2460=EDGE_CURVE('',#1957,#1955,#124,.T.);
#2461=EDGE_CURVE('',#1953,#1950,#125,.T.);
#2462=EDGE_CURVE('',#1951,#1958,#1037,.T.);
#2463=EDGE_CURVE('',#1958,#1743,#1038,.T.);
#2464=EDGE_CURVE('',#1958,#1934,#1039,.T.);
#2465=EDGE_CURVE('',#1930,#1959,#1040,.T.);
#2466=EDGE_CURVE('',#1960,#1948,#1041,.T.);
#2467=EDGE_CURVE('',#1959,#1960,#1042,.T.);
#2468=EDGE_CURVE('',#1953,#1937,#1043,.T.);
#2469=EDGE_CURVE('',#1938,#1955,#1044,.T.);
#2470=EDGE_CURVE('',#1961,#1765,#1045,.T.);
#2471=EDGE_CURVE('',#1763,#1962,#1046,.T.);
#2472=EDGE_CURVE('',#1962,#1963,#1047,.T.);
#2473=EDGE_CURVE('',#1963,#1961,#1048,.T.);
#2474=EDGE_CURVE('',#1961,#1964,#1049,.T.);
#2475=EDGE_CURVE('',#1964,#1892,#1050,.F.);
#2476=EDGE_CURVE('',#1965,#1962,#1051,.T.);
#2477=EDGE_CURVE('',#1758,#1966,#1052,.T.);
#2478=EDGE_CURVE('',#1966,#1967,#1053,.T.);
#2479=EDGE_CURVE('',#1967,#1965,#1054,.T.);
#2480=EDGE_CURVE('',#1968,#1966,#1055,.T.);
#2481=EDGE_CURVE('',#1895,#1969,#1056,.T.);
#2482=EDGE_CURVE('',#1969,#1968,#1057,.T.);
#2483=EDGE_CURVE('',#1970,#1711,#1058,.T.);
#2484=EDGE_CURVE('',#1709,#1971,#1059,.T.);
#2485=EDGE_CURVE('',#1971,#1972,#1060,.T.);
#2486=EDGE_CURVE('',#1972,#1970,#1061,.T.);
#2487=EDGE_CURVE('',#1970,#1973,#126,.T.);
#2488=EDGE_CURVE('',#1973,#1900,#1062,.T.);
#2489=EDGE_CURVE('',#1974,#1898,#1063,.T.);
#2490=EDGE_CURVE('',#1973,#1974,#1064,.T.);
#2491=EDGE_CURVE('',#1974,#1975,#127,.T.);
#2492=EDGE_CURVE('',#1975,#1896,#1065,.T.);
#2493=EDGE_CURVE('',#1976,#1895,#1066,.T.);
#2494=EDGE_CURVE('',#1975,#1976,#1067,.T.);
#2495=EDGE_CURVE('',#1977,#1971,#1068,.T.);
#2496=EDGE_CURVE('',#1716,#1978,#1069,.T.);
#2497=EDGE_CURVE('',#1978,#1979,#1070,.T.);
#2498=EDGE_CURVE('',#1979,#1977,#1071,.T.);
#2499=EDGE_CURVE('',#1980,#1978,#1072,.T.);
#2500=EDGE_CURVE('',#1721,#1981,#1073,.T.);
#2501=EDGE_CURVE('',#1981,#1982,#1074,.T.);
#2502=EDGE_CURVE('',#1982,#1980,#1075,.T.);
#2503=EDGE_CURVE('',#1983,#1981,#1076,.T.);
#2504=EDGE_CURVE('',#1726,#1984,#1077,.T.);
#2505=EDGE_CURVE('',#1984,#1985,#1078,.T.);
#2506=EDGE_CURVE('',#1985,#1983,#1079,.T.);
#2507=EDGE_CURVE('',#1986,#1984,#1080,.T.);
#2508=EDGE_CURVE('',#1731,#1987,#1081,.T.);
#2509=EDGE_CURVE('',#1987,#1988,#1082,.T.);
#2510=EDGE_CURVE('',#1988,#1986,#1083,.T.);
#2511=EDGE_CURVE('',#1989,#1959,#1084,.T.);
#2512=EDGE_CURVE('',#1960,#1987,#1085,.T.);
#2513=EDGE_CURVE('',#1736,#1989,#1086,.T.);
#2514=EDGE_CURVE('',#1960,#1988,#128,.T.);
#2515=EDGE_CURVE('',#1986,#1985,#129,.T.);
#2516=EDGE_CURVE('',#1983,#1982,#130,.T.);
#2517=EDGE_CURVE('',#1980,#1979,#131,.T.);
#2518=EDGE_CURVE('',#1977,#1972,#132,.T.);
#2519=EDGE_CURVE('',#1976,#1969,#133,.T.);
#2520=EDGE_CURVE('',#1968,#1967,#134,.T.);
#2521=EDGE_CURVE('',#1965,#1963,#135,.T.);
#2522=EDGE_CURVE('',#1990,#1967,#1087,.T.);
#2523=EDGE_CURVE('',#1991,#1990,#1088,.T.);
#2524=EDGE_CURVE('',#1965,#1991,#1089,.T.);
#2525=EDGE_CURVE('',#1968,#1992,#1090,.T.);
#2526=EDGE_CURVE('',#1992,#1990,#136,.T.);
#2527=EDGE_CURVE('',#1993,#1969,#1091,.T.);
#2528=EDGE_CURVE('',#1992,#1993,#1092,.T.);
#2529=EDGE_CURVE('',#1976,#1994,#1093,.T.);
#2530=EDGE_CURVE('',#1994,#1993,#137,.T.);
#2531=EDGE_CURVE('',#1995,#1975,#1094,.T.);
#2532=EDGE_CURVE('',#1994,#1995,#1095,.T.);
#2533=EDGE_CURVE('',#1974,#1996,#1096,.T.);
#2534=EDGE_CURVE('',#1996,#1995,#138,.T.);
#2535=EDGE_CURVE('',#1997,#1973,#1097,.T.);
#2536=EDGE_CURVE('',#1996,#1997,#1098,.T.);
#2537=EDGE_CURVE('',#1970,#1998,#1099,.T.);
#2538=EDGE_CURVE('',#1998,#1997,#139,.T.);
#2539=EDGE_CURVE('',#1999,#1972,#1100,.T.);
#2540=EDGE_CURVE('',#1998,#1999,#1101,.T.);
#2541=EDGE_CURVE('',#1977,#2000,#1102,.T.);
#2542=EDGE_CURVE('',#2000,#1999,#140,.T.);
#2543=EDGE_CURVE('',#2001,#1979,#1103,.T.);
#2544=EDGE_CURVE('',#2000,#2001,#1104,.T.);
#2545=EDGE_CURVE('',#1980,#2002,#1105,.T.);
#2546=EDGE_CURVE('',#2002,#2001,#141,.T.);
#2547=EDGE_CURVE('',#2003,#1982,#1106,.T.);
#2548=EDGE_CURVE('',#2002,#2003,#1107,.T.);
#2549=EDGE_CURVE('',#1983,#2004,#1108,.T.);
#2550=EDGE_CURVE('',#2004,#2003,#142,.T.);
#2551=EDGE_CURVE('',#1945,#1985,#1109,.T.);
#2552=EDGE_CURVE('',#2005,#1944,#143,.T.);
#2553=EDGE_CURVE('',#2006,#2005,#1110,.T.);
#2554=EDGE_CURVE('',#2007,#2006,#144,.T.);
#2555=EDGE_CURVE('',#2008,#2007,#1111,.T.);
#2556=EDGE_CURVE('',#2009,#2008,#1112,.T.);
#2557=EDGE_CURVE('',#2010,#2009,#145,.T.);
#2558=EDGE_CURVE('',#2011,#2010,#1113,.T.);
#2559=EDGE_CURVE('',#2012,#2011,#146,.T.);
#2560=EDGE_CURVE('',#2013,#2012,#1114,.T.);
#2561=EDGE_CURVE('',#2004,#2013,#1115,.T.);
#2562=EDGE_CURVE('',#1986,#1946,#1116,.T.);
#2563=EDGE_CURVE('',#1947,#1988,#1117,.T.);
#2564=EDGE_CURVE('',#2014,#1989,#1118,.T.);
#2565=EDGE_CURVE('',#1931,#2014,#1119,.T.);
#2566=EDGE_CURVE('',#1958,#2015,#147,.T.);
#2567=EDGE_CURVE('',#2015,#1906,#1120,.T.);
#2568=EDGE_CURVE('',#2016,#1904,#1121,.T.);
#2569=EDGE_CURVE('',#2015,#2016,#1122,.T.);
#2570=EDGE_CURVE('',#2016,#2014,#148,.T.);
#2571=EDGE_CURVE('',#2014,#1903,#1123,.T.);
#2572=EDGE_CURVE('',#2016,#1932,#1124,.T.);
#2573=EDGE_CURVE('',#1933,#2015,#1125,.T.);
#2574=EDGE_CURVE('',#2017,#2013,#1126,.T.);
#2575=EDGE_CURVE('',#2017,#2018,#1127,.T.);
#2576=EDGE_CURVE('',#2018,#2019,#1128,.T.);
#2577=EDGE_CURVE('',#2019,#1918,#1129,.T.);
#2578=EDGE_CURVE('',#1917,#2020,#1130,.T.);
#2579=EDGE_CURVE('',#2021,#2020,#1131,.T.);
#2580=EDGE_CURVE('',#2021,#2022,#1132,.T.);
#2581=EDGE_CURVE('',#2022,#2023,#1133,.T.);
#2582=EDGE_CURVE('',#1991,#2023,#149,.T.);
#2583=EDGE_CURVE('',#2024,#2024,#150,.T.);
#2584=EDGE_CURVE('',#2025,#2025,#151,.T.);
#2585=EDGE_CURVE('',#2023,#1963,#1134,.T.);
#2586=EDGE_CURVE('',#2022,#1961,#1135,.T.);
#2587=EDGE_CURVE('',#1957,#1939,#1136,.T.);
#2588=EDGE_CURVE('',#1885,#1910,#1137,.T.);
#2589=EDGE_CURVE('',#1912,#1926,#1138,.T.);
#2590=EDGE_CURVE('',#1911,#1928,#1139,.T.);
#2591=EDGE_CURVE('',#2026,#2027,#1140,.T.);
#2592=EDGE_CURVE('',#2027,#2028,#1141,.T.);
#2593=EDGE_CURVE('',#2028,#2029,#1142,.T.);
#2594=EDGE_CURVE('',#2029,#2026,#1143,.T.);
#2595=EDGE_CURVE('',#1940,#2029,#152,.T.);
#2596=EDGE_CURVE('',#2028,#1941,#153,.T.);
#2597=EDGE_CURVE('',#2028,#1915,#1144,.T.);
#2598=EDGE_CURVE('',#2030,#2027,#1145,.T.);
#2599=EDGE_CURVE('',#2031,#2030,#1146,.T.);
#2600=EDGE_CURVE('',#1916,#2031,#1147,.T.);
#2601=EDGE_CURVE('',#2020,#2031,#15,.T.);
#2602=EDGE_CURVE('',#2031,#2032,#16,.T.);
#2603=EDGE_CURVE('',#2032,#2021,#17,.T.);
#2604=EDGE_CURVE('',#2030,#2033,#1148,.F.);
#2605=EDGE_CURVE('',#2033,#2032,#1149,.T.);
#2606=EDGE_CURVE('',#2033,#1964,#1150,.T.);
#2607=EDGE_CURVE('',#2034,#2007,#1151,.T.);
#2608=EDGE_CURVE('',#2006,#2035,#1152,.T.);
#2609=EDGE_CURVE('',#2035,#2034,#154,.T.);
#2610=EDGE_CURVE('',#2005,#2036,#1153,.T.);
#2611=EDGE_CURVE('',#2036,#2035,#1154,.T.);
#2612=EDGE_CURVE('',#1943,#2036,#155,.T.);
#2613=EDGE_CURVE('',#2034,#2037,#1155,.T.);
#2614=EDGE_CURVE('',#2037,#2038,#1156,.T.);
#2615=EDGE_CURVE('',#2038,#2039,#1157,.T.);
#2616=EDGE_CURVE('',#2008,#2039,#1158,.T.);
#2617=EDGE_CURVE('',#2035,#2040,#1159,.T.);
#2618=EDGE_CURVE('',#2040,#2037,#156,.T.);
#2619=EDGE_CURVE('',#2041,#2036,#1160,.T.);
#2620=EDGE_CURVE('',#2040,#2041,#1161,.T.);
#2621=EDGE_CURVE('',#1942,#2041,#157,.T.);
#2622=EDGE_CURVE('',#2019,#1701,#1162,.T.);
#2623=EDGE_CURVE('',#2018,#2042,#1163,.T.);
#2624=EDGE_CURVE('',#2042,#2043,#158,.T.);
#2625=EDGE_CURVE('',#2043,#2044,#1164,.T.);
#2626=EDGE_CURVE('',#2044,#2045,#159,.T.);
#2627=EDGE_CURVE('',#2045,#2038,#1165,.T.);
#2628=EDGE_CURVE('',#1927,#2025,#1166,.T.);
#2629=EDGE_CURVE('',#1929,#2024,#1167,.T.);
#2630=EDGE_CURVE('',#2039,#2046,#1168,.T.);
#2631=EDGE_CURVE('',#2046,#2009,#1169,.T.);
#2632=EDGE_CURVE('',#2047,#2010,#1170,.T.);
#2633=EDGE_CURVE('',#2046,#2047,#160,.T.);
#2634=EDGE_CURVE('',#2048,#2011,#1171,.T.);
#2635=EDGE_CURVE('',#2047,#2048,#1172,.T.);
#2636=EDGE_CURVE('',#2049,#2012,#1173,.T.);
#2637=EDGE_CURVE('',#2048,#2049,#161,.T.);
#2638=EDGE_CURVE('',#2049,#2017,#1174,.T.);
#2639=EDGE_CURVE('',#2048,#2043,#1175,.T.);
#2640=EDGE_CURVE('',#2049,#2042,#1176,.T.);
#2641=EDGE_CURVE('',#2047,#2044,#1177,.T.);
#2642=EDGE_CURVE('',#2046,#2045,#1178,.T.);
#2643=EDGE_CURVE('',#2026,#1956,#1179,.T.);
#2644=ORIENTED_EDGE('',*,*,#2050,.F.);
#2645=ORIENTED_EDGE('',*,*,#2051,.F.);
#2646=ORIENTED_EDGE('',*,*,#2052,.F.);
#2647=ORIENTED_EDGE('',*,*,#2053,.F.);
#2648=ORIENTED_EDGE('',*,*,#2051,.T.);
#2649=ORIENTED_EDGE('',*,*,#2054,.T.);
#2650=ORIENTED_EDGE('',*,*,#2055,.F.);
#2651=ORIENTED_EDGE('',*,*,#2056,.F.);
#2652=ORIENTED_EDGE('',*,*,#2050,.T.);
#2653=ORIENTED_EDGE('',*,*,#2057,.T.);
#2654=ORIENTED_EDGE('',*,*,#2058,.F.);
#2655=ORIENTED_EDGE('',*,*,#2054,.F.);
#2656=ORIENTED_EDGE('',*,*,#2059,.F.);
#2657=ORIENTED_EDGE('',*,*,#2060,.F.);
#2658=ORIENTED_EDGE('',*,*,#2061,.F.);
#2659=ORIENTED_EDGE('',*,*,#2062,.F.);
#2660=ORIENTED_EDGE('',*,*,#2060,.T.);
#2661=ORIENTED_EDGE('',*,*,#2063,.T.);
#2662=ORIENTED_EDGE('',*,*,#2064,.F.);
#2663=ORIENTED_EDGE('',*,*,#2065,.F.);
#2664=ORIENTED_EDGE('',*,*,#2059,.T.);
#2665=ORIENTED_EDGE('',*,*,#2066,.T.);
#2666=ORIENTED_EDGE('',*,*,#2067,.F.);
#2667=ORIENTED_EDGE('',*,*,#2063,.F.);
#2668=ORIENTED_EDGE('',*,*,#2068,.F.);
#2669=ORIENTED_EDGE('',*,*,#2069,.F.);
#2670=ORIENTED_EDGE('',*,*,#2070,.F.);
#2671=ORIENTED_EDGE('',*,*,#2071,.F.);
#2672=ORIENTED_EDGE('',*,*,#2069,.T.);
#2673=ORIENTED_EDGE('',*,*,#2072,.T.);
#2674=ORIENTED_EDGE('',*,*,#2073,.F.);
#2675=ORIENTED_EDGE('',*,*,#2074,.F.);
#2676=ORIENTED_EDGE('',*,*,#2068,.T.);
#2677=ORIENTED_EDGE('',*,*,#2075,.T.);
#2678=ORIENTED_EDGE('',*,*,#2076,.F.);
#2679=ORIENTED_EDGE('',*,*,#2072,.F.);
#2680=ORIENTED_EDGE('',*,*,#2077,.F.);
#2681=ORIENTED_EDGE('',*,*,#2078,.F.);
#2682=ORIENTED_EDGE('',*,*,#2079,.F.);
#2683=ORIENTED_EDGE('',*,*,#2080,.F.);
#2684=ORIENTED_EDGE('',*,*,#2078,.T.);
#2685=ORIENTED_EDGE('',*,*,#2081,.T.);
#2686=ORIENTED_EDGE('',*,*,#2082,.F.);
#2687=ORIENTED_EDGE('',*,*,#2083,.F.);
#2688=ORIENTED_EDGE('',*,*,#2077,.T.);
#2689=ORIENTED_EDGE('',*,*,#2084,.T.);
#2690=ORIENTED_EDGE('',*,*,#2085,.F.);
#2691=ORIENTED_EDGE('',*,*,#2081,.F.);
#2692=ORIENTED_EDGE('',*,*,#2086,.F.);
#2693=ORIENTED_EDGE('',*,*,#2087,.F.);
#2694=ORIENTED_EDGE('',*,*,#2088,.F.);
#2695=ORIENTED_EDGE('',*,*,#2089,.F.);
#2696=ORIENTED_EDGE('',*,*,#2071,.T.);
#2697=ORIENTED_EDGE('',*,*,#2090,.T.);
#2698=ORIENTED_EDGE('',*,*,#2091,.F.);
#2699=ORIENTED_EDGE('',*,*,#2075,.F.);
#2700=ORIENTED_EDGE('',*,*,#2062,.T.);
#2701=ORIENTED_EDGE('',*,*,#2092,.T.);
#2702=ORIENTED_EDGE('',*,*,#2093,.F.);
#2703=ORIENTED_EDGE('',*,*,#2066,.F.);
#2704=ORIENTED_EDGE('',*,*,#2080,.T.);
#2705=ORIENTED_EDGE('',*,*,#2094,.T.);
#2706=ORIENTED_EDGE('',*,*,#2095,.F.);
#2707=ORIENTED_EDGE('',*,*,#2084,.F.);
#2708=ORIENTED_EDGE('',*,*,#2053,.T.);
#2709=ORIENTED_EDGE('',*,*,#2096,.T.);
#2710=ORIENTED_EDGE('',*,*,#2097,.F.);
#2711=ORIENTED_EDGE('',*,*,#2057,.F.);
#2712=ORIENTED_EDGE('',*,*,#2098,.T.);
#2713=ORIENTED_EDGE('',*,*,#2099,.T.);
#2714=ORIENTED_EDGE('',*,*,#2100,.F.);
#2715=ORIENTED_EDGE('',*,*,#2101,.F.);
#2716=ORIENTED_EDGE('',*,*,#2102,.T.);
#2717=ORIENTED_EDGE('',*,*,#2102,.F.);
#2718=ORIENTED_EDGE('',*,*,#2103,.F.);
#2719=ORIENTED_EDGE('',*,*,#2104,.T.);
#2720=ORIENTED_EDGE('',*,*,#2105,.F.);
#2721=ORIENTED_EDGE('',*,*,#2106,.T.);
#2722=ORIENTED_EDGE('',*,*,#2107,.T.);
#2723=ORIENTED_EDGE('',*,*,#2108,.F.);
#2724=ORIENTED_EDGE('',*,*,#2109,.F.);
#2725=ORIENTED_EDGE('',*,*,#2110,.T.);
#2726=ORIENTED_EDGE('',*,*,#2099,.F.);
#2727=ORIENTED_EDGE('',*,*,#2111,.F.);
#2728=ORIENTED_EDGE('',*,*,#2110,.F.);
#2729=ORIENTED_EDGE('',*,*,#2112,.F.);
#2730=ORIENTED_EDGE('',*,*,#2113,.T.);
#2731=ORIENTED_EDGE('',*,*,#2114,.T.);
#2732=ORIENTED_EDGE('',*,*,#2115,.F.);
#2733=ORIENTED_EDGE('',*,*,#2116,.F.);
#2734=ORIENTED_EDGE('',*,*,#2117,.T.);
#2735=ORIENTED_EDGE('',*,*,#2107,.F.);
#2736=ORIENTED_EDGE('',*,*,#2118,.F.);
#2737=ORIENTED_EDGE('',*,*,#2117,.F.);
#2738=ORIENTED_EDGE('',*,*,#2119,.F.);
#2739=ORIENTED_EDGE('',*,*,#2120,.T.);
#2740=ORIENTED_EDGE('',*,*,#2121,.T.);
#2741=ORIENTED_EDGE('',*,*,#2122,.F.);
#2742=ORIENTED_EDGE('',*,*,#2123,.F.);
#2743=ORIENTED_EDGE('',*,*,#2124,.T.);
#2744=ORIENTED_EDGE('',*,*,#2114,.F.);
#2745=ORIENTED_EDGE('',*,*,#2125,.F.);
#2746=ORIENTED_EDGE('',*,*,#2124,.F.);
#2747=ORIENTED_EDGE('',*,*,#2126,.F.);
#2748=ORIENTED_EDGE('',*,*,#2127,.T.);
#2749=ORIENTED_EDGE('',*,*,#2128,.T.);
#2750=ORIENTED_EDGE('',*,*,#2129,.F.);
#2751=ORIENTED_EDGE('',*,*,#2130,.F.);
#2752=ORIENTED_EDGE('',*,*,#2131,.T.);
#2753=ORIENTED_EDGE('',*,*,#2121,.F.);
#2754=ORIENTED_EDGE('',*,*,#2132,.F.);
#2755=ORIENTED_EDGE('',*,*,#2131,.F.);
#2756=ORIENTED_EDGE('',*,*,#2133,.F.);
#2757=ORIENTED_EDGE('',*,*,#2134,.T.);
#2758=ORIENTED_EDGE('',*,*,#2135,.T.);
#2759=ORIENTED_EDGE('',*,*,#2136,.F.);
#2760=ORIENTED_EDGE('',*,*,#2137,.F.);
#2761=ORIENTED_EDGE('',*,*,#2138,.T.);
#2762=ORIENTED_EDGE('',*,*,#2128,.F.);
#2763=ORIENTED_EDGE('',*,*,#2139,.F.);
#2764=ORIENTED_EDGE('',*,*,#2138,.F.);
#2765=ORIENTED_EDGE('',*,*,#2140,.F.);
#2766=ORIENTED_EDGE('',*,*,#2141,.T.);
#2767=ORIENTED_EDGE('',*,*,#2142,.T.);
#2768=ORIENTED_EDGE('',*,*,#2143,.F.);
#2769=ORIENTED_EDGE('',*,*,#2144,.F.);
#2770=ORIENTED_EDGE('',*,*,#2145,.T.);
#2771=ORIENTED_EDGE('',*,*,#2145,.F.);
#2772=ORIENTED_EDGE('',*,*,#2146,.F.);
#2773=ORIENTED_EDGE('',*,*,#2147,.T.);
#2774=ORIENTED_EDGE('',*,*,#2148,.F.);
#2775=ORIENTED_EDGE('',*,*,#2149,.T.);
#2776=ORIENTED_EDGE('',*,*,#2150,.T.);
#2777=ORIENTED_EDGE('',*,*,#2151,.F.);
#2778=ORIENTED_EDGE('',*,*,#2152,.F.);
#2779=ORIENTED_EDGE('',*,*,#2153,.T.);
#2780=ORIENTED_EDGE('',*,*,#2142,.F.);
#2781=ORIENTED_EDGE('',*,*,#2154,.F.);
#2782=ORIENTED_EDGE('',*,*,#2153,.F.);
#2783=ORIENTED_EDGE('',*,*,#2155,.F.);
#2784=ORIENTED_EDGE('',*,*,#2156,.T.);
#2785=ORIENTED_EDGE('',*,*,#2157,.T.);
#2786=ORIENTED_EDGE('',*,*,#2158,.F.);
#2787=ORIENTED_EDGE('',*,*,#2159,.F.);
#2788=ORIENTED_EDGE('',*,*,#2160,.T.);
#2789=ORIENTED_EDGE('',*,*,#2150,.F.);
#2790=ORIENTED_EDGE('',*,*,#2161,.F.);
#2791=ORIENTED_EDGE('',*,*,#2160,.F.);
#2792=ORIENTED_EDGE('',*,*,#2162,.F.);
#2793=ORIENTED_EDGE('',*,*,#2163,.T.);
#2794=ORIENTED_EDGE('',*,*,#2164,.T.);
#2795=ORIENTED_EDGE('',*,*,#2165,.F.);
#2796=ORIENTED_EDGE('',*,*,#2166,.F.);
#2797=ORIENTED_EDGE('',*,*,#2167,.T.);
#2798=ORIENTED_EDGE('',*,*,#2167,.F.);
#2799=ORIENTED_EDGE('',*,*,#2168,.F.);
#2800=ORIENTED_EDGE('',*,*,#2169,.F.);
#2801=ORIENTED_EDGE('',*,*,#2170,.F.);
#2802=ORIENTED_EDGE('',*,*,#2171,.T.);
#2803=ORIENTED_EDGE('',*,*,#2169,.T.);
#2804=ORIENTED_EDGE('',*,*,#2172,.F.);
#2805=ORIENTED_EDGE('',*,*,#2173,.F.);
#2806=ORIENTED_EDGE('',*,*,#2174,.T.);
#2807=ORIENTED_EDGE('',*,*,#2174,.F.);
#2808=ORIENTED_EDGE('',*,*,#2175,.F.);
#2809=ORIENTED_EDGE('',*,*,#2176,.T.);
#2810=ORIENTED_EDGE('',*,*,#2177,.F.);
#2811=ORIENTED_EDGE('',*,*,#2178,.F.);
#2812=ORIENTED_EDGE('',*,*,#2179,.T.);
#2813=ORIENTED_EDGE('',*,*,#2180,.F.);
#2814=ORIENTED_EDGE('',*,*,#2181,.F.);
#2815=ORIENTED_EDGE('',*,*,#2182,.F.);
#2816=ORIENTED_EDGE('',*,*,#2183,.T.);
#2817=ORIENTED_EDGE('',*,*,#2184,.F.);
#2818=ORIENTED_EDGE('',*,*,#2179,.F.);
#2819=ORIENTED_EDGE('',*,*,#2185,.F.);
#2820=ORIENTED_EDGE('',*,*,#2186,.T.);
#2821=ORIENTED_EDGE('',*,*,#2187,.F.);
#2822=ORIENTED_EDGE('',*,*,#2183,.F.);
#2823=ORIENTED_EDGE('',*,*,#2188,.F.);
#2824=ORIENTED_EDGE('',*,*,#2189,.T.);
#2825=ORIENTED_EDGE('',*,*,#2190,.F.);
#2826=ORIENTED_EDGE('',*,*,#2186,.F.);
#2827=ORIENTED_EDGE('',*,*,#2191,.F.);
#2828=ORIENTED_EDGE('',*,*,#2192,.T.);
#2829=ORIENTED_EDGE('',*,*,#2193,.F.);
#2830=ORIENTED_EDGE('',*,*,#2189,.F.);
#2831=ORIENTED_EDGE('',*,*,#2194,.F.);
#2832=ORIENTED_EDGE('',*,*,#2195,.T.);
#2833=ORIENTED_EDGE('',*,*,#2196,.F.);
#2834=ORIENTED_EDGE('',*,*,#2192,.F.);
#2835=ORIENTED_EDGE('',*,*,#2197,.F.);
#2836=ORIENTED_EDGE('',*,*,#2198,.T.);
#2837=ORIENTED_EDGE('',*,*,#2199,.F.);
#2838=ORIENTED_EDGE('',*,*,#2195,.F.);
#2839=ORIENTED_EDGE('',*,*,#2200,.F.);
#2840=ORIENTED_EDGE('',*,*,#2201,.T.);
#2841=ORIENTED_EDGE('',*,*,#2202,.F.);
#2842=ORIENTED_EDGE('',*,*,#2198,.F.);
#2843=ORIENTED_EDGE('',*,*,#2203,.F.);
#2844=ORIENTED_EDGE('',*,*,#2181,.T.);
#2845=ORIENTED_EDGE('',*,*,#2204,.F.);
#2846=ORIENTED_EDGE('',*,*,#2205,.F.);
#2847=ORIENTED_EDGE('',*,*,#2206,.F.);
#2848=ORIENTED_EDGE('',*,*,#2205,.T.);
#2849=ORIENTED_EDGE('',*,*,#2207,.F.);
#2850=ORIENTED_EDGE('',*,*,#2208,.F.);
#2851=ORIENTED_EDGE('',*,*,#2209,.F.);
#2852=ORIENTED_EDGE('',*,*,#2208,.T.);
#2853=ORIENTED_EDGE('',*,*,#2210,.F.);
#2854=ORIENTED_EDGE('',*,*,#2211,.F.);
#2855=ORIENTED_EDGE('',*,*,#2212,.F.);
#2856=ORIENTED_EDGE('',*,*,#2211,.T.);
#2857=ORIENTED_EDGE('',*,*,#2213,.F.);
#2858=ORIENTED_EDGE('',*,*,#2214,.F.);
#2859=ORIENTED_EDGE('',*,*,#2215,.F.);
#2860=ORIENTED_EDGE('',*,*,#2214,.T.);
#2861=ORIENTED_EDGE('',*,*,#2216,.F.);
#2862=ORIENTED_EDGE('',*,*,#2217,.F.);
#2863=ORIENTED_EDGE('',*,*,#2218,.F.);
#2864=ORIENTED_EDGE('',*,*,#2217,.T.);
#2865=ORIENTED_EDGE('',*,*,#2219,.F.);
#2866=ORIENTED_EDGE('',*,*,#2220,.F.);
#2867=ORIENTED_EDGE('',*,*,#2221,.F.);
#2868=ORIENTED_EDGE('',*,*,#2220,.T.);
#2869=ORIENTED_EDGE('',*,*,#2222,.F.);
#2870=ORIENTED_EDGE('',*,*,#2223,.F.);
#2871=ORIENTED_EDGE('',*,*,#2224,.F.);
#2872=ORIENTED_EDGE('',*,*,#2223,.T.);
#2873=ORIENTED_EDGE('',*,*,#2225,.F.);
#2874=ORIENTED_EDGE('',*,*,#2201,.F.);
#2875=ORIENTED_EDGE('',*,*,#2202,.T.);
#2876=ORIENTED_EDGE('',*,*,#2225,.T.);
#2877=ORIENTED_EDGE('',*,*,#2222,.T.);
#2878=ORIENTED_EDGE('',*,*,#2219,.T.);
#2879=ORIENTED_EDGE('',*,*,#2216,.T.);
#2880=ORIENTED_EDGE('',*,*,#2213,.T.);
#2881=ORIENTED_EDGE('',*,*,#2210,.T.);
#2882=ORIENTED_EDGE('',*,*,#2207,.T.);
#2883=ORIENTED_EDGE('',*,*,#2204,.T.);
#2884=ORIENTED_EDGE('',*,*,#2180,.T.);
#2885=ORIENTED_EDGE('',*,*,#2184,.T.);
#2886=ORIENTED_EDGE('',*,*,#2187,.T.);
#2887=ORIENTED_EDGE('',*,*,#2190,.T.);
#2888=ORIENTED_EDGE('',*,*,#2193,.T.);
#2889=ORIENTED_EDGE('',*,*,#2196,.T.);
#2890=ORIENTED_EDGE('',*,*,#2199,.T.);
#2891=ORIENTED_EDGE('',*,*,#2226,.F.);
#2892=ORIENTED_EDGE('',*,*,#2227,.T.);
#2893=ORIENTED_EDGE('',*,*,#2228,.F.);
#2894=ORIENTED_EDGE('',*,*,#2229,.F.);
#2895=ORIENTED_EDGE('',*,*,#2230,.F.);
#2896=ORIENTED_EDGE('',*,*,#2231,.T.);
#2897=ORIENTED_EDGE('',*,*,#2232,.F.);
#2898=ORIENTED_EDGE('',*,*,#2227,.F.);
#2899=ORIENTED_EDGE('',*,*,#2233,.F.);
#2900=ORIENTED_EDGE('',*,*,#2234,.T.);
#2901=ORIENTED_EDGE('',*,*,#2235,.F.);
#2902=ORIENTED_EDGE('',*,*,#2231,.F.);
#2903=ORIENTED_EDGE('',*,*,#2236,.F.);
#2904=ORIENTED_EDGE('',*,*,#2237,.T.);
#2905=ORIENTED_EDGE('',*,*,#2238,.F.);
#2906=ORIENTED_EDGE('',*,*,#2234,.F.);
#2907=ORIENTED_EDGE('',*,*,#2239,.F.);
#2908=ORIENTED_EDGE('',*,*,#2229,.T.);
#2909=ORIENTED_EDGE('',*,*,#2240,.F.);
#2910=ORIENTED_EDGE('',*,*,#2241,.F.);
#2911=ORIENTED_EDGE('',*,*,#2242,.F.);
#2912=ORIENTED_EDGE('',*,*,#2241,.T.);
#2913=ORIENTED_EDGE('',*,*,#2243,.F.);
#2914=ORIENTED_EDGE('',*,*,#2244,.F.);
#2915=ORIENTED_EDGE('',*,*,#2245,.F.);
#2916=ORIENTED_EDGE('',*,*,#2244,.T.);
#2917=ORIENTED_EDGE('',*,*,#2246,.F.);
#2918=ORIENTED_EDGE('',*,*,#2237,.F.);
#2919=ORIENTED_EDGE('',*,*,#2238,.T.);
#2920=ORIENTED_EDGE('',*,*,#2246,.T.);
#2921=ORIENTED_EDGE('',*,*,#2243,.T.);
#2922=ORIENTED_EDGE('',*,*,#2240,.T.);
#2923=ORIENTED_EDGE('',*,*,#2228,.T.);
#2924=ORIENTED_EDGE('',*,*,#2232,.T.);
#2925=ORIENTED_EDGE('',*,*,#2235,.T.);
#2926=ORIENTED_EDGE('',*,*,#2073,.T.);
#2927=ORIENTED_EDGE('',*,*,#2076,.T.);
#2928=ORIENTED_EDGE('',*,*,#2091,.T.);
#2929=ORIENTED_EDGE('',*,*,#2247,.T.);
#2930=ORIENTED_EDGE('',*,*,#2248,.F.);
#2931=ORIENTED_EDGE('',*,*,#2249,.T.);
#2932=ORIENTED_EDGE('',*,*,#2250,.F.);
#2933=ORIENTED_EDGE('',*,*,#2251,.F.);
#2934=ORIENTED_EDGE('',*,*,#2252,.F.);
#2935=ORIENTED_EDGE('',*,*,#2253,.T.);
#2936=ORIENTED_EDGE('',*,*,#2254,.F.);
#2937=ORIENTED_EDGE('',*,*,#2249,.F.);
#2938=ORIENTED_EDGE('',*,*,#2255,.F.);
#2939=ORIENTED_EDGE('',*,*,#2256,.T.);
#2940=ORIENTED_EDGE('',*,*,#2257,.F.);
#2941=ORIENTED_EDGE('',*,*,#2253,.F.);
#2942=ORIENTED_EDGE('',*,*,#2258,.F.);
#2943=ORIENTED_EDGE('',*,*,#2259,.T.);
#2944=ORIENTED_EDGE('',*,*,#2260,.F.);
#2945=ORIENTED_EDGE('',*,*,#2256,.F.);
#2946=ORIENTED_EDGE('',*,*,#2261,.F.);
#2947=ORIENTED_EDGE('',*,*,#2262,.T.);
#2948=ORIENTED_EDGE('',*,*,#2263,.F.);
#2949=ORIENTED_EDGE('',*,*,#2259,.F.);
#2950=ORIENTED_EDGE('',*,*,#2264,.F.);
#2951=ORIENTED_EDGE('',*,*,#2265,.T.);
#2952=ORIENTED_EDGE('',*,*,#2266,.F.);
#2953=ORIENTED_EDGE('',*,*,#2262,.F.);
#2954=ORIENTED_EDGE('',*,*,#2267,.F.);
#2955=ORIENTED_EDGE('',*,*,#2251,.T.);
#2956=ORIENTED_EDGE('',*,*,#2268,.F.);
#2957=ORIENTED_EDGE('',*,*,#2269,.F.);
#2958=ORIENTED_EDGE('',*,*,#2270,.F.);
#2959=ORIENTED_EDGE('',*,*,#2269,.T.);
#2960=ORIENTED_EDGE('',*,*,#2271,.F.);
#2961=ORIENTED_EDGE('',*,*,#2272,.F.);
#2962=ORIENTED_EDGE('',*,*,#2273,.F.);
#2963=ORIENTED_EDGE('',*,*,#2272,.T.);
#2964=ORIENTED_EDGE('',*,*,#2274,.F.);
#2965=ORIENTED_EDGE('',*,*,#2275,.F.);
#2966=ORIENTED_EDGE('',*,*,#2276,.F.);
#2967=ORIENTED_EDGE('',*,*,#2275,.T.);
#2968=ORIENTED_EDGE('',*,*,#2277,.F.);
#2969=ORIENTED_EDGE('',*,*,#2278,.F.);
#2970=ORIENTED_EDGE('',*,*,#2279,.F.);
#2971=ORIENTED_EDGE('',*,*,#2278,.T.);
#2972=ORIENTED_EDGE('',*,*,#2280,.F.);
#2973=ORIENTED_EDGE('',*,*,#2265,.F.);
#2974=ORIENTED_EDGE('',*,*,#2266,.T.);
#2975=ORIENTED_EDGE('',*,*,#2280,.T.);
#2976=ORIENTED_EDGE('',*,*,#2277,.T.);
#2977=ORIENTED_EDGE('',*,*,#2274,.T.);
#2978=ORIENTED_EDGE('',*,*,#2271,.T.);
#2979=ORIENTED_EDGE('',*,*,#2268,.T.);
#2980=ORIENTED_EDGE('',*,*,#2250,.T.);
#2981=ORIENTED_EDGE('',*,*,#2254,.T.);
#2982=ORIENTED_EDGE('',*,*,#2257,.T.);
#2983=ORIENTED_EDGE('',*,*,#2260,.T.);
#2984=ORIENTED_EDGE('',*,*,#2263,.T.);
#2985=ORIENTED_EDGE('',*,*,#2064,.T.);
#2986=ORIENTED_EDGE('',*,*,#2067,.T.);
#2987=ORIENTED_EDGE('',*,*,#2093,.T.);
#2988=ORIENTED_EDGE('',*,*,#2281,.T.);
#2989=ORIENTED_EDGE('',*,*,#2282,.F.);
#2990=ORIENTED_EDGE('',*,*,#2283,.T.);
#2991=ORIENTED_EDGE('',*,*,#2284,.F.);
#2992=ORIENTED_EDGE('',*,*,#2285,.F.);
#2993=ORIENTED_EDGE('',*,*,#2286,.F.);
#2994=ORIENTED_EDGE('',*,*,#2287,.T.);
#2995=ORIENTED_EDGE('',*,*,#2288,.F.);
#2996=ORIENTED_EDGE('',*,*,#2283,.F.);
#2997=ORIENTED_EDGE('',*,*,#2289,.F.);
#2998=ORIENTED_EDGE('',*,*,#2290,.T.);
#2999=ORIENTED_EDGE('',*,*,#2291,.F.);
#3000=ORIENTED_EDGE('',*,*,#2287,.F.);
#3001=ORIENTED_EDGE('',*,*,#2292,.F.);
#3002=ORIENTED_EDGE('',*,*,#2293,.T.);
#3003=ORIENTED_EDGE('',*,*,#2294,.F.);
#3004=ORIENTED_EDGE('',*,*,#2290,.F.);
#3005=ORIENTED_EDGE('',*,*,#2295,.F.);
#3006=ORIENTED_EDGE('',*,*,#2296,.T.);
#3007=ORIENTED_EDGE('',*,*,#2297,.F.);
#3008=ORIENTED_EDGE('',*,*,#2293,.F.);
#3009=ORIENTED_EDGE('',*,*,#2298,.F.);
#3010=ORIENTED_EDGE('',*,*,#2299,.T.);
#3011=ORIENTED_EDGE('',*,*,#2300,.F.);
#3012=ORIENTED_EDGE('',*,*,#2296,.F.);
#3013=ORIENTED_EDGE('',*,*,#2301,.F.);
#3014=ORIENTED_EDGE('',*,*,#2285,.T.);
#3015=ORIENTED_EDGE('',*,*,#2302,.F.);
#3016=ORIENTED_EDGE('',*,*,#2303,.F.);
#3017=ORIENTED_EDGE('',*,*,#2304,.F.);
#3018=ORIENTED_EDGE('',*,*,#2303,.T.);
#3019=ORIENTED_EDGE('',*,*,#2305,.F.);
#3020=ORIENTED_EDGE('',*,*,#2306,.F.);
#3021=ORIENTED_EDGE('',*,*,#2307,.F.);
#3022=ORIENTED_EDGE('',*,*,#2306,.T.);
#3023=ORIENTED_EDGE('',*,*,#2308,.F.);
#3024=ORIENTED_EDGE('',*,*,#2309,.F.);
#3025=ORIENTED_EDGE('',*,*,#2310,.F.);
#3026=ORIENTED_EDGE('',*,*,#2309,.T.);
#3027=ORIENTED_EDGE('',*,*,#2311,.F.);
#3028=ORIENTED_EDGE('',*,*,#2312,.F.);
#3029=ORIENTED_EDGE('',*,*,#2313,.F.);
#3030=ORIENTED_EDGE('',*,*,#2312,.T.);
#3031=ORIENTED_EDGE('',*,*,#2314,.F.);
#3032=ORIENTED_EDGE('',*,*,#2315,.F.);
#3033=ORIENTED_EDGE('',*,*,#2316,.F.);
#3034=ORIENTED_EDGE('',*,*,#2315,.T.);
#3035=ORIENTED_EDGE('',*,*,#2317,.F.);
#3036=ORIENTED_EDGE('',*,*,#2299,.F.);
#3037=ORIENTED_EDGE('',*,*,#2300,.T.);
#3038=ORIENTED_EDGE('',*,*,#2317,.T.);
#3039=ORIENTED_EDGE('',*,*,#2314,.T.);
#3040=ORIENTED_EDGE('',*,*,#2311,.T.);
#3041=ORIENTED_EDGE('',*,*,#2308,.T.);
#3042=ORIENTED_EDGE('',*,*,#2305,.T.);
#3043=ORIENTED_EDGE('',*,*,#2302,.T.);
#3044=ORIENTED_EDGE('',*,*,#2284,.T.);
#3045=ORIENTED_EDGE('',*,*,#2288,.T.);
#3046=ORIENTED_EDGE('',*,*,#2291,.T.);
#3047=ORIENTED_EDGE('',*,*,#2294,.T.);
#3048=ORIENTED_EDGE('',*,*,#2297,.T.);
#3049=ORIENTED_EDGE('',*,*,#2318,.F.);
#3050=ORIENTED_EDGE('',*,*,#2319,.T.);
#3051=ORIENTED_EDGE('',*,*,#2320,.F.);
#3052=ORIENTED_EDGE('',*,*,#2321,.F.);
#3053=ORIENTED_EDGE('',*,*,#2322,.F.);
#3054=ORIENTED_EDGE('',*,*,#2323,.T.);
#3055=ORIENTED_EDGE('',*,*,#2324,.F.);
#3056=ORIENTED_EDGE('',*,*,#2319,.F.);
#3057=ORIENTED_EDGE('',*,*,#2325,.F.);
#3058=ORIENTED_EDGE('',*,*,#2326,.T.);
#3059=ORIENTED_EDGE('',*,*,#2327,.F.);
#3060=ORIENTED_EDGE('',*,*,#2323,.F.);
#3061=ORIENTED_EDGE('',*,*,#2328,.F.);
#3062=ORIENTED_EDGE('',*,*,#2321,.T.);
#3063=ORIENTED_EDGE('',*,*,#2329,.F.);
#3064=ORIENTED_EDGE('',*,*,#2330,.F.);
#3065=ORIENTED_EDGE('',*,*,#2331,.F.);
#3066=ORIENTED_EDGE('',*,*,#2330,.T.);
#3067=ORIENTED_EDGE('',*,*,#2332,.F.);
#3068=ORIENTED_EDGE('',*,*,#2333,.F.);
#3069=ORIENTED_EDGE('',*,*,#2334,.F.);
#3070=ORIENTED_EDGE('',*,*,#2333,.T.);
#3071=ORIENTED_EDGE('',*,*,#2335,.F.);
#3072=ORIENTED_EDGE('',*,*,#2326,.F.);
#3073=ORIENTED_EDGE('',*,*,#2327,.T.);
#3074=ORIENTED_EDGE('',*,*,#2335,.T.);
#3075=ORIENTED_EDGE('',*,*,#2332,.T.);
#3076=ORIENTED_EDGE('',*,*,#2329,.T.);
#3077=ORIENTED_EDGE('',*,*,#2320,.T.);
#3078=ORIENTED_EDGE('',*,*,#2324,.T.);
#3079=ORIENTED_EDGE('',*,*,#2082,.T.);
#3080=ORIENTED_EDGE('',*,*,#2085,.T.);
#3081=ORIENTED_EDGE('',*,*,#2095,.T.);
#3082=ORIENTED_EDGE('',*,*,#2336,.T.);
#3083=ORIENTED_EDGE('',*,*,#2337,.F.);
#3084=ORIENTED_EDGE('',*,*,#2338,.T.);
#3085=ORIENTED_EDGE('',*,*,#2339,.F.);
#3086=ORIENTED_EDGE('',*,*,#2340,.F.);
#3087=ORIENTED_EDGE('',*,*,#2341,.F.);
#3088=ORIENTED_EDGE('',*,*,#2342,.T.);
#3089=ORIENTED_EDGE('',*,*,#2343,.F.);
#3090=ORIENTED_EDGE('',*,*,#2338,.F.);
#3091=ORIENTED_EDGE('',*,*,#2344,.F.);
#3092=ORIENTED_EDGE('',*,*,#2345,.T.);
#3093=ORIENTED_EDGE('',*,*,#2346,.F.);
#3094=ORIENTED_EDGE('',*,*,#2342,.F.);
#3095=ORIENTED_EDGE('',*,*,#2347,.F.);
#3096=ORIENTED_EDGE('',*,*,#2340,.T.);
#3097=ORIENTED_EDGE('',*,*,#2348,.F.);
#3098=ORIENTED_EDGE('',*,*,#2349,.F.);
#3099=ORIENTED_EDGE('',*,*,#2350,.F.);
#3100=ORIENTED_EDGE('',*,*,#2349,.T.);
#3101=ORIENTED_EDGE('',*,*,#2351,.F.);
#3102=ORIENTED_EDGE('',*,*,#2352,.F.);
#3103=ORIENTED_EDGE('',*,*,#2353,.F.);
#3104=ORIENTED_EDGE('',*,*,#2352,.T.);
#3105=ORIENTED_EDGE('',*,*,#2354,.F.);
#3106=ORIENTED_EDGE('',*,*,#2345,.F.);
#3107=ORIENTED_EDGE('',*,*,#2346,.T.);
#3108=ORIENTED_EDGE('',*,*,#2354,.T.);
#3109=ORIENTED_EDGE('',*,*,#2351,.T.);
#3110=ORIENTED_EDGE('',*,*,#2348,.T.);
#3111=ORIENTED_EDGE('',*,*,#2339,.T.);
#3112=ORIENTED_EDGE('',*,*,#2343,.T.);
#3113=ORIENTED_EDGE('',*,*,#2055,.T.);
#3114=ORIENTED_EDGE('',*,*,#2058,.T.);
#3115=ORIENTED_EDGE('',*,*,#2097,.T.);
#3116=ORIENTED_EDGE('',*,*,#2355,.T.);
#3117=ORIENTED_EDGE('',*,*,#2356,.F.);
#3118=ORIENTED_EDGE('',*,*,#2357,.F.);
#3119=ORIENTED_EDGE('',*,*,#2358,.F.);
#3120=ORIENTED_EDGE('',*,*,#2359,.F.);
#3121=ORIENTED_EDGE('',*,*,#2245,.T.);
#3122=ORIENTED_EDGE('',*,*,#2236,.T.);
#3123=ORIENTED_EDGE('',*,*,#2233,.T.);
#3124=ORIENTED_EDGE('',*,*,#2230,.T.);
#3125=ORIENTED_EDGE('',*,*,#2226,.T.);
#3126=ORIENTED_EDGE('',*,*,#2239,.T.);
#3127=ORIENTED_EDGE('',*,*,#2242,.T.);
#3128=ORIENTED_EDGE('',*,*,#2316,.T.);
#3129=ORIENTED_EDGE('',*,*,#2298,.T.);
#3130=ORIENTED_EDGE('',*,*,#2295,.T.);
#3131=ORIENTED_EDGE('',*,*,#2292,.T.);
#3132=ORIENTED_EDGE('',*,*,#2289,.T.);
#3133=ORIENTED_EDGE('',*,*,#2286,.T.);
#3134=ORIENTED_EDGE('',*,*,#2282,.T.);
#3135=ORIENTED_EDGE('',*,*,#2301,.T.);
#3136=ORIENTED_EDGE('',*,*,#2304,.T.);
#3137=ORIENTED_EDGE('',*,*,#2307,.T.);
#3138=ORIENTED_EDGE('',*,*,#2310,.T.);
#3139=ORIENTED_EDGE('',*,*,#2313,.T.);
#3140=ORIENTED_EDGE('',*,*,#2353,.T.);
#3141=ORIENTED_EDGE('',*,*,#2344,.T.);
#3142=ORIENTED_EDGE('',*,*,#2341,.T.);
#3143=ORIENTED_EDGE('',*,*,#2337,.T.);
#3144=ORIENTED_EDGE('',*,*,#2347,.T.);
#3145=ORIENTED_EDGE('',*,*,#2350,.T.);
#3146=ORIENTED_EDGE('',*,*,#2334,.T.);
#3147=ORIENTED_EDGE('',*,*,#2325,.T.);
#3148=ORIENTED_EDGE('',*,*,#2322,.T.);
#3149=ORIENTED_EDGE('',*,*,#2318,.T.);
#3150=ORIENTED_EDGE('',*,*,#2328,.T.);
#3151=ORIENTED_EDGE('',*,*,#2331,.T.);
#3152=ORIENTED_EDGE('',*,*,#2279,.T.);
#3153=ORIENTED_EDGE('',*,*,#2264,.T.);
#3154=ORIENTED_EDGE('',*,*,#2261,.T.);
#3155=ORIENTED_EDGE('',*,*,#2258,.T.);
#3156=ORIENTED_EDGE('',*,*,#2255,.T.);
#3157=ORIENTED_EDGE('',*,*,#2252,.T.);
#3158=ORIENTED_EDGE('',*,*,#2248,.T.);
#3159=ORIENTED_EDGE('',*,*,#2267,.T.);
#3160=ORIENTED_EDGE('',*,*,#2270,.T.);
#3161=ORIENTED_EDGE('',*,*,#2273,.T.);
#3162=ORIENTED_EDGE('',*,*,#2276,.T.);
#3163=ORIENTED_EDGE('',*,*,#2224,.T.);
#3164=ORIENTED_EDGE('',*,*,#2200,.T.);
#3165=ORIENTED_EDGE('',*,*,#2197,.T.);
#3166=ORIENTED_EDGE('',*,*,#2194,.T.);
#3167=ORIENTED_EDGE('',*,*,#2191,.T.);
#3168=ORIENTED_EDGE('',*,*,#2188,.T.);
#3169=ORIENTED_EDGE('',*,*,#2185,.T.);
#3170=ORIENTED_EDGE('',*,*,#2182,.T.);
#3171=ORIENTED_EDGE('',*,*,#2178,.T.);
#3172=ORIENTED_EDGE('',*,*,#2203,.T.);
#3173=ORIENTED_EDGE('',*,*,#2206,.T.);
#3174=ORIENTED_EDGE('',*,*,#2209,.T.);
#3175=ORIENTED_EDGE('',*,*,#2212,.T.);
#3176=ORIENTED_EDGE('',*,*,#2215,.T.);
#3177=ORIENTED_EDGE('',*,*,#2218,.T.);
#3178=ORIENTED_EDGE('',*,*,#2221,.T.);
#3179=ORIENTED_EDGE('',*,*,#2356,.T.);
#3180=ORIENTED_EDGE('',*,*,#2360,.T.);
#3181=ORIENTED_EDGE('',*,*,#2361,.F.);
#3182=ORIENTED_EDGE('',*,*,#2362,.F.);
#3183=ORIENTED_EDGE('',*,*,#2359,.T.);
#3184=ORIENTED_EDGE('',*,*,#2363,.T.);
#3185=ORIENTED_EDGE('',*,*,#2364,.F.);
#3186=ORIENTED_EDGE('',*,*,#2360,.F.);
#3187=ORIENTED_EDGE('',*,*,#2157,.F.);
#3188=ORIENTED_EDGE('',*,*,#2365,.F.);
#3189=ORIENTED_EDGE('',*,*,#2366,.F.);
#3190=ORIENTED_EDGE('',*,*,#2367,.F.);
#3191=ORIENTED_EDGE('',*,*,#2368,.F.);
#3192=ORIENTED_EDGE('',*,*,#2369,.T.);
#3193=ORIENTED_EDGE('',*,*,#2370,.F.);
#3194=ORIENTED_EDGE('',*,*,#2176,.F.);
#3195=ORIENTED_EDGE('',*,*,#2164,.F.);
#3196=ORIENTED_EDGE('',*,*,#2371,.F.);
#3197=ORIENTED_EDGE('',*,*,#2372,.F.);
#3198=ORIENTED_EDGE('',*,*,#2373,.F.);
#3199=ORIENTED_EDGE('',*,*,#2374,.F.);
#3200=ORIENTED_EDGE('',*,*,#2372,.T.);
#3201=ORIENTED_EDGE('',*,*,#2375,.F.);
#3202=ORIENTED_EDGE('',*,*,#2376,.F.);
#3203=ORIENTED_EDGE('',*,*,#2377,.F.);
#3204=ORIENTED_EDGE('',*,*,#2376,.T.);
#3205=ORIENTED_EDGE('',*,*,#2378,.F.);
#3206=ORIENTED_EDGE('',*,*,#2379,.F.);
#3207=ORIENTED_EDGE('',*,*,#2380,.F.);
#3208=ORIENTED_EDGE('',*,*,#2379,.T.);
#3209=ORIENTED_EDGE('',*,*,#2381,.F.);
#3210=ORIENTED_EDGE('',*,*,#2382,.F.);
#3211=ORIENTED_EDGE('',*,*,#2383,.F.);
#3212=ORIENTED_EDGE('',*,*,#2382,.T.);
#3213=ORIENTED_EDGE('',*,*,#2384,.F.);
#3214=ORIENTED_EDGE('',*,*,#2104,.F.);
#3215=ORIENTED_EDGE('',*,*,#2135,.F.);
#3216=ORIENTED_EDGE('',*,*,#2385,.F.);
#3217=ORIENTED_EDGE('',*,*,#2386,.F.);
#3218=ORIENTED_EDGE('',*,*,#2387,.F.);
#3219=ORIENTED_EDGE('',*,*,#2388,.F.);
#3220=ORIENTED_EDGE('',*,*,#2386,.T.);
#3221=ORIENTED_EDGE('',*,*,#2389,.F.);
#3222=ORIENTED_EDGE('',*,*,#2390,.F.);
#3223=ORIENTED_EDGE('',*,*,#2391,.F.);
#3224=ORIENTED_EDGE('',*,*,#2390,.T.);
#3225=ORIENTED_EDGE('',*,*,#2392,.F.);
#3226=ORIENTED_EDGE('',*,*,#2393,.F.);
#3227=ORIENTED_EDGE('',*,*,#2394,.F.);
#3228=ORIENTED_EDGE('',*,*,#2393,.T.);
#3229=ORIENTED_EDGE('',*,*,#2395,.F.);
#3230=ORIENTED_EDGE('',*,*,#2147,.F.);
#3231=ORIENTED_EDGE('',*,*,#2098,.F.);
#3232=ORIENTED_EDGE('',*,*,#2105,.T.);
#3233=ORIENTED_EDGE('',*,*,#2384,.T.);
#3234=ORIENTED_EDGE('',*,*,#2381,.T.);
#3235=ORIENTED_EDGE('',*,*,#2378,.T.);
#3236=ORIENTED_EDGE('',*,*,#2375,.T.);
#3237=ORIENTED_EDGE('',*,*,#2371,.T.);
#3238=ORIENTED_EDGE('',*,*,#2163,.F.);
#3239=ORIENTED_EDGE('',*,*,#2170,.T.);
#3240=ORIENTED_EDGE('',*,*,#2171,.F.);
#3241=ORIENTED_EDGE('',*,*,#2177,.T.);
#3242=ORIENTED_EDGE('',*,*,#2370,.T.);
#3243=ORIENTED_EDGE('',*,*,#2396,.T.);
#3244=ORIENTED_EDGE('',*,*,#2365,.T.);
#3245=ORIENTED_EDGE('',*,*,#2156,.F.);
#3246=ORIENTED_EDGE('',*,*,#2161,.T.);
#3247=ORIENTED_EDGE('',*,*,#2149,.F.);
#3248=ORIENTED_EDGE('',*,*,#2154,.T.);
#3249=ORIENTED_EDGE('',*,*,#2141,.F.);
#3250=ORIENTED_EDGE('',*,*,#2148,.T.);
#3251=ORIENTED_EDGE('',*,*,#2395,.T.);
#3252=ORIENTED_EDGE('',*,*,#2392,.T.);
#3253=ORIENTED_EDGE('',*,*,#2389,.T.);
#3254=ORIENTED_EDGE('',*,*,#2385,.T.);
#3255=ORIENTED_EDGE('',*,*,#2134,.F.);
#3256=ORIENTED_EDGE('',*,*,#2139,.T.);
#3257=ORIENTED_EDGE('',*,*,#2127,.F.);
#3258=ORIENTED_EDGE('',*,*,#2132,.T.);
#3259=ORIENTED_EDGE('',*,*,#2120,.F.);
#3260=ORIENTED_EDGE('',*,*,#2125,.T.);
#3261=ORIENTED_EDGE('',*,*,#2113,.F.);
#3262=ORIENTED_EDGE('',*,*,#2118,.T.);
#3263=ORIENTED_EDGE('',*,*,#2106,.F.);
#3264=ORIENTED_EDGE('',*,*,#2111,.T.);
#3265=ORIENTED_EDGE('',*,*,#2397,.T.);
#3266=ORIENTED_EDGE('',*,*,#2398,.T.);
#3267=ORIENTED_EDGE('',*,*,#2399,.T.);
#3268=ORIENTED_EDGE('',*,*,#2361,.T.);
#3269=ORIENTED_EDGE('',*,*,#2364,.T.);
#3270=ORIENTED_EDGE('',*,*,#2400,.T.);
#3271=ORIENTED_EDGE('',*,*,#2401,.T.);
#3272=ORIENTED_EDGE('',*,*,#2402,.T.);
#3273=ORIENTED_EDGE('',*,*,#2403,.F.);
#3274=ORIENTED_EDGE('',*,*,#2404,.F.);
#3275=ORIENTED_EDGE('',*,*,#2405,.F.);
#3276=ORIENTED_EDGE('',*,*,#2406,.T.);
#3277=ORIENTED_EDGE('',*,*,#2407,.F.);
#3278=ORIENTED_EDGE('',*,*,#2408,.F.);
#3279=ORIENTED_EDGE('',*,*,#2409,.T.);
#3280=ORIENTED_EDGE('',*,*,#2087,.T.);
#3281=ORIENTED_EDGE('',*,*,#2410,.F.);
#3282=ORIENTED_EDGE('',*,*,#2411,.F.);
#3283=ORIENTED_EDGE('',*,*,#2403,.T.);
#3284=ORIENTED_EDGE('',*,*,#2086,.T.);
#3285=ORIENTED_EDGE('',*,*,#2412,.T.);
#3286=ORIENTED_EDGE('',*,*,#2413,.T.);
#3287=ORIENTED_EDGE('',*,*,#2414,.F.);
#3288=ORIENTED_EDGE('',*,*,#2413,.F.);
#3289=ORIENTED_EDGE('',*,*,#2415,.T.);
#3290=ORIENTED_EDGE('',*,*,#2416,.T.);
#3291=ORIENTED_EDGE('',*,*,#2417,.F.);
#3292=ORIENTED_EDGE('',*,*,#2416,.F.);
#3293=ORIENTED_EDGE('',*,*,#2397,.F.);
#3294=ORIENTED_EDGE('',*,*,#2418,.T.);
#3295=ORIENTED_EDGE('',*,*,#2419,.T.);
#3296=ORIENTED_EDGE('',*,*,#2418,.F.);
#3297=ORIENTED_EDGE('',*,*,#2419,.F.);
#3298=ORIENTED_EDGE('',*,*,#2412,.F.);
#3299=ORIENTED_EDGE('',*,*,#2398,.F.);
#3300=ORIENTED_EDGE('',*,*,#2420,.T.);
#3301=ORIENTED_EDGE('',*,*,#2421,.T.);
#3302=ORIENTED_EDGE('',*,*,#2420,.F.);
#3303=ORIENTED_EDGE('',*,*,#2421,.F.);
#3304=ORIENTED_EDGE('',*,*,#2415,.F.);
#3305=ORIENTED_EDGE('',*,*,#2422,.F.);
#3306=ORIENTED_EDGE('',*,*,#2423,.T.);
#3307=ORIENTED_EDGE('',*,*,#2424,.F.);
#3308=ORIENTED_EDGE('',*,*,#2425,.T.);
#3309=ORIENTED_EDGE('',*,*,#2426,.T.);
#3310=ORIENTED_EDGE('',*,*,#2427,.T.);
#3311=ORIENTED_EDGE('',*,*,#2428,.T.);
#3312=ORIENTED_EDGE('',*,*,#2429,.T.);
#3313=ORIENTED_EDGE('',*,*,#2430,.T.);
#3314=ORIENTED_EDGE('',*,*,#2431,.T.);
#3315=ORIENTED_EDGE('',*,*,#2432,.F.);
#3316=ORIENTED_EDGE('',*,*,#2433,.T.);
#3317=ORIENTED_EDGE('',*,*,#2434,.F.);
#3318=ORIENTED_EDGE('',*,*,#2435,.T.);
#3319=ORIENTED_EDGE('',*,*,#2436,.F.);
#3320=ORIENTED_EDGE('',*,*,#2437,.T.);
#3321=ORIENTED_EDGE('',*,*,#2404,.T.);
#3322=ORIENTED_EDGE('',*,*,#2411,.T.);
#3323=ORIENTED_EDGE('',*,*,#2438,.T.);
#3324=ORIENTED_EDGE('',*,*,#2439,.T.);
#3325=ORIENTED_EDGE('',*,*,#2440,.F.);
#3326=ORIENTED_EDGE('',*,*,#2441,.T.);
#3327=ORIENTED_EDGE('',*,*,#2442,.F.);
#3328=ORIENTED_EDGE('',*,*,#2443,.T.);
#3329=ORIENTED_EDGE('',*,*,#2444,.F.);
#3330=ORIENTED_EDGE('',*,*,#2445,.T.);
#3331=ORIENTED_EDGE('',*,*,#2414,.T.);
#3332=ORIENTED_EDGE('',*,*,#2417,.T.);
#3333=ORIENTED_EDGE('',*,*,#2446,.T.);
#3334=ORIENTED_EDGE('',*,*,#2447,.F.);
#3335=ORIENTED_EDGE('',*,*,#2448,.F.);
#3336=ORIENTED_EDGE('',*,*,#2431,.F.);
#3337=ORIENTED_EDGE('',*,*,#2449,.F.);
#3338=ORIENTED_EDGE('',*,*,#2143,.T.);
#3339=ORIENTED_EDGE('',*,*,#2155,.T.);
#3340=ORIENTED_EDGE('',*,*,#2152,.T.);
#3341=ORIENTED_EDGE('',*,*,#2450,.T.);
#3342=ORIENTED_EDGE('',*,*,#2451,.T.);
#3343=ORIENTED_EDGE('',*,*,#2447,.T.);
#3344=ORIENTED_EDGE('',*,*,#2452,.T.);
#3345=ORIENTED_EDGE('',*,*,#2453,.T.);
#3346=ORIENTED_EDGE('',*,*,#2450,.F.);
#3347=ORIENTED_EDGE('',*,*,#2151,.T.);
#3348=ORIENTED_EDGE('',*,*,#2162,.T.);
#3349=ORIENTED_EDGE('',*,*,#2159,.T.);
#3350=ORIENTED_EDGE('',*,*,#2454,.T.);
#3351=ORIENTED_EDGE('',*,*,#2455,.T.);
#3352=ORIENTED_EDGE('',*,*,#2456,.T.);
#3353=ORIENTED_EDGE('',*,*,#2457,.T.);
#3354=ORIENTED_EDGE('',*,*,#2458,.T.);
#3355=ORIENTED_EDGE('',*,*,#2459,.T.);
#3356=ORIENTED_EDGE('',*,*,#2454,.F.);
#3357=ORIENTED_EDGE('',*,*,#2158,.T.);
#3358=ORIENTED_EDGE('',*,*,#2367,.T.);
#3359=ORIENTED_EDGE('',*,*,#2459,.F.);
#3360=ORIENTED_EDGE('',*,*,#2460,.T.);
#3361=ORIENTED_EDGE('',*,*,#2455,.F.);
#3362=ORIENTED_EDGE('',*,*,#2453,.F.);
#3363=ORIENTED_EDGE('',*,*,#2461,.T.);
#3364=ORIENTED_EDGE('',*,*,#2451,.F.);
#3365=ORIENTED_EDGE('',*,*,#2449,.T.);
#3366=ORIENTED_EDGE('',*,*,#2462,.T.);
#3367=ORIENTED_EDGE('',*,*,#2463,.T.);
#3368=ORIENTED_EDGE('',*,*,#2146,.T.);
#3369=ORIENTED_EDGE('',*,*,#2144,.T.);
#3370=ORIENTED_EDGE('',*,*,#2452,.F.);
#3371=ORIENTED_EDGE('',*,*,#2446,.F.);
#3372=ORIENTED_EDGE('',*,*,#2430,.F.);
#3373=ORIENTED_EDGE('',*,*,#2464,.F.);
#3374=ORIENTED_EDGE('',*,*,#2462,.F.);
#3375=ORIENTED_EDGE('',*,*,#2465,.F.);
#3376=ORIENTED_EDGE('',*,*,#2445,.F.);
#3377=ORIENTED_EDGE('',*,*,#2466,.F.);
#3378=ORIENTED_EDGE('',*,*,#2467,.F.);
#3379=ORIENTED_EDGE('',*,*,#2461,.F.);
#3380=ORIENTED_EDGE('',*,*,#2468,.T.);
#3381=ORIENTED_EDGE('',*,*,#2432,.T.);
#3382=ORIENTED_EDGE('',*,*,#2448,.T.);
#3383=ORIENTED_EDGE('',*,*,#2456,.F.);
#3384=ORIENTED_EDGE('',*,*,#2469,.F.);
#3385=ORIENTED_EDGE('',*,*,#2433,.F.);
#3386=ORIENTED_EDGE('',*,*,#2468,.F.);
#3387=ORIENTED_EDGE('',*,*,#2470,.T.);
#3388=ORIENTED_EDGE('',*,*,#2175,.T.);
#3389=ORIENTED_EDGE('',*,*,#2173,.T.);
#3390=ORIENTED_EDGE('',*,*,#2471,.T.);
#3391=ORIENTED_EDGE('',*,*,#2472,.T.);
#3392=ORIENTED_EDGE('',*,*,#2473,.T.);
#3393=ORIENTED_EDGE('',*,*,#2470,.F.);
#3394=ORIENTED_EDGE('',*,*,#2474,.T.);
#3395=ORIENTED_EDGE('',*,*,#2475,.T.);
#3396=ORIENTED_EDGE('',*,*,#2368,.T.);
#3397=ORIENTED_EDGE('',*,*,#2476,.T.);
#3398=ORIENTED_EDGE('',*,*,#2471,.F.);
#3399=ORIENTED_EDGE('',*,*,#2172,.T.);
#3400=ORIENTED_EDGE('',*,*,#2168,.T.);
#3401=ORIENTED_EDGE('',*,*,#2166,.T.);
#3402=ORIENTED_EDGE('',*,*,#2477,.T.);
#3403=ORIENTED_EDGE('',*,*,#2478,.T.);
#3404=ORIENTED_EDGE('',*,*,#2479,.T.);
#3405=ORIENTED_EDGE('',*,*,#2480,.T.);
#3406=ORIENTED_EDGE('',*,*,#2477,.F.);
#3407=ORIENTED_EDGE('',*,*,#2165,.T.);
#3408=ORIENTED_EDGE('',*,*,#2373,.T.);
#3409=ORIENTED_EDGE('',*,*,#2481,.T.);
#3410=ORIENTED_EDGE('',*,*,#2482,.T.);
#3411=ORIENTED_EDGE('',*,*,#2483,.T.);
#3412=ORIENTED_EDGE('',*,*,#2103,.T.);
#3413=ORIENTED_EDGE('',*,*,#2101,.T.);
#3414=ORIENTED_EDGE('',*,*,#2484,.T.);
#3415=ORIENTED_EDGE('',*,*,#2485,.T.);
#3416=ORIENTED_EDGE('',*,*,#2486,.T.);
#3417=ORIENTED_EDGE('',*,*,#2483,.F.);
#3418=ORIENTED_EDGE('',*,*,#2487,.T.);
#3419=ORIENTED_EDGE('',*,*,#2488,.T.);
#3420=ORIENTED_EDGE('',*,*,#2383,.T.);
#3421=ORIENTED_EDGE('',*,*,#2489,.T.);
#3422=ORIENTED_EDGE('',*,*,#2380,.T.);
#3423=ORIENTED_EDGE('',*,*,#2488,.F.);
#3424=ORIENTED_EDGE('',*,*,#2490,.T.);
#3425=ORIENTED_EDGE('',*,*,#2489,.F.);
#3426=ORIENTED_EDGE('',*,*,#2491,.T.);
#3427=ORIENTED_EDGE('',*,*,#2492,.T.);
#3428=ORIENTED_EDGE('',*,*,#2377,.T.);
#3429=ORIENTED_EDGE('',*,*,#2493,.T.);
#3430=ORIENTED_EDGE('',*,*,#2374,.T.);
#3431=ORIENTED_EDGE('',*,*,#2492,.F.);
#3432=ORIENTED_EDGE('',*,*,#2494,.T.);
#3433=ORIENTED_EDGE('',*,*,#2495,.T.);
#3434=ORIENTED_EDGE('',*,*,#2484,.F.);
#3435=ORIENTED_EDGE('',*,*,#2100,.T.);
#3436=ORIENTED_EDGE('',*,*,#2112,.T.);
#3437=ORIENTED_EDGE('',*,*,#2109,.T.);
#3438=ORIENTED_EDGE('',*,*,#2496,.T.);
#3439=ORIENTED_EDGE('',*,*,#2497,.T.);
#3440=ORIENTED_EDGE('',*,*,#2498,.T.);
#3441=ORIENTED_EDGE('',*,*,#2499,.T.);
#3442=ORIENTED_EDGE('',*,*,#2496,.F.);
#3443=ORIENTED_EDGE('',*,*,#2108,.T.);
#3444=ORIENTED_EDGE('',*,*,#2119,.T.);
#3445=ORIENTED_EDGE('',*,*,#2116,.T.);
#3446=ORIENTED_EDGE('',*,*,#2500,.T.);
#3447=ORIENTED_EDGE('',*,*,#2501,.T.);
#3448=ORIENTED_EDGE('',*,*,#2502,.T.);
#3449=ORIENTED_EDGE('',*,*,#2503,.T.);
#3450=ORIENTED_EDGE('',*,*,#2500,.F.);
#3451=ORIENTED_EDGE('',*,*,#2115,.T.);
#3452=ORIENTED_EDGE('',*,*,#2126,.T.);
#3453=ORIENTED_EDGE('',*,*,#2123,.T.);
#3454=ORIENTED_EDGE('',*,*,#2504,.T.);
#3455=ORIENTED_EDGE('',*,*,#2505,.T.);
#3456=ORIENTED_EDGE('',*,*,#2506,.T.);
#3457=ORIENTED_EDGE('',*,*,#2507,.T.);
#3458=ORIENTED_EDGE('',*,*,#2504,.F.);
#3459=ORIENTED_EDGE('',*,*,#2122,.T.);
#3460=ORIENTED_EDGE('',*,*,#2133,.T.);
#3461=ORIENTED_EDGE('',*,*,#2130,.T.);
#3462=ORIENTED_EDGE('',*,*,#2508,.T.);
#3463=ORIENTED_EDGE('',*,*,#2509,.T.);
#3464=ORIENTED_EDGE('',*,*,#2510,.T.);
#3465=ORIENTED_EDGE('',*,*,#2511,.T.);
#3466=ORIENTED_EDGE('',*,*,#2467,.T.);
#3467=ORIENTED_EDGE('',*,*,#2512,.T.);
#3468=ORIENTED_EDGE('',*,*,#2508,.F.);
#3469=ORIENTED_EDGE('',*,*,#2129,.T.);
#3470=ORIENTED_EDGE('',*,*,#2140,.T.);
#3471=ORIENTED_EDGE('',*,*,#2137,.T.);
#3472=ORIENTED_EDGE('',*,*,#2513,.T.);
#3473=ORIENTED_EDGE('',*,*,#2512,.F.);
#3474=ORIENTED_EDGE('',*,*,#2514,.T.);
#3475=ORIENTED_EDGE('',*,*,#2509,.F.);
#3476=ORIENTED_EDGE('',*,*,#2507,.F.);
#3477=ORIENTED_EDGE('',*,*,#2515,.T.);
#3478=ORIENTED_EDGE('',*,*,#2505,.F.);
#3479=ORIENTED_EDGE('',*,*,#2503,.F.);
#3480=ORIENTED_EDGE('',*,*,#2516,.T.);
#3481=ORIENTED_EDGE('',*,*,#2501,.F.);
#3482=ORIENTED_EDGE('',*,*,#2499,.F.);
#3483=ORIENTED_EDGE('',*,*,#2517,.T.);
#3484=ORIENTED_EDGE('',*,*,#2497,.F.);
#3485=ORIENTED_EDGE('',*,*,#2495,.F.);
#3486=ORIENTED_EDGE('',*,*,#2518,.T.);
#3487=ORIENTED_EDGE('',*,*,#2485,.F.);
#3488=ORIENTED_EDGE('',*,*,#2493,.F.);
#3489=ORIENTED_EDGE('',*,*,#2519,.T.);
#3490=ORIENTED_EDGE('',*,*,#2481,.F.);
#3491=ORIENTED_EDGE('',*,*,#2480,.F.);
#3492=ORIENTED_EDGE('',*,*,#2520,.T.);
#3493=ORIENTED_EDGE('',*,*,#2478,.F.);
#3494=ORIENTED_EDGE('',*,*,#2476,.F.);
#3495=ORIENTED_EDGE('',*,*,#2521,.T.);
#3496=ORIENTED_EDGE('',*,*,#2472,.F.);
#3497=ORIENTED_EDGE('',*,*,#2479,.F.);
#3498=ORIENTED_EDGE('',*,*,#2522,.F.);
#3499=ORIENTED_EDGE('',*,*,#2523,.F.);
#3500=ORIENTED_EDGE('',*,*,#2524,.F.);
#3501=ORIENTED_EDGE('',*,*,#2520,.F.);
#3502=ORIENTED_EDGE('',*,*,#2525,.T.);
#3503=ORIENTED_EDGE('',*,*,#2526,.T.);
#3504=ORIENTED_EDGE('',*,*,#2522,.T.);
#3505=ORIENTED_EDGE('',*,*,#2482,.F.);
#3506=ORIENTED_EDGE('',*,*,#2527,.F.);
#3507=ORIENTED_EDGE('',*,*,#2528,.F.);
#3508=ORIENTED_EDGE('',*,*,#2525,.F.);
#3509=ORIENTED_EDGE('',*,*,#2519,.F.);
#3510=ORIENTED_EDGE('',*,*,#2529,.T.);
#3511=ORIENTED_EDGE('',*,*,#2530,.T.);
#3512=ORIENTED_EDGE('',*,*,#2527,.T.);
#3513=ORIENTED_EDGE('',*,*,#2494,.F.);
#3514=ORIENTED_EDGE('',*,*,#2531,.F.);
#3515=ORIENTED_EDGE('',*,*,#2532,.F.);
#3516=ORIENTED_EDGE('',*,*,#2529,.F.);
#3517=ORIENTED_EDGE('',*,*,#2491,.F.);
#3518=ORIENTED_EDGE('',*,*,#2533,.T.);
#3519=ORIENTED_EDGE('',*,*,#2534,.T.);
#3520=ORIENTED_EDGE('',*,*,#2531,.T.);
#3521=ORIENTED_EDGE('',*,*,#2490,.F.);
#3522=ORIENTED_EDGE('',*,*,#2535,.F.);
#3523=ORIENTED_EDGE('',*,*,#2536,.F.);
#3524=ORIENTED_EDGE('',*,*,#2533,.F.);
#3525=ORIENTED_EDGE('',*,*,#2487,.F.);
#3526=ORIENTED_EDGE('',*,*,#2537,.T.);
#3527=ORIENTED_EDGE('',*,*,#2538,.T.);
#3528=ORIENTED_EDGE('',*,*,#2535,.T.);
#3529=ORIENTED_EDGE('',*,*,#2486,.F.);
#3530=ORIENTED_EDGE('',*,*,#2539,.F.);
#3531=ORIENTED_EDGE('',*,*,#2540,.F.);
#3532=ORIENTED_EDGE('',*,*,#2537,.F.);
#3533=ORIENTED_EDGE('',*,*,#2518,.F.);
#3534=ORIENTED_EDGE('',*,*,#2541,.T.);
#3535=ORIENTED_EDGE('',*,*,#2542,.T.);
#3536=ORIENTED_EDGE('',*,*,#2539,.T.);
#3537=ORIENTED_EDGE('',*,*,#2498,.F.);
#3538=ORIENTED_EDGE('',*,*,#2543,.F.);
#3539=ORIENTED_EDGE('',*,*,#2544,.F.);
#3540=ORIENTED_EDGE('',*,*,#2541,.F.);
#3541=ORIENTED_EDGE('',*,*,#2517,.F.);
#3542=ORIENTED_EDGE('',*,*,#2545,.T.);
#3543=ORIENTED_EDGE('',*,*,#2546,.T.);
#3544=ORIENTED_EDGE('',*,*,#2543,.T.);
#3545=ORIENTED_EDGE('',*,*,#2502,.F.);
#3546=ORIENTED_EDGE('',*,*,#2547,.F.);
#3547=ORIENTED_EDGE('',*,*,#2548,.F.);
#3548=ORIENTED_EDGE('',*,*,#2545,.F.);
#3549=ORIENTED_EDGE('',*,*,#2516,.F.);
#3550=ORIENTED_EDGE('',*,*,#2549,.T.);
#3551=ORIENTED_EDGE('',*,*,#2550,.T.);
#3552=ORIENTED_EDGE('',*,*,#2547,.T.);
#3553=ORIENTED_EDGE('',*,*,#2506,.F.);
#3554=ORIENTED_EDGE('',*,*,#2551,.F.);
#3555=ORIENTED_EDGE('',*,*,#2441,.F.);
#3556=ORIENTED_EDGE('',*,*,#2552,.F.);
#3557=ORIENTED_EDGE('',*,*,#2553,.F.);
#3558=ORIENTED_EDGE('',*,*,#2554,.F.);
#3559=ORIENTED_EDGE('',*,*,#2555,.F.);
#3560=ORIENTED_EDGE('',*,*,#2556,.F.);
#3561=ORIENTED_EDGE('',*,*,#2557,.F.);
#3562=ORIENTED_EDGE('',*,*,#2558,.F.);
#3563=ORIENTED_EDGE('',*,*,#2559,.F.);
#3564=ORIENTED_EDGE('',*,*,#2560,.F.);
#3565=ORIENTED_EDGE('',*,*,#2561,.F.);
#3566=ORIENTED_EDGE('',*,*,#2549,.F.);
#3567=ORIENTED_EDGE('',*,*,#2515,.F.);
#3568=ORIENTED_EDGE('',*,*,#2562,.T.);
#3569=ORIENTED_EDGE('',*,*,#2442,.T.);
#3570=ORIENTED_EDGE('',*,*,#2551,.T.);
#3571=ORIENTED_EDGE('',*,*,#2510,.F.);
#3572=ORIENTED_EDGE('',*,*,#2563,.F.);
#3573=ORIENTED_EDGE('',*,*,#2443,.F.);
#3574=ORIENTED_EDGE('',*,*,#2562,.F.);
#3575=ORIENTED_EDGE('',*,*,#2514,.F.);
#3576=ORIENTED_EDGE('',*,*,#2466,.T.);
#3577=ORIENTED_EDGE('',*,*,#2444,.T.);
#3578=ORIENTED_EDGE('',*,*,#2563,.T.);
#3579=ORIENTED_EDGE('',*,*,#2511,.F.);
#3580=ORIENTED_EDGE('',*,*,#2564,.F.);
#3581=ORIENTED_EDGE('',*,*,#2565,.F.);
#3582=ORIENTED_EDGE('',*,*,#2426,.F.);
#3583=ORIENTED_EDGE('',*,*,#2465,.T.);
#3584=ORIENTED_EDGE('',*,*,#2463,.F.);
#3585=ORIENTED_EDGE('',*,*,#2566,.T.);
#3586=ORIENTED_EDGE('',*,*,#2567,.T.);
#3587=ORIENTED_EDGE('',*,*,#2394,.T.);
#3588=ORIENTED_EDGE('',*,*,#2568,.T.);
#3589=ORIENTED_EDGE('',*,*,#2391,.T.);
#3590=ORIENTED_EDGE('',*,*,#2567,.F.);
#3591=ORIENTED_EDGE('',*,*,#2569,.T.);
#3592=ORIENTED_EDGE('',*,*,#2568,.F.);
#3593=ORIENTED_EDGE('',*,*,#2570,.T.);
#3594=ORIENTED_EDGE('',*,*,#2571,.T.);
#3595=ORIENTED_EDGE('',*,*,#2388,.T.);
#3596=ORIENTED_EDGE('',*,*,#2513,.F.);
#3597=ORIENTED_EDGE('',*,*,#2136,.T.);
#3598=ORIENTED_EDGE('',*,*,#2387,.T.);
#3599=ORIENTED_EDGE('',*,*,#2571,.F.);
#3600=ORIENTED_EDGE('',*,*,#2564,.T.);
#3601=ORIENTED_EDGE('',*,*,#2565,.T.);
#3602=ORIENTED_EDGE('',*,*,#2570,.F.);
#3603=ORIENTED_EDGE('',*,*,#2572,.T.);
#3604=ORIENTED_EDGE('',*,*,#2427,.F.);
#3605=ORIENTED_EDGE('',*,*,#2572,.F.);
#3606=ORIENTED_EDGE('',*,*,#2569,.F.);
#3607=ORIENTED_EDGE('',*,*,#2573,.F.);
#3608=ORIENTED_EDGE('',*,*,#2428,.F.);
#3609=ORIENTED_EDGE('',*,*,#2573,.T.);
#3610=ORIENTED_EDGE('',*,*,#2566,.F.);
#3611=ORIENTED_EDGE('',*,*,#2464,.T.);
#3612=ORIENTED_EDGE('',*,*,#2429,.F.);
#3613=ORIENTED_EDGE('',*,*,#2550,.F.);
#3614=ORIENTED_EDGE('',*,*,#2561,.T.);
#3615=ORIENTED_EDGE('',*,*,#2574,.F.);
#3616=ORIENTED_EDGE('',*,*,#2575,.T.);
#3617=ORIENTED_EDGE('',*,*,#2576,.T.);
#3618=ORIENTED_EDGE('',*,*,#2577,.T.);
#3619=ORIENTED_EDGE('',*,*,#2408,.T.);
#3620=ORIENTED_EDGE('',*,*,#2578,.T.);
#3621=ORIENTED_EDGE('',*,*,#2579,.F.);
#3622=ORIENTED_EDGE('',*,*,#2580,.T.);
#3623=ORIENTED_EDGE('',*,*,#2581,.T.);
#3624=ORIENTED_EDGE('',*,*,#2582,.F.);
#3625=ORIENTED_EDGE('',*,*,#2523,.T.);
#3626=ORIENTED_EDGE('',*,*,#2526,.F.);
#3627=ORIENTED_EDGE('',*,*,#2528,.T.);
#3628=ORIENTED_EDGE('',*,*,#2530,.F.);
#3629=ORIENTED_EDGE('',*,*,#2532,.T.);
#3630=ORIENTED_EDGE('',*,*,#2534,.F.);
#3631=ORIENTED_EDGE('',*,*,#2536,.T.);
#3632=ORIENTED_EDGE('',*,*,#2538,.F.);
#3633=ORIENTED_EDGE('',*,*,#2540,.T.);
#3634=ORIENTED_EDGE('',*,*,#2542,.F.);
#3635=ORIENTED_EDGE('',*,*,#2544,.T.);
#3636=ORIENTED_EDGE('',*,*,#2546,.F.);
#3637=ORIENTED_EDGE('',*,*,#2548,.T.);
#3638=ORIENTED_EDGE('',*,*,#2583,.T.);
#3639=ORIENTED_EDGE('',*,*,#2584,.T.);
#3640=ORIENTED_EDGE('',*,*,#2521,.F.);
#3641=ORIENTED_EDGE('',*,*,#2524,.T.);
#3642=ORIENTED_EDGE('',*,*,#2582,.T.);
#3643=ORIENTED_EDGE('',*,*,#2585,.T.);
#3644=ORIENTED_EDGE('',*,*,#2473,.F.);
#3645=ORIENTED_EDGE('',*,*,#2585,.F.);
#3646=ORIENTED_EDGE('',*,*,#2581,.F.);
#3647=ORIENTED_EDGE('',*,*,#2586,.T.);
#3648=ORIENTED_EDGE('',*,*,#2460,.F.);
#3649=ORIENTED_EDGE('',*,*,#2587,.T.);
#3650=ORIENTED_EDGE('',*,*,#2434,.T.);
#3651=ORIENTED_EDGE('',*,*,#2469,.T.);
#3652=ORIENTED_EDGE('',*,*,#2357,.T.);
#3653=ORIENTED_EDGE('',*,*,#2362,.T.);
#3654=ORIENTED_EDGE('',*,*,#2399,.F.);
#3655=ORIENTED_EDGE('',*,*,#2588,.F.);
#3656=ORIENTED_EDGE('',*,*,#2358,.T.);
#3657=ORIENTED_EDGE('',*,*,#2588,.T.);
#3658=ORIENTED_EDGE('',*,*,#2400,.F.);
#3659=ORIENTED_EDGE('',*,*,#2363,.F.);
#3660=ORIENTED_EDGE('',*,*,#2402,.F.);
#3661=ORIENTED_EDGE('',*,*,#2589,.T.);
#3662=ORIENTED_EDGE('',*,*,#2422,.T.);
#3663=ORIENTED_EDGE('',*,*,#2589,.F.);
#3664=ORIENTED_EDGE('',*,*,#2401,.F.);
#3665=ORIENTED_EDGE('',*,*,#2590,.T.);
#3666=ORIENTED_EDGE('',*,*,#2424,.T.);
#3667=ORIENTED_EDGE('',*,*,#2590,.F.);
#3668=ORIENTED_EDGE('',*,*,#2070,.T.);
#3669=ORIENTED_EDGE('',*,*,#2074,.T.);
#3670=ORIENTED_EDGE('',*,*,#2247,.F.);
#3671=ORIENTED_EDGE('',*,*,#2090,.F.);
#3672=ORIENTED_EDGE('',*,*,#2061,.T.);
#3673=ORIENTED_EDGE('',*,*,#2065,.T.);
#3674=ORIENTED_EDGE('',*,*,#2281,.F.);
#3675=ORIENTED_EDGE('',*,*,#2092,.F.);
#3676=ORIENTED_EDGE('',*,*,#2079,.T.);
#3677=ORIENTED_EDGE('',*,*,#2083,.T.);
#3678=ORIENTED_EDGE('',*,*,#2336,.F.);
#3679=ORIENTED_EDGE('',*,*,#2094,.F.);
#3680=ORIENTED_EDGE('',*,*,#2052,.T.);
#3681=ORIENTED_EDGE('',*,*,#2056,.T.);
#3682=ORIENTED_EDGE('',*,*,#2355,.F.);
#3683=ORIENTED_EDGE('',*,*,#2096,.F.);
#3684=ORIENTED_EDGE('',*,*,#2591,.T.);
#3685=ORIENTED_EDGE('',*,*,#2592,.T.);
#3686=ORIENTED_EDGE('',*,*,#2593,.T.);
#3687=ORIENTED_EDGE('',*,*,#2594,.T.);
#3688=ORIENTED_EDGE('',*,*,#2436,.T.);
#3689=ORIENTED_EDGE('',*,*,#2595,.T.);
#3690=ORIENTED_EDGE('',*,*,#2593,.F.);
#3691=ORIENTED_EDGE('',*,*,#2596,.T.);
#3692=ORIENTED_EDGE('',*,*,#2596,.F.);
#3693=ORIENTED_EDGE('',*,*,#2597,.T.);
#3694=ORIENTED_EDGE('',*,*,#2405,.T.);
#3695=ORIENTED_EDGE('',*,*,#2437,.F.);
#3696=ORIENTED_EDGE('',*,*,#2592,.F.);
#3697=ORIENTED_EDGE('',*,*,#2598,.F.);
#3698=ORIENTED_EDGE('',*,*,#2599,.F.);
#3699=ORIENTED_EDGE('',*,*,#2600,.F.);
#3700=ORIENTED_EDGE('',*,*,#2406,.F.);
#3701=ORIENTED_EDGE('',*,*,#2597,.F.);
#3702=ORIENTED_EDGE('',*,*,#2579,.T.);
#3703=ORIENTED_EDGE('',*,*,#2601,.T.);
#3704=ORIENTED_EDGE('',*,*,#2602,.T.);
#3705=ORIENTED_EDGE('',*,*,#2603,.T.);
#3706=ORIENTED_EDGE('',*,*,#2602,.F.);
#3707=ORIENTED_EDGE('',*,*,#2599,.T.);
#3708=ORIENTED_EDGE('',*,*,#2604,.T.);
#3709=ORIENTED_EDGE('',*,*,#2605,.T.);
#3710=ORIENTED_EDGE('',*,*,#2474,.F.);
#3711=ORIENTED_EDGE('',*,*,#2586,.F.);
#3712=ORIENTED_EDGE('',*,*,#2580,.F.);
#3713=ORIENTED_EDGE('',*,*,#2603,.F.);
#3714=ORIENTED_EDGE('',*,*,#2605,.F.);
#3715=ORIENTED_EDGE('',*,*,#2606,.T.);
#3716=ORIENTED_EDGE('',*,*,#2601,.F.);
#3717=ORIENTED_EDGE('',*,*,#2578,.F.);
#3718=ORIENTED_EDGE('',*,*,#2407,.T.);
#3719=ORIENTED_EDGE('',*,*,#2600,.T.);
#3720=ORIENTED_EDGE('',*,*,#2607,.T.);
#3721=ORIENTED_EDGE('',*,*,#2554,.T.);
#3722=ORIENTED_EDGE('',*,*,#2608,.T.);
#3723=ORIENTED_EDGE('',*,*,#2609,.T.);
#3724=ORIENTED_EDGE('',*,*,#2608,.F.);
#3725=ORIENTED_EDGE('',*,*,#2553,.T.);
#3726=ORIENTED_EDGE('',*,*,#2610,.T.);
#3727=ORIENTED_EDGE('',*,*,#2611,.T.);
#3728=ORIENTED_EDGE('',*,*,#2440,.T.);
#3729=ORIENTED_EDGE('',*,*,#2612,.T.);
#3730=ORIENTED_EDGE('',*,*,#2610,.F.);
#3731=ORIENTED_EDGE('',*,*,#2552,.T.);
#3732=ORIENTED_EDGE('',*,*,#2607,.F.);
#3733=ORIENTED_EDGE('',*,*,#2613,.T.);
#3734=ORIENTED_EDGE('',*,*,#2614,.T.);
#3735=ORIENTED_EDGE('',*,*,#2615,.T.);
#3736=ORIENTED_EDGE('',*,*,#2616,.F.);
#3737=ORIENTED_EDGE('',*,*,#2555,.T.);
#3738=ORIENTED_EDGE('',*,*,#2609,.F.);
#3739=ORIENTED_EDGE('',*,*,#2617,.T.);
#3740=ORIENTED_EDGE('',*,*,#2618,.T.);
#3741=ORIENTED_EDGE('',*,*,#2613,.F.);
#3742=ORIENTED_EDGE('',*,*,#2611,.F.);
#3743=ORIENTED_EDGE('',*,*,#2619,.F.);
#3744=ORIENTED_EDGE('',*,*,#2620,.F.);
#3745=ORIENTED_EDGE('',*,*,#2617,.F.);
#3746=ORIENTED_EDGE('',*,*,#2612,.F.);
#3747=ORIENTED_EDGE('',*,*,#2439,.F.);
#3748=ORIENTED_EDGE('',*,*,#2621,.T.);
#3749=ORIENTED_EDGE('',*,*,#2619,.T.);
#3750=ORIENTED_EDGE('',*,*,#2622,.F.);
#3751=ORIENTED_EDGE('',*,*,#2576,.F.);
#3752=ORIENTED_EDGE('',*,*,#2623,.T.);
#3753=ORIENTED_EDGE('',*,*,#2624,.T.);
#3754=ORIENTED_EDGE('',*,*,#2625,.T.);
#3755=ORIENTED_EDGE('',*,*,#2626,.T.);
#3756=ORIENTED_EDGE('',*,*,#2627,.T.);
#3757=ORIENTED_EDGE('',*,*,#2614,.F.);
#3758=ORIENTED_EDGE('',*,*,#2618,.F.);
#3759=ORIENTED_EDGE('',*,*,#2620,.T.);
#3760=ORIENTED_EDGE('',*,*,#2621,.F.);
#3761=ORIENTED_EDGE('',*,*,#2438,.F.);
#3762=ORIENTED_EDGE('',*,*,#2410,.T.);
#3763=ORIENTED_EDGE('',*,*,#2089,.T.);
#3764=ORIENTED_EDGE('',*,*,#2423,.F.);
#3765=ORIENTED_EDGE('',*,*,#2628,.T.);
#3766=ORIENTED_EDGE('',*,*,#2584,.F.);
#3767=ORIENTED_EDGE('',*,*,#2628,.F.);
#3768=ORIENTED_EDGE('',*,*,#2425,.F.);
#3769=ORIENTED_EDGE('',*,*,#2629,.T.);
#3770=ORIENTED_EDGE('',*,*,#2583,.F.);
#3771=ORIENTED_EDGE('',*,*,#2629,.F.);
#3772=ORIENTED_EDGE('',*,*,#2616,.T.);
#3773=ORIENTED_EDGE('',*,*,#2630,.T.);
#3774=ORIENTED_EDGE('',*,*,#2631,.T.);
#3775=ORIENTED_EDGE('',*,*,#2556,.T.);
#3776=ORIENTED_EDGE('',*,*,#2632,.T.);
#3777=ORIENTED_EDGE('',*,*,#2557,.T.);
#3778=ORIENTED_EDGE('',*,*,#2631,.F.);
#3779=ORIENTED_EDGE('',*,*,#2633,.T.);
#3780=ORIENTED_EDGE('',*,*,#2634,.T.);
#3781=ORIENTED_EDGE('',*,*,#2558,.T.);
#3782=ORIENTED_EDGE('',*,*,#2632,.F.);
#3783=ORIENTED_EDGE('',*,*,#2635,.T.);
#3784=ORIENTED_EDGE('',*,*,#2636,.T.);
#3785=ORIENTED_EDGE('',*,*,#2559,.T.);
#3786=ORIENTED_EDGE('',*,*,#2634,.F.);
#3787=ORIENTED_EDGE('',*,*,#2637,.T.);
#3788=ORIENTED_EDGE('',*,*,#2574,.T.);
#3789=ORIENTED_EDGE('',*,*,#2560,.T.);
#3790=ORIENTED_EDGE('',*,*,#2636,.F.);
#3791=ORIENTED_EDGE('',*,*,#2638,.T.);
#3792=ORIENTED_EDGE('',*,*,#2637,.F.);
#3793=ORIENTED_EDGE('',*,*,#2639,.T.);
#3794=ORIENTED_EDGE('',*,*,#2624,.F.);
#3795=ORIENTED_EDGE('',*,*,#2640,.F.);
#3796=ORIENTED_EDGE('',*,*,#2635,.F.);
#3797=ORIENTED_EDGE('',*,*,#2641,.T.);
#3798=ORIENTED_EDGE('',*,*,#2625,.F.);
#3799=ORIENTED_EDGE('',*,*,#2639,.F.);
#3800=ORIENTED_EDGE('',*,*,#2633,.F.);
#3801=ORIENTED_EDGE('',*,*,#2642,.T.);
#3802=ORIENTED_EDGE('',*,*,#2626,.F.);
#3803=ORIENTED_EDGE('',*,*,#2641,.F.);
#3804=ORIENTED_EDGE('',*,*,#2630,.F.);
#3805=ORIENTED_EDGE('',*,*,#2615,.F.);
#3806=ORIENTED_EDGE('',*,*,#2627,.F.);
#3807=ORIENTED_EDGE('',*,*,#2642,.F.);
#3808=ORIENTED_EDGE('',*,*,#2638,.F.);
#3809=ORIENTED_EDGE('',*,*,#2640,.T.);
#3810=ORIENTED_EDGE('',*,*,#2623,.F.);
#3811=ORIENTED_EDGE('',*,*,#2575,.F.);
#3812=ORIENTED_EDGE('',*,*,#2409,.F.);
#3813=ORIENTED_EDGE('',*,*,#2577,.F.);
#3814=ORIENTED_EDGE('',*,*,#2622,.T.);
#3815=ORIENTED_EDGE('',*,*,#2088,.T.);
#3816=ORIENTED_EDGE('',*,*,#2457,.F.);
#3817=ORIENTED_EDGE('',*,*,#2366,.T.);
#3818=ORIENTED_EDGE('',*,*,#2396,.F.);
#3819=ORIENTED_EDGE('',*,*,#2369,.F.);
#3820=ORIENTED_EDGE('',*,*,#2475,.F.);
#3821=ORIENTED_EDGE('',*,*,#2606,.F.);
#3822=ORIENTED_EDGE('',*,*,#2604,.F.);
#3823=ORIENTED_EDGE('',*,*,#2598,.T.);
#3824=ORIENTED_EDGE('',*,*,#2591,.F.);
#3825=ORIENTED_EDGE('',*,*,#2643,.T.);
#3826=ORIENTED_EDGE('',*,*,#2458,.F.);
#3827=ORIENTED_EDGE('',*,*,#2643,.F.);
#3828=ORIENTED_EDGE('',*,*,#2594,.F.);
#3829=ORIENTED_EDGE('',*,*,#2595,.F.);
#3830=ORIENTED_EDGE('',*,*,#2435,.F.);
#3831=ORIENTED_EDGE('',*,*,#2587,.F.);
#3832=PLANE('',#4245);
#3833=PLANE('',#4246);
#3834=PLANE('',#4247);
#3835=PLANE('',#4248);
#3836=PLANE('',#4249);
#3837=PLANE('',#4250);
#3838=PLANE('',#4251);
#3839=PLANE('',#4252);
#3840=PLANE('',#4253);
#3841=PLANE('',#4254);
#3842=PLANE('',#4255);
#3843=PLANE('',#4256);
#3844=PLANE('',#4257);
#3845=PLANE('',#4258);
#3846=PLANE('',#4259);
#3847=PLANE('',#4260);
#3848=PLANE('',#4261);
#3849=PLANE('',#4266);
#3850=PLANE('',#4271);
#3851=PLANE('',#4276);
#3852=PLANE('',#4281);
#3853=PLANE('',#4286);
#3854=PLANE('',#4291);
#3855=PLANE('',#4296);
#3856=PLANE('',#4301);
#3857=PLANE('',#4306);
#3858=PLANE('',#4311);
#3859=PLANE('',#4316);
#3860=PLANE('',#4317);
#3861=PLANE('',#4318);
#3862=PLANE('',#4319);
#3863=PLANE('',#4320);
#3864=PLANE('',#4321);
#3865=PLANE('',#4322);
#3866=PLANE('',#4323);
#3867=PLANE('',#4324);
#3868=PLANE('',#4325);
#3869=PLANE('',#4326);
#3870=PLANE('',#4327);
#3871=PLANE('',#4328);
#3872=PLANE('',#4329);
#3873=PLANE('',#4330);
#3874=PLANE('',#4331);
#3875=PLANE('',#4332);
#3876=PLANE('',#4333);
#3877=PLANE('',#4334);
#3878=PLANE('',#4335);
#3879=PLANE('',#4336);
#3880=PLANE('',#4337);
#3881=PLANE('',#4338);
#3882=PLANE('',#4339);
#3883=PLANE('',#4340);
#3884=PLANE('',#4341);
#3885=PLANE('',#4342);
#3886=PLANE('',#4343);
#3887=PLANE('',#4344);
#3888=PLANE('',#4345);
#3889=PLANE('',#4346);
#3890=PLANE('',#4347);
#3891=PLANE('',#4348);
#3892=PLANE('',#4349);
#3893=PLANE('',#4350);
#3894=PLANE('',#4351);
#3895=PLANE('',#4352);
#3896=PLANE('',#4353);
#3897=PLANE('',#4354);
#3898=PLANE('',#4355);
#3899=PLANE('',#4356);
#3900=PLANE('',#4357);
#3901=PLANE('',#4358);
#3902=PLANE('',#4359);
#3903=PLANE('',#4360);
#3904=PLANE('',#4361);
#3905=PLANE('',#4362);
#3906=PLANE('',#4363);
#3907=PLANE('',#4364);
#3908=PLANE('',#4365);
#3909=PLANE('',#4366);
#3910=PLANE('',#4367);
#3911=PLANE('',#4368);
#3912=PLANE('',#4369);
#3913=PLANE('',#4370);
#3914=PLANE('',#4371);
#3915=PLANE('',#4372);
#3916=PLANE('',#4373);
#3917=PLANE('',#4374);
#3918=PLANE('',#4375);
#3919=PLANE('',#4376);
#3920=PLANE('',#4377);
#3921=PLANE('',#4378);
#3922=PLANE('',#4379);
#3923=PLANE('',#4380);
#3924=PLANE('',#4381);
#3925=PLANE('',#4382);
#3926=PLANE('',#4383);
#3927=PLANE('',#4384);
#3928=PLANE('',#4385);
#3929=PLANE('',#4386);
#3930=PLANE('',#4387);
#3931=PLANE('',#4391);
#3932=PLANE('',#4395);
#3933=PLANE('',#4399);
#3934=PLANE('',#4403);
#3935=PLANE('',#4408);
#3936=PLANE('',#4411);
#3937=PLANE('',#4420);
#3938=PLANE('',#4423);
#3939=PLANE('',#4424);
#3940=PLANE('',#4427);
#3941=PLANE('',#4430);
#3942=PLANE('',#4437);
#3943=PLANE('',#4438);
#3944=PLANE('',#4439);
#3945=PLANE('',#4440);
#3946=PLANE('',#4445);
#3947=PLANE('',#4446);
#3948=PLANE('',#4447);
#3949=PLANE('',#4449);
#3950=PLANE('',#4450);
#3951=PLANE('',#4451);
#3952=PLANE('',#4452);
#3953=PLANE('',#4453);
#3954=PLANE('',#4454);
#3955=PLANE('',#4457);
#3956=PLANE('',#4460);
#3957=PLANE('',#4461);
#3958=PLANE('',#4462);
#3959=PLANE('',#4463);
#3960=PLANE('',#4464);
#3961=PLANE('',#4465);
#3962=PLANE('',#4482);
#3963=PLANE('',#4485);
#3964=PLANE('',#4488);
#3965=PLANE('',#4491);
#3966=PLANE('',#4494);
#3967=PLANE('',#4497);
#3968=PLANE('',#4500);
#3969=PLANE('',#4503);
#3970=PLANE('',#4509);
#3971=PLANE('',#4511);
#3972=PLANE('',#4514);
#3973=PLANE('',#4517);
#3974=PLANE('',#4519);
#3975=PLANE('',#4521);
#3976=PLANE('',#4526);
#3977=PLANE('',#4528);
#3978=PLANE('',#4529);
#3979=PLANE('',#4532);
#3980=PLANE('',#4533);
#3981=PLANE('',#4534);
#3982=PLANE('',#4535);
#3983=PLANE('',#4536);
#3984=PLANE('',#4541);
#3985=PLANE('',#4542);
#3986=PLANE('',#4543);
#3987=PLANE('',#4547);
#3988=PLANE('',#4550);
#3989=PLANE('',#4553);
#3990=PLANE('',#4556);
#3991=PLANE('',#4561);
#3992=PLANE('',#4564);
#3993=PLANE('',#4567);
#3994=PLANE('',#4569);
#3995=PLANE('',#4571);
#3996=PLANE('',#4572);
#3997=PLANE('',#4573);
#3998=PLANE('',#4574);
#3999=PLANE('',#4575);
#4000=ADVANCED_FACE('',(#205),#3832,.T.);
#4001=ADVANCED_FACE('',(#206),#3833,.T.);
#4002=ADVANCED_FACE('',(#207),#3834,.T.);
#4003=ADVANCED_FACE('',(#208),#3835,.T.);
#4004=ADVANCED_FACE('',(#209),#3836,.T.);
#4005=ADVANCED_FACE('',(#210),#3837,.T.);
#4006=ADVANCED_FACE('',(#211),#3838,.T.);
#4007=ADVANCED_FACE('',(#212),#3839,.T.);
#4008=ADVANCED_FACE('',(#213),#3840,.T.);
#4009=ADVANCED_FACE('',(#214),#3841,.T.);
#4010=ADVANCED_FACE('',(#215),#3842,.T.);
#4011=ADVANCED_FACE('',(#216),#3843,.T.);
#4012=ADVANCED_FACE('',(#217),#3844,.F.);
#4013=ADVANCED_FACE('',(#218),#3845,.T.);
#4014=ADVANCED_FACE('',(#219),#3846,.T.);
#4015=ADVANCED_FACE('',(#220),#3847,.T.);
#4016=ADVANCED_FACE('',(#221),#3848,.T.);
#4017=ADVANCED_FACE('',(#222),#162,.T.);
#4018=ADVANCED_FACE('',(#223),#3849,.T.);
#4019=ADVANCED_FACE('',(#224),#163,.T.);
#4020=ADVANCED_FACE('',(#225),#3850,.T.);
#4021=ADVANCED_FACE('',(#226),#164,.T.);
#4022=ADVANCED_FACE('',(#227),#3851,.T.);
#4023=ADVANCED_FACE('',(#228),#165,.T.);
#4024=ADVANCED_FACE('',(#229),#3852,.T.);
#4025=ADVANCED_FACE('',(#230),#166,.T.);
#4026=ADVANCED_FACE('',(#231),#3853,.T.);
#4027=ADVANCED_FACE('',(#232),#167,.T.);
#4028=ADVANCED_FACE('',(#233),#3854,.T.);
#4029=ADVANCED_FACE('',(#234),#168,.T.);
#4030=ADVANCED_FACE('',(#235),#3855,.T.);
#4031=ADVANCED_FACE('',(#236),#169,.T.);
#4032=ADVANCED_FACE('',(#237),#3856,.T.);
#4033=ADVANCED_FACE('',(#238),#170,.T.);
#4034=ADVANCED_FACE('',(#239),#3857,.T.);
#4035=ADVANCED_FACE('',(#240),#171,.T.);
#4036=ADVANCED_FACE('',(#241),#3858,.T.);
#4037=ADVANCED_FACE('',(#242),#172,.T.);
#4038=ADVANCED_FACE('',(#243),#3859,.T.);
#4039=ADVANCED_FACE('',(#244),#3860,.T.);
#4040=ADVANCED_FACE('',(#245),#3861,.T.);
#4041=ADVANCED_FACE('',(#246),#3862,.T.);
#4042=ADVANCED_FACE('',(#247),#3863,.T.);
#4043=ADVANCED_FACE('',(#248),#3864,.T.);
#4044=ADVANCED_FACE('',(#249),#3865,.T.);
#4045=ADVANCED_FACE('',(#250),#3866,.T.);
#4046=ADVANCED_FACE('',(#251),#3867,.T.);
#4047=ADVANCED_FACE('',(#252),#3868,.T.);
#4048=ADVANCED_FACE('',(#253),#3869,.T.);
#4049=ADVANCED_FACE('',(#254),#3870,.T.);
#4050=ADVANCED_FACE('',(#255),#3871,.T.);
#4051=ADVANCED_FACE('',(#256),#3872,.T.);
#4052=ADVANCED_FACE('',(#257),#3873,.T.);
#4053=ADVANCED_FACE('',(#258),#3874,.T.);
#4054=ADVANCED_FACE('',(#259),#3875,.T.);
#4055=ADVANCED_FACE('',(#260),#3876,.T.);
#4056=ADVANCED_FACE('',(#261),#3877,.T.);
#4057=ADVANCED_FACE('',(#262),#3878,.T.);
#4058=ADVANCED_FACE('',(#263),#3879,.T.);
#4059=ADVANCED_FACE('',(#264),#3880,.T.);
#4060=ADVANCED_FACE('',(#265),#3881,.T.);
#4061=ADVANCED_FACE('',(#266),#3882,.T.);
#4062=ADVANCED_FACE('',(#267),#3883,.T.);
#4063=ADVANCED_FACE('',(#268,#38),#3884,.T.);
#4064=ADVANCED_FACE('',(#269),#3885,.T.);
#4065=ADVANCED_FACE('',(#270),#3886,.T.);
#4066=ADVANCED_FACE('',(#271),#3887,.T.);
#4067=ADVANCED_FACE('',(#272),#3888,.T.);
#4068=ADVANCED_FACE('',(#273),#3889,.T.);
#4069=ADVANCED_FACE('',(#274),#3890,.T.);
#4070=ADVANCED_FACE('',(#275),#3891,.T.);
#4071=ADVANCED_FACE('',(#276),#3892,.T.);
#4072=ADVANCED_FACE('',(#277),#3893,.T.);
#4073=ADVANCED_FACE('',(#278),#3894,.T.);
#4074=ADVANCED_FACE('',(#279),#3895,.T.);
#4075=ADVANCED_FACE('',(#280,#39),#3896,.T.);
#4076=ADVANCED_FACE('',(#281),#3897,.T.);
#4077=ADVANCED_FACE('',(#282),#3898,.T.);
#4078=ADVANCED_FACE('',(#283),#3899,.T.);
#4079=ADVANCED_FACE('',(#284),#3900,.T.);
#4080=ADVANCED_FACE('',(#285),#3901,.T.);
#4081=ADVANCED_FACE('',(#286),#3902,.T.);
#4082=ADVANCED_FACE('',(#287),#3903,.T.);
#4083=ADVANCED_FACE('',(#288),#3904,.T.);
#4084=ADVANCED_FACE('',(#289),#3905,.T.);
#4085=ADVANCED_FACE('',(#290),#3906,.T.);
#4086=ADVANCED_FACE('',(#291),#3907,.T.);
#4087=ADVANCED_FACE('',(#292),#3908,.T.);
#4088=ADVANCED_FACE('',(#293),#3909,.T.);
#4089=ADVANCED_FACE('',(#294),#3910,.T.);
#4090=ADVANCED_FACE('',(#295),#3911,.T.);
#4091=ADVANCED_FACE('',(#296),#3912,.T.);
#4092=ADVANCED_FACE('',(#297),#3913,.T.);
#4093=ADVANCED_FACE('',(#298),#3914,.T.);
#4094=ADVANCED_FACE('',(#299),#3915,.T.);
#4095=ADVANCED_FACE('',(#300,#40),#3916,.T.);
#4096=ADVANCED_FACE('',(#301),#3917,.T.);
#4097=ADVANCED_FACE('',(#302),#3918,.T.);
#4098=ADVANCED_FACE('',(#303),#3919,.T.);
#4099=ADVANCED_FACE('',(#304),#3920,.T.);
#4100=ADVANCED_FACE('',(#305),#3921,.T.);
#4101=ADVANCED_FACE('',(#306),#3922,.T.);
#4102=ADVANCED_FACE('',(#307,#41),#3923,.T.);
#4103=ADVANCED_FACE('',(#308,#42,#43,#44,#45,#46,#47),#3924,.T.);
#4104=ADVANCED_FACE('',(#309),#3925,.T.);
#4105=ADVANCED_FACE('',(#310),#3926,.T.);
#4106=ADVANCED_FACE('',(#311),#3927,.T.);
#4107=ADVANCED_FACE('',(#312),#3928,.T.);
#4108=ADVANCED_FACE('',(#313),#3929,.T.);
#4109=ADVANCED_FACE('',(#314),#3930,.T.);
#4110=ADVANCED_FACE('',(#315),#173,.F.);
#4111=ADVANCED_FACE('',(#316),#3931,.T.);
#4112=ADVANCED_FACE('',(#317),#174,.F.);
#4113=ADVANCED_FACE('',(#318),#3932,.T.);
#4114=ADVANCED_FACE('',(#319),#175,.F.);
#4115=ADVANCED_FACE('',(#320),#3933,.T.);
#4116=ADVANCED_FACE('',(#321),#176,.F.);
#4117=ADVANCED_FACE('',(#322,#48,#49,#50,#51,#52),#3934,.T.);
#4118=ADVANCED_FACE('',(#323),#3935,.F.);
#4119=ADVANCED_FACE('',(#324),#3936,.F.);
#4120=ADVANCED_FACE('',(#325),#177,.F.);
#4121=ADVANCED_FACE('',(#326),#178,.F.);
#4122=ADVANCED_FACE('',(#327),#179,.F.);
#4123=ADVANCED_FACE('',(#328,#53),#3937,.T.);
#4124=ADVANCED_FACE('',(#329),#180,.F.);
#4125=ADVANCED_FACE('',(#330,#54),#3938,.T.);
#4126=ADVANCED_FACE('',(#331,#55),#3939,.T.);
#4127=ADVANCED_FACE('',(#332,#56),#3940,.T.);
#4128=ADVANCED_FACE('',(#333,#57,#58),#3941,.T.);
#4129=ADVANCED_FACE('',(#334),#3942,.T.);
#4130=ADVANCED_FACE('',(#335),#3943,.T.);
#4131=ADVANCED_FACE('',(#336),#3944,.T.);
#4132=ADVANCED_FACE('',(#337),#3945,.T.);
#4133=ADVANCED_FACE('',(#338),#19,.T.);
#4134=ADVANCED_FACE('',(#339),#20,.T.);
#4135=ADVANCED_FACE('',(#340),#3946,.T.);
#4136=ADVANCED_FACE('',(#341),#3947,.F.);
#4137=ADVANCED_FACE('',(#342),#3948,.T.);
#4138=ADVANCED_FACE('',(#343),#181,.T.);
#4139=ADVANCED_FACE('',(#344),#3949,.T.);
#4140=ADVANCED_FACE('',(#345),#3950,.T.);
#4141=ADVANCED_FACE('',(#346),#3951,.T.);
#4142=ADVANCED_FACE('',(#347),#3952,.T.);
#4143=ADVANCED_FACE('',(#348),#3953,.T.);
#4144=ADVANCED_FACE('',(#349),#3954,.T.);
#4145=ADVANCED_FACE('',(#350),#21,.F.);
#4146=ADVANCED_FACE('',(#351),#3955,.T.);
#4147=ADVANCED_FACE('',(#352),#22,.F.);
#4148=ADVANCED_FACE('',(#353),#3956,.T.);
#4149=ADVANCED_FACE('',(#354),#3957,.T.);
#4150=ADVANCED_FACE('',(#355),#3958,.T.);
#4151=ADVANCED_FACE('',(#356),#3959,.T.);
#4152=ADVANCED_FACE('',(#357),#3960,.T.);
#4153=ADVANCED_FACE('',(#358),#3961,.T.);
#4154=ADVANCED_FACE('',(#359),#23,.T.);
#4155=ADVANCED_FACE('',(#360),#24,.T.);
#4156=ADVANCED_FACE('',(#361),#25,.T.);
#4157=ADVANCED_FACE('',(#362),#26,.T.);
#4158=ADVANCED_FACE('',(#363),#27,.T.);
#4159=ADVANCED_FACE('',(#364),#28,.T.);
#4160=ADVANCED_FACE('',(#365),#29,.T.);
#4161=ADVANCED_FACE('',(#366),#30,.T.);
#4162=ADVANCED_FACE('',(#367),#3962,.T.);
#4163=ADVANCED_FACE('',(#368),#182,.T.);
#4164=ADVANCED_FACE('',(#369),#3963,.T.);
#4165=ADVANCED_FACE('',(#370),#183,.T.);
#4166=ADVANCED_FACE('',(#371),#3964,.T.);
#4167=ADVANCED_FACE('',(#372),#184,.F.);
#4168=ADVANCED_FACE('',(#373),#3965,.T.);
#4169=ADVANCED_FACE('',(#374),#185,.F.);
#4170=ADVANCED_FACE('',(#375),#3966,.T.);
#4171=ADVANCED_FACE('',(#376),#186,.T.);
#4172=ADVANCED_FACE('',(#377),#3967,.T.);
#4173=ADVANCED_FACE('',(#378),#187,.T.);
#4174=ADVANCED_FACE('',(#379),#3968,.T.);
#4175=ADVANCED_FACE('',(#380),#188,.T.);
#4176=ADVANCED_FACE('',(#381),#3969,.T.);
#4177=ADVANCED_FACE('',(#382),#189,.T.);
#4178=ADVANCED_FACE('',(#383),#3970,.F.);
#4179=ADVANCED_FACE('',(#384),#190,.T.);
#4180=ADVANCED_FACE('',(#385),#3971,.F.);
#4181=ADVANCED_FACE('',(#386),#31,.F.);
#4182=ADVANCED_FACE('',(#387),#3972,.T.);
#4183=ADVANCED_FACE('',(#388),#32,.F.);
#4184=ADVANCED_FACE('',(#389),#3973,.T.);
#4185=ADVANCED_FACE('',(#390),#191,.F.);
#4186=ADVANCED_FACE('',(#391),#3974,.F.);
#4187=ADVANCED_FACE('',(#392),#192,.F.);
#4188=ADVANCED_FACE('',(#393,#59,#60),#3975,.T.);
#4189=ADVANCED_FACE('',(#394),#193,.T.);
#4190=ADVANCED_FACE('',(#395),#3976,.T.);
#4191=ADVANCED_FACE('',(#396),#194,.T.);
#4192=ADVANCED_FACE('',(#397),#3977,.T.);
#4193=ADVANCED_FACE('',(#398),#3978,.T.);
#4194=ADVANCED_FACE('',(#399),#195,.F.);
#4195=ADVANCED_FACE('',(#400),#196,.F.);
#4196=ADVANCED_FACE('',(#401),#3979,.T.);
#4197=ADVANCED_FACE('',(#402),#3980,.T.);
#4198=ADVANCED_FACE('',(#403),#3981,.T.);
#4199=ADVANCED_FACE('',(#404),#3982,.T.);
#4200=ADVANCED_FACE('',(#405),#3983,.T.);
#4201=ADVANCED_FACE('',(#406),#33,.F.);
#4202=ADVANCED_FACE('',(#407),#197,.F.);
#4203=ADVANCED_FACE('',(#408),#3984,.F.);
#4204=ADVANCED_FACE('',(#409),#18,.T.);
#4205=ADVANCED_FACE('',(#410),#3985,.T.);
#4206=ADVANCED_FACE('',(#411),#3986,.T.);
#4207=ADVANCED_FACE('',(#412),#198,.F.);
#4208=ADVANCED_FACE('',(#413),#34,.F.);
#4209=ADVANCED_FACE('',(#414),#3987,.T.);
#4210=ADVANCED_FACE('',(#415),#35,.F.);
#4211=ADVANCED_FACE('',(#416),#3988,.T.);
#4212=ADVANCED_FACE('',(#417),#199,.F.);
#4213=ADVANCED_FACE('',(#418),#3989,.F.);
#4214=ADVANCED_FACE('',(#419),#200,.F.);
#4215=ADVANCED_FACE('',(#420),#3990,.F.);
#4216=ADVANCED_FACE('',(#421),#201,.F.);
#4217=ADVANCED_FACE('',(#422),#202,.F.);
#4218=ADVANCED_FACE('',(#423),#3991,.T.);
#4219=ADVANCED_FACE('',(#424),#36,.F.);
#4220=ADVANCED_FACE('',(#425),#3992,.T.);
#4221=ADVANCED_FACE('',(#426),#37,.F.);
#4222=ADVANCED_FACE('',(#427),#3993,.T.);
#4223=ADVANCED_FACE('',(#428),#203,.F.);
#4224=ADVANCED_FACE('',(#429),#3994,.F.);
#4225=ADVANCED_FACE('',(#430),#204,.F.);
#4226=ADVANCED_FACE('',(#431),#3995,.F.);
#4227=ADVANCED_FACE('',(#432),#3996,.F.);
#4228=ADVANCED_FACE('',(#433),#3997,.F.);
#4229=ADVANCED_FACE('',(#434),#3998,.T.);
#4230=ADVANCED_FACE('',(#435),#3999,.T.);
#4231=CLOSED_SHELL('',(#4000,#4001,#4002,#4003,#4004,#4005,#4006,#4007,
#4008,#4009,#4010,#4011,#4012,#4013,#4014,#4015,#4016,#4017,#4018,#4019,
#4020,#4021,#4022,#4023,#4024,#4025,#4026,#4027,#4028,#4029,#4030,#4031,
#4032,#4033,#4034,#4035,#4036,#4037,#4038,#4039,#4040,#4041,#4042,#4043,
#4044,#4045,#4046,#4047,#4048,#4049,#4050,#4051,#4052,#4053,#4054,#4055,
#4056,#4057,#4058,#4059,#4060,#4061,#4062,#4063,#4064,#4065,#4066,#4067,
#4068,#4069,#4070,#4071,#4072,#4073,#4074,#4075,#4076,#4077,#4078,#4079,
#4080,#4081,#4082,#4083,#4084,#4085,#4086,#4087,#4088,#4089,#4090,#4091,
#4092,#4093,#4094,#4095,#4096,#4097,#4098,#4099,#4100,#4101,#4102,#4103,
#4104,#4105,#4106,#4107,#4108,#4109,#4110,#4111,#4112,#4113,#4114,#4115,
#4116,#4117,#4118,#4119,#4120,#4121,#4122,#4123,#4124,#4125,#4126,#4127,
#4128,#4129,#4130,#4131,#4132,#4133,#4134,#4135,#4136,#4137,#4138,#4139,
#4140,#4141,#4142,#4143,#4144,#4145,#4146,#4147,#4148,#4149,#4150,#4151,
#4152,#4153,#4154,#4155,#4156,#4157,#4158,#4159,#4160,#4161,#4162,#4163,
#4164,#4165,#4166,#4167,#4168,#4169,#4170,#4171,#4172,#4173,#4174,#4175,
#4176,#4177,#4178,#4179,#4180,#4181,#4182,#4183,#4184,#4185,#4186,#4187,
#4188,#4189,#4190,#4191,#4192,#4193,#4194,#4195,#4196,#4197,#4198,#4199,
#4200,#4201,#4202,#4203,#4204,#4205,#4206,#4207,#4208,#4209,#4210,#4211,
#4212,#4213,#4214,#4215,#4216,#4217,#4218,#4219,#4220,#4221,#4222,#4223,
#4224,#4225,#4226,#4227,#4228,#4229,#4230));
#4232=DERIVED_UNIT_ELEMENT(#4234,1.);
#4233=DERIVED_UNIT_ELEMENT(#6976,-3.);
#4234=(
MASS_UNIT()
NAMED_UNIT(*)
SI_UNIT(.KILO.,.GRAM.)
);
#4235=DERIVED_UNIT((#4232,#4233));
#4236=MEASURE_REPRESENTATION_ITEM('density measure',
POSITIVE_RATIO_MEASURE(7850.),#4235);
#4237=PROPERTY_DEFINITION_REPRESENTATION(#4242,#4239);
#4238=PROPERTY_DEFINITION_REPRESENTATION(#4243,#4240);
#4239=REPRESENTATION('material name',(#4241),#6973);
#4240=REPRESENTATION('density',(#4236),#6973);
#4241=DESCRIPTIVE_REPRESENTATION_ITEM('\X2\94A2\X0\','\X2\94A2\X0\');
#4242=PROPERTY_DEFINITION('material property','material name',#6983);
#4243=PROPERTY_DEFINITION('material property','density of part',#6983);
#4244=AXIS2_PLACEMENT_3D('',#5730,#4576,#4577);
#4245=AXIS2_PLACEMENT_3D('',#5731,#4578,#4579);
#4246=AXIS2_PLACEMENT_3D('',#5740,#4584,#4585);
#4247=AXIS2_PLACEMENT_3D('',#5746,#4589,#4590);
#4248=AXIS2_PLACEMENT_3D('',#5750,#4593,#4594);
#4249=AXIS2_PLACEMENT_3D('',#5759,#4599,#4600);
#4250=AXIS2_PLACEMENT_3D('',#5765,#4604,#4605);
#4251=AXIS2_PLACEMENT_3D('',#5769,#4608,#4609);
#4252=AXIS2_PLACEMENT_3D('',#5778,#4614,#4615);
#4253=AXIS2_PLACEMENT_3D('',#5784,#4619,#4620);
#4254=AXIS2_PLACEMENT_3D('',#5788,#4623,#4624);
#4255=AXIS2_PLACEMENT_3D('',#5797,#4629,#4630);
#4256=AXIS2_PLACEMENT_3D('',#5803,#4634,#4635);
#4257=AXIS2_PLACEMENT_3D('',#5807,#4638,#4639);
#4258=AXIS2_PLACEMENT_3D('',#5816,#4644,#4645);
#4259=AXIS2_PLACEMENT_3D('',#5820,#4648,#4649);
#4260=AXIS2_PLACEMENT_3D('',#5824,#4652,#4653);
#4261=AXIS2_PLACEMENT_3D('',#5828,#4656,#4657);
#4262=AXIS2_PLACEMENT_3D('',#5832,#4660,#4661);
#4263=AXIS2_PLACEMENT_3D('',#5835,#4662,#4663);
#4264=AXIS2_PLACEMENT_3D('',#5839,#4665,#4666);
#4265=AXIS2_PLACEMENT_3D('',#5841,#4667,#4668);
#4266=AXIS2_PLACEMENT_3D('',#5843,#4670,#4671);
#4267=AXIS2_PLACEMENT_3D('',#5849,#4675,#4676);
#4268=AXIS2_PLACEMENT_3D('',#5852,#4677,#4678);
#4269=AXIS2_PLACEMENT_3D('',#5856,#4680,#4681);
#4270=AXIS2_PLACEMENT_3D('',#5858,#4682,#4683);
#4271=AXIS2_PLACEMENT_3D('',#5860,#4685,#4686);
#4272=AXIS2_PLACEMENT_3D('',#5863,#4689,#4690);
#4273=AXIS2_PLACEMENT_3D('',#5866,#4691,#4692);
#4274=AXIS2_PLACEMENT_3D('',#5870,#4694,#4695);
#4275=AXIS2_PLACEMENT_3D('',#5872,#4696,#4697);
#4276=AXIS2_PLACEMENT_3D('',#5874,#4699,#4700);
#4277=AXIS2_PLACEMENT_3D('',#5877,#4703,#4704);
#4278=AXIS2_PLACEMENT_3D('',#5880,#4705,#4706);
#4279=AXIS2_PLACEMENT_3D('',#5884,#4708,#4709);
#4280=AXIS2_PLACEMENT_3D('',#5886,#4710,#4711);
#4281=AXIS2_PLACEMENT_3D('',#5888,#4713,#4714);
#4282=AXIS2_PLACEMENT_3D('',#5891,#4717,#4718);
#4283=AXIS2_PLACEMENT_3D('',#5894,#4719,#4720);
#4284=AXIS2_PLACEMENT_3D('',#5898,#4722,#4723);
#4285=AXIS2_PLACEMENT_3D('',#5900,#4724,#4725);
#4286=AXIS2_PLACEMENT_3D('',#5902,#4727,#4728);
#4287=AXIS2_PLACEMENT_3D('',#5905,#4731,#4732);
#4288=AXIS2_PLACEMENT_3D('',#5908,#4733,#4734);
#4289=AXIS2_PLACEMENT_3D('',#5912,#4736,#4737);
#4290=AXIS2_PLACEMENT_3D('',#5914,#4738,#4739);
#4291=AXIS2_PLACEMENT_3D('',#5916,#4741,#4742);
#4292=AXIS2_PLACEMENT_3D('',#5919,#4745,#4746);
#4293=AXIS2_PLACEMENT_3D('',#5922,#4747,#4748);
#4294=AXIS2_PLACEMENT_3D('',#5926,#4750,#4751);
#4295=AXIS2_PLACEMENT_3D('',#5928,#4752,#4753);
#4296=AXIS2_PLACEMENT_3D('',#5930,#4755,#4756);
#4297=AXIS2_PLACEMENT_3D('',#5936,#4760,#4761);
#4298=AXIS2_PLACEMENT_3D('',#5939,#4762,#4763);
#4299=AXIS2_PLACEMENT_3D('',#5943,#4765,#4766);
#4300=AXIS2_PLACEMENT_3D('',#5945,#4767,#4768);
#4301=AXIS2_PLACEMENT_3D('',#5947,#4770,#4771);
#4302=AXIS2_PLACEMENT_3D('',#5950,#4774,#4775);
#4303=AXIS2_PLACEMENT_3D('',#5953,#4776,#4777);
#4304=AXIS2_PLACEMENT_3D('',#5957,#4779,#4780);
#4305=AXIS2_PLACEMENT_3D('',#5959,#4781,#4782);
#4306=AXIS2_PLACEMENT_3D('',#5961,#4784,#4785);
#4307=AXIS2_PLACEMENT_3D('',#5964,#4788,#4789);
#4308=AXIS2_PLACEMENT_3D('',#5967,#4790,#4791);
#4309=AXIS2_PLACEMENT_3D('',#5971,#4793,#4794);
#4310=AXIS2_PLACEMENT_3D('',#5973,#4795,#4796);
#4311=AXIS2_PLACEMENT_3D('',#5975,#4798,#4799);
#4312=AXIS2_PLACEMENT_3D('',#5981,#4803,#4804);
#4313=AXIS2_PLACEMENT_3D('',#5983,#4805,#4806);
#4314=AXIS2_PLACEMENT_3D('',#5985,#4807,#4808);
#4315=AXIS2_PLACEMENT_3D('',#5987,#4809,#4810);
#4316=AXIS2_PLACEMENT_3D('',#5989,#4812,#4813);
#4317=AXIS2_PLACEMENT_3D('',#5995,#4817,#4818);
#4318=AXIS2_PLACEMENT_3D('',#6004,#4823,#4824);
#4319=AXIS2_PLACEMENT_3D('',#6010,#4828,#4829);
#4320=AXIS2_PLACEMENT_3D('',#6016,#4833,#4834);
#4321=AXIS2_PLACEMENT_3D('',#6022,#4838,#4839);
#4322=AXIS2_PLACEMENT_3D('',#6028,#4843,#4844);
#4323=AXIS2_PLACEMENT_3D('',#6034,#4848,#4849);
#4324=AXIS2_PLACEMENT_3D('',#6040,#4853,#4854);
#4325=AXIS2_PLACEMENT_3D('',#6046,#4858,#4859);
#4326=AXIS2_PLACEMENT_3D('',#6052,#4863,#4864);
#4327=AXIS2_PLACEMENT_3D('',#6058,#4868,#4869);
#4328=AXIS2_PLACEMENT_3D('',#6064,#4873,#4874);
#4329=AXIS2_PLACEMENT_3D('',#6070,#4878,#4879);
#4330=AXIS2_PLACEMENT_3D('',#6076,#4883,#4884);
#4331=AXIS2_PLACEMENT_3D('',#6082,#4888,#4889);
#4332=AXIS2_PLACEMENT_3D('',#6088,#4893,#4894);
#4333=AXIS2_PLACEMENT_3D('',#6091,#4897,#4898);
#4334=AXIS2_PLACEMENT_3D('',#6092,#4899,#4900);
#4335=AXIS2_PLACEMENT_3D('',#6101,#4905,#4906);
#4336=AXIS2_PLACEMENT_3D('',#6107,#4910,#4911);
#4337=AXIS2_PLACEMENT_3D('',#6113,#4915,#4916);
#4338=AXIS2_PLACEMENT_3D('',#6119,#4920,#4921);
#4339=AXIS2_PLACEMENT_3D('',#6125,#4925,#4926);
#4340=AXIS2_PLACEMENT_3D('',#6131,#4930,#4931);
#4341=AXIS2_PLACEMENT_3D('',#6134,#4934,#4935);
#4342=AXIS2_PLACEMENT_3D('',#6136,#4937,#4938);
#4343=AXIS2_PLACEMENT_3D('',#6145,#4943,#4944);
#4344=AXIS2_PLACEMENT_3D('',#6151,#4948,#4949);
#4345=AXIS2_PLACEMENT_3D('',#6157,#4953,#4954);
#4346=AXIS2_PLACEMENT_3D('',#6163,#4958,#4959);
#4347=AXIS2_PLACEMENT_3D('',#6169,#4963,#4964);
#4348=AXIS2_PLACEMENT_3D('',#6175,#4968,#4969);
#4349=AXIS2_PLACEMENT_3D('',#6181,#4973,#4974);
#4350=AXIS2_PLACEMENT_3D('',#6187,#4978,#4979);
#4351=AXIS2_PLACEMENT_3D('',#6193,#4983,#4984);
#4352=AXIS2_PLACEMENT_3D('',#6199,#4988,#4989);
#4353=AXIS2_PLACEMENT_3D('',#6202,#4992,#4993);
#4354=AXIS2_PLACEMENT_3D('',#6204,#4995,#4996);
#4355=AXIS2_PLACEMENT_3D('',#6213,#5001,#5002);
#4356=AXIS2_PLACEMENT_3D('',#6219,#5006,#5007);
#4357=AXIS2_PLACEMENT_3D('',#6225,#5011,#5012);
#4358=AXIS2_PLACEMENT_3D('',#6231,#5016,#5017);
#4359=AXIS2_PLACEMENT_3D('',#6237,#5021,#5022);
#4360=AXIS2_PLACEMENT_3D('',#6243,#5026,#5027);
#4361=AXIS2_PLACEMENT_3D('',#6249,#5031,#5032);
#4362=AXIS2_PLACEMENT_3D('',#6255,#5036,#5037);
#4363=AXIS2_PLACEMENT_3D('',#6261,#5041,#5042);
#4364=AXIS2_PLACEMENT_3D('',#6267,#5046,#5047);
#4365=AXIS2_PLACEMENT_3D('',#6273,#5051,#5052);
#4366=AXIS2_PLACEMENT_3D('',#6276,#5055,#5056);
#4367=AXIS2_PLACEMENT_3D('',#6277,#5057,#5058);
#4368=AXIS2_PLACEMENT_3D('',#6286,#5063,#5064);
#4369=AXIS2_PLACEMENT_3D('',#6292,#5068,#5069);
#4370=AXIS2_PLACEMENT_3D('',#6298,#5073,#5074);
#4371=AXIS2_PLACEMENT_3D('',#6304,#5078,#5079);
#4372=AXIS2_PLACEMENT_3D('',#6310,#5083,#5084);
#4373=AXIS2_PLACEMENT_3D('',#6313,#5087,#5088);
#4374=AXIS2_PLACEMENT_3D('',#6315,#5090,#5091);
#4375=AXIS2_PLACEMENT_3D('',#6324,#5096,#5097);
#4376=AXIS2_PLACEMENT_3D('',#6330,#5101,#5102);
#4377=AXIS2_PLACEMENT_3D('',#6336,#5106,#5107);
#4378=AXIS2_PLACEMENT_3D('',#6342,#5111,#5112);
#4379=AXIS2_PLACEMENT_3D('',#6348,#5116,#5117);
#4380=AXIS2_PLACEMENT_3D('',#6351,#5120,#5121);
#4381=AXIS2_PLACEMENT_3D('',#6353,#5123,#5124);
#4382=AXIS2_PLACEMENT_3D('',#6362,#5129,#5130);
#4383=AXIS2_PLACEMENT_3D('',#6368,#5134,#5135);
#4384=AXIS2_PLACEMENT_3D('',#6372,#5138,#5139);
#4385=AXIS2_PLACEMENT_3D('',#6378,#5143,#5144);
#4386=AXIS2_PLACEMENT_3D('',#6384,#5148,#5149);
#4387=AXIS2_PLACEMENT_3D('',#6390,#5153,#5154);
#4388=AXIS2_PLACEMENT_3D('',#6396,#5158,#5159);
#4389=AXIS2_PLACEMENT_3D('',#6398,#5160,#5161);
#4390=AXIS2_PLACEMENT_3D('',#6400,#5162,#5163);
#4391=AXIS2_PLACEMENT_3D('',#6402,#5165,#5166);
#4392=AXIS2_PLACEMENT_3D('',#6408,#5170,#5171);
#4393=AXIS2_PLACEMENT_3D('',#6409,#5172,#5173);
#4394=AXIS2_PLACEMENT_3D('',#6410,#5174,#5175);
#4395=AXIS2_PLACEMENT_3D('',#6411,#5176,#5177);
#4396=AXIS2_PLACEMENT_3D('',#6417,#5181,#5182);
#4397=AXIS2_PLACEMENT_3D('',#6419,#5183,#5184);
#4398=AXIS2_PLACEMENT_3D('',#6421,#5185,#5186);
#4399=AXIS2_PLACEMENT_3D('',#6423,#5188,#5189);
#4400=AXIS2_PLACEMENT_3D('',#6429,#5193,#5194);
#4401=AXIS2_PLACEMENT_3D('',#6430,#5195,#5196);
#4402=AXIS2_PLACEMENT_3D('',#6431,#5197,#5198);
#4403=AXIS2_PLACEMENT_3D('',#6432,#5199,#5200);
#4404=AXIS2_PLACEMENT_3D('',#6435,#5202,#5203);
#4405=AXIS2_PLACEMENT_3D('',#6437,#5204,#5205);
#4406=AXIS2_PLACEMENT_3D('',#6442,#5208,#5209);
#4407=AXIS2_PLACEMENT_3D('',#6444,#5210,#5211);
#4408=AXIS2_PLACEMENT_3D('',#6445,#5212,#5213);
#4409=AXIS2_PLACEMENT_3D('',#6451,#5216,#5217);
#4410=AXIS2_PLACEMENT_3D('',#6455,#5219,#5220);
#4411=AXIS2_PLACEMENT_3D('',#6459,#5223,#5224);
#4412=AXIS2_PLACEMENT_3D('',#6463,#5227,#5228);
#4413=AXIS2_PLACEMENT_3D('',#6465,#5229,#5230);
#4414=AXIS2_PLACEMENT_3D('',#6468,#5232,#5233);
#4415=AXIS2_PLACEMENT_3D('',#6469,#5234,#5235);
#4416=AXIS2_PLACEMENT_3D('',#6471,#5236,#5237);
#4417=AXIS2_PLACEMENT_3D('',#6474,#5239,#5240);
#4418=AXIS2_PLACEMENT_3D('',#6475,#5241,#5242);
#4419=AXIS2_PLACEMENT_3D('',#6478,#5244,#5245);
#4420=AXIS2_PLACEMENT_3D('',#6479,#5246,#5247);
#4421=AXIS2_PLACEMENT_3D('',#6480,#5248,#5249);
#4422=AXIS2_PLACEMENT_3D('',#6483,#5251,#5252);
#4423=AXIS2_PLACEMENT_3D('',#6484,#5253,#5254);
#4424=AXIS2_PLACEMENT_3D('',#6485,#5255,#5256);
#4425=AXIS2_PLACEMENT_3D('',#6487,#5257,#5258);
#4426=AXIS2_PLACEMENT_3D('',#6489,#5259,#5260);
#4427=AXIS2_PLACEMENT_3D('',#6490,#5261,#5262);
#4428=AXIS2_PLACEMENT_3D('',#6492,#5263,#5264);
#4429=AXIS2_PLACEMENT_3D('',#6494,#5265,#5266);
#4430=AXIS2_PLACEMENT_3D('',#6495,#5267,#5268);
#4431=AXIS2_PLACEMENT_3D('',#6500,#5270,#5271);
#4432=AXIS2_PLACEMENT_3D('',#6504,#5273,#5274);
#4433=AXIS2_PLACEMENT_3D('',#6510,#5277,#5278);
#4434=AXIS2_PLACEMENT_3D('',#6514,#5280,#5281);
#4435=AXIS2_PLACEMENT_3D('',#6529,#5289,#5290);
#4436=AXIS2_PLACEMENT_3D('',#6533,#5292,#5293);
#4437=AXIS2_PLACEMENT_3D('',#6535,#5295,#5296);
#4438=AXIS2_PLACEMENT_3D('',#6541,#5300,#5301);
#4439=AXIS2_PLACEMENT_3D('',#6548,#5306,#5307);
#4440=AXIS2_PLACEMENT_3D('',#6556,#5312,#5313);
#4441=AXIS2_PLACEMENT_3D('',#6562,#5317,#5318);
#4442=AXIS2_PLACEMENT_3D('',#6563,#5319,#5320);
#4443=AXIS2_PLACEMENT_3D('',#6564,#5321,#5322);
#4444=AXIS2_PLACEMENT_3D('',#6565,#5323,#5324);
#4445=AXIS2_PLACEMENT_3D('',#6566,#5325,#5326);
#4446=AXIS2_PLACEMENT_3D('',#6570,#5329,#5330);
#4447=AXIS2_PLACEMENT_3D('',#6572,#5332,#5333);
#4448=AXIS2_PLACEMENT_3D('',#6578,#5337,#5338);
#4449=AXIS2_PLACEMENT_3D('',#6580,#5340,#5341);
#4450=AXIS2_PLACEMENT_3D('',#6582,#5343,#5344);
#4451=AXIS2_PLACEMENT_3D('',#6590,#5349,#5350);
#4452=AXIS2_PLACEMENT_3D('',#6594,#5353,#5354);
#4453=AXIS2_PLACEMENT_3D('',#6602,#5359,#5360);
#4454=AXIS2_PLACEMENT_3D('',#6608,#5364,#5365);
#4455=AXIS2_PLACEMENT_3D('',#6616,#5370,#5371);
#4456=AXIS2_PLACEMENT_3D('',#6618,#5372,#5373);
#4457=AXIS2_PLACEMENT_3D('',#6620,#5375,#5376);
#4458=AXIS2_PLACEMENT_3D('',#6624,#5379,#5380);
#4459=AXIS2_PLACEMENT_3D('',#6626,#5381,#5382);
#4460=AXIS2_PLACEMENT_3D('',#6628,#5384,#5385);
#4461=AXIS2_PLACEMENT_3D('',#6632,#5388,#5389);
#4462=AXIS2_PLACEMENT_3D('',#6640,#5394,#5395);
#4463=AXIS2_PLACEMENT_3D('',#6648,#5400,#5401);
#4464=AXIS2_PLACEMENT_3D('',#6656,#5406,#5407);
#4465=AXIS2_PLACEMENT_3D('',#6664,#5412,#5413);
#4466=AXIS2_PLACEMENT_3D('',#6669,#5417,#5418);
#4467=AXIS2_PLACEMENT_3D('',#6670,#5419,#5420);
#4468=AXIS2_PLACEMENT_3D('',#6671,#5421,#5422);
#4469=AXIS2_PLACEMENT_3D('',#6672,#5423,#5424);
#4470=AXIS2_PLACEMENT_3D('',#6673,#5425,#5426);
#4471=AXIS2_PLACEMENT_3D('',#6674,#5427,#5428);
#4472=AXIS2_PLACEMENT_3D('',#6675,#5429,#5430);
#4473=AXIS2_PLACEMENT_3D('',#6676,#5431,#5432);
#4474=AXIS2_PLACEMENT_3D('',#6677,#5433,#5434);
#4475=AXIS2_PLACEMENT_3D('',#6678,#5435,#5436);
#4476=AXIS2_PLACEMENT_3D('',#6679,#5437,#5438);
#4477=AXIS2_PLACEMENT_3D('',#6680,#5439,#5440);
#4478=AXIS2_PLACEMENT_3D('',#6681,#5441,#5442);
#4479=AXIS2_PLACEMENT_3D('',#6682,#5443,#5444);
#4480=AXIS2_PLACEMENT_3D('',#6683,#5445,#5446);
#4481=AXIS2_PLACEMENT_3D('',#6684,#5447,#5448);
#4482=AXIS2_PLACEMENT_3D('',#6685,#5449,#5450);
#4483=AXIS2_PLACEMENT_3D('',#6691,#5454,#5455);
#4484=AXIS2_PLACEMENT_3D('',#6694,#5457,#5458);
#4485=AXIS2_PLACEMENT_3D('',#6695,#5459,#5460);
#4486=AXIS2_PLACEMENT_3D('',#6699,#5463,#5464);
#4487=AXIS2_PLACEMENT_3D('',#6702,#5466,#5467);
#4488=AXIS2_PLACEMENT_3D('',#6703,#5468,#5469);
#4489=AXIS2_PLACEMENT_3D('',#6707,#5472,#5473);
#4490=AXIS2_PLACEMENT_3D('',#6710,#5475,#5476);
#4491=AXIS2_PLACEMENT_3D('',#6711,#5477,#5478);
#4492=AXIS2_PLACEMENT_3D('',#6715,#5481,#5482);
#4493=AXIS2_PLACEMENT_3D('',#6718,#5484,#5485);
#4494=AXIS2_PLACEMENT_3D('',#6719,#5486,#5487);
#4495=AXIS2_PLACEMENT_3D('',#6723,#5490,#5491);
#4496=AXIS2_PLACEMENT_3D('',#6726,#5493,#5494);
#4497=AXIS2_PLACEMENT_3D('',#6727,#5495,#5496);
#4498=AXIS2_PLACEMENT_3D('',#6731,#5499,#5500);
#4499=AXIS2_PLACEMENT_3D('',#6734,#5502,#5503);
#4500=AXIS2_PLACEMENT_3D('',#6735,#5504,#5505);
#4501=AXIS2_PLACEMENT_3D('',#6739,#5508,#5509);
#4502=AXIS2_PLACEMENT_3D('',#6742,#5511,#5512);
#4503=AXIS2_PLACEMENT_3D('',#6743,#5513,#5514);
#4504=AXIS2_PLACEMENT_3D('',#6746,#5516,#5517);
#4505=AXIS2_PLACEMENT_3D('',#6750,#5519,#5520);
#4506=AXIS2_PLACEMENT_3D('',#6756,#5523,#5524);
#4507=AXIS2_PLACEMENT_3D('',#6760,#5526,#5527);
#4508=AXIS2_PLACEMENT_3D('',#6764,#5530,#5531);
#4509=AXIS2_PLACEMENT_3D('',#6766,#5533,#5534);
#4510=AXIS2_PLACEMENT_3D('',#6768,#5536,#5537);
#4511=AXIS2_PLACEMENT_3D('',#6769,#5538,#5539);
#4512=AXIS2_PLACEMENT_3D('',#6773,#5542,#5543);
#4513=AXIS2_PLACEMENT_3D('',#6775,#5544,#5545);
#4514=AXIS2_PLACEMENT_3D('',#6777,#5547,#5548);
#4515=AXIS2_PLACEMENT_3D('',#6781,#5551,#5552);
#4516=AXIS2_PLACEMENT_3D('',#6782,#5553,#5554);
#4517=AXIS2_PLACEMENT_3D('',#6784,#5556,#5557);
#4518=AXIS2_PLACEMENT_3D('',#6785,#5558,#5559);
#4519=AXIS2_PLACEMENT_3D('',#6787,#5561,#5562);
#4520=AXIS2_PLACEMENT_3D('',#6789,#5564,#5565);
#4521=AXIS2_PLACEMENT_3D('',#6790,#5566,#5567);
#4522=AXIS2_PLACEMENT_3D('',#6806,#5576,#5577);
#4523=AXIS2_PLACEMENT_3D('',#6808,#5578,#5579);
#4524=AXIS2_PLACEMENT_3D('',#6810,#5580,#5581);
#4525=AXIS2_PLACEMENT_3D('',#6811,#5582,#5583);
#4526=AXIS2_PLACEMENT_3D('',#6813,#5585,#5586);
#4527=AXIS2_PLACEMENT_3D('',#6815,#5588,#5589);
#4528=AXIS2_PLACEMENT_3D('',#6817,#5591,#5592);
#4529=AXIS2_PLACEMENT_3D('',#6819,#5594,#5595);
#4530=AXIS2_PLACEMENT_3D('',#6820,#5596,#5597);
#4531=AXIS2_PLACEMENT_3D('',#6822,#5599,#5600);
#4532=AXIS2_PLACEMENT_3D('',#6824,#5602,#5603);
#4533=AXIS2_PLACEMENT_3D('',#6825,#5604,#5605);
#4534=AXIS2_PLACEMENT_3D('',#6826,#5606,#5607);
#4535=AXIS2_PLACEMENT_3D('',#6827,#5608,#5609);
#4536=AXIS2_PLACEMENT_3D('',#6828,#5610,#5611);
#4537=AXIS2_PLACEMENT_3D('',#6837,#5616,#5617);
#4538=AXIS2_PLACEMENT_3D('',#6838,#5618,#5619);
#4539=AXIS2_PLACEMENT_3D('',#6839,#5620,#5621);
#4540=AXIS2_PLACEMENT_3D('',#6840,#5622,#5623);
#4541=AXIS2_PLACEMENT_3D('',#6842,#5625,#5626);
#4542=AXIS2_PLACEMENT_3D('',#6888,#5630,#5631);
#4543=AXIS2_PLACEMENT_3D('',#6892,#5634,#5635);
#4544=AXIS2_PLACEMENT_3D('',#6894,#5637,#5638);
#4545=AXIS2_PLACEMENT_3D('',#6895,#5639,#5640);
#4546=AXIS2_PLACEMENT_3D('',#6900,#5643,#5644);
#4547=AXIS2_PLACEMENT_3D('',#6901,#5645,#5646);
#4548=AXIS2_PLACEMENT_3D('',#6905,#5649,#5650);
#4549=AXIS2_PLACEMENT_3D('',#6906,#5651,#5652);
#4550=AXIS2_PLACEMENT_3D('',#6907,#5653,#5654);
#4551=AXIS2_PLACEMENT_3D('',#6915,#5659,#5660);
#4552=AXIS2_PLACEMENT_3D('',#6918,#5662,#5663);
#4553=AXIS2_PLACEMENT_3D('',#6919,#5664,#5665);
#4554=AXIS2_PLACEMENT_3D('',#6923,#5668,#5669);
#4555=AXIS2_PLACEMENT_3D('',#6924,#5670,#5671);
#4556=AXIS2_PLACEMENT_3D('',#6925,#5672,#5673);
#4557=AXIS2_PLACEMENT_3D('',#6930,#5676,#5677);
#4558=AXIS2_PLACEMENT_3D('',#6934,#5679,#5680);
#4559=AXIS2_PLACEMENT_3D('',#6936,#5682,#5683);
#4560=AXIS2_PLACEMENT_3D('',#6938,#5685,#5686);
#4561=AXIS2_PLACEMENT_3D('',#6940,#5688,#5689);
#4562=AXIS2_PLACEMENT_3D('',#6944,#5692,#5693);
#4563=AXIS2_PLACEMENT_3D('',#6947,#5695,#5696);
#4564=AXIS2_PLACEMENT_3D('',#6948,#5697,#5698);
#4565=AXIS2_PLACEMENT_3D('',#6952,#5701,#5702);
#4566=AXIS2_PLACEMENT_3D('',#6955,#5704,#5705);
#4567=AXIS2_PLACEMENT_3D('',#6956,#5706,#5707);
#4568=AXIS2_PLACEMENT_3D('',#6958,#5709,#5710);
#4569=AXIS2_PLACEMENT_3D('',#6961,#5713,#5714);
#4570=AXIS2_PLACEMENT_3D('',#6963,#5716,#5717);
#4571=AXIS2_PLACEMENT_3D('',#6965,#5719,#5720);
#4572=AXIS2_PLACEMENT_3D('',#6966,#5721,#5722);
#4573=AXIS2_PLACEMENT_3D('',#6967,#5723,#5724);
#4574=AXIS2_PLACEMENT_3D('',#6968,#5725,#5726);
#4575=AXIS2_PLACEMENT_3D('',#6970,#5728,#5729);
#4576=DIRECTION('axis',(0.,0.,1.));
#4577=DIRECTION('refdir',(1.,0.,0.));
#4578=DIRECTION('center_axis',(0.,0.,1.));
#4579=DIRECTION('ref_axis',(1.,0.,0.));
#4580=DIRECTION('',(0.,1.,0.));
#4581=DIRECTION('',(-1.,0.,0.));
#4582=DIRECTION('',(0.,-1.,0.));
#4583=DIRECTION('',(1.,0.,0.));
#4584=DIRECTION('center_axis',(0.,1.,0.));
#4585=DIRECTION('ref_axis',(-1.,0.,0.));
#4586=DIRECTION('',(0.,0.,1.));
#4587=DIRECTION('',(-1.,0.,0.));
#4588=DIRECTION('',(0.,0.,1.));
#4589=DIRECTION('center_axis',(1.,0.,0.));
#4590=DIRECTION('ref_axis',(0.,1.,0.));
#4591=DIRECTION('',(0.,0.,1.));
#4592=DIRECTION('',(0.,1.,0.));
#4593=DIRECTION('center_axis',(0.,0.,1.));
#4594=DIRECTION('ref_axis',(1.,0.,0.));
#4595=DIRECTION('',(0.,1.,0.));
#4596=DIRECTION('',(-1.,0.,0.));
#4597=DIRECTION('',(0.,-1.,0.));
#4598=DIRECTION('',(1.,0.,0.));
#4599=DIRECTION('center_axis',(0.,1.,0.));
#4600=DIRECTION('ref_axis',(-1.,0.,0.));
#4601=DIRECTION('',(0.,0.,1.));
#4602=DIRECTION('',(-1.,0.,0.));
#4603=DIRECTION('',(0.,0.,1.));
#4604=DIRECTION('center_axis',(1.,0.,0.));
#4605=DIRECTION('ref_axis',(0.,1.,0.));
#4606=DIRECTION('',(0.,0.,1.));
#4607=DIRECTION('',(0.,1.,0.));
#4608=DIRECTION('center_axis',(0.,0.,1.));
#4609=DIRECTION('ref_axis',(1.,0.,0.));
#4610=DIRECTION('',(0.,1.,0.));
#4611=DIRECTION('',(-1.,0.,0.));
#4612=DIRECTION('',(0.,-1.,0.));
#4613=DIRECTION('',(1.,0.,0.));
#4614=DIRECTION('center_axis',(0.,1.,0.));
#4615=DIRECTION('ref_axis',(-1.,0.,0.));
#4616=DIRECTION('',(0.,0.,1.));
#4617=DIRECTION('',(-1.,0.,0.));
#4618=DIRECTION('',(0.,0.,1.));
#4619=DIRECTION('center_axis',(1.,0.,0.));
#4620=DIRECTION('ref_axis',(0.,1.,0.));
#4621=DIRECTION('',(0.,0.,1.));
#4622=DIRECTION('',(0.,1.,0.));
#4623=DIRECTION('center_axis',(0.,0.,1.));
#4624=DIRECTION('ref_axis',(1.,0.,0.));
#4625=DIRECTION('',(0.,1.,0.));
#4626=DIRECTION('',(-1.,0.,0.));
#4627=DIRECTION('',(0.,-1.,0.));
#4628=DIRECTION('',(1.,0.,0.));
#4629=DIRECTION('center_axis',(0.,1.,0.));
#4630=DIRECTION('ref_axis',(-1.,0.,0.));
#4631=DIRECTION('',(0.,0.,1.));
#4632=DIRECTION('',(-1.,0.,0.));
#4633=DIRECTION('',(0.,0.,1.));
#4634=DIRECTION('center_axis',(1.,0.,0.));
#4635=DIRECTION('ref_axis',(0.,1.,0.));
#4636=DIRECTION('',(0.,0.,1.));
#4637=DIRECTION('',(0.,1.,0.));
#4638=DIRECTION('center_axis',(0.,0.,1.));
#4639=DIRECTION('ref_axis',(1.,0.,0.));
#4640=DIRECTION('',(0.,1.,0.));
#4641=DIRECTION('',(1.,1.58603289232165E-16,0.));
#4642=DIRECTION('',(0.,-1.,0.));
#4643=DIRECTION('',(-1.,0.,0.));
#4644=DIRECTION('center_axis',(0.,-1.,0.));
#4645=DIRECTION('ref_axis',(1.,0.,0.));
#4646=DIRECTION('',(0.,0.,1.));
#4647=DIRECTION('',(1.,0.,0.));
#4648=DIRECTION('center_axis',(0.,-1.,0.));
#4649=DIRECTION('ref_axis',(1.,0.,0.));
#4650=DIRECTION('',(0.,0.,1.));
#4651=DIRECTION('',(1.,0.,0.));
#4652=DIRECTION('center_axis',(0.,-1.,0.));
#4653=DIRECTION('ref_axis',(1.,0.,0.));
#4654=DIRECTION('',(0.,0.,1.));
#4655=DIRECTION('',(1.,0.,0.));
#4656=DIRECTION('center_axis',(0.,-1.,0.));
#4657=DIRECTION('ref_axis',(1.,0.,0.));
#4658=DIRECTION('',(0.,0.,1.));
#4659=DIRECTION('',(1.,0.,0.));
#4660=DIRECTION('center_axis',(0.,0.,1.));
#4661=DIRECTION('ref_axis',(-0.923879532511286,-0.382683432365092,0.));
#4662=DIRECTION('center_axis',(0.,0.,-1.));
#4663=DIRECTION('ref_axis',(-0.923879532511286,-0.382683432365092,0.));
#4664=DIRECTION('',(0.,0.,-1.));
#4665=DIRECTION('center_axis',(0.707106781186548,0.,-0.707106781186548));
#4666=DIRECTION('ref_axis',(-0.707106781186547,-4.9065389333868E-17,-0.707106781186547));
#4667=DIRECTION('center_axis',(0.499999999999996,0.500000000000001,-0.70710678118655));
#4668=DIRECTION('ref_axis',(-0.499999999999999,-0.500000000000004,-0.707106781186545));
#4669=DIRECTION('',(0.,0.,1.));
#4670=DIRECTION('center_axis',(-0.707106781186544,-0.707106781186551,0.));
#4671=DIRECTION('ref_axis',(0.707106781186551,-0.707106781186544,0.));
#4672=DIRECTION('',(-0.707106781186551,0.707106781186544,0.));
#4673=DIRECTION('',(0.,0.,1.));
#4674=DIRECTION('',(0.707106781186551,-0.707106781186544,0.));
#4675=DIRECTION('center_axis',(0.,0.,1.));
#4676=DIRECTION('ref_axis',(-0.923879532511287,0.38268343236509,0.));
#4677=DIRECTION('center_axis',(0.,0.,-1.));
#4678=DIRECTION('ref_axis',(-0.923879532511287,0.38268343236509,0.));
#4679=DIRECTION('',(0.,0.,-1.));
#4680=DIRECTION('center_axis',(0.499999999999999,-0.5,-0.707106781186548));
#4681=DIRECTION('ref_axis',(-0.5,0.500000000000001,-0.707106781186547));
#4682=DIRECTION('center_axis',(0.707106781186548,0.,-0.707106781186548));
#4683=DIRECTION('ref_axis',(-0.707106781186547,4.9065389333868E-17,-0.707106781186547));
#4684=DIRECTION('',(0.,0.,1.));
#4685=DIRECTION('center_axis',(-1.,0.,0.));
#4686=DIRECTION('ref_axis',(0.,-1.,0.));
#4687=DIRECTION('',(0.,-1.,0.));
#4688=DIRECTION('',(0.,1.,0.));
#4689=DIRECTION('center_axis',(0.,0.,1.));
#4690=DIRECTION('ref_axis',(-0.382683432365089,0.923879532511287,0.));
#4691=DIRECTION('center_axis',(0.,0.,-1.));
#4692=DIRECTION('ref_axis',(-0.382683432365089,0.923879532511287,0.));
#4693=DIRECTION('',(0.,0.,-1.));
#4694=DIRECTION('center_axis',(-1.42735678062161E-16,-0.707106781186544,
-0.707106781186551));
#4695=DIRECTION('ref_axis',(4.90653893338682E-17,0.707106781186551,-0.707106781186544));
#4696=DIRECTION('center_axis',(0.499999999999999,-0.5,-0.707106781186548));
#4697=DIRECTION('ref_axis',(-0.5,0.500000000000001,-0.707106781186547));
#4698=DIRECTION('',(0.,0.,1.));
#4699=DIRECTION('center_axis',(-0.707106781186546,0.707106781186549,0.));
#4700=DIRECTION('ref_axis',(-0.707106781186549,-0.707106781186546,0.));
#4701=DIRECTION('',(-0.707106781186549,-0.707106781186546,0.));
#4702=DIRECTION('',(0.707106781186549,0.707106781186546,0.));
#4703=DIRECTION('center_axis',(0.,0.,1.));
#4704=DIRECTION('ref_axis',(0.382683432365089,0.923879532511287,0.));
#4705=DIRECTION('center_axis',(0.,0.,-1.));
#4706=DIRECTION('ref_axis',(0.382683432365089,0.923879532511287,0.));
#4707=DIRECTION('',(0.,0.,-1.));
#4708=DIRECTION('center_axis',(-0.500000000000001,-0.499999999999998,-0.707106781186548));
#4709=DIRECTION('ref_axis',(0.500000000000002,0.499999999999999,-0.707106781186547));
#4710=DIRECTION('center_axis',(-1.42735678062161E-16,-0.707106781186544,
-0.707106781186551));
#4711=DIRECTION('ref_axis',(1.47196168001605E-16,0.707106781186551,-0.707106781186544));
#4712=DIRECTION('',(0.,0.,1.));
#4713=DIRECTION('center_axis',(2.01858731750028E-16,1.,0.));
#4714=DIRECTION('ref_axis',(-1.,2.01858731750028E-16,0.));
#4715=DIRECTION('',(-1.,2.01858731750028E-16,0.));
#4716=DIRECTION('',(1.,-2.01858731750028E-16,0.));
#4717=DIRECTION('center_axis',(0.,0.,1.));
#4718=DIRECTION('ref_axis',(0.923879532511286,0.382683432365092,0.));
#4719=DIRECTION('center_axis',(0.,0.,-1.));
#4720=DIRECTION('ref_axis',(0.923879532511286,0.382683432365092,0.));
#4721=DIRECTION('',(0.,0.,-1.));
#4722=DIRECTION('center_axis',(-0.707106781186548,0.,-0.707106781186548));
#4723=DIRECTION('ref_axis',(0.707106781186548,-4.9065389333868E-17,-0.707106781186548));
#4724=DIRECTION('center_axis',(-0.500000000000001,-0.499999999999998,-0.707106781186548));
#4725=DIRECTION('ref_axis',(0.500000000000002,0.499999999999999,-0.707106781186547));
#4726=DIRECTION('',(0.,0.,1.));
#4727=DIRECTION('center_axis',(0.70710678118655,0.707106781186545,0.));
#4728=DIRECTION('ref_axis',(-0.707106781186545,0.70710678118655,0.));
#4729=DIRECTION('',(-0.707106781186545,0.70710678118655,0.));
#4730=DIRECTION('',(0.707106781186545,-0.70710678118655,0.));
#4731=DIRECTION('center_axis',(0.,0.,1.));
#4732=DIRECTION('ref_axis',(0.923879532511289,-0.382683432365084,0.));
#4733=DIRECTION('center_axis',(0.,0.,-1.));
#4734=DIRECTION('ref_axis',(0.923879532511289,-0.382683432365084,0.));
#4735=DIRECTION('',(0.,0.,-1.));
#4736=DIRECTION('center_axis',(-0.500000000000016,0.499999999999996,-0.707106781186539));
#4737=DIRECTION('ref_axis',(0.500000000000004,-0.499999999999984,-0.707106781186556));
#4738=DIRECTION('center_axis',(-0.707106781186548,0.,-0.707106781186548));
#4739=DIRECTION('ref_axis',(0.707106781186547,0.,-0.707106781186548));
#4740=DIRECTION('',(0.,0.,1.));
#4741=DIRECTION('center_axis',(1.,0.,0.));
#4742=DIRECTION('ref_axis',(0.,1.,0.));
#4743=DIRECTION('',(0.,1.,0.));
#4744=DIRECTION('',(0.,-1.,0.));
#4745=DIRECTION('center_axis',(0.,0.,1.));
#4746=DIRECTION('ref_axis',(0.923879532511282,0.382683432365102,0.));
#4747=DIRECTION('center_axis',(0.,0.,-1.));
#4748=DIRECTION('ref_axis',(0.923879532511282,0.382683432365102,0.));
#4749=DIRECTION('',(0.,0.,-1.));
#4750=DIRECTION('center_axis',(-0.707106781186548,0.,-0.707106781186548));
#4751=DIRECTION('ref_axis',(0.707106781186547,9.81307786677359E-17,-0.707106781186547));
#4752=DIRECTION('center_axis',(-0.499999999999985,-0.500000000000004,-0.707106781186556));
#4753=DIRECTION('ref_axis',(0.499999999999996,0.500000000000015,-0.707106781186539));
#4754=DIRECTION('',(0.,0.,1.));
#4755=DIRECTION('center_axis',(0.707106781186534,0.707106781186561,0.));
#4756=DIRECTION('ref_axis',(-0.707106781186561,0.707106781186534,0.));
#4757=DIRECTION('',(0.707106781186561,-0.707106781186534,0.));
#4758=DIRECTION('',(0.,0.,1.));
#4759=DIRECTION('',(-0.707106781186561,0.707106781186534,0.));
#4760=DIRECTION('center_axis',(0.,0.,1.));
#4761=DIRECTION('ref_axis',(0.923879532511288,-0.382683432365087,0.));
#4762=DIRECTION('center_axis',(0.,0.,-1.));
#4763=DIRECTION('ref_axis',(0.923879532511288,-0.382683432365087,0.));
#4764=DIRECTION('',(0.,0.,-1.));
#4765=DIRECTION('center_axis',(-0.500000000000003,0.499999999999998,-0.707106781186547));
#4766=DIRECTION('ref_axis',(0.500000000000002,-0.499999999999997,-0.707106781186548));
#4767=DIRECTION('center_axis',(-0.707106781186548,0.,-0.707106781186548));
#4768=DIRECTION('ref_axis',(0.707106781186547,-4.9065389333868E-17,-0.707106781186547));
#4769=DIRECTION('',(0.,0.,1.));
#4770=DIRECTION('center_axis',(1.,0.,0.));
#4771=DIRECTION('ref_axis',(0.,1.,0.));
#4772=DIRECTION('',(0.,1.,0.));
#4773=DIRECTION('',(0.,-1.,0.));
#4774=DIRECTION('center_axis',(0.,0.,1.));
#4775=DIRECTION('ref_axis',(0.382528042102563,-0.92394388195668,0.));
#4776=DIRECTION('center_axis',(0.,0.,-1.));
#4777=DIRECTION('ref_axis',(0.382528042102563,-0.92394388195668,0.));
#4778=DIRECTION('',(0.,0.,-1.));
#4779=DIRECTION('center_axis',(0.000237852827655816,0.707106741182708,-0.70710678118655));
#4780=DIRECTION('ref_axis',(-0.000237852827655815,-0.707106741182713,-0.707106781186545));
#4781=DIRECTION('center_axis',(-0.500000000000003,0.499999999999998,-0.707106781186547));
#4782=DIRECTION('ref_axis',(0.500000000000002,-0.499999999999997,-0.707106781186548));
#4783=DIRECTION('',(0.,0.,1.));
#4784=DIRECTION('center_axis',(0.707106781186551,-0.707106781186544,0.));
#4785=DIRECTION('ref_axis',(0.707106781186544,0.707106781186551,0.));
#4786=DIRECTION('',(0.707106781186544,0.707106781186551,0.));
#4787=DIRECTION('',(-0.707106781186544,-0.707106781186551,0.));
#4788=DIRECTION('center_axis',(0.,0.,1.));
#4789=DIRECTION('ref_axis',(-0.923943881956681,-0.382528042102562,0.));
#4790=DIRECTION('center_axis',(0.,0.,-1.));
#4791=DIRECTION('ref_axis',(-0.923943881956681,-0.382528042102562,0.));
#4792=DIRECTION('',(0.,0.,-1.));
#4793=DIRECTION('center_axis',(0.707106781186548,0.,-0.707106781186548));
#4794=DIRECTION('ref_axis',(-0.707106781186547,0.,-0.707106781186547));
#4795=DIRECTION('center_axis',(0.500168159060373,0.499831784365657,-0.707106781186548));
#4796=DIRECTION('ref_axis',(-0.500168159060374,-0.499831784365658,-0.707106781186547));
#4797=DIRECTION('',(0.,0.,1.));
#4798=DIRECTION('center_axis',(-0.707344594010364,-0.706868888355057,0.));
#4799=DIRECTION('ref_axis',(0.706868888355057,-0.707344594010364,0.));
#4800=DIRECTION('',(-0.706868888355057,0.707344594010364,0.));
#4801=DIRECTION('',(0.,0.,-1.));
#4802=DIRECTION('',(0.706868888355057,-0.707344594010364,0.));
#4803=DIRECTION('center_axis',(0.,0.,1.));
#4804=DIRECTION('ref_axis',(-0.38299418041087,-0.923750755221021,0.));
#4805=DIRECTION('center_axis',(0.,0.,-1.));
#4806=DIRECTION('ref_axis',(-0.38299418041087,-0.923750755221021,0.));
#4807=DIRECTION('center_axis',(0.500168159060373,0.499831784365657,-0.707106781186548));
#4808=DIRECTION('ref_axis',(-0.500168159060374,-0.499831784365658,-0.707106781186547));
#4809=DIRECTION('center_axis',(0.000237852827655816,0.707106741182708,-0.70710678118655));
#4810=DIRECTION('ref_axis',(-0.000237852827655864,-0.707106741182713,-0.707106781186545));
#4811=DIRECTION('',(0.,0.,1.));
#4812=DIRECTION('center_axis',(-0.000336374694719646,-0.999999943426031,
0.));
#4813=DIRECTION('ref_axis',(0.999999943426031,-0.000336374694719646,0.));
#4814=DIRECTION('',(-0.999999943426031,0.000336374694719646,0.));
#4815=DIRECTION('',(0.,0.,1.));
#4816=DIRECTION('',(0.999999943426031,-0.000336374694719646,0.));
#4817=DIRECTION('center_axis',(0.,1.,0.));
#4818=DIRECTION('ref_axis',(-1.,0.,0.));
#4819=DIRECTION('',(1.,0.,0.));
#4820=DIRECTION('',(0.,0.,1.));
#4821=DIRECTION('',(-1.,0.,0.));
#4822=DIRECTION('',(0.,0.,1.));
#4823=DIRECTION('center_axis',(1.,0.,0.));
#4824=DIRECTION('ref_axis',(0.,1.,0.));
#4825=DIRECTION('',(0.,-1.,0.));
#4826=DIRECTION('',(0.,0.,1.));
#4827=DIRECTION('',(0.,1.,0.));
#4828=DIRECTION('center_axis',(0.,-1.,0.));
#4829=DIRECTION('ref_axis',(1.,0.,0.));
#4830=DIRECTION('',(-1.,0.,0.));
#4831=DIRECTION('',(0.,0.,1.));
#4832=DIRECTION('',(1.,0.,0.));
#4833=DIRECTION('center_axis',(1.,0.,0.));
#4834=DIRECTION('ref_axis',(0.,1.,0.));
#4835=DIRECTION('',(0.,-1.,0.));
#4836=DIRECTION('',(0.,0.,1.));
#4837=DIRECTION('',(0.,1.,0.));
#4838=DIRECTION('center_axis',(0.,1.,0.));
#4839=DIRECTION('ref_axis',(-1.,0.,0.));
#4840=DIRECTION('',(1.,0.,0.));
#4841=DIRECTION('',(0.,0.,1.));
#4842=DIRECTION('',(-1.,0.,0.));
#4843=DIRECTION('center_axis',(1.,0.,0.));
#4844=DIRECTION('ref_axis',(0.,1.,0.));
#4845=DIRECTION('',(0.,-1.,0.));
#4846=DIRECTION('',(0.,0.,1.));
#4847=DIRECTION('',(0.,1.,0.));
#4848=DIRECTION('center_axis',(0.,1.,0.));
#4849=DIRECTION('ref_axis',(-1.,0.,0.));
#4850=DIRECTION('',(1.,0.,0.));
#4851=DIRECTION('',(0.,0.,1.));
#4852=DIRECTION('',(-1.,0.,0.));
#4853=DIRECTION('center_axis',(-1.,0.,0.));
#4854=DIRECTION('ref_axis',(0.,-1.,0.));
#4855=DIRECTION('',(0.,1.,0.));
#4856=DIRECTION('',(0.,0.,1.));
#4857=DIRECTION('',(0.,-1.,0.));
#4858=DIRECTION('center_axis',(1.,0.,0.));
#4859=DIRECTION('ref_axis',(0.,1.,0.));
#4860=DIRECTION('',(0.,-1.,0.));
#4861=DIRECTION('',(0.,1.,0.));
#4862=DIRECTION('',(0.,0.,1.));
#4863=DIRECTION('center_axis',(0.54545588629494,0.838139532599555,0.));
#4864=DIRECTION('ref_axis',(-0.838139532599555,0.54545588629494,0.));
#4865=DIRECTION('',(0.838139532599555,-0.54545588629494,0.));
#4866=DIRECTION('',(-0.838139532599555,0.54545588629494,0.));
#4867=DIRECTION('',(0.,0.,1.));
#4868=DIRECTION('center_axis',(1.,0.,0.));
#4869=DIRECTION('ref_axis',(0.,1.,0.));
#4870=DIRECTION('',(0.,-1.,0.));
#4871=DIRECTION('',(0.,1.,0.));
#4872=DIRECTION('',(0.,0.,1.));
#4873=DIRECTION('center_axis',(8.76045387160329E-16,-1.,0.));
#4874=DIRECTION('ref_axis',(1.,8.76045387160329E-16,0.));
#4875=DIRECTION('',(-1.,-8.76045387160329E-16,0.));
#4876=DIRECTION('',(1.,8.76045387160329E-16,0.));
#4877=DIRECTION('',(0.,0.,1.));
#4878=DIRECTION('center_axis',(-1.,0.,0.));
#4879=DIRECTION('ref_axis',(0.,-1.,0.));
#4880=DIRECTION('',(0.,1.,0.));
#4881=DIRECTION('',(0.,-1.,0.));
#4882=DIRECTION('',(0.,0.,1.));
#4883=DIRECTION('center_axis',(0.,-1.,0.));
#4884=DIRECTION('ref_axis',(1.,0.,0.));
#4885=DIRECTION('',(-1.,0.,0.));
#4886=DIRECTION('',(1.,0.,0.));
#4887=DIRECTION('',(0.,0.,1.));
#4888=DIRECTION('center_axis',(-1.,0.,0.));
#4889=DIRECTION('ref_axis',(0.,-1.,0.));
#4890=DIRECTION('',(0.,1.,0.));
#4891=DIRECTION('',(0.,-1.,0.));
#4892=DIRECTION('',(0.,0.,1.));
#4893=DIRECTION('center_axis',(0.,1.,0.));
#4894=DIRECTION('ref_axis',(-1.,0.,0.));
#4895=DIRECTION('',(1.,0.,0.));
#4896=DIRECTION('',(-1.,0.,0.));
#4897=DIRECTION('center_axis',(0.,0.,1.));
#4898=DIRECTION('ref_axis',(1.,0.,0.));
#4899=DIRECTION('center_axis',(1.,0.,0.));
#4900=DIRECTION('ref_axis',(0.,1.,0.));
#4901=DIRECTION('',(0.,-1.,0.));
#4902=DIRECTION('',(0.,0.,1.));
#4903=DIRECTION('',(0.,1.,0.));
#4904=DIRECTION('',(0.,0.,1.));
#4905=DIRECTION('center_axis',(0.,1.,0.));
#4906=DIRECTION('ref_axis',(-1.,0.,0.));
#4907=DIRECTION('',(1.,0.,0.));
#4908=DIRECTION('',(0.,0.,1.));
#4909=DIRECTION('',(-1.,0.,0.));
#4910=DIRECTION('center_axis',(1.,0.,0.));
#4911=DIRECTION('ref_axis',(0.,1.,0.));
#4912=DIRECTION('',(0.,-1.,0.));
#4913=DIRECTION('',(0.,0.,1.));
#4914=DIRECTION('',(0.,1.,0.));
#4915=DIRECTION('center_axis',(0.,1.,0.));
#4916=DIRECTION('ref_axis',(-1.,0.,0.));
#4917=DIRECTION('',(1.,0.,0.));
#4918=DIRECTION('',(0.,0.,1.));
#4919=DIRECTION('',(-1.,0.,0.));
#4920=DIRECTION('center_axis',(0.702500368183334,-0.711683379532134,0.));
#4921=DIRECTION('ref_axis',(0.711683379532134,0.702500368183334,0.));
#4922=DIRECTION('',(-0.711683379532134,-0.702500368183334,0.));
#4923=DIRECTION('',(0.711683379532134,0.702500368183334,0.));
#4924=DIRECTION('',(0.,0.,1.));
#4925=DIRECTION('center_axis',(0.,-1.,0.));
#4926=DIRECTION('ref_axis',(1.,0.,0.));
#4927=DIRECTION('',(-1.,0.,0.));
#4928=DIRECTION('',(1.,0.,0.));
#4929=DIRECTION('',(0.,0.,1.));
#4930=DIRECTION('center_axis',(-1.,0.,0.));
#4931=DIRECTION('ref_axis',(0.,-1.,0.));
#4932=DIRECTION('',(0.,1.,0.));
#4933=DIRECTION('',(0.,-1.,0.));
#4934=DIRECTION('center_axis',(0.,0.,1.));
#4935=DIRECTION('ref_axis',(1.,0.,0.));
#4936=DIRECTION('',(0.,-1.,0.));
#4937=DIRECTION('center_axis',(0.715459902243318,-0.698653797157063,0.));
#4938=DIRECTION('ref_axis',(0.698653797157063,0.715459902243318,0.));
#4939=DIRECTION('',(-0.698653797157063,-0.715459902243318,0.));
#4940=DIRECTION('',(0.,0.,1.));
#4941=DIRECTION('',(0.698653797157063,0.715459902243318,0.));
#4942=DIRECTION('',(0.,0.,1.));
#4943=DIRECTION('center_axis',(1.,0.,0.));
#4944=DIRECTION('ref_axis',(0.,1.,0.));
#4945=DIRECTION('',(0.,-1.,0.));
#4946=DIRECTION('',(0.,0.,1.));
#4947=DIRECTION('',(0.,1.,0.));
#4948=DIRECTION('center_axis',(6.57572749610539E-16,1.,0.));
#4949=DIRECTION('ref_axis',(-1.,6.57572749610539E-16,0.));
#4950=DIRECTION('',(1.,-6.57572749610539E-16,0.));
#4951=DIRECTION('',(0.,0.,1.));
#4952=DIRECTION('',(-1.,6.57572749610539E-16,0.));
#4953=DIRECTION('center_axis',(-0.715459902243318,0.698653797157062,0.));
#4954=DIRECTION('ref_axis',(-0.698653797157062,-0.715459902243318,0.));
#4955=DIRECTION('',(0.698653797157062,0.715459902243318,0.));
#4956=DIRECTION('',(0.,0.,1.));
#4957=DIRECTION('',(-0.698653797157062,-0.715459902243318,0.));
#4958=DIRECTION('center_axis',(-1.,0.,0.));
#4959=DIRECTION('ref_axis',(0.,-1.,0.));
#4960=DIRECTION('',(0.,1.,0.));
#4961=DIRECTION('',(0.,0.,1.));
#4962=DIRECTION('',(0.,-1.,0.));
#4963=DIRECTION('center_axis',(0.,-1.,0.));
#4964=DIRECTION('ref_axis',(1.,0.,0.));
#4965=DIRECTION('',(-1.,0.,0.));
#4966=DIRECTION('',(0.,0.,1.));
#4967=DIRECTION('',(1.,0.,0.));
#4968=DIRECTION('center_axis',(0.871800342724256,0.489861370620168,0.));
#4969=DIRECTION('ref_axis',(-0.489861370620168,0.871800342724256,0.));
#4970=DIRECTION('',(0.489861370620168,-0.871800342724256,0.));
#4971=DIRECTION('',(-0.489861370620168,0.871800342724256,0.));
#4972=DIRECTION('',(0.,0.,1.));
#4973=DIRECTION('center_axis',(0.489861370620169,-0.871800342724256,0.));
#4974=DIRECTION('ref_axis',(0.871800342724256,0.489861370620169,0.));
#4975=DIRECTION('',(-0.871800342724256,-0.489861370620169,0.));
#4976=DIRECTION('',(0.871800342724256,0.489861370620169,0.));
#4977=DIRECTION('',(0.,0.,1.));
#4978=DIRECTION('center_axis',(-0.862883844091672,-0.50540228690181,0.));
#4979=DIRECTION('ref_axis',(0.50540228690181,-0.862883844091672,0.));
#4980=DIRECTION('',(-0.50540228690181,0.862883844091672,0.));
#4981=DIRECTION('',(0.50540228690181,-0.862883844091672,0.));
#4982=DIRECTION('',(0.,0.,1.));
#4983=DIRECTION('center_axis',(0.,-1.,0.));
#4984=DIRECTION('ref_axis',(1.,0.,0.));
#4985=DIRECTION('',(-1.,0.,0.));
#4986=DIRECTION('',(1.,0.,0.));
#4987=DIRECTION('',(0.,0.,1.));
#4988=DIRECTION('center_axis',(1.,0.,0.));
#4989=DIRECTION('ref_axis',(0.,1.,0.));
#4990=DIRECTION('',(0.,-1.,0.));
#4991=DIRECTION('',(0.,1.,0.));
#4992=DIRECTION('center_axis',(0.,0.,1.));
#4993=DIRECTION('ref_axis',(1.,0.,0.));
#4994=DIRECTION('',(0.,-1.,0.));
#4995=DIRECTION('center_axis',(0.741545629156365,0.670902436930356,0.));
#4996=DIRECTION('ref_axis',(-0.670902436930356,0.741545629156365,0.));
#4997=DIRECTION('',(0.670902436930356,-0.741545629156365,0.));
#4998=DIRECTION('',(0.,0.,1.));
#4999=DIRECTION('',(-0.670902436930356,0.741545629156365,0.));
#5000=DIRECTION('',(0.,0.,1.));
#5001=DIRECTION('center_axis',(0.756033949446978,-0.654532403539813,0.));
#5002=DIRECTION('ref_axis',(0.654532403539813,0.756033949446977,0.));
#5003=DIRECTION('',(-0.654532403539813,-0.756033949446978,0.));
#5004=DIRECTION('',(0.,0.,1.));
#5005=DIRECTION('',(0.654532403539813,0.756033949446978,0.));
#5006=DIRECTION('center_axis',(0.654532403539815,0.756033949446976,0.));
#5007=DIRECTION('ref_axis',(-0.756033949446976,0.654532403539815,0.));
#5008=DIRECTION('',(0.756033949446976,-0.654532403539815,0.));
#5009=DIRECTION('',(0.,0.,1.));
#5010=DIRECTION('',(-0.756033949446976,0.654532403539815,0.));
#5011=DIRECTION('center_axis',(-0.756033949446975,0.654532403539816,0.));
#5012=DIRECTION('ref_axis',(-0.654532403539816,-0.756033949446975,0.));
#5013=DIRECTION('',(0.654532403539816,0.756033949446975,0.));
#5014=DIRECTION('',(0.,0.,1.));
#5015=DIRECTION('',(-0.654532403539816,-0.756033949446975,0.));
#5016=DIRECTION('center_axis',(0.749414560525121,0.662101062129446,0.));
#5017=DIRECTION('ref_axis',(-0.662101062129446,0.749414560525121,0.));
#5018=DIRECTION('',(0.662101062129446,-0.749414560525121,0.));
#5019=DIRECTION('',(0.,0.,1.));
#5020=DIRECTION('',(-0.662101062129446,0.749414560525121,0.));
#5021=DIRECTION('center_axis',(-0.66292084723237,0.74868948857635,0.));
#5022=DIRECTION('ref_axis',(-0.74868948857635,-0.66292084723237,0.));
#5023=DIRECTION('',(0.74868948857635,0.66292084723237,0.));
#5024=DIRECTION('',(0.,0.,1.));
#5025=DIRECTION('',(-0.74868948857635,-0.66292084723237,0.));
#5026=DIRECTION('center_axis',(0.670902436930361,-0.74154562915636,0.));
#5027=DIRECTION('ref_axis',(0.74154562915636,0.670902436930361,0.));
#5028=DIRECTION('',(-0.74154562915636,-0.670902436930361,0.));
#5029=DIRECTION('',(0.74154562915636,0.670902436930361,0.));
#5030=DIRECTION('',(0.,0.,1.));
#5031=DIRECTION('center_axis',(-0.741545629156365,-0.670902436930356,0.));
#5032=DIRECTION('ref_axis',(0.670902436930356,-0.741545629156365,0.));
#5033=DIRECTION('',(-0.670902436930356,0.741545629156365,0.));
#5034=DIRECTION('',(0.670902436930356,-0.741545629156365,0.));
#5035=DIRECTION('',(0.,0.,1.));
#5036=DIRECTION('center_axis',(0.75788401137175,-0.652389320350254,0.));
#5037=DIRECTION('ref_axis',(0.652389320350254,0.757884011371749,0.));
#5038=DIRECTION('',(-0.652389320350254,-0.757884011371749,0.));
#5039=DIRECTION('',(0.652389320350254,0.757884011371749,0.));
#5040=DIRECTION('',(0.,0.,1.));
#5041=DIRECTION('center_axis',(-0.652389320350252,-0.757884011371751,0.));
#5042=DIRECTION('ref_axis',(0.757884011371751,-0.652389320350252,0.));
#5043=DIRECTION('',(-0.757884011371751,0.652389320350252,0.));
#5044=DIRECTION('',(0.757884011371751,-0.652389320350252,0.));
#5045=DIRECTION('',(0.,0.,1.));
#5046=DIRECTION('center_axis',(-0.757884011371751,0.652389320350251,0.));
#5047=DIRECTION('ref_axis',(-0.652389320350251,-0.757884011371751,0.));
#5048=DIRECTION('',(0.652389320350251,0.757884011371751,0.));
#5049=DIRECTION('',(-0.652389320350251,-0.757884011371751,0.));
#5050=DIRECTION('',(0.,0.,1.));
#5051=DIRECTION('center_axis',(-0.76048622319521,-0.649354067000651,0.));
#5052=DIRECTION('ref_axis',(0.649354067000651,-0.76048622319521,0.));
#5053=DIRECTION('',(-0.649354067000651,0.76048622319521,0.));
#5054=DIRECTION('',(0.649354067000651,-0.76048622319521,0.));
#5055=DIRECTION('center_axis',(0.,0.,1.));
#5056=DIRECTION('ref_axis',(1.,0.,0.));
#5057=DIRECTION('center_axis',(-0.719610194103865,0.694378260418482,0.));
#5058=DIRECTION('ref_axis',(-0.694378260418482,-0.719610194103865,0.));
#5059=DIRECTION('',(0.694378260418482,0.719610194103865,0.));
#5060=DIRECTION('',(0.,0.,1.));
#5061=DIRECTION('',(-0.694378260418482,-0.719610194103865,0.));
#5062=DIRECTION('',(0.,0.,1.));
#5063=DIRECTION('center_axis',(-1.,0.,0.));
#5064=DIRECTION('ref_axis',(0.,-1.,0.));
#5065=DIRECTION('',(0.,1.,0.));
#5066=DIRECTION('',(0.,0.,1.));
#5067=DIRECTION('',(0.,-1.,0.));
#5068=DIRECTION('center_axis',(0.,-1.,0.));
#5069=DIRECTION('ref_axis',(1.,0.,0.));
#5070=DIRECTION('',(-1.,0.,0.));
#5071=DIRECTION('',(0.,0.,1.));
#5072=DIRECTION('',(1.,0.,0.));
#5073=DIRECTION('center_axis',(0.,1.,0.));
#5074=DIRECTION('ref_axis',(-1.,0.,0.));
#5075=DIRECTION('',(1.,0.,0.));
#5076=DIRECTION('',(-1.,0.,0.));
#5077=DIRECTION('',(0.,0.,1.));
#5078=DIRECTION('center_axis',(1.,0.,0.));
#5079=DIRECTION('ref_axis',(0.,1.,0.));
#5080=DIRECTION('',(0.,-1.,0.));
#5081=DIRECTION('',(0.,1.,0.));
#5082=DIRECTION('',(0.,0.,1.));
#5083=DIRECTION('center_axis',(0.700821757277669,-0.71333643151478,0.));
#5084=DIRECTION('ref_axis',(0.71333643151478,0.700821757277669,0.));
#5085=DIRECTION('',(-0.71333643151478,-0.700821757277669,0.));
#5086=DIRECTION('',(0.71333643151478,0.700821757277669,0.));
#5087=DIRECTION('center_axis',(0.,0.,1.));
#5088=DIRECTION('ref_axis',(1.,0.,0.));
#5089=DIRECTION('',(0.,-1.,0.));
#5090=DIRECTION('center_axis',(0.701718069113633,-0.712454736442558,0.));
#5091=DIRECTION('ref_axis',(0.712454736442558,0.701718069113633,0.));
#5092=DIRECTION('',(-0.712454736442558,-0.701718069113633,0.));
#5093=DIRECTION('',(0.,0.,1.));
#5094=DIRECTION('',(0.712454736442558,0.701718069113633,0.));
#5095=DIRECTION('',(0.,0.,1.));
#5096=DIRECTION('center_axis',(1.,0.,0.));
#5097=DIRECTION('ref_axis',(0.,1.,0.));
#5098=DIRECTION('',(0.,-1.,0.));
#5099=DIRECTION('',(0.,0.,1.));
#5100=DIRECTION('',(0.,1.,0.));
#5101=DIRECTION('center_axis',(0.,1.,0.));
#5102=DIRECTION('ref_axis',(-1.,0.,0.));
#5103=DIRECTION('',(1.,0.,0.));
#5104=DIRECTION('',(0.,0.,1.));
#5105=DIRECTION('',(-1.,0.,0.));
#5106=DIRECTION('center_axis',(0.,-1.,0.));
#5107=DIRECTION('ref_axis',(1.,0.,0.));
#5108=DIRECTION('',(-1.,0.,0.));
#5109=DIRECTION('',(1.,0.,0.));
#5110=DIRECTION('',(0.,0.,1.));
#5111=DIRECTION('center_axis',(-1.,0.,0.));
#5112=DIRECTION('ref_axis',(0.,-1.,0.));
#5113=DIRECTION('',(0.,1.,0.));
#5114=DIRECTION('',(0.,-1.,0.));
#5115=DIRECTION('',(0.,0.,1.));
#5116=DIRECTION('center_axis',(-0.701718069113643,0.712454736442548,0.));
#5117=DIRECTION('ref_axis',(-0.712454736442548,-0.701718069113643,0.));
#5118=DIRECTION('',(0.712454736442548,0.701718069113643,0.));
#5119=DIRECTION('',(-0.712454736442548,-0.701718069113643,0.));
#5120=DIRECTION('center_axis',(0.,0.,1.));
#5121=DIRECTION('ref_axis',(1.,0.,0.));
#5122=DIRECTION('',(0.,-1.,0.));
#5123=DIRECTION('center_axis',(0.,0.,1.));
#5124=DIRECTION('ref_axis',(1.,0.,0.));
#5125=DIRECTION('',(-1.,0.,0.));
#5126=DIRECTION('',(0.,-1.,0.));
#5127=DIRECTION('',(1.,-6.16790569236198E-16,0.));
#5128=DIRECTION('',(0.,1.,0.));
#5129=DIRECTION('center_axis',(0.,1.,0.));
#5130=DIRECTION('ref_axis',(-1.,0.,0.));
#5131=DIRECTION('',(0.,0.,1.));
#5132=DIRECTION('',(-1.,0.,0.));
#5133=DIRECTION('',(0.,0.,1.));
#5134=DIRECTION('center_axis',(1.,0.,0.));
#5135=DIRECTION('ref_axis',(0.,1.,0.));
#5136=DIRECTION('',(0.,0.,1.));
#5137=DIRECTION('',(0.,1.,0.));
#5138=DIRECTION('center_axis',(-0.000336374694719646,-0.999999943426031,
0.));
#5139=DIRECTION('ref_axis',(0.999999943426031,-0.000336374694719646,0.));
#5140=DIRECTION('',(0.999999943426031,-0.000336374694719646,0.));
#5141=DIRECTION('',(0.,0.,1.));
#5142=DIRECTION('',(-0.999999943426031,0.000336374694719646,0.));
#5143=DIRECTION('center_axis',(0.,-1.,0.));
#5144=DIRECTION('ref_axis',(1.,0.,0.));
#5145=DIRECTION('',(-1.,0.,0.));
#5146=DIRECTION('',(0.,0.,1.));
#5147=DIRECTION('',(1.,0.,0.));
#5148=DIRECTION('center_axis',(-1.,0.,0.));
#5149=DIRECTION('ref_axis',(0.,-1.,0.));
#5150=DIRECTION('',(0.,-1.,0.));
#5151=DIRECTION('',(0.,0.,1.));
#5152=DIRECTION('',(0.,1.,0.));
#5153=DIRECTION('center_axis',(-0.70710678118655,0.707106781186545,0.));
#5154=DIRECTION('ref_axis',(-0.707106781186545,-0.70710678118655,0.));
#5155=DIRECTION('',(0.707106781186545,0.70710678118655,0.));
#5156=DIRECTION('',(-0.707106781186545,-0.70710678118655,0.));
#5157=DIRECTION('',(0.,0.,1.));
#5158=DIRECTION('center_axis',(0.,0.,1.));
#5159=DIRECTION('ref_axis',(0.923879532511287,-0.38268343236509,0.));
#5160=DIRECTION('center_axis',(0.,0.,1.));
#5161=DIRECTION('ref_axis',(0.923879532511287,-0.38268343236509,0.));
#5162=DIRECTION('center_axis',(0.,0.,-1.));
#5163=DIRECTION('ref_axis',(0.923879532511287,-0.38268343236509,0.));
#5164=DIRECTION('',(0.,0.,1.));
#5165=DIRECTION('center_axis',(-1.,0.,0.));
#5166=DIRECTION('ref_axis',(0.,-1.,0.));
#5167=DIRECTION('',(0.,1.,0.));
#5168=DIRECTION('',(0.,-1.,0.));
#5169=DIRECTION('',(0.,0.,1.));
#5170=DIRECTION('center_axis',(0.,0.,1.));
#5171=DIRECTION('ref_axis',(0.923879532511286,0.382683432365092,0.));
#5172=DIRECTION('center_axis',(0.,0.,1.));
#5173=DIRECTION('ref_axis',(0.923879532511286,0.382683432365092,0.));
#5174=DIRECTION('center_axis',(0.,0.,-1.));
#5175=DIRECTION('ref_axis',(0.923879532511286,0.382683432365092,0.));
#5176=DIRECTION('center_axis',(0.707106781186562,-0.707106781186533,0.));
#5177=DIRECTION('ref_axis',(0.707106781186533,0.707106781186562,0.));
#5178=DIRECTION('',(0.707106781186533,0.707106781186562,0.));
#5179=DIRECTION('',(0.,0.,1.));
#5180=DIRECTION('',(-0.707106781186533,-0.707106781186562,0.));
#5181=DIRECTION('center_axis',(0.,0.,1.));
#5182=DIRECTION('ref_axis',(-0.92387953251129,0.382683432365083,0.));
#5183=DIRECTION('center_axis',(0.,0.,1.));
#5184=DIRECTION('ref_axis',(-0.92387953251129,0.382683432365083,0.));
#5185=DIRECTION('center_axis',(0.,0.,-1.));
#5186=DIRECTION('ref_axis',(-0.92387953251129,0.382683432365083,0.));
#5187=DIRECTION('',(0.,0.,1.));
#5188=DIRECTION('center_axis',(1.,0.,0.));
#5189=DIRECTION('ref_axis',(0.,1.,0.));
#5190=DIRECTION('',(0.,-1.,0.));
#5191=DIRECTION('',(0.,1.,0.));
#5192=DIRECTION('',(0.,0.,1.));
#5193=DIRECTION('center_axis',(0.,0.,1.));
#5194=DIRECTION('ref_axis',(-0.923879532511283,-0.3826834323651,0.));
#5195=DIRECTION('center_axis',(0.,0.,1.));
#5196=DIRECTION('ref_axis',(-0.923879532511283,-0.3826834323651,0.));
#5197=DIRECTION('center_axis',(0.,0.,-1.));
#5198=DIRECTION('ref_axis',(-0.923879532511283,-0.3826834323651,0.));
#5199=DIRECTION('center_axis',(0.,0.,1.));
#5200=DIRECTION('ref_axis',(-1.,0.,0.));
#5201=DIRECTION('',(0.,-1.,0.));
#5202=DIRECTION('center_axis',(0.,0.,-1.));
#5203=DIRECTION('ref_axis',(-1.,1.43635103810879E-15,0.));
#5204=DIRECTION('center_axis',(0.,0.,-1.));
#5205=DIRECTION('ref_axis',(-1.,1.43635103810879E-15,0.));
#5206=DIRECTION('',(0.,-1.,0.));
#5207=DIRECTION('',(1.,-6.16790569236198E-16,0.));
#5208=DIRECTION('center_axis',(0.,0.,-1.));
#5209=DIRECTION('ref_axis',(-1.,0.,0.));
#5210=DIRECTION('center_axis',(0.,0.,-1.));
#5211=DIRECTION('ref_axis',(-1.,0.,0.));
#5212=DIRECTION('center_axis',(1.58603289232165E-16,-1.,0.));
#5213=DIRECTION('ref_axis',(1.,1.58603289232165E-16,0.));
#5214=DIRECTION('',(0.,0.,1.));
#5215=DIRECTION('',(1.,1.58603289232165E-16,0.));
#5216=DIRECTION('center_axis',(-1.58603289232165E-16,1.,0.));
#5217=DIRECTION('ref_axis',(1.,1.58603289232165E-16,-1.53314921522135E-9));
#5218=DIRECTION('',(-1.,-1.58603289232165E-16,0.));
#5219=DIRECTION('center_axis',(-1.58603289232165E-16,1.,0.));
#5220=DIRECTION('ref_axis',(-1.,-1.58603289232165E-16,-1.53314921522135E-9));
#5221=DIRECTION('',(1.,1.58603289232165E-16,0.));
#5222=DIRECTION('',(0.,0.,1.));
#5223=DIRECTION('center_axis',(1.,0.,0.));
#5224=DIRECTION('ref_axis',(0.,1.,0.));
#5225=DIRECTION('',(0.,0.,1.));
#5226=DIRECTION('',(0.,1.,0.));
#5227=DIRECTION('center_axis',(0.,0.,-1.));
#5228=DIRECTION('ref_axis',(-1.,1.43635103810879E-15,0.));
#5229=DIRECTION('center_axis',(-1.99202146062293E-15,-1.18580885072427E-16,
1.));
#5230=DIRECTION('ref_axis',(-1.,1.43635103810879E-15,-1.99202146062293E-15));
#5231=DIRECTION('',(0.,0.,-1.));
#5232=DIRECTION('center_axis',(0.,0.,1.));
#5233=DIRECTION('ref_axis',(-1.,1.43635103810879E-15,0.));
#5234=DIRECTION('center_axis',(0.,0.,-1.));
#5235=DIRECTION('ref_axis',(-1.,1.43635103810879E-15,0.));
#5236=DIRECTION('center_axis',(-1.99202146062293E-15,-1.18580885072427E-16,
1.));
#5237=DIRECTION('ref_axis',(-1.,1.43635103810879E-15,-1.99202146062293E-15));
#5238=DIRECTION('',(0.,0.,-1.));
#5239=DIRECTION('center_axis',(0.,0.,1.));
#5240=DIRECTION('ref_axis',(-1.,1.43635103810879E-15,0.));
#5241=DIRECTION('center_axis',(0.,0.,-1.));
#5242=DIRECTION('ref_axis',(-1.,1.43635103810879E-15,0.));
#5243=DIRECTION('',(0.,0.,-1.));
#5244=DIRECTION('center_axis',(1.99202146062293E-15,1.18580885072427E-16,
-1.));
#5245=DIRECTION('ref_axis',(-1.,1.43635103810879E-15,-1.99202146062293E-15));
#5246=DIRECTION('center_axis',(-1.99202146062293E-15,-1.18580885072427E-16,
1.));
#5247=DIRECTION('ref_axis',(-1.,1.43635103810879E-15,-1.99202146062293E-15));
#5248=DIRECTION('center_axis',(0.,0.,-1.));
#5249=DIRECTION('ref_axis',(-1.,1.43635103810879E-15,0.));
#5250=DIRECTION('',(0.,0.,-1.));
#5251=DIRECTION('center_axis',(1.99202146062293E-15,1.18580885072427E-16,
-1.));
#5252=DIRECTION('ref_axis',(-1.,1.43635103810879E-15,-1.99202146062293E-15));
#5253=DIRECTION('center_axis',(-1.99202146062293E-15,-1.18580885072427E-16,
1.));
#5254=DIRECTION('ref_axis',(-1.,1.43635103810879E-15,-1.99202146062293E-15));
#5255=DIRECTION('center_axis',(0.,0.,1.));
#5256=DIRECTION('ref_axis',(-1.,0.,0.));
#5257=DIRECTION('center_axis',(0.,0.,-1.));
#5258=DIRECTION('ref_axis',(-1.,0.,0.));
#5259=DIRECTION('center_axis',(0.,0.,-1.));
#5260=DIRECTION('ref_axis',(-1.,0.,0.));
#5261=DIRECTION('center_axis',(0.,0.,1.));
#5262=DIRECTION('ref_axis',(-1.,0.,0.));
#5263=DIRECTION('center_axis',(0.,0.,-1.));
#5264=DIRECTION('ref_axis',(-1.,0.,0.));
#5265=DIRECTION('center_axis',(0.,0.,-1.));
#5266=DIRECTION('ref_axis',(-1.,0.,0.));
#5267=DIRECTION('center_axis',(0.,0.,-1.));
#5268=DIRECTION('ref_axis',(-1.,0.,0.));
#5269=DIRECTION('',(-0.707106781186533,-0.707106781186562,0.));
#5270=DIRECTION('center_axis',(0.,0.,1.));
#5271=DIRECTION('ref_axis',(-0.92387953251129,0.382683432365083,0.));
#5272=DIRECTION('',(0.,-1.,0.));
#5273=DIRECTION('center_axis',(0.,0.,1.));
#5274=DIRECTION('ref_axis',(-0.923879532511283,-0.3826834323651,0.));
#5275=DIRECTION('',(0.707106781186561,-0.707106781186534,0.));
#5276=DIRECTION('',(0.,-1.,0.));
#5277=DIRECTION('center_axis',(0.,0.,1.));
#5278=DIRECTION('ref_axis',(0.92387953251129,-0.382683432365083,0.));
#5279=DIRECTION('',(-0.707106781186544,-0.707106781186551,0.));
#5280=DIRECTION('center_axis',(0.,0.,1.));
#5281=DIRECTION('ref_axis',(0.382528042102562,-0.923943881956681,0.));
#5282=DIRECTION('',(-0.999999943426031,0.000336374694719646,0.));
#5283=DIRECTION('',(0.70686888835507,-0.707344594010351,0.));
#5284=DIRECTION('',(0.000336374694718996,0.999999943426031,0.));
#5285=DIRECTION('',(-1.,0.,0.));
#5286=DIRECTION('',(0.,1.,0.));
#5287=DIRECTION('',(-0.707106781186551,-0.707106781186544,0.));
#5288=DIRECTION('',(1.,-2.01858731750028E-16,0.));
#5289=DIRECTION('center_axis',(0.,0.,1.));
#5290=DIRECTION('ref_axis',(0.38268343236509,0.923879532511287,0.));
#5291=DIRECTION('',(0.707106781186545,-0.70710678118655,0.));
#5292=DIRECTION('center_axis',(0.,0.,1.));
#5293=DIRECTION('ref_axis',(0.923879532511288,0.382683432365086,0.));
#5294=DIRECTION('',(0.,-1.,0.));
#5295=DIRECTION('center_axis',(1.,0.,0.));
#5296=DIRECTION('ref_axis',(0.,-1.,0.));
#5297=DIRECTION('',(0.,0.,1.));
#5298=DIRECTION('',(0.,1.,0.));
#5299=DIRECTION('',(0.,0.,1.));
#5300=DIRECTION('center_axis',(0.707106781186548,0.,0.707106781186548));
#5301=DIRECTION('ref_axis',(0.707106781186548,0.,-0.707106781186548));
#5302=DIRECTION('',(0.678598344545841,0.281084637714847,-0.678598344545841));
#5303=DIRECTION('',(0.678598344545848,-0.281084637714817,-0.678598344545848));
#5304=DIRECTION('',(0.707106781186547,0.,-0.707106781186547));
#5305=DIRECTION('',(-0.577350269189633,0.577350269189611,0.577350269189633));
#5306=DIRECTION('center_axis',(0.500000000000003,-0.499999999999998,0.707106781186547));
#5307=DIRECTION('ref_axis',(0.816496580927724,1.11022302462516E-16,-0.577350269189628));
#5308=DIRECTION('',(-0.5,0.5,0.707106781186547));
#5309=DIRECTION('',(0.280979517749855,-0.678667385933812,-0.678572833139394));
#5310=DIRECTION('',(0.500000000000001,-0.499999999999998,-0.707106781186548));
#5311=DIRECTION('',(0.707106781186544,0.707106781186551,0.));
#5312=DIRECTION('center_axis',(-0.000237852827655816,-0.707106741182708,
0.70710678118655));
#5313=DIRECTION('ref_axis',(0.999999943426037,-2.98155597433514E-19,0.000336374675689594));
#5314=DIRECTION('',(0.,-0.707106801188469,-0.707106761184626));
#5315=DIRECTION('',(0.999999943426031,-0.000336374694719646,0.));
#5316=DIRECTION('',(0.000237852827650123,0.707106741182712,0.707106781186545));
#5317=DIRECTION('center_axis',(0.,0.,-1.));
#5318=DIRECTION('ref_axis',(0.382528042102557,-0.923943881956683,0.));
#5319=DIRECTION('center_axis',(0.,0.,1.));
#5320=DIRECTION('ref_axis',(0.382528042102557,-0.923943881956683,0.));
#5321=DIRECTION('center_axis',(0.,0.,-1.));
#5322=DIRECTION('ref_axis',(0.923879532511289,-0.382683432365084,0.));
#5323=DIRECTION('center_axis',(0.,0.,1.));
#5324=DIRECTION('ref_axis',(0.923879532511289,-0.382683432365084,0.));
#5325=DIRECTION('center_axis',(0.499999999999985,0.500000000000004,0.707106781186556));
#5326=DIRECTION('ref_axis',(0.816496580927738,-3.88578058618805E-16,-0.577350269189609));
#5327=DIRECTION('',(-0.707106781186561,0.707106781186534,0.));
#5328=DIRECTION('',(-0.499999999999994,-0.500000000000019,0.707106781186538));
#5329=DIRECTION('center_axis',(-0.707106781186534,-0.707106781186561,0.));
#5330=DIRECTION('ref_axis',(-0.707106781186561,0.707106781186534,0.));
#5331=DIRECTION('',(0.,0.,-1.));
#5332=DIRECTION('center_axis',(1.,0.,0.));
#5333=DIRECTION('ref_axis',(0.,-1.,0.));
#5334=DIRECTION('',(0.,0.,1.));
#5335=DIRECTION('',(0.,2.48874994686807E-15,-1.));
#5336=DIRECTION('',(0.,1.,0.));
#5337=DIRECTION('center_axis',(0.,0.,1.));
#5338=DIRECTION('ref_axis',(0.92387953251129,-0.382683432365083,0.));
#5339=DIRECTION('',(0.,0.,-1.));
#5340=DIRECTION('center_axis',(0.707106781186551,-0.707106781186544,0.));
#5341=DIRECTION('ref_axis',(-0.707106781186544,-0.707106781186551,0.));
#5342=DIRECTION('',(0.,0.,1.));
#5343=DIRECTION('center_axis',(-0.000237852827655816,-0.707106741182708,
0.70710678118655));
#5344=DIRECTION('ref_axis',(0.999999943426037,-2.98155597433514E-19,0.000336374675689594));
#5345=DIRECTION('',(0.00011892641971032,0.707106776186069,0.707106776186066));
#5346=DIRECTION('',(-0.281312885123725,-0.678503756395647,-0.678598344545846));
#5347=DIRECTION('',(-0.000237852827656403,-0.707106741182712,-0.707106781186545));
#5348=DIRECTION('',(0.999999943426031,-0.000336374694719646,0.));
#5349=DIRECTION('center_axis',(0.,-0.707106781186546,0.707106781186549));
#5350=DIRECTION('ref_axis',(1.,0.,0.));
#5351=DIRECTION('',(1.,0.,0.));
#5352=DIRECTION('',(0.,-0.707106781186549,-0.707106781186546));
#5353=DIRECTION('center_axis',(-0.500168159060373,-0.499831784365657,0.707106781186548));
#5354=DIRECTION('ref_axis',(0.816405046731462,0.,0.577479696328277));
#5355=DIRECTION('',(0.500168159060374,0.499831784365657,0.707106781186547));
#5356=DIRECTION('',(-0.678623843141591,-0.280961490314019,-0.678623843141591));
#5357=DIRECTION('',(-0.500168159060374,-0.499831784365657,-0.707106781186547));
#5358=DIRECTION('',(0.706868888355057,-0.707344594010364,0.));
#5359=DIRECTION('center_axis',(-0.707106781186548,0.,0.707106781186548));
#5360=DIRECTION('ref_axis',(0.707106781186548,0.,0.707106781186548));
#5361=DIRECTION('',(0.707106781186547,0.,0.707106781186547));
#5362=DIRECTION('',(-0.707106781186547,0.,-0.707106781186547));
#5363=DIRECTION('',(0.,-1.,0.));
#5364=DIRECTION('center_axis',(-0.499999999999996,-0.500000000000001,0.70710678118655));
#5365=DIRECTION('ref_axis',(0.816496580927729,-1.11022302462516E-16,0.577350269189621));
#5366=DIRECTION('',(0.499999999999999,0.500000000000005,0.707106781186545));
#5367=DIRECTION('',(-0.678598344545845,-0.281084637714828,-0.678598344545845));
#5368=DIRECTION('',(-0.499999999999999,-0.500000000000005,-0.707106781186545));
#5369=DIRECTION('',(0.707106781186551,-0.707106781186544,0.));
#5370=DIRECTION('center_axis',(0.,0.,1.));
#5371=DIRECTION('ref_axis',(0.923879532511286,0.382683432365092,0.));
#5372=DIRECTION('center_axis',(0.,0.,-1.));
#5373=DIRECTION('ref_axis',(0.923879532511286,0.382683432365092,0.));
#5374=DIRECTION('',(0.707106781186551,0.,0.707106781186544));
#5375=DIRECTION('center_axis',(-0.707106781186548,0.,0.707106781186548));
#5376=DIRECTION('ref_axis',(0.707106781186548,0.,0.707106781186548));
#5377=DIRECTION('',(0.707106781186547,0.,0.707106781186547));
#5378=DIRECTION('',(0.,-1.,0.));
#5379=DIRECTION('center_axis',(0.,0.,1.));
#5380=DIRECTION('ref_axis',(0.923879532511287,-0.38268343236509,0.));
#5381=DIRECTION('center_axis',(0.,0.,-1.));
#5382=DIRECTION('ref_axis',(0.923879532511287,-0.38268343236509,0.));
#5383=DIRECTION('',(0.500000000000001,-0.499999999999999,0.707106781186548));
#5384=DIRECTION('center_axis',(-0.500000000000003,0.499999999999999,0.707106781186546));
#5385=DIRECTION('ref_axis',(0.816496580927724,4.16333634234434E-16,0.577350269189629));
#5386=DIRECTION('',(0.500000000000002,-0.499999999999996,0.707106781186549));
#5387=DIRECTION('',(-0.707106781186545,-0.70710678118655,0.));
#5388=DIRECTION('center_axis',(-0.707106781186548,0.,0.707106781186548));
#5389=DIRECTION('ref_axis',(0.707106781186548,0.,0.707106781186548));
#5390=DIRECTION('',(0.707106781186547,0.,0.707106781186547));
#5391=DIRECTION('',(-0.678598344545847,0.281084637714822,-0.678598344545847));
#5392=DIRECTION('',(-0.707106781186547,0.,-0.707106781186547));
#5393=DIRECTION('',(0.,-1.,0.));
#5394=DIRECTION('center_axis',(-0.499999999999999,0.5,0.707106781186548));
#5395=DIRECTION('ref_axis',(0.816496580927727,2.77555756156289E-17,0.577350269189625));
#5396=DIRECTION('',(0.500000000000001,-0.499999999999999,0.707106781186548));
#5397=DIRECTION('',(-0.281084637714814,0.678598344545852,-0.678598344545845));
#5398=DIRECTION('',(-0.500000000000001,0.499999999999999,-0.707106781186547));
#5399=DIRECTION('',(-0.707106781186549,-0.707106781186546,0.));
#5400=DIRECTION('center_axis',(1.42735678062161E-16,0.707106781186544,0.707106781186551));
#5401=DIRECTION('ref_axis',(1.,-4.80712114119054E-31,-2.01858731750026E-16));
#5402=DIRECTION('',(0.,-0.707106781186551,0.707106781186544));
#5403=DIRECTION('',(0.281084637714815,0.678598344545851,-0.678598344545845));
#5404=DIRECTION('',(0.,0.707106781186551,-0.707106781186544));
#5405=DIRECTION('',(-1.,2.01858731750028E-16,0.));
#5406=DIRECTION('center_axis',(0.500000000000001,0.499999999999998,0.707106781186548));
#5407=DIRECTION('ref_axis',(0.816496580927726,3.88578058618805E-16,-0.577350269189627));
#5408=DIRECTION('',(-0.500000000000001,-0.499999999999999,0.707106781186547));
#5409=DIRECTION('',(0.678598344545847,0.281084637714821,-0.678598344545847));
#5410=DIRECTION('',(0.500000000000001,0.499999999999999,-0.707106781186547));
#5411=DIRECTION('',(-0.707106781186545,0.70710678118655,0.));
#5412=DIRECTION('center_axis',(0.707106781186548,0.,0.707106781186548));
#5413=DIRECTION('ref_axis',(0.707106781186548,0.,-0.707106781186548));
#5414=DIRECTION('',(0.577350269189618,0.577350269189641,-0.577350269189618));
#5415=DIRECTION('',(-0.707106781186547,0.,0.707106781186547));
#5416=DIRECTION('',(0.678598344545853,-0.281084637714792,-0.678598344545853));
#5417=DIRECTION('center_axis',(0.,2.48874994686807E-15,-1.));
#5418=DIRECTION('ref_axis',(0.923879532511288,0.382683432365088,9.52403371965903E-16));
#5419=DIRECTION('center_axis',(0.,-2.48874994686807E-15,1.));
#5420=DIRECTION('ref_axis',(0.923879532511288,0.382683432365088,9.52403371965903E-16));
#5421=DIRECTION('center_axis',(2.48874994686806E-15,-5.02375907917737E-31,
-1.));
#5422=DIRECTION('ref_axis',(0.382683432365082,0.92387953251129,9.52403371965885E-16));
#5423=DIRECTION('center_axis',(-2.48874994686806E-15,5.02375907917737E-31,
1.));
#5424=DIRECTION('ref_axis',(0.382683432365082,0.92387953251129,9.52403371965885E-16));
#5425=DIRECTION('center_axis',(0.,0.,-1.));
#5426=DIRECTION('ref_axis',(-0.38268343236509,0.923879532511287,0.));
#5427=DIRECTION('center_axis',(0.,0.,1.));
#5428=DIRECTION('ref_axis',(-0.38268343236509,0.923879532511287,0.));
#5429=DIRECTION('center_axis',(0.,0.,-1.));
#5430=DIRECTION('ref_axis',(-0.923879532511285,0.382683432365093,0.));
#5431=DIRECTION('center_axis',(0.,0.,1.));
#5432=DIRECTION('ref_axis',(-0.923879532511285,0.382683432365093,0.));
#5433=DIRECTION('center_axis',(0.,0.,-1.));
#5434=DIRECTION('ref_axis',(-0.923879532511285,-0.382683432365095,0.));
#5435=DIRECTION('center_axis',(0.,0.,1.));
#5436=DIRECTION('ref_axis',(-0.923879532511285,-0.382683432365095,0.));
#5437=DIRECTION('center_axis',(0.,0.,-1.));
#5438=DIRECTION('ref_axis',(-0.923879532511289,0.382683432365084,0.));
#5439=DIRECTION('center_axis',(0.,0.,1.));
#5440=DIRECTION('ref_axis',(-0.923879532511289,0.382683432365084,0.));
#5441=DIRECTION('center_axis',(0.,0.,-1.));
#5442=DIRECTION('ref_axis',(-0.923943881956681,-0.382528042102561,0.));
#5443=DIRECTION('center_axis',(0.,0.,1.));
#5444=DIRECTION('ref_axis',(-0.923943881956681,-0.382528042102561,0.));
#5445=DIRECTION('center_axis',(0.,0.,-1.));
#5446=DIRECTION('ref_axis',(-0.382994180410874,-0.923750755221019,0.));
#5447=DIRECTION('center_axis',(0.,0.,1.));
#5448=DIRECTION('ref_axis',(-0.382994180410874,-0.923750755221019,0.));
#5449=DIRECTION('center_axis',(-0.707344594010364,-0.706868888355057,0.));
#5450=DIRECTION('ref_axis',(-0.706868888355057,0.707344594010364,0.));
#5451=DIRECTION('',(0.,0.,1.));
#5452=DIRECTION('',(-0.706868888355057,0.707344594010364,0.));
#5453=DIRECTION('',(0.,0.,-1.));
#5454=DIRECTION('center_axis',(0.,0.,1.));
#5455=DIRECTION('ref_axis',(-0.923943881956681,-0.382528042102562,0.));
#5456=DIRECTION('',(0.,0.,-1.));
#5457=DIRECTION('center_axis',(0.,0.,1.));
#5458=DIRECTION('ref_axis',(-0.923943881956681,-0.382528042102562,0.));
#5459=DIRECTION('center_axis',(-1.,0.,0.));
#5460=DIRECTION('ref_axis',(0.,1.,0.));
#5461=DIRECTION('',(0.,0.,1.));
#5462=DIRECTION('',(0.,1.,0.));
#5463=DIRECTION('center_axis',(0.,0.,1.));
#5464=DIRECTION('ref_axis',(-0.923879532511288,0.382683432365086,0.));
#5465=DIRECTION('',(0.,0.,-1.));
#5466=DIRECTION('center_axis',(0.,0.,1.));
#5467=DIRECTION('ref_axis',(-0.923879532511288,0.382683432365086,0.));
#5468=DIRECTION('center_axis',(-0.70710678118655,0.707106781186545,0.));
#5469=DIRECTION('ref_axis',(0.707106781186545,0.70710678118655,0.));
#5470=DIRECTION('',(0.,0.,1.));
#5471=DIRECTION('',(0.707106781186545,0.70710678118655,0.));
#5472=DIRECTION('center_axis',(0.,0.,1.));
#5473=DIRECTION('ref_axis',(0.923879532511287,-0.38268343236509,0.));
#5474=DIRECTION('',(0.,0.,-1.));
#5475=DIRECTION('center_axis',(0.,0.,-1.));
#5476=DIRECTION('ref_axis',(0.923879532511287,-0.38268343236509,0.));
#5477=DIRECTION('center_axis',(-1.,0.,0.));
#5478=DIRECTION('ref_axis',(0.,1.,0.));
#5479=DIRECTION('',(0.,0.,1.));
#5480=DIRECTION('',(0.,1.,0.));
#5481=DIRECTION('center_axis',(0.,0.,1.));
#5482=DIRECTION('ref_axis',(0.923879532511286,0.382683432365092,0.));
#5483=DIRECTION('',(0.,0.,-1.));
#5484=DIRECTION('center_axis',(0.,0.,-1.));
#5485=DIRECTION('ref_axis',(0.923879532511286,0.382683432365092,0.));
#5486=DIRECTION('center_axis',(-0.707106781186544,-0.707106781186551,0.));
#5487=DIRECTION('ref_axis',(-0.707106781186551,0.707106781186544,0.));
#5488=DIRECTION('',(0.,0.,1.));
#5489=DIRECTION('',(-0.707106781186551,0.707106781186544,0.));
#5490=DIRECTION('center_axis',(0.,0.,-1.));
#5491=DIRECTION('ref_axis',(-0.923879532511285,-0.382683432365094,0.));
#5492=DIRECTION('',(0.,0.,-1.));
#5493=DIRECTION('center_axis',(0.,0.,1.));
#5494=DIRECTION('ref_axis',(-0.923879532511285,-0.382683432365094,0.));
#5495=DIRECTION('center_axis',(-1.,0.,0.));
#5496=DIRECTION('ref_axis',(0.,1.,0.));
#5497=DIRECTION('',(0.,0.,1.));
#5498=DIRECTION('',(0.,1.,0.));
#5499=DIRECTION('center_axis',(0.,0.,1.));
#5500=DIRECTION('ref_axis',(-0.923879532511286,0.382683432365092,0.));
#5501=DIRECTION('',(0.,0.,-1.));
#5502=DIRECTION('center_axis',(0.,0.,1.));
#5503=DIRECTION('ref_axis',(-0.923879532511286,0.382683432365092,0.));
#5504=DIRECTION('center_axis',(-0.707106781186546,0.707106781186549,0.));
#5505=DIRECTION('ref_axis',(0.707106781186549,0.707106781186546,0.));
#5506=DIRECTION('',(0.,0.,1.));
#5507=DIRECTION('',(0.707106781186549,0.707106781186546,0.));
#5508=DIRECTION('center_axis',(0.,0.,1.));
#5509=DIRECTION('ref_axis',(-0.382683432365089,0.923879532511287,0.));
#5510=DIRECTION('',(0.,0.,-1.));
#5511=DIRECTION('center_axis',(0.,0.,1.));
#5512=DIRECTION('ref_axis',(-0.382683432365089,0.923879532511287,0.));
#5513=DIRECTION('center_axis',(2.01858731750028E-16,1.,0.));
#5514=DIRECTION('ref_axis',(1.,-2.01858731750028E-16,0.));
#5515=DIRECTION('',(-2.48874994686806E-15,5.02375907917737E-31,1.));
#5516=DIRECTION('center_axis',(2.01858731750028E-16,1.,0.));
#5517=DIRECTION('ref_axis',(0.707106781186554,-1.42735678062162E-16,0.707106781186541));
#5518=DIRECTION('',(1.,-2.01858731750028E-16,0.));
#5519=DIRECTION('center_axis',(2.01858731750028E-16,1.,0.));
#5520=DIRECTION('ref_axis',(-0.707106781186554,1.42735678062162E-16,0.707106781186541));
#5521=DIRECTION('',(1.,-2.01858731750028E-16,0.));
#5522=DIRECTION('',(-2.96034496667696E-14,5.9757148051599E-30,-1.));
#5523=DIRECTION('center_axis',(2.01858731750028E-16,1.,0.));
#5524=DIRECTION('ref_axis',(-1.77635685978042E-14,3.58573142850738E-30,
1.));
#5525=DIRECTION('',(1.,-2.01858731750028E-16,5.35047248391583E-16));
#5526=DIRECTION('center_axis',(2.01858731750028E-16,1.,0.));
#5527=DIRECTION('ref_axis',(-0.999999999999996,2.01858731750027E-16,9.30305927925266E-8));
#5528=DIRECTION('',(0.,0.,1.));
#5529=DIRECTION('',(1.,-2.01858731750028E-16,0.));
#5530=DIRECTION('center_axis',(2.48874994686806E-15,-5.02375907917737E-31,
-1.));
#5531=DIRECTION('ref_axis',(0.38268343236509,0.923879532511287,9.52403371965904E-16));
#5532=DIRECTION('',(2.48874994686806E-15,-5.02375907917737E-31,-1.));
#5533=DIRECTION('center_axis',(-0.70710678118655,-0.707106781186545,-1.75981196410807E-15));
#5534=DIRECTION('ref_axis',(-0.707106781186545,0.70710678118655,-1.32472253512179E-15));
#5535=DIRECTION('',(1.39452223873684E-31,-2.48874994686807E-15,1.));
#5536=DIRECTION('center_axis',(0.,-2.48874994686807E-15,1.));
#5537=DIRECTION('ref_axis',(0.923879532511288,0.382683432365086,9.52403371965898E-16));
#5538=DIRECTION('center_axis',(-0.707106781186562,0.707106781186533,0.));
#5539=DIRECTION('ref_axis',(0.707106781186533,0.707106781186562,0.));
#5540=DIRECTION('',(0.707106781186533,0.707106781186562,0.));
#5541=DIRECTION('',(0.,0.,1.));
#5542=DIRECTION('center_axis',(0.,0.,1.));
#5543=DIRECTION('ref_axis',(-0.923879532511283,-0.3826834323651,0.));
#5544=DIRECTION('center_axis',(0.,0.,-1.));
#5545=DIRECTION('ref_axis',(-0.923879532511283,-0.3826834323651,0.));
#5546=DIRECTION('',(-0.707106781186566,0.,0.707106781186529));
#5547=DIRECTION('center_axis',(0.707106781186541,0.,0.707106781186554));
#5548=DIRECTION('ref_axis',(0.707106781186554,0.,-0.707106781186541));
#5549=DIRECTION('',(-0.707106781186554,0.,0.707106781186541));
#5550=DIRECTION('',(0.,1.,0.));
#5551=DIRECTION('center_axis',(0.,0.,1.));
#5552=DIRECTION('ref_axis',(-0.92387953251129,0.382683432365083,0.));
#5553=DIRECTION('center_axis',(0.,0.,-1.));
#5554=DIRECTION('ref_axis',(-0.92387953251129,0.382683432365083,0.));
#5555=DIRECTION('',(-0.500000000000021,0.499999999999989,0.70710678118654));
#5556=DIRECTION('center_axis',(0.500000000000016,-0.499999999999996,0.707106781186539));
#5557=DIRECTION('ref_axis',(0.816496580927714,-1.11022302462516E-16,-0.577350269189643));
#5558=DIRECTION('center_axis',(0.,0.,1.));
#5559=DIRECTION('ref_axis',(-0.92387953251129,0.382683432365083,0.));
#5560=DIRECTION('',(0.,0.,-1.));
#5561=DIRECTION('center_axis',(-1.,0.,0.));
#5562=DIRECTION('ref_axis',(0.,1.,0.));
#5563=DIRECTION('',(0.,0.,1.));
#5564=DIRECTION('center_axis',(0.,0.,-1.));
#5565=DIRECTION('ref_axis',(-0.923879532511283,-0.3826834323651,0.));
#5566=DIRECTION('center_axis',(0.,0.,-1.));
#5567=DIRECTION('ref_axis',(-1.,0.,0.));
#5568=DIRECTION('',(-0.707106781186546,0.707106781186549,0.));
#5569=DIRECTION('',(0.,-1.,0.));
#5570=DIRECTION('',(-1.,0.,0.));
#5571=DIRECTION('',(0.,-1.,0.));
#5572=DIRECTION('',(-0.000336374694718996,-0.999999943426031,0.));
#5573=DIRECTION('',(0.707225697601081,0.706987844770096,0.));
#5574=DIRECTION('',(-1.,0.,0.));
#5575=DIRECTION('',(-0.999999943426031,0.000336374694719646,0.));
#5576=DIRECTION('center_axis',(0.,0.,1.));
#5577=DIRECTION('ref_axis',(-0.38299418041087,-0.923750755221021,0.));
#5578=DIRECTION('center_axis',(0.,0.,1.));
#5579=DIRECTION('ref_axis',(-1.,0.,0.));
#5580=DIRECTION('center_axis',(0.,0.,1.));
#5581=DIRECTION('ref_axis',(-1.,0.,0.));
#5582=DIRECTION('center_axis',(0.,0.,1.));
#5583=DIRECTION('ref_axis',(-0.38299418041087,-0.923750755221021,0.));
#5584=DIRECTION('',(0.,0.,1.));
#5585=DIRECTION('center_axis',(-0.000336374694719646,-0.999999943426031,
0.));
#5586=DIRECTION('ref_axis',(-0.999999943426031,0.000336374694719646,0.));
#5587=DIRECTION('',(0.,0.,1.));
#5588=DIRECTION('center_axis',(0.,0.,1.));
#5589=DIRECTION('ref_axis',(0.382528042102562,-0.923943881956681,0.));
#5590=DIRECTION('',(0.,0.,-1.));
#5591=DIRECTION('center_axis',(-1.,0.,0.));
#5592=DIRECTION('ref_axis',(0.,-1.,0.));
#5593=DIRECTION('',(0.,0.,1.));
#5594=DIRECTION('center_axis',(-6.16790569236198E-16,-1.,0.));
#5595=DIRECTION('ref_axis',(1.,-6.16790569236198E-16,0.));
#5596=DIRECTION('center_axis',(0.,0.,-1.));
#5597=DIRECTION('ref_axis',(-1.,0.,0.));
#5598=DIRECTION('',(0.,0.,-1.));
#5599=DIRECTION('center_axis',(0.,0.,-1.));
#5600=DIRECTION('ref_axis',(-1.,0.,0.));
#5601=DIRECTION('',(0.,0.,-1.));
#5602=DIRECTION('center_axis',(-1.,0.,0.));
#5603=DIRECTION('ref_axis',(0.,-1.,0.));
#5604=DIRECTION('center_axis',(-1.,0.,0.));
#5605=DIRECTION('ref_axis',(0.,-1.,0.));
#5606=DIRECTION('center_axis',(-1.,0.,0.));
#5607=DIRECTION('ref_axis',(0.,-1.,0.));
#5608=DIRECTION('center_axis',(-1.,0.,0.));
#5609=DIRECTION('ref_axis',(0.,-1.,0.));
#5610=DIRECTION('center_axis',(-0.000237852827655816,-0.707106741182708,
-0.70710678118655));
#5611=DIRECTION('ref_axis',(-0.999999943426037,2.98155597433514E-19,0.000336374675689594));
#5612=DIRECTION('',(0.,0.707106801188469,-0.707106761184626));
#5613=DIRECTION('',(0.999999943426031,-0.000336374694719646,0.));
#5614=DIRECTION('',(-0.000237852827650123,-0.707106741182712,0.707106781186545));
#5615=DIRECTION('',(-0.999999943426031,0.000336374694719646,0.));
#5616=DIRECTION('center_axis',(-0.000336374694711602,-0.999999943426031,
0.));
#5617=DIRECTION('ref_axis',(0.707106741182712,-0.000237852827650129,0.707106781186545));
#5618=DIRECTION('center_axis',(-0.000336374694719646,-0.999999943426031,
0.));
#5619=DIRECTION('ref_axis',(0.707106741182712,-0.000237852827655817,0.707106781186545));
#5620=DIRECTION('center_axis',(0.000336374694719646,0.999999943426031,0.));
#5621=DIRECTION('ref_axis',(0.707106741182712,-0.000237852827655817,0.707106781186545));
#5622=DIRECTION('center_axis',(0.000336374694718996,0.999999943426031,0.));
#5623=DIRECTION('ref_axis',(0.707106741182712,-0.000237852827655358,0.707106781186545));
#5624=DIRECTION('',(0.000336374694718996,0.999999943426031,0.));
#5625=DIRECTION('center_axis',(0.,0.,1.));
#5626=DIRECTION('ref_axis',(0.999999943426031,-0.000336374694719642,0.));
#5627=DIRECTION('',(0.,-1.,0.));
#5628=DIRECTION('',(1.,0.,0.));
#5629=DIRECTION('',(-0.000336374694718996,-0.999999943426031,0.));
#5630=DIRECTION('center_axis',(0.,-0.707106781186548,-0.707106781186548));
#5631=DIRECTION('ref_axis',(-1.,0.,0.));
#5632=DIRECTION('',(0.,0.707106781186547,-0.707106781186547));
#5633=DIRECTION('',(-1.,0.,0.));
#5634=DIRECTION('center_axis',(0.,-1.,0.));
#5635=DIRECTION('ref_axis',(-1.,0.,0.));
#5636=DIRECTION('',(0.,0.,1.));
#5637=DIRECTION('center_axis',(0.000336374694718996,0.999999943426031,0.));
#5638=DIRECTION('ref_axis',(-0.707106741182712,0.000237852827655358,0.707106781186545));
#5639=DIRECTION('center_axis',(0.,1.,0.));
#5640=DIRECTION('ref_axis',(-0.707106781186554,0.,0.707106781186541));
#5641=DIRECTION('',(-0.707106781186549,0.707106781186546,0.));
#5642=DIRECTION('',(0.,-0.707106781186542,-0.707106781186553));
#5643=DIRECTION('center_axis',(-2.01858731750028E-16,-1.,0.));
#5644=DIRECTION('ref_axis',(-0.707106781186554,1.42735678062162E-16,0.707106781186541));
#5645=DIRECTION('center_axis',(1.42735678062161E-16,0.707106781186546,-0.707106781186549));
#5646=DIRECTION('ref_axis',(-1.,-2.34193081237488E-31,-2.01858731750028E-16));
#5647=DIRECTION('',(0.,-0.707106781186549,-0.707106781186546));
#5648=DIRECTION('',(-1.,2.01858731750028E-16,0.));
#5649=DIRECTION('center_axis',(0.,1.,0.));
#5650=DIRECTION('ref_axis',(0.707106781186554,0.,0.707106781186541));
#5651=DIRECTION('center_axis',(-2.01858731750028E-16,-1.,0.));
#5652=DIRECTION('ref_axis',(0.707106781186554,-1.42735678062162E-16,0.707106781186541));
#5653=DIRECTION('center_axis',(0.,0.,-1.));
#5654=DIRECTION('ref_axis',(-1.,0.,0.));
#5655=DIRECTION('',(0.,-1.,0.));
#5656=DIRECTION('',(-1.,0.,0.));
#5657=DIRECTION('',(0.,1.,0.));
#5658=DIRECTION('',(-0.707106781186546,-0.707106781186549,0.));
#5659=DIRECTION('center_axis',(0.,-1.,0.));
#5660=DIRECTION('ref_axis',(-0.707106781186554,0.,0.707106781186541));
#5661=DIRECTION('',(0.,-1.,0.));
#5662=DIRECTION('center_axis',(0.,-1.,0.));
#5663=DIRECTION('ref_axis',(-0.707106781186554,0.,0.707106781186541));
#5664=DIRECTION('center_axis',(0.,0.,1.));
#5665=DIRECTION('ref_axis',(-1.,0.,0.));
#5666=DIRECTION('',(0.,1.,0.));
#5667=DIRECTION('',(1.,0.,0.));
#5668=DIRECTION('center_axis',(0.,-1.,0.));
#5669=DIRECTION('ref_axis',(0.707106781186554,0.,0.707106781186541));
#5670=DIRECTION('center_axis',(0.,-1.,0.));
#5671=DIRECTION('ref_axis',(0.707106781186554,0.,0.707106781186541));
#5672=DIRECTION('center_axis',(0.,1.,0.));
#5673=DIRECTION('ref_axis',(-1.,0.,0.));
#5674=DIRECTION('',(0.,0.,1.));
#5675=DIRECTION('',(0.,0.,1.));
#5676=DIRECTION('center_axis',(0.,1.,0.));
#5677=DIRECTION('ref_axis',(-0.999999999999996,0.,9.30305927925266E-8));
#5678=DIRECTION('',(1.,0.,5.35047248391583E-16));
#5679=DIRECTION('center_axis',(0.,1.,0.));
#5680=DIRECTION('ref_axis',(-1.77635685978042E-14,0.,1.));
#5681=DIRECTION('',(-2.96034496667696E-14,0.,-1.));
#5682=DIRECTION('center_axis',(0.,0.,-1.));
#5683=DIRECTION('ref_axis',(-1.,0.,0.));
#5684=DIRECTION('',(0.,0.,-1.));
#5685=DIRECTION('center_axis',(0.,0.,-1.));
#5686=DIRECTION('ref_axis',(-1.,0.,0.));
#5687=DIRECTION('',(0.,0.,-1.));
#5688=DIRECTION('center_axis',(-0.707106781186549,0.707106781186546,2.09328000058874E-14));
#5689=DIRECTION('ref_axis',(2.96034496667696E-14,5.04870979341448E-29,1.));
#5690=DIRECTION('',(2.96034496667696E-14,-5.9757148051599E-30,1.));
#5691=DIRECTION('',(0.707106781186553,0.707106781186542,-1.88411095042052E-14));
#5692=DIRECTION('center_axis',(0.,1.,0.));
#5693=DIRECTION('ref_axis',(-1.77635685978042E-14,0.,1.));
#5694=DIRECTION('',(-1.25607396694703E-14,0.707106781186544,0.707106781186551));
#5695=DIRECTION('center_axis',(-2.01858731750028E-16,-1.,0.));
#5696=DIRECTION('ref_axis',(-1.77635685978042E-14,3.58573142850738E-30,
1.));
#5697=DIRECTION('center_axis',(5.21071215655053E-16,0.707106781186546,-0.707106781186549));
#5698=DIRECTION('ref_axis',(-1.,9.86076131526265E-32,-7.3690598014161E-16));
#5699=DIRECTION('',(0.,0.707106781186546,0.707106781186549));
#5700=DIRECTION('',(-1.,2.01858731750028E-16,-5.35047248391583E-16));
#5701=DIRECTION('center_axis',(0.,1.,0.));
#5702=DIRECTION('ref_axis',(-0.999999999999996,0.,9.30305927925266E-8));
#5703=DIRECTION('',(-0.707106781186547,0.707106781186545,6.57825656851437E-8));
#5704=DIRECTION('center_axis',(-2.01858731750028E-16,-1.,0.));
#5705=DIRECTION('ref_axis',(-0.999999999999996,2.01858731750027E-16,9.30305927925266E-8));
#5706=DIRECTION('center_axis',(0.707106781186549,0.707106781186546,0.));
#5707=DIRECTION('ref_axis',(0.,0.,-1.));
#5708=DIRECTION('',(0.,0.,-1.));
#5709=DIRECTION('center_axis',(0.,-1.,0.));
#5710=DIRECTION('ref_axis',(-0.999999999999996,0.,9.30305927925266E-8));
#5711=DIRECTION('',(0.,-1.,0.));
#5712=DIRECTION('',(0.,-1.,0.));
#5713=DIRECTION('center_axis',(-5.35047248391583E-16,0.,1.));
#5714=DIRECTION('ref_axis',(-1.,-9.42579887249419E-19,-5.35047248391583E-16));
#5715=DIRECTION('',(0.,-1.,0.));
#5716=DIRECTION('center_axis',(0.,-1.,0.));
#5717=DIRECTION('ref_axis',(-1.77635685978042E-14,0.,1.));
#5718=DIRECTION('',(0.,-1.,0.));
#5719=DIRECTION('center_axis',(1.,0.,-2.96034496667696E-14));
#5720=DIRECTION('ref_axis',(2.96034496667696E-14,4.62553901043274E-16,1.));
#5721=DIRECTION('center_axis',(-1.,0.,0.));
#5722=DIRECTION('ref_axis',(0.,2.86909290238551E-17,-1.));
#5723=DIRECTION('center_axis',(-1.,0.,0.));
#5724=DIRECTION('ref_axis',(0.,-1.,0.));
#5725=DIRECTION('center_axis',(-1.,0.,0.));
#5726=DIRECTION('ref_axis',(0.,1.,0.));
#5727=DIRECTION('',(0.,0.,1.));
#5728=DIRECTION('center_axis',(-0.000336374694719646,-0.999999943426031,
0.));
#5729=DIRECTION('ref_axis',(-0.999999943426031,0.000336374694719646,0.));
#5730=CARTESIAN_POINT('',(0.,0.,0.));
#5731=CARTESIAN_POINT('Origin',(84.7911818290629,-16.4365036535985,43.3113650156861));
#5732=CARTESIAN_POINT('',(84.4148554723708,-16.9748800122702,43.3113650156861));
#5733=CARTESIAN_POINT('',(84.4148554723708,-15.8981272949269,43.3113650156861));
#5734=CARTESIAN_POINT('',(84.4148554723708,-16.7056918329344,43.3113650156861));
#5735=CARTESIAN_POINT('',(85.1675081857549,-16.9748800122702,43.3113650156861));
#5736=CARTESIAN_POINT('',(84.9793450074089,-16.9748800122702,43.3113650156861));
#5737=CARTESIAN_POINT('',(85.1675081857549,-15.8981272949269,43.3113650156861));
#5738=CARTESIAN_POINT('',(85.1675081857549,-16.1673154742627,43.3113650156861));
#5739=CARTESIAN_POINT('',(84.6030186507168,-15.8981272949269,43.3113650156861));
#5740=CARTESIAN_POINT('Origin',(85.1675081857549,-16.9748800122702,37.8113650156861));
#5741=CARTESIAN_POINT('',(84.4148554723708,-16.9748800122702,44.8113650156861));
#5742=CARTESIAN_POINT('',(84.4148554723708,-16.9748800122702,42.8113650156861));
#5743=CARTESIAN_POINT('',(85.1675081857549,-16.9748800122702,44.8113650156861));
#5744=CARTESIAN_POINT('',(85.1675081857549,-16.9748800122702,44.8113650156861));
#5745=CARTESIAN_POINT('',(85.1675081857549,-16.9748800122702,37.8113650156861));
#5746=CARTESIAN_POINT('Origin',(84.4148554723708,-16.9748800122702,37.8113650156861));
#5747=CARTESIAN_POINT('',(84.4148554723708,-15.8981272949269,44.8113650156861));
#5748=CARTESIAN_POINT('',(84.4148554723708,-15.8981272949269,42.8113650156861));
#5749=CARTESIAN_POINT('',(84.4148554723708,-16.9748800122702,44.8113650156861));
#5750=CARTESIAN_POINT('Origin',(72.5125704937889,-14.3893308569552,43.3113650156861));
#5751=CARTESIAN_POINT('',(71.7006173379969,-14.9518011995149,43.3113650156861));
#5752=CARTESIAN_POINT('',(71.7006173379969,-13.8268605143954,43.3113650156861));
#5753=CARTESIAN_POINT('',(71.7006173379969,-14.670566028235,43.3113650156861));
#5754=CARTESIAN_POINT('',(73.3245236495808,-14.9518011995149,43.3113650156861));
#5755=CARTESIAN_POINT('',(72.9185470716848,-14.9518011995149,43.3113650156861));
#5756=CARTESIAN_POINT('',(73.3245236495808,-13.8268605143954,43.3113650156861));
#5757=CARTESIAN_POINT('',(73.3245236495808,-14.1080956856753,43.3113650156861));
#5758=CARTESIAN_POINT('',(72.1065939158929,-13.8268605143954,43.3113650156861));
#5759=CARTESIAN_POINT('Origin',(73.3245236495808,-14.9518011995149,37.8113650156861));
#5760=CARTESIAN_POINT('',(71.7006173379969,-14.9518011995149,44.8113650156861));
#5761=CARTESIAN_POINT('',(71.7006173379969,-14.9518011995149,42.8113650156861));
#5762=CARTESIAN_POINT('',(73.3245236495808,-14.9518011995149,44.8113650156861));
#5763=CARTESIAN_POINT('',(73.3245236495808,-14.9518011995149,44.8113650156861));
#5764=CARTESIAN_POINT('',(73.3245236495808,-14.9518011995149,37.8113650156861));
#5765=CARTESIAN_POINT('Origin',(71.7006173379969,-14.9518011995149,37.8113650156861));
#5766=CARTESIAN_POINT('',(71.7006173379969,-13.8268605143954,44.8113650156861));
#5767=CARTESIAN_POINT('',(71.7006173379969,-13.8268605143954,42.8113650156861));
#5768=CARTESIAN_POINT('',(71.7006173379969,-14.9518011995149,44.8113650156861));
#5769=CARTESIAN_POINT('Origin',(80.8679767114913,-16.4577701812072,43.3113650156861));
#5770=CARTESIAN_POINT('',(80.5005565683676,-16.9748800122702,43.3113650156861));
#5771=CARTESIAN_POINT('',(80.5005565683676,-15.9406603501442,43.3113650156861));
#5772=CARTESIAN_POINT('',(80.5005565683676,-16.7163250967387,43.3113650156861));
#5773=CARTESIAN_POINT('',(81.235396854615,-16.9748800122702,43.3113650156861));
#5774=CARTESIAN_POINT('',(81.0516867830532,-16.9748800122702,43.3113650156861));
#5775=CARTESIAN_POINT('',(81.235396854615,-15.9406603501442,43.3113650156861));
#5776=CARTESIAN_POINT('',(81.235396854615,-16.1992152656757,43.3113650156861));
#5777=CARTESIAN_POINT('',(80.6842666399294,-15.9406603501442,43.3113650156861));
#5778=CARTESIAN_POINT('Origin',(81.235396854615,-16.9748800122702,37.8113650156861));
#5779=CARTESIAN_POINT('',(80.5005565683676,-16.9748800122702,44.8113650156861));
#5780=CARTESIAN_POINT('',(80.5005565683676,-16.9748800122702,42.8113650156861));
#5781=CARTESIAN_POINT('',(81.235396854615,-16.9748800122702,44.8113650156861));
#5782=CARTESIAN_POINT('',(81.235396854615,-16.9748800122702,44.8113650156861));
#5783=CARTESIAN_POINT('',(81.235396854615,-16.9748800122702,37.8113650156861));
#5784=CARTESIAN_POINT('Origin',(80.5005565683676,-16.9748800122702,37.8113650156861));
#5785=CARTESIAN_POINT('',(80.5005565683676,-15.9406603501442,44.8113650156861));
#5786=CARTESIAN_POINT('',(80.5005565683676,-15.9406603501442,42.8113650156861));
#5787=CARTESIAN_POINT('',(80.5005565683676,-16.9748800122702,44.8113650156861));
#5788=CARTESIAN_POINT('Origin',(76.9261482624232,-16.4577701812072,43.3113650156861));
#5789=CARTESIAN_POINT('',(76.5632641704491,-16.9748800122702,43.3113650156861));
#5790=CARTESIAN_POINT('',(76.5632641704491,-15.9406603501442,43.3113650156861));
#5791=CARTESIAN_POINT('',(76.5632641704491,-16.7163250967387,43.3113650156861));
#5792=CARTESIAN_POINT('',(77.2890323543972,-16.9748800122702,43.3113650156861));
#5793=CARTESIAN_POINT('',(77.1075903084102,-16.9748800122702,43.3113650156861));
#5794=CARTESIAN_POINT('',(77.2890323543972,-15.9406603501442,43.3113650156861));
#5795=CARTESIAN_POINT('',(77.2890323543972,-16.1992152656757,43.3113650156861));
#5796=CARTESIAN_POINT('',(76.7447062164361,-15.9406603501442,43.3113650156861));
#5797=CARTESIAN_POINT('Origin',(77.2890323543972,-16.9748800122702,37.8113650156861));
#5798=CARTESIAN_POINT('',(76.5632641704491,-16.9748800122702,44.8113650156861));
#5799=CARTESIAN_POINT('',(76.5632641704491,-16.9748800122702,42.8113650156861));
#5800=CARTESIAN_POINT('',(77.2890323543972,-16.9748800122702,44.8113650156861));
#5801=CARTESIAN_POINT('',(77.2890323543972,-16.9748800122702,44.8113650156861));
#5802=CARTESIAN_POINT('',(77.2890323543972,-16.9748800122702,37.8113650156861));
#5803=CARTESIAN_POINT('Origin',(76.5632641704491,-16.9748800122702,37.8113650156861));
#5804=CARTESIAN_POINT('',(76.5632641704491,-15.9406603501442,44.8113650156861));
#5805=CARTESIAN_POINT('',(76.5632641704491,-15.9406603501442,42.8113650156861));
#5806=CARTESIAN_POINT('',(76.5632641704491,-16.9748800122702,44.8113650156861));
#5807=CARTESIAN_POINT('Origin',(76.7202079314553,-15.8365714911296,39.3113650156861));
#5808=CARTESIAN_POINT('',(90.7702079314553,-28.8365714911296,39.3113650156861));
#5809=CARTESIAN_POINT('',(90.7702079314553,-2.83657149112957,39.3113650156861));
#5810=CARTESIAN_POINT('',(90.7702079314553,-22.3365714911296,39.3113650156861));
#5811=CARTESIAN_POINT('',(62.6702079314553,-28.8365714911296,39.3113650156861));
#5812=CARTESIAN_POINT('',(69.7202079314553,-28.8365714911296,39.3113650156861));
#5813=CARTESIAN_POINT('',(62.6702079314553,-2.83657149112957,39.3113650156861));
#5814=CARTESIAN_POINT('',(62.6702079314553,-9.33657149112957,39.3113650156861));
#5815=CARTESIAN_POINT('',(83.7202079314553,-2.83657149112957,39.3113650156861));
#5816=CARTESIAN_POINT('Origin',(80.5005565683676,-15.9406603501442,37.8113650156861));
#5817=CARTESIAN_POINT('',(81.235396854615,-15.9406603501442,44.8113650156861));
#5818=CARTESIAN_POINT('',(81.235396854615,-15.9406603501442,42.8113650156861));
#5819=CARTESIAN_POINT('',(80.5005565683676,-15.9406603501442,44.8113650156861));
#5820=CARTESIAN_POINT('Origin',(71.7006173379969,-13.8268605143954,37.8113650156861));
#5821=CARTESIAN_POINT('',(73.3245236495808,-13.8268605143954,44.8113650156861));
#5822=CARTESIAN_POINT('',(73.3245236495808,-13.8268605143954,42.8113650156861));
#5823=CARTESIAN_POINT('',(71.7006173379969,-13.8268605143954,44.8113650156861));
#5824=CARTESIAN_POINT('Origin',(76.5632641704491,-15.9406603501442,37.8113650156861));
#5825=CARTESIAN_POINT('',(77.2890323543972,-15.9406603501442,44.8113650156861));
#5826=CARTESIAN_POINT('',(77.2890323543972,-15.9406603501442,42.8113650156861));
#5827=CARTESIAN_POINT('',(76.5632641704491,-15.9406603501442,44.8113650156861));
#5828=CARTESIAN_POINT('Origin',(84.4148554723708,-15.8981272949269,37.8113650156861));
#5829=CARTESIAN_POINT('',(85.1675081857549,-15.8981272949269,44.8113650156861));
#5830=CARTESIAN_POINT('',(85.1675081857549,-15.8981272949269,42.8113650156861));
#5831=CARTESIAN_POINT('',(84.4148554723708,-15.8981272949269,44.8113650156861));
#5832=CARTESIAN_POINT('Origin',(56.7202079314552,-10.0071352422421,42.8113650156861));
#5833=CARTESIAN_POINT('',(56.0131011502687,-10.7142420234286,44.8113650156861));
#5834=CARTESIAN_POINT('',(55.7202079314552,-10.0071352422421,44.8113650156861));
#5835=CARTESIAN_POINT('Origin',(56.7202079314552,-10.0071352422421,44.8113650156861));
#5836=CARTESIAN_POINT('',(55.7202079314552,-10.0071352422421,42.8113650156861));
#5837=CARTESIAN_POINT('',(55.7202079314552,-10.0071352422421,42.8113650156861));
#5838=CARTESIAN_POINT('',(55.7963283989439,-10.3898186746071,42.8874854831748));
#5839=CARTESIAN_POINT('Origin',(56.7202079314552,-10.0071352422421,43.8113650156861));
#5840=CARTESIAN_POINT('',(56.0131011502687,-10.7142420234286,42.8113650156861));
#5841=CARTESIAN_POINT('Origin',(56.7202079314552,-10.0071352422421,43.8113650156861));
#5842=CARTESIAN_POINT('',(56.0131011502687,-10.7142420234286,42.8113650156861));
#5843=CARTESIAN_POINT('Origin',(55.7202079314552,-10.4213488046152,42.8113650156861));
#5844=CARTESIAN_POINT('',(56.6344214938283,-11.3355623669883,42.8113650156861));
#5845=CARTESIAN_POINT('',(62.616538675466,-17.3176795486259,42.8113650156861));
#5846=CARTESIAN_POINT('',(56.6344214938283,-11.3355623669883,44.8113650156861));
#5847=CARTESIAN_POINT('',(56.6344214938283,-11.3355623669883,42.8113650156861));
#5848=CARTESIAN_POINT('',(62.616538675466,-17.3176795486259,44.8113650156861));
#5849=CARTESIAN_POINT('Origin',(56.7202079314552,-6.66499861587575,42.8113650156861));
#5850=CARTESIAN_POINT('',(55.7202079314552,-6.66499861587575,44.8113650156861));
#5851=CARTESIAN_POINT('',(56.0131011502687,-5.9578918346892,44.8113650156861));
#5852=CARTESIAN_POINT('Origin',(56.7202079314552,-6.66499861587575,44.8113650156861));
#5853=CARTESIAN_POINT('',(56.0131011502687,-5.9578918346892,42.8113650156861));
#5854=CARTESIAN_POINT('',(56.0131011502687,-5.9578918346892,42.8113650156861));
#5855=CARTESIAN_POINT('',(55.7963283989439,-6.28231518351071,42.8874854831748));
#5856=CARTESIAN_POINT('Origin',(56.7202079314552,-6.66499861587575,43.8113650156861));
#5857=CARTESIAN_POINT('',(55.7202079314552,-6.66499861587575,42.8113650156861));
#5858=CARTESIAN_POINT('Origin',(56.7202079314552,-6.66499861587575,43.8113650156861));
#5859=CARTESIAN_POINT('',(55.7202079314552,-6.66499861587575,42.8113650156861));
#5860=CARTESIAN_POINT('Origin',(55.7202079314552,-6.25078505350265,42.8113650156861));
#5861=CARTESIAN_POINT('',(55.7202079314552,-12.7140102926367,44.8113650156861));
#5862=CARTESIAN_POINT('',(55.7202079314552,-12.7140102926367,42.8113650156861));
#5863=CARTESIAN_POINT('Origin',(60.5486350562014,-2.83657149112957,42.8113650156861));
#5864=CARTESIAN_POINT('',(59.8415282750149,-2.12946470994302,44.8113650156861));
#5865=CARTESIAN_POINT('',(60.5486350562014,-1.83657149112957,44.8113650156861));
#5866=CARTESIAN_POINT('Origin',(60.5486350562014,-2.83657149112957,44.8113650156861));
#5867=CARTESIAN_POINT('',(60.5486350562014,-1.83657149112957,42.8113650156861));
#5868=CARTESIAN_POINT('',(60.5486350562014,-1.83657149112957,42.8113650156861));
#5869=CARTESIAN_POINT('',(60.1659516238364,-1.91269195861826,42.8874854831748));
#5870=CARTESIAN_POINT('Origin',(60.5486350562014,-2.83657149112957,43.8113650156861));
#5871=CARTESIAN_POINT('',(59.8415282750149,-2.12946470994302,42.8113650156861));
#5872=CARTESIAN_POINT('Origin',(60.5486350562014,-2.83657149112957,43.8113650156861));
#5873=CARTESIAN_POINT('',(59.8415282750149,-2.12946470994302,42.8113650156861));
#5874=CARTESIAN_POINT('Origin',(60.1344214938283,-1.83657149112957,42.8113650156861));
#5875=CARTESIAN_POINT('',(58.7383430308529,-3.23264995410496,44.8113650156861));
#5876=CARTESIAN_POINT('',(58.7383430308529,-3.23264995410496,42.8113650156861));
#5877=CARTESIAN_POINT('Origin',(94.891780806709,-2.83657149112958,42.8113650156861));
#5878=CARTESIAN_POINT('',(94.891780806709,-1.83657149112958,44.8113650156861));
#5879=CARTESIAN_POINT('',(95.5988875878956,-2.12946470994303,44.8113650156861));
#5880=CARTESIAN_POINT('Origin',(94.891780806709,-2.83657149112958,44.8113650156861));
#5881=CARTESIAN_POINT('',(95.5988875878956,-2.12946470994303,42.8113650156861));
#5882=CARTESIAN_POINT('',(95.5988875878956,-2.12946470994303,42.8113650156861));
#5883=CARTESIAN_POINT('',(95.2744642390741,-1.9126919586183,42.8874854831748));
#5884=CARTESIAN_POINT('Origin',(94.891780806709,-2.83657149112958,43.8113650156861));
#5885=CARTESIAN_POINT('',(94.891780806709,-1.83657149112958,42.8113650156861));
#5886=CARTESIAN_POINT('Origin',(94.891780806709,-2.83657149112958,43.8113650156861));
#5887=CARTESIAN_POINT('',(94.891780806709,-1.83657149112958,42.8113650156861));
#5888=CARTESIAN_POINT('Origin',(95.3059943690821,-1.83657149112958,42.8113650156861));
#5889=CARTESIAN_POINT('',(68.2202079314552,-1.83657149112957,44.8113650156861));
#5890=CARTESIAN_POINT('',(68.2202079314552,-1.83657149112957,42.8113650156861));
#5891=CARTESIAN_POINT('Origin',(96.7202079314553,-4.66499861587587,42.8113650156861));
#5892=CARTESIAN_POINT('',(97.4273147126419,-3.95789183468933,44.8113650156861));
#5893=CARTESIAN_POINT('',(97.7202079314553,-4.66499861587587,44.8113650156861));
#5894=CARTESIAN_POINT('Origin',(96.7202079314553,-4.66499861587587,44.8113650156861));
#5895=CARTESIAN_POINT('',(97.7202079314553,-4.66499861587587,42.8113650156861));
#5896=CARTESIAN_POINT('',(97.7202079314553,-4.66499861587587,42.8113650156861));
#5897=CARTESIAN_POINT('',(97.6440874639666,-4.2823151835108,42.8874854831748));
#5898=CARTESIAN_POINT('Origin',(96.7202079314553,-4.66499861587587,43.8113650156861));
#5899=CARTESIAN_POINT('',(97.4273147126419,-3.95789183468933,42.8113650156861));
#5900=CARTESIAN_POINT('Origin',(96.7202079314553,-4.66499861587587,43.8113650156861));
#5901=CARTESIAN_POINT('',(97.4273147126419,-3.95789183468933,42.8113650156861));
#5902=CARTESIAN_POINT('Origin',(97.7202079314553,-4.25078505350278,42.8113650156861));
#5903=CARTESIAN_POINT('',(95.3528546880466,-1.88343181009407,44.8113650156861));
#5904=CARTESIAN_POINT('',(95.3528546880466,-1.88343181009407,42.8113650156861));
#5905=CARTESIAN_POINT('Origin',(96.7202079314553,-9.72164226713122,42.8113650156861));
#5906=CARTESIAN_POINT('',(97.7202079314553,-9.72164226713122,44.8113650156861));
#5907=CARTESIAN_POINT('',(97.4273147126419,-10.4287490483178,44.8113650156861));
#5908=CARTESIAN_POINT('Origin',(96.7202079314553,-9.72164226713122,44.8113650156861));
#5909=CARTESIAN_POINT('',(97.4273147126419,-10.4287490483178,42.8113650156861));
#5910=CARTESIAN_POINT('',(97.4273147126419,-10.4287490483178,42.8113650156861));
#5911=CARTESIAN_POINT('',(97.6440874639666,-10.1043256994963,42.8874854831748));
#5912=CARTESIAN_POINT('Origin',(96.7202079314553,-9.72164226713122,43.8113650156861));
#5913=CARTESIAN_POINT('',(97.7202079314553,-9.72164226713122,42.8113650156861));
#5914=CARTESIAN_POINT('Origin',(96.7202079314553,-9.72164226713122,43.8113650156861));
#5915=CARTESIAN_POINT('',(97.7202079314553,-9.72164226713122,42.8113650156861));
#5916=CARTESIAN_POINT('Origin',(97.7202079314553,-10.1358558295043,42.8113650156861));
#5917=CARTESIAN_POINT('',(97.7202079314553,-7.71451485470731,44.8113650156861));
#5918=CARTESIAN_POINT('',(97.7202079314553,-7.71451485470731,42.8113650156861));
#5919=CARTESIAN_POINT('Origin',(96.7202079314553,-21.9642829542505,42.8113650156861));
#5920=CARTESIAN_POINT('',(97.4273147126418,-21.257176173064,44.8113650156861));
#5921=CARTESIAN_POINT('',(97.7202079314553,-21.9642829542505,44.8113650156861));
#5922=CARTESIAN_POINT('Origin',(96.7202079314553,-21.9642829542505,44.8113650156861));
#5923=CARTESIAN_POINT('',(97.7202079314553,-21.9642829542505,42.8113650156861));
#5924=CARTESIAN_POINT('',(97.7202079314553,-21.9642829542505,42.8113650156861));
#5925=CARTESIAN_POINT('',(97.6440874639666,-21.5815995218855,42.8874854831748));
#5926=CARTESIAN_POINT('Origin',(96.7202079314553,-21.9642829542505,43.8113650156861));
#5927=CARTESIAN_POINT('',(97.4273147126418,-21.257176173064,42.8113650156861));
#5928=CARTESIAN_POINT('Origin',(96.7202079314553,-21.9642829542505,43.8113650156861));
#5929=CARTESIAN_POINT('',(97.4273147126418,-21.257176173064,42.8113650156861));
#5930=CARTESIAN_POINT('Origin',(97.7202079314553,-21.5500693918774,42.8113650156861));
#5931=CARTESIAN_POINT('',(97.1595477596755,-20.9894092200976,42.8113650156861));
#5932=CARTESIAN_POINT('',(91.0540284427603,-14.8838899031827,42.8113650156861));
#5933=CARTESIAN_POINT('',(97.1595477596755,-20.9894092200976,44.8113650156861));
#5934=CARTESIAN_POINT('',(97.1595477596755,-20.9894092200976,42.8113650156861));
#5935=CARTESIAN_POINT('',(91.0540284427603,-14.8838899031827,44.8113650156861));
#5936=CARTESIAN_POINT('Origin',(96.7202079314553,-27.0209266055058,42.8113650156861));
#5937=CARTESIAN_POINT('',(97.7202079314553,-27.0209266055058,44.8113650156861));
#5938=CARTESIAN_POINT('',(97.4273147126419,-27.7280333866923,44.8113650156861));
#5939=CARTESIAN_POINT('Origin',(96.7202079314553,-27.0209266055058,44.8113650156861));
#5940=CARTESIAN_POINT('',(97.4273147126419,-27.7280333866923,42.8113650156861));
#5941=CARTESIAN_POINT('',(97.4273147126419,-27.7280333866923,42.8113650156861));
#5942=CARTESIAN_POINT('',(97.6440874639666,-27.4036100378709,42.8874854831748));
#5943=CARTESIAN_POINT('Origin',(96.7202079314553,-27.0209266055058,43.8113650156861));
#5944=CARTESIAN_POINT('',(97.7202079314553,-27.0209266055058,42.8113650156861));
#5945=CARTESIAN_POINT('Origin',(96.7202079314553,-27.0209266055058,43.8113650156861));
#5946=CARTESIAN_POINT('',(97.7202079314553,-27.0209266055058,42.8113650156861));
#5947=CARTESIAN_POINT('Origin',(97.7202079314553,-27.435140167879,42.8113650156861));
#5948=CARTESIAN_POINT('',(97.7202079314553,-7.71451485470731,44.8113650156861));
#5949=CARTESIAN_POINT('',(97.7202079314553,-7.71451485470731,42.8113650156861));
#5950=CARTESIAN_POINT('Origin',(94.8930682728641,-28.848066264097,42.8113650156861));
#5951=CARTESIAN_POINT('',(95.6001750540507,-29.5551730452835,44.8113650156861));
#5952=CARTESIAN_POINT('',(94.8927318981694,-29.848066207523,44.8113650156861));
#5953=CARTESIAN_POINT('Origin',(94.8930682728641,-28.848066264097,44.8113650156861));
#5954=CARTESIAN_POINT('',(94.8927318981694,-29.848066207523,42.8113650156861));
#5955=CARTESIAN_POINT('',(94.8927318981694,-29.848066207523,42.8113650156861));
#5956=CARTESIAN_POINT('',(95.2755963149667,-29.7720101460536,42.887549858754));
#5957=CARTESIAN_POINT('Origin',(94.8930682728641,-28.848066264097,43.8113650156861));
#5958=CARTESIAN_POINT('',(95.6001750540507,-29.5551730452835,42.8113650156861));
#5959=CARTESIAN_POINT('Origin',(94.8930682728641,-28.848066264097,43.8113650156861));
#5960=CARTESIAN_POINT('',(95.6001750540507,-29.5551730452835,42.8113650156861));
#5961=CARTESIAN_POINT('Origin',(95.3071424945655,-29.8482056047688,42.8113650156861));
#5962=CARTESIAN_POINT('',(95.8273250282605,-29.3280230710737,44.8113650156861));
#5963=CARTESIAN_POINT('',(95.8273250282605,-29.3280230710737,42.8113650156861));
#5964=CARTESIAN_POINT('Origin',(56.7202079314552,-27.0065201781278,42.8113650156861));
#5965=CARTESIAN_POINT('',(56.0128633374448,-27.7133890664829,44.8113650156861));
#5966=CARTESIAN_POINT('',(55.7202079314552,-27.0065201781278,44.8113650156861));
#5967=CARTESIAN_POINT('Origin',(56.7202079314552,-27.0065201781278,44.8113650156861));
#5968=CARTESIAN_POINT('',(55.7202079314552,-27.0065201781278,42.8113650156861));
#5969=CARTESIAN_POINT('',(55.7202079314552,-27.0065201781278,42.8113650156861));
#5970=CARTESIAN_POINT('',(55.7962640494985,-27.3890482202304,42.8874211337294));
#5971=CARTESIAN_POINT('Origin',(56.7202079314552,-27.0065201781278,43.8113650156861));
#5972=CARTESIAN_POINT('',(56.0128633374448,-27.7133890664829,42.8113650156861));
#5973=CARTESIAN_POINT('Origin',(56.7202079314552,-27.0065201781278,43.8113650156861));
#5974=CARTESIAN_POINT('',(56.0128633374448,-27.7133890664829,42.8113650156861));
#5975=CARTESIAN_POINT('Origin',(55.7202079314552,-27.4205367104875,42.8113650156861));
#5976=CARTESIAN_POINT('',(57.8409537012423,-29.5427096908545,42.8113650156861));
#5977=CARTESIAN_POINT('',(59.112824665315,-30.8154365933062,42.8113650156861));
#5978=CARTESIAN_POINT('',(57.8409537012423,-29.5427096908545,44.8113650156861));
#5979=CARTESIAN_POINT('',(57.8409537012423,-29.5427096908545,42.8113650156861));
#5980=CARTESIAN_POINT('',(59.112824665315,-30.8154365933062,44.8113650156861));
#5981=CARTESIAN_POINT('Origin',(58.5482982952526,-28.8358408024994,42.8113650156861));
#5982=CARTESIAN_POINT('',(58.5479619205579,-29.8358407459255,44.8113650156861));
#5983=CARTESIAN_POINT('Origin',(58.5482982952526,-28.8358408024994,44.8113650156861));
#5984=CARTESIAN_POINT('',(58.1653041148417,-29.7595915577205,42.8874854831748));
#5985=CARTESIAN_POINT('Origin',(58.5482982952526,-28.8358408024994,43.8113650156861));
#5986=CARTESIAN_POINT('',(58.5479619205579,-29.8358407459255,42.8113650156861));
#5987=CARTESIAN_POINT('Origin',(58.5482982952526,-28.8358408024994,43.8113650156861));
#5988=CARTESIAN_POINT('',(58.5479619205579,-29.8358407459255,42.8113650156861));
#5989=CARTESIAN_POINT('Origin',(58.1337483816185,-29.8357014149649,42.8113650156861));
#5990=CARTESIAN_POINT('',(60.7203761188121,-29.8365714911296,42.8113650156861));
#5991=CARTESIAN_POINT('',(68.7178113467995,-29.8392616261151,42.8113650156861));
#5992=CARTESIAN_POINT('',(60.7203761188121,-29.8365714911296,44.8113650156861));
#5993=CARTESIAN_POINT('',(60.7203761188121,-29.8365714911296,42.8113650156861));
#5994=CARTESIAN_POINT('',(68.7178113467995,-29.8392616261151,44.8113650156861));
#5995=CARTESIAN_POINT('Origin',(90.0648351263727,-16.9882350301619,42.8113650156861));
#5996=CARTESIAN_POINT('',(88.9656964151968,-16.9882350301619,43.8113650156861));
#5997=CARTESIAN_POINT('',(90.0648351263727,-16.9882350301619,43.8113650156861));
#5998=CARTESIAN_POINT('',(83.9191360724337,-16.9882350301619,43.8113650156861));
#5999=CARTESIAN_POINT('',(88.9656964151968,-16.9882350301619,44.8113650156861));
#6000=CARTESIAN_POINT('',(88.9656964151968,-16.9882350301619,42.8113650156861));
#6001=CARTESIAN_POINT('',(90.0648351263727,-16.9882350301619,44.8113650156861));
#6002=CARTESIAN_POINT('',(90.0648351263727,-16.9882350301619,44.8113650156861));
#6003=CARTESIAN_POINT('',(90.0648351263727,-16.9882350301619,42.8113650156861));
#6004=CARTESIAN_POINT('Origin',(88.9656964151968,-16.9882350301619,42.8113650156861));
#6005=CARTESIAN_POINT('',(88.9656964151968,-15.9148036372971,43.8113650156861));
#6006=CARTESIAN_POINT('',(88.9656964151968,-16.1655988204264,43.8113650156861));
#6007=CARTESIAN_POINT('',(88.9656964151968,-15.9148036372971,44.8113650156861));
#6008=CARTESIAN_POINT('',(88.9656964151968,-15.9148036372971,42.8113650156861));
#6009=CARTESIAN_POINT('',(88.9656964151968,-16.9882350301619,44.8113650156861));
#6010=CARTESIAN_POINT('Origin',(88.9656964151968,-15.9148036372971,42.8113650156861));
#6011=CARTESIAN_POINT('',(90.1625570377309,-15.9148036372971,43.8113650156861));
#6012=CARTESIAN_POINT('',(83.3695667168457,-15.9148036372971,43.8113650156861));
#6013=CARTESIAN_POINT('',(90.1625570377309,-15.9148036372971,44.8113650156861));
#6014=CARTESIAN_POINT('',(90.1625570377309,-15.9148036372971,42.8113650156861));
#6015=CARTESIAN_POINT('',(88.9656964151968,-15.9148036372971,44.8113650156861));
#6016=CARTESIAN_POINT('Origin',(90.1625570377309,-15.9148036372971,42.8113650156861));
#6017=CARTESIAN_POINT('',(90.1625570377309,-14.9541978485921,43.8113650156861));
#6018=CARTESIAN_POINT('',(90.1625570377309,-15.628883123994,43.8113650156861));
#6019=CARTESIAN_POINT('',(90.1625570377309,-14.9541978485921,44.8113650156861));
#6020=CARTESIAN_POINT('',(90.1625570377309,-14.9541978485921,42.8113650156861));
#6021=CARTESIAN_POINT('',(90.1625570377309,-15.9148036372971,44.8113650156861));
#6022=CARTESIAN_POINT('Origin',(90.1625570377309,-14.9541978485921,42.8113650156861));
#6023=CARTESIAN_POINT('',(88.9656964151968,-14.9541978485921,43.8113650156861));
#6024=CARTESIAN_POINT('',(83.9679970281128,-14.9541978485921,43.8113650156861));
#6025=CARTESIAN_POINT('',(88.9656964151968,-14.9541978485921,44.8113650156861));
#6026=CARTESIAN_POINT('',(88.9656964151968,-14.9541978485921,42.8113650156861));
#6027=CARTESIAN_POINT('',(90.1625570377309,-14.9541978485921,44.8113650156861));
#6028=CARTESIAN_POINT('Origin',(88.9656964151968,-14.9541978485921,42.8113650156861));
#6029=CARTESIAN_POINT('',(88.9656964151968,-13.696475221166,43.8113650156861));
#6030=CARTESIAN_POINT('',(88.9656964151968,-15.1485802296415,43.8113650156861));
#6031=CARTESIAN_POINT('',(88.9656964151968,-13.696475221166,44.8113650156861));
#6032=CARTESIAN_POINT('',(88.9656964151968,-13.696475221166,42.8113650156861));
#6033=CARTESIAN_POINT('',(88.9656964151968,-14.9541978485921,44.8113650156861));
#6034=CARTESIAN_POINT('Origin',(88.9656964151968,-13.696475221166,42.8113650156861));
#6035=CARTESIAN_POINT('',(87.6766154985734,-13.696475221166,43.8113650156861));
#6036=CARTESIAN_POINT('',(83.3695667168457,-13.696475221166,43.8113650156861));
#6037=CARTESIAN_POINT('',(87.6766154985734,-13.696475221166,44.8113650156861));
#6038=CARTESIAN_POINT('',(87.6766154985734,-13.696475221166,42.8113650156861));
#6039=CARTESIAN_POINT('',(88.9656964151968,-13.696475221166,44.8113650156861));
#6040=CARTESIAN_POINT('Origin',(87.6766154985734,-13.696475221166,42.8113650156861));
#6041=CARTESIAN_POINT('',(87.6766154985734,-14.9541978485921,43.8113650156861));
#6042=CARTESIAN_POINT('',(87.6766154985734,-14.5197189159284,43.8113650156861));
#6043=CARTESIAN_POINT('',(87.6766154985734,-14.9541978485921,44.8113650156861));
#6044=CARTESIAN_POINT('',(87.6766154985734,-14.9541978485921,42.8113650156861));
#6045=CARTESIAN_POINT('',(87.6766154985734,-13.696475221166,44.8113650156861));
#6046=CARTESIAN_POINT('Origin',(90.0648351263727,-17.6175258663444,42.8113650156861));
#6047=CARTESIAN_POINT('',(90.0648351263727,-17.6175258663444,43.8113650156861));
#6048=CARTESIAN_POINT('',(90.0648351263727,-16.4802442385176,43.8113650156861));
#6049=CARTESIAN_POINT('',(90.0648351263727,-17.6175258663444,44.8113650156861));
#6050=CARTESIAN_POINT('',(90.0648351263727,-17.6175258663444,44.8113650156861));
#6051=CARTESIAN_POINT('',(90.0648351263727,-17.6175258663444,42.8113650156861));
#6052=CARTESIAN_POINT('Origin',(90.1716958344037,-17.6870701366503,42.8113650156861));
#6053=CARTESIAN_POINT('',(90.1716958344037,-17.6870701366503,43.8113650156861));
#6054=CARTESIAN_POINT('',(85.2811189335279,-14.5043137408423,43.8113650156861));
#6055=CARTESIAN_POINT('',(90.1716958344037,-17.6870701366503,44.8113650156861));
#6056=CARTESIAN_POINT('',(90.1716958344037,-17.6870701366503,44.8113650156861));
#6057=CARTESIAN_POINT('',(90.1716958344037,-17.6870701366503,42.8113650156861));
#6058=CARTESIAN_POINT('Origin',(90.1716958344037,-17.934498493055,42.8113650156861));
#6059=CARTESIAN_POINT('',(90.1716958344037,-17.934498493055,43.8113650156861));
#6060=CARTESIAN_POINT('',(90.1716958344037,-16.6387305518729,43.8113650156861));
#6061=CARTESIAN_POINT('',(90.1716958344037,-17.934498493055,44.8113650156861));
#6062=CARTESIAN_POINT('',(90.1716958344037,-17.934498493055,44.8113650156861));
#6063=CARTESIAN_POINT('',(90.1716958344037,-17.934498493055,42.8113650156861));
#6064=CARTESIAN_POINT('Origin',(87.637071393942,-17.934498493055,42.8113650156861));
#6065=CARTESIAN_POINT('',(87.637071393942,-17.934498493055,43.8113650156861));
#6066=CARTESIAN_POINT('',(82.7052542062184,-17.934498493055,43.8113650156861));
#6067=CARTESIAN_POINT('',(87.637071393942,-17.934498493055,44.8113650156861));
#6068=CARTESIAN_POINT('',(87.637071393942,-17.934498493055,44.8113650156861));
#6069=CARTESIAN_POINT('',(87.637071393942,-17.934498493055,42.8113650156861));
#6070=CARTESIAN_POINT('Origin',(87.637071393942,-15.8762254543168,42.8113650156861));
#6071=CARTESIAN_POINT('',(87.637071393942,-15.8762254543168,43.8113650156861));
#6072=CARTESIAN_POINT('',(87.637071393942,-15.6095940325038,43.8113650156861));
#6073=CARTESIAN_POINT('',(87.637071393942,-15.8762254543168,44.8113650156861));
#6074=CARTESIAN_POINT('',(87.637071393942,-15.8762254543168,44.8113650156861));
#6075=CARTESIAN_POINT('',(87.637071393942,-15.8762254543168,42.8113650156861));
#6076=CARTESIAN_POINT('Origin',(87.0303153975353,-15.8762254543168,42.8113650156861));
#6077=CARTESIAN_POINT('',(87.0303153975353,-15.8762254543168,43.8113650156861));
#6078=CARTESIAN_POINT('',(82.401876208015,-15.8762254543168,43.8113650156861));
#6079=CARTESIAN_POINT('',(87.0303153975353,-15.8762254543168,44.8113650156861));
#6080=CARTESIAN_POINT('',(87.0303153975353,-15.8762254543168,44.8113650156861));
#6081=CARTESIAN_POINT('',(87.0303153975353,-15.8762254543168,42.8113650156861));
#6082=CARTESIAN_POINT('Origin',(87.0303153975353,-14.9541978485921,42.8113650156861));
#6083=CARTESIAN_POINT('',(87.0303153975353,-14.9541978485921,43.8113650156861));
#6084=CARTESIAN_POINT('',(87.0303153975353,-15.1485802296415,43.8113650156861));
#6085=CARTESIAN_POINT('',(87.0303153975353,-14.9541978485921,44.8113650156861));
#6086=CARTESIAN_POINT('',(87.0303153975353,-14.9541978485921,44.8113650156861));
#6087=CARTESIAN_POINT('',(87.0303153975353,-14.9541978485921,42.8113650156861));
#6088=CARTESIAN_POINT('Origin',(87.6766154985734,-14.9541978485921,42.8113650156861));
#6089=CARTESIAN_POINT('',(82.725026258534,-14.9541978485921,43.8113650156861));
#6090=CARTESIAN_POINT('',(87.6766154985734,-14.9541978485921,44.8113650156861));
#6091=CARTESIAN_POINT('Origin',(88.6010056159695,-15.8154868571105,44.8113650156861));
#6092=CARTESIAN_POINT('Origin',(82.5346592266695,-17.1083175322653,42.8113650156861));
#6093=CARTESIAN_POINT('',(82.5346592266695,-14.9541978485921,43.8113650156861));
#6094=CARTESIAN_POINT('',(82.5346592266695,-17.1083175322653,43.8113650156861));
#6095=CARTESIAN_POINT('',(82.5346592266695,-16.2256400714781,43.8113650156861));
#6096=CARTESIAN_POINT('',(82.5346592266695,-14.9541978485921,44.8113650156861));
#6097=CARTESIAN_POINT('',(82.5346592266695,-14.9541978485921,42.8113650156861));
#6098=CARTESIAN_POINT('',(82.5346592266695,-17.1083175322653,44.8113650156861));
#6099=CARTESIAN_POINT('',(82.5346592266695,-17.1083175322653,44.8113650156861));
#6100=CARTESIAN_POINT('',(82.5346592266695,-17.1083175322653,42.8113650156861));
#6101=CARTESIAN_POINT('Origin',(82.5346592266695,-14.9541978485921,42.8113650156861));
#6102=CARTESIAN_POINT('',(80.5134415286213,-14.9541978485921,43.8113650156861));
#6103=CARTESIAN_POINT('',(80.1540481225821,-14.9541978485921,43.8113650156861));
#6104=CARTESIAN_POINT('',(80.5134415286213,-14.9541978485921,44.8113650156861));
#6105=CARTESIAN_POINT('',(80.5134415286213,-14.9541978485921,42.8113650156861));
#6106=CARTESIAN_POINT('',(82.5346592266695,-14.9541978485921,44.8113650156861));
#6107=CARTESIAN_POINT('Origin',(80.5134415286213,-14.9541978485921,42.8113650156861));
#6108=CARTESIAN_POINT('',(80.5134415286213,-12.8219575672283,43.8113650156861));
#6109=CARTESIAN_POINT('',(80.5134415286213,-15.1485802296415,43.8113650156861));
#6110=CARTESIAN_POINT('',(80.5134415286213,-12.8219575672283,44.8113650156861));
#6111=CARTESIAN_POINT('',(80.5134415286213,-12.8219575672283,42.8113650156861));
#6112=CARTESIAN_POINT('',(80.5134415286213,-14.9541978485921,44.8113650156861));
#6113=CARTESIAN_POINT('Origin',(80.5134415286213,-12.8219575672283,42.8113650156861));
#6114=CARTESIAN_POINT('',(79.2351315735214,-12.8219575672283,43.8113650156861));
#6115=CARTESIAN_POINT('',(79.143439273558,-12.8219575672283,43.8113650156861));
#6116=CARTESIAN_POINT('',(79.2351315735214,-12.8219575672283,44.8113650156861));
#6117=CARTESIAN_POINT('',(79.2351315735214,-12.8219575672283,42.8113650156861));
#6118=CARTESIAN_POINT('',(80.5134415286213,-12.8219575672283,44.8113650156861));
#6119=CARTESIAN_POINT('Origin',(81.6763339028408,-17.9555676906252,42.8113650156861));
#6120=CARTESIAN_POINT('',(81.6763339028408,-17.9555676906252,43.8113650156861));
#6121=CARTESIAN_POINT('',(81.3410346641537,-18.2865404875229,43.8113650156861));
#6122=CARTESIAN_POINT('',(81.6763339028408,-17.9555676906252,44.8113650156861));
#6123=CARTESIAN_POINT('',(81.6763339028408,-17.9555676906252,44.8113650156861));
#6124=CARTESIAN_POINT('',(81.6763339028408,-17.9555676906252,42.8113650156861));
#6125=CARTESIAN_POINT('Origin',(79.2351315735214,-17.9555676906252,42.8113650156861));
#6126=CARTESIAN_POINT('',(79.2351315735214,-17.9555676906252,43.8113650156861));
#6127=CARTESIAN_POINT('',(78.5042842960081,-17.9555676906252,43.8113650156861));
#6128=CARTESIAN_POINT('',(79.2351315735214,-17.9555676906252,44.8113650156861));
#6129=CARTESIAN_POINT('',(79.2351315735214,-17.9555676906252,44.8113650156861));
#6130=CARTESIAN_POINT('',(79.2351315735214,-17.9555676906252,42.8113650156861));
#6131=CARTESIAN_POINT('Origin',(79.2351315735214,-12.8219575672283,42.8113650156861));
#6132=CARTESIAN_POINT('',(79.2351315735214,-14.0824600889596,43.8113650156861));
#6133=CARTESIAN_POINT('',(79.2351315735214,-12.8219575672283,44.8113650156861));
#6134=CARTESIAN_POINT('Origin',(80.8848954000954,-15.3887626289268,44.8113650156861));
#6135=CARTESIAN_POINT('',(81.235396854615,-15.9406603501442,44.8113650156861));
#6136=CARTESIAN_POINT('Origin',(73.871764231194,-15.8971540551438,42.8113650156861));
#6137=CARTESIAN_POINT('',(74.6446914936784,-15.1056340406408,43.8113650156861));
#6138=CARTESIAN_POINT('',(73.871764231194,-15.8971540551438,43.8113650156861));
#6139=CARTESIAN_POINT('',(74.9625096183499,-14.7801708064412,43.8113650156861));
#6140=CARTESIAN_POINT('',(74.6446914936784,-15.1056340406408,44.8113650156861));
#6141=CARTESIAN_POINT('',(74.6446914936784,-15.1056340406408,42.8113650156861));
#6142=CARTESIAN_POINT('',(73.871764231194,-15.8971540551438,44.8113650156861));
#6143=CARTESIAN_POINT('',(74.6446914936784,-15.1056340406408,44.8113650156861));
#6144=CARTESIAN_POINT('',(73.871764231194,-15.8971540551438,42.8113650156861));
#6145=CARTESIAN_POINT('Origin',(74.6446914936784,-15.1056340406408,42.8113650156861));
#6146=CARTESIAN_POINT('',(74.6446914936784,-12.8220939776467,43.8113650156861));
#6147=CARTESIAN_POINT('',(74.6446914936784,-15.2242983256658,43.8113650156861));
#6148=CARTESIAN_POINT('',(74.6446914936784,-12.8220939776467,44.8113650156861));
#6149=CARTESIAN_POINT('',(74.6446914936784,-12.8220939776467,42.8113650156861));
#6150=CARTESIAN_POINT('',(74.6446914936784,-12.8220939776467,44.8113650156861));
#6151=CARTESIAN_POINT('Origin',(74.6446914936784,-12.8220939776467,42.8113650156861));
#6152=CARTESIAN_POINT('',(71.2679608573109,-12.8220939776467,43.8113650156861));
#6153=CARTESIAN_POINT('',(76.2090642560866,-12.8220939776467,43.8113650156861));
#6154=CARTESIAN_POINT('',(71.2679608573109,-12.8220939776467,44.8113650156861));
#6155=CARTESIAN_POINT('',(71.2679608573109,-12.8220939776467,42.8113650156861));
#6156=CARTESIAN_POINT('',(71.2679608573109,-12.8220939776467,44.8113650156861));
#6157=CARTESIAN_POINT('Origin',(71.2679608573109,-12.8220939776467,42.8113650156861));
#6158=CARTESIAN_POINT('',(70.3945660678247,-13.7164982637872,43.8113650156861));
#6159=CARTESIAN_POINT('',(72.2256388717931,-11.8413790349811,43.8113650156861));
#6160=CARTESIAN_POINT('',(70.3945660678247,-13.7164982637872,44.8113650156861));
#6161=CARTESIAN_POINT('',(70.3945660678247,-13.7164982637872,42.8113650156861));
#6162=CARTESIAN_POINT('',(70.3945660678247,-13.7164982637872,44.8113650156861));
#6163=CARTESIAN_POINT('Origin',(70.3945660678247,-13.7164982637872,42.8113650156861));
#6164=CARTESIAN_POINT('',(70.3945660678247,-17.9488775110221,43.8113650156861));
#6165=CARTESIAN_POINT('',(70.3945660678247,-14.529730437239,43.8113650156861));
#6166=CARTESIAN_POINT('',(70.3945660678247,-17.9488775110221,44.8113650156861));
#6167=CARTESIAN_POINT('',(70.3945660678247,-17.9488775110221,42.8113650156861));
#6168=CARTESIAN_POINT('',(70.3945660678247,-17.9488775110221,44.8113650156861));
#6169=CARTESIAN_POINT('Origin',(70.3945660678247,-17.9488775110221,42.8113650156861));
#6170=CARTESIAN_POINT('',(71.6816998286411,-17.9488775110221,43.8113650156861));
#6171=CARTESIAN_POINT('',(74.0840015431597,-17.9488775110221,43.8113650156861));
#6172=CARTESIAN_POINT('',(71.6816998286411,-17.9488775110221,44.8113650156861));
#6173=CARTESIAN_POINT('',(71.6816998286411,-17.9488775110221,42.8113650156861));
#6174=CARTESIAN_POINT('',(71.6816998286411,-17.9488775110221,44.8113650156861));
#6175=CARTESIAN_POINT('Origin',(74.7305101303649,-17.4254537213584,42.8113650156861));
#6176=CARTESIAN_POINT('',(74.7305101303649,-17.4254537213584,43.8113650156861));
#6177=CARTESIAN_POINT('',(74.6509311396622,-17.2838279563375,43.8113650156861));
#6178=CARTESIAN_POINT('',(74.7305101303649,-17.4254537213584,44.8113650156861));
#6179=CARTESIAN_POINT('',(73.871764231194,-15.8971540551438,44.8113650156861));
#6180=CARTESIAN_POINT('',(74.7305101303649,-17.4254537213584,42.8113650156861));
#6181=CARTESIAN_POINT('Origin',(73.6272014699729,-18.0453987547681,42.8113650156861));
#6182=CARTESIAN_POINT('',(73.6272014699729,-18.0453987547681,43.8113650156861));
#6183=CARTESIAN_POINT('',(75.7798982349365,-16.8358064477503,43.8113650156861));
#6184=CARTESIAN_POINT('',(73.6272014699729,-18.0453987547681,44.8113650156861));
#6185=CARTESIAN_POINT('',(74.7305101303649,-17.4254537213584,44.8113650156861));
#6186=CARTESIAN_POINT('',(73.6272014699729,-18.0453987547681,42.8113650156861));
#6187=CARTESIAN_POINT('Origin',(72.4075454533023,-15.9630546510527,42.8113650156861));
#6188=CARTESIAN_POINT('',(72.4075454533022,-15.9630546510527,43.8113650156861));
#6189=CARTESIAN_POINT('',(72.9576420981066,-16.9022461026792,43.8113650156861));
#6190=CARTESIAN_POINT('',(72.4075454533022,-15.9630546510527,44.8113650156861));
#6191=CARTESIAN_POINT('',(73.6272014699729,-18.0453987547681,44.8113650156861));
#6192=CARTESIAN_POINT('',(72.4075454533022,-15.9630546510527,42.8113650156861));
#6193=CARTESIAN_POINT('Origin',(71.6816998286411,-15.9630546510527,42.8113650156861));
#6194=CARTESIAN_POINT('',(71.6816998286411,-15.9630546510527,43.8113650156861));
#6195=CARTESIAN_POINT('',(74.7275684235679,-15.9630546510527,43.8113650156861));
#6196=CARTESIAN_POINT('',(71.6816998286411,-15.9630546510527,44.8113650156861));
#6197=CARTESIAN_POINT('',(72.4075454533022,-15.9630546510527,44.8113650156861));
#6198=CARTESIAN_POINT('',(71.6816998286411,-15.9630546510527,42.8113650156861));
#6199=CARTESIAN_POINT('Origin',(71.6816998286411,-17.9488775110221,42.8113650156861));
#6200=CARTESIAN_POINT('',(71.6816998286411,-16.6459200608565,43.8113650156861));
#6201=CARTESIAN_POINT('',(71.6816998286411,-15.9630546510527,44.8113650156861));
#6202=CARTESIAN_POINT('Origin',(72.5625380990948,-15.4337463662074,44.8113650156861));
#6203=CARTESIAN_POINT('',(73.3245236495808,-13.8268605143954,44.8113650156861));
#6204=CARTESIAN_POINT('Origin',(69.9665986309076,-17.1509003641388,42.8113650156861));
#6205=CARTESIAN_POINT('',(68.3965745888934,-15.4155594234308,43.8113650156861));
#6206=CARTESIAN_POINT('',(69.9665986309076,-17.1509003641388,43.8113650156861));
#6207=CARTESIAN_POINT('',(71.2738381282006,-18.5957866577607,43.8113650156861));
#6208=CARTESIAN_POINT('',(68.3965745888934,-15.4155594234308,44.8113650156861));
#6209=CARTESIAN_POINT('',(68.3965745888934,-15.4155594234308,42.8113650156861));
#6210=CARTESIAN_POINT('',(69.9665986309076,-17.1509003641388,44.8113650156861));
#6211=CARTESIAN_POINT('',(69.9665986309076,-17.1509003641388,44.8113650156861));
#6212=CARTESIAN_POINT('',(69.9665986309076,-17.1509003641388,42.8113650156861));
#6213=CARTESIAN_POINT('Origin',(68.3965745888934,-15.4155594234308,42.8113650156861));
#6214=CARTESIAN_POINT('',(69.9495613144994,-13.6217434393039,43.8113650156861));
#6215=CARTESIAN_POINT('',(70.4231201308627,-13.0747475376583,43.8113650156861));
#6216=CARTESIAN_POINT('',(69.9495613144994,-13.6217434393039,44.8113650156861));
#6217=CARTESIAN_POINT('',(69.9495613144994,-13.6217434393039,42.8113650156861));
#6218=CARTESIAN_POINT('',(68.3965745888934,-15.4155594234308,44.8113650156861));
#6219=CARTESIAN_POINT('Origin',(69.9495613144994,-13.6217434393039,42.8113650156861));
#6220=CARTESIAN_POINT('',(68.9949124703735,-12.7952612384196,43.8113650156861));
#6221=CARTESIAN_POINT('',(72.6114469873307,-15.9262569187065,43.8113650156861));
#6222=CARTESIAN_POINT('',(68.9949124703735,-12.7952612384196,44.8113650156861));
#6223=CARTESIAN_POINT('',(68.9949124703735,-12.7952612384196,42.8113650156861));
#6224=CARTESIAN_POINT('',(69.9495613144994,-13.6217434393039,44.8113650156861));
#6225=CARTESIAN_POINT('Origin',(68.9949124703735,-12.7952612384196,42.8113650156861));
#6226=CARTESIAN_POINT('',(67.5821165844241,-14.4271463026886,43.8113650156861));
#6227=CARTESIAN_POINT('',(70.2449646495398,-11.3513573447105,43.8113650156861));
#6228=CARTESIAN_POINT('',(67.5821165844241,-14.4271463026886,44.8113650156861));
#6229=CARTESIAN_POINT('',(67.5821165844241,-14.4271463026886,42.8113650156861));
#6230=CARTESIAN_POINT('',(68.9949124703735,-12.7952612384196,44.8113650156861));
#6231=CARTESIAN_POINT('Origin',(67.5821165844241,-14.4271463026886,42.8113650156861));
#6232=CARTESIAN_POINT('',(66.140360724265,-12.7952612384196,43.8113650156861));
#6233=CARTESIAN_POINT('',(70.0431495957939,-17.2127240311426,43.8113650156861));
#6234=CARTESIAN_POINT('',(66.140360724265,-12.7952612384196,44.8113650156861));
#6235=CARTESIAN_POINT('',(66.140360724265,-12.7952612384196,42.8113650156861));
#6236=CARTESIAN_POINT('',(67.5821165844241,-14.4271463026886,44.8113650156861));
#6237=CARTESIAN_POINT('Origin',(66.140360724265,-12.7952612384196,42.8113650156861));
#6238=CARTESIAN_POINT('',(65.1925680649822,-13.6344763232835,43.8113650156861));
#6239=CARTESIAN_POINT('',(68.7684995072948,-10.4681977290823,43.8113650156861));
#6240=CARTESIAN_POINT('',(65.1925680649822,-13.6344763232835,44.8113650156861));
#6241=CARTESIAN_POINT('',(65.1925680649822,-13.6344763232835,42.8113650156861));
#6242=CARTESIAN_POINT('',(66.140360724265,-12.7952612384196,44.8113650156861));
#6243=CARTESIAN_POINT('Origin',(69.0293479098794,-17.9988640875147,42.8113650156861));
#6244=CARTESIAN_POINT('',(69.0293479098794,-17.9988640875147,43.8113650156861));
#6245=CARTESIAN_POINT('',(72.094152966894,-15.2260270554809,43.8113650156861));
#6246=CARTESIAN_POINT('',(69.0293479098794,-17.9988640875147,44.8113650156861));
#6247=CARTESIAN_POINT('',(69.0293479098794,-17.9988640875147,44.8113650156861));
#6248=CARTESIAN_POINT('',(69.0293479098794,-17.9988640875147,42.8113650156861));
#6249=CARTESIAN_POINT('Origin',(67.5252525616387,-16.3363938535035,42.8113650156861));
#6250=CARTESIAN_POINT('',(67.5252525616387,-16.3363938535035,43.8113650156861));
#6251=CARTESIAN_POINT('',(69.584539733052,-18.612515264131,43.8113650156861));
#6252=CARTESIAN_POINT('',(67.5252525616387,-16.3363938535035,44.8113650156861));
#6253=CARTESIAN_POINT('',(67.5252525616387,-16.3363938535035,44.8113650156861));
#6254=CARTESIAN_POINT('',(67.5252525616387,-16.3363938535035,42.8113650156861));
#6255=CARTESIAN_POINT('Origin',(66.145989807456,-17.9386904519739,42.8113650156861));
#6256=CARTESIAN_POINT('',(66.145989807456,-17.9386904519739,43.8113650156861));
#6257=CARTESIAN_POINT('',(69.262089235313,-14.3187018032487,43.8113650156861));
#6258=CARTESIAN_POINT('',(66.145989807456,-17.9386904519739,44.8113650156861));
#6259=CARTESIAN_POINT('',(66.145989807456,-17.9386904519739,44.8113650156861));
#6260=CARTESIAN_POINT('',(66.145989807456,-17.9386904519739,42.8113650156861));
#6261=CARTESIAN_POINT('Origin',(65.1925680649822,-17.1179815397304,42.8113650156861));
#6262=CARTESIAN_POINT('',(65.1925680649822,-17.1179815397304,43.8113650156861));
#6263=CARTESIAN_POINT('',(68.3669031138815,-19.8504607239358,43.8113650156861));
#6264=CARTESIAN_POINT('',(65.1925680649822,-17.1179815397304,44.8113650156861));
#6265=CARTESIAN_POINT('',(65.1925680649822,-17.1179815397304,44.8113650156861));
#6266=CARTESIAN_POINT('',(65.1925680649822,-17.1179815397304,42.8113650156861));
#6267=CARTESIAN_POINT('Origin',(66.6858096350732,-15.3832751676518,42.8113650156861));
#6268=CARTESIAN_POINT('',(66.6858096350732,-15.3832751676518,43.8113650156861));
#6269=CARTESIAN_POINT('',(69.0552882778846,-12.6306397049659,43.8113650156861));
#6270=CARTESIAN_POINT('',(66.6858096350732,-15.3832751676518,44.8113650156861));
#6271=CARTESIAN_POINT('',(66.6858096350732,-15.3832751676518,44.8113650156861));
#6272=CARTESIAN_POINT('',(66.6858096350732,-15.3832751676518,42.8113650156861));
#6273=CARTESIAN_POINT('Origin',(65.1925680649822,-13.6344763232835,42.8113650156861));
#6274=CARTESIAN_POINT('',(68.2668435653189,-17.2348913866888,43.8113650156861));
#6275=CARTESIAN_POINT('',(65.1925680649822,-13.6344763232835,44.8113650156861));
#6276=CARTESIAN_POINT('Origin',(67.5795833479449,-15.3970626629672,44.8113650156861));
#6277=CARTESIAN_POINT('Origin',(76.1298848637302,-14.9899143588676,42.8113650156861));
#6278=CARTESIAN_POINT('',(75.2758881793268,-15.8749431030815,43.8113650156861));
#6279=CARTESIAN_POINT('',(76.1298848637302,-14.9899143588676,43.8113650156861));
#6280=CARTESIAN_POINT('',(76.4379075066092,-14.6706989593287,43.8113650156861));
#6281=CARTESIAN_POINT('',(75.2758881793268,-15.8749431030815,44.8113650156861));
#6282=CARTESIAN_POINT('',(75.2758881793268,-15.8749431030815,42.8113650156861));
#6283=CARTESIAN_POINT('',(76.1298848637302,-14.9899143588676,44.8113650156861));
#6284=CARTESIAN_POINT('',(76.1298848637302,-14.9899143588676,44.8113650156861));
#6285=CARTESIAN_POINT('',(76.1298848637302,-14.9899143588676,42.8113650156861));
#6286=CARTESIAN_POINT('Origin',(75.2758881793268,-15.8749431030815,42.8113650156861));
#6287=CARTESIAN_POINT('',(75.2758881793268,-17.9565814287695,43.8113650156861));
#6288=CARTESIAN_POINT('',(75.2758881793268,-15.6089528568861,43.8113650156861));
#6289=CARTESIAN_POINT('',(75.2758881793268,-17.9565814287695,44.8113650156861));
#6290=CARTESIAN_POINT('',(75.2758881793268,-17.9565814287695,42.8113650156861));
#6291=CARTESIAN_POINT('',(75.2758881793268,-15.8749431030815,44.8113650156861));
#6292=CARTESIAN_POINT('Origin',(75.2758881793268,-17.9565814287695,42.8113650156861));
#6293=CARTESIAN_POINT('',(77.7738541701524,-17.9565814287695,43.8113650156861));
#6294=CARTESIAN_POINT('',(76.5246625989108,-17.9565814287695,43.8113650156861));
#6295=CARTESIAN_POINT('',(77.7738541701524,-17.9565814287695,44.8113650156861));
#6296=CARTESIAN_POINT('',(77.7738541701524,-17.9565814287695,42.8113650156861));
#6297=CARTESIAN_POINT('',(75.2758881793268,-17.9565814287695,44.8113650156861));
#6298=CARTESIAN_POINT('Origin',(78.5792517203148,-14.9899143588676,42.8113650156861));
#6299=CARTESIAN_POINT('',(78.5792517203148,-14.9899143588676,43.8113650156861));
#6300=CARTESIAN_POINT('',(78.1763443694047,-14.9899143588676,43.8113650156861));
#6301=CARTESIAN_POINT('',(78.5792517203148,-14.9899143588676,44.8113650156861));
#6302=CARTESIAN_POINT('',(78.5792517203148,-14.9899143588676,44.8113650156861));
#6303=CARTESIAN_POINT('',(78.5792517203148,-14.9899143588676,42.8113650156861));
#6304=CARTESIAN_POINT('Origin',(78.5792517203148,-17.165313660189,42.8113650156861));
#6305=CARTESIAN_POINT('',(78.5792517203148,-17.165313660189,43.8113650156861));
#6306=CARTESIAN_POINT('',(78.5792517203148,-16.2541381354399,43.8113650156861));
#6307=CARTESIAN_POINT('',(78.5792517203148,-17.165313660189,44.8113650156861));
#6308=CARTESIAN_POINT('',(78.5792517203148,-17.165313660189,44.8113650156861));
#6309=CARTESIAN_POINT('',(78.5792517203148,-17.165313660189,42.8113650156861));
#6310=CARTESIAN_POINT('Origin',(77.7738541701524,-17.9565814287695,42.8113650156861));
#6311=CARTESIAN_POINT('',(78.4270504067673,-17.3148447752532,43.8113650156861));
#6312=CARTESIAN_POINT('',(77.7738541701524,-17.9565814287695,44.8113650156861));
#6313=CARTESIAN_POINT('Origin',(76.9275699498208,-16.4732478938185,44.8113650156861));
#6314=CARTESIAN_POINT('',(77.2890323543972,-15.9406603501442,44.8113650156861));
#6315=CARTESIAN_POINT('Origin',(85.6286563775548,-17.9284532400769,42.8113650156861));
#6316=CARTESIAN_POINT('',(86.4753357752008,-17.0945332705907,43.8113650156861));
#6317=CARTESIAN_POINT('',(85.6286563775548,-17.9284532400769,43.8113650156861));
#6318=CARTESIAN_POINT('',(84.2813322472702,-19.2554732440343,43.8113650156861));
#6319=CARTESIAN_POINT('',(86.4753357752008,-17.0945332705907,44.8113650156861));
#6320=CARTESIAN_POINT('',(86.4753357752008,-17.0945332705907,42.8113650156861));
#6321=CARTESIAN_POINT('',(85.6286563775548,-17.9284532400769,44.8113650156861));
#6322=CARTESIAN_POINT('',(85.6286563775548,-17.9284532400769,44.8113650156861));
#6323=CARTESIAN_POINT('',(85.6286563775548,-17.9284532400769,42.8113650156861));
#6324=CARTESIAN_POINT('Origin',(86.4753357752008,-17.0945332705907,42.8113650156861));
#6325=CARTESIAN_POINT('',(86.4753357752008,-14.9541978485921,43.8113650156861));
#6326=CARTESIAN_POINT('',(86.4753357752008,-16.2187479406407,43.8113650156861));
#6327=CARTESIAN_POINT('',(86.4753357752008,-14.9541978485921,44.8113650156861));
#6328=CARTESIAN_POINT('',(86.4753357752008,-14.9541978485921,42.8113650156861));
#6329=CARTESIAN_POINT('',(86.4753357752008,-17.0945332705907,44.8113650156861));
#6330=CARTESIAN_POINT('Origin',(86.4753357752008,-14.9541978485921,42.8113650156861));
#6331=CARTESIAN_POINT('',(83.9803499795894,-14.9541978485921,43.8113650156861));
#6332=CARTESIAN_POINT('',(82.1243863968478,-14.9541978485921,43.8113650156861));
#6333=CARTESIAN_POINT('',(83.9803499795894,-14.9541978485921,44.8113650156861));
#6334=CARTESIAN_POINT('',(83.9803499795894,-14.9541978485921,42.8113650156861));
#6335=CARTESIAN_POINT('',(86.4753357752008,-14.9541978485921,44.8113650156861));
#6336=CARTESIAN_POINT('Origin',(83.116951390179,-17.9284532400769,42.8113650156861));
#6337=CARTESIAN_POINT('',(83.116951390179,-17.9284532400769,43.8113650156861));
#6338=CARTESIAN_POINT('',(80.4451942043369,-17.9284532400769,43.8113650156861));
#6339=CARTESIAN_POINT('',(83.116951390179,-17.9284532400769,44.8113650156861));
#6340=CARTESIAN_POINT('',(83.116951390179,-17.9284532400769,44.8113650156861));
#6341=CARTESIAN_POINT('',(83.116951390179,-17.9284532400769,42.8113650156861));
#6342=CARTESIAN_POINT('Origin',(83.116951390179,-15.8045850522224,42.8113650156861));
#6343=CARTESIAN_POINT('',(83.116951390179,-15.8045850522224,43.8113650156861));
#6344=CARTESIAN_POINT('',(83.116951390179,-15.5737738314566,43.8113650156861));
#6345=CARTESIAN_POINT('',(83.116951390179,-15.8045850522224,44.8113650156861));
#6346=CARTESIAN_POINT('',(83.116951390179,-15.8045850522224,44.8113650156861));
#6347=CARTESIAN_POINT('',(83.116951390179,-15.8045850522224,42.8113650156861));
#6348=CARTESIAN_POINT('Origin',(83.9803499795894,-14.9541978485921,42.8113650156861));
#6349=CARTESIAN_POINT('',(82.3078810822777,-16.6014626995976,43.8113650156861));
#6350=CARTESIAN_POINT('',(83.9803499795894,-14.9541978485921,44.8113650156861));
#6351=CARTESIAN_POINT('Origin',(84.7961435826899,-16.4413255443345,44.8113650156861));
#6352=CARTESIAN_POINT('',(85.1675081857549,-15.8981272949269,44.8113650156861));
#6353=CARTESIAN_POINT('Origin',(77.7734370184947,-15.3429626106908,43.8113650156861));
#6354=CARTESIAN_POINT('',(91.7734370184947,-24.8429626106908,43.8113650156861));
#6355=CARTESIAN_POINT('',(63.7734370184947,-24.8429626106908,43.8113650156861));
#6356=CARTESIAN_POINT('',(84.7734370184947,-24.8429626106908,43.8113650156861));
#6357=CARTESIAN_POINT('',(91.7734370184947,-5.84296261069082,43.8113650156861));
#6358=CARTESIAN_POINT('',(91.7734370184947,-10.5929626106908,43.8113650156861));
#6359=CARTESIAN_POINT('',(63.7734370184947,-5.8429626106908,43.8113650156861));
#6360=CARTESIAN_POINT('',(70.7734370184947,-5.8429626106908,43.8113650156861));
#6361=CARTESIAN_POINT('',(63.7734370184947,-20.0929626106908,43.8113650156861));
#6362=CARTESIAN_POINT('Origin',(91.7734370184947,-24.8429626106908,39.8113650156861));
#6363=CARTESIAN_POINT('',(63.7734370184947,-24.8429626106908,44.8113650156861));
#6364=CARTESIAN_POINT('',(63.7734370184947,-24.8429626106908,42.8113650156861));
#6365=CARTESIAN_POINT('',(91.7734370184947,-24.8429626106908,44.8113650156861));
#6366=CARTESIAN_POINT('',(83.996822474975,-24.8429626106908,44.8113650156861));
#6367=CARTESIAN_POINT('',(91.7734370184947,-24.8429626106908,42.8113650156861));
#6368=CARTESIAN_POINT('Origin',(63.7734370184947,-24.8429626106908,39.8113650156861));
#6369=CARTESIAN_POINT('',(63.7734370184947,-5.8429626106908,44.8113650156861));
#6370=CARTESIAN_POINT('',(63.7734370184947,-5.8429626106908,42.8113650156861));
#6371=CARTESIAN_POINT('',(63.7734370184947,-19.4677104144879,44.8113650156861));
#6372=CARTESIAN_POINT('Origin',(76.7202079314553,-29.8419534299756,42.8113650156861));
#6373=CARTESIAN_POINT('',(76.7202079314553,-29.8419534299756,44.8113650156861));
#6374=CARTESIAN_POINT('',(86.2183157392053,-29.8451483532706,44.8113650156861));
#6375=CARTESIAN_POINT('',(76.7202079314553,-29.8419534299756,42.8113650156861));
#6376=CARTESIAN_POINT('',(76.7202079314553,-29.8419534299756,42.8113650156861));
#6377=CARTESIAN_POINT('',(86.2183157392053,-29.8451483532706,42.8113650156861));
#6378=CARTESIAN_POINT('Origin',(60.7203761188121,-29.8365714911296,42.8113650156861));
#6379=CARTESIAN_POINT('',(76.7202079314553,-29.8365714911296,42.8113650156861));
#6380=CARTESIAN_POINT('',(76.7202079314553,-29.8365714911296,42.8113650156861));
#6381=CARTESIAN_POINT('',(76.7202079314553,-29.8365714911296,44.8113650156861));
#6382=CARTESIAN_POINT('',(76.7202079314553,-29.8365714911296,42.8113650156861));
#6383=CARTESIAN_POINT('',(76.7202079314553,-29.8365714911296,44.8113650156861));
#6384=CARTESIAN_POINT('Origin',(55.7202079314552,-21.2497759293614,42.8113650156861));
#6385=CARTESIAN_POINT('',(55.7202079314552,-21.2497759293614,44.8113650156861));
#6386=CARTESIAN_POINT('',(55.7202079314552,-21.2135057305661,44.8113650156861));
#6387=CARTESIAN_POINT('',(55.7202079314552,-21.2497759293614,42.8113650156861));
#6388=CARTESIAN_POINT('',(55.7202079314552,-21.2497759293614,42.8113650156861));
#6389=CARTESIAN_POINT('',(55.7202079314552,-21.2135057305661,42.8113650156861));
#6390=CARTESIAN_POINT('Origin',(56.6344214938283,-20.3355623669883,42.8113650156861));
#6391=CARTESIAN_POINT('',(56.6344214938283,-20.3355623669883,42.8113650156861));
#6392=CARTESIAN_POINT('',(62.4880907498176,-14.481893110999,42.8113650156861));
#6393=CARTESIAN_POINT('',(56.6344214938283,-20.3355623669883,44.8113650156861));
#6394=CARTESIAN_POINT('',(62.4880907498176,-14.481893110999,44.8113650156861));
#6395=CARTESIAN_POINT('',(56.6344214938283,-20.3355623669883,42.8113650156861));
#6396=CARTESIAN_POINT('Origin',(55.2202079314553,-18.9213488046152,42.8113650156861));
#6397=CARTESIAN_POINT('',(57.2202079314552,-18.9213488046152,42.8113650156861));
#6398=CARTESIAN_POINT('Origin',(55.2202079314553,-18.9213488046152,42.8113650156861));
#6399=CARTESIAN_POINT('',(57.2202079314552,-18.9213488046152,44.8113650156861));
#6400=CARTESIAN_POINT('Origin',(55.2202079314553,-18.9213488046152,44.8113650156861));
#6401=CARTESIAN_POINT('',(57.2202079314552,-18.9213488046152,42.8113650156861));
#6402=CARTESIAN_POINT('Origin',(57.2202079314552,-12.7497759293614,42.8113650156861));
#6403=CARTESIAN_POINT('',(57.2202079314553,-12.7497759293614,42.8113650156861));
#6404=CARTESIAN_POINT('',(57.2202079314552,-16.9640102926367,42.8113650156861));
#6405=CARTESIAN_POINT('',(57.2202079314553,-12.7497759293614,44.8113650156861));
#6406=CARTESIAN_POINT('',(57.2202079314552,-16.9640102926367,44.8113650156861));
#6407=CARTESIAN_POINT('',(57.2202079314553,-12.7497759293614,42.8113650156861));
#6408=CARTESIAN_POINT('Origin',(55.2202079314553,-12.7497759293614,42.8113650156861));
#6409=CARTESIAN_POINT('Origin',(55.2202079314553,-12.7497759293614,42.8113650156861));
#6410=CARTESIAN_POINT('Origin',(55.2202079314553,-12.7497759293614,44.8113650156861));
#6411=CARTESIAN_POINT('Origin',(97.1595477596754,-10.6965160012842,42.8113650156861));
#6412=CARTESIAN_POINT('',(97.1595477596754,-10.6965160012842,44.8113650156861));
#6413=CARTESIAN_POINT('',(90.9292806389637,-16.9267831219962,44.8113650156861));
#6414=CARTESIAN_POINT('',(97.1595477596754,-10.6965160012842,42.8113650156861));
#6415=CARTESIAN_POINT('',(97.1595477596754,-10.6965160012842,42.8113650156861));
#6416=CARTESIAN_POINT('',(90.9292806389637,-16.9267831219962,42.8113650156861));
#6417=CARTESIAN_POINT('Origin',(98.2202079314553,-11.757176173064,42.8113650156861));
#6418=CARTESIAN_POINT('',(96.7202079314553,-11.757176173064,42.8113650156861));
#6419=CARTESIAN_POINT('Origin',(98.2202079314553,-11.757176173064,42.8113650156861));
#6420=CARTESIAN_POINT('',(96.7202079314553,-11.757176173064,44.8113650156861));
#6421=CARTESIAN_POINT('Origin',(98.2202079314553,-11.757176173064,44.8113650156861));
#6422=CARTESIAN_POINT('',(96.7202079314553,-11.757176173064,42.8113650156861));
#6423=CARTESIAN_POINT('Origin',(96.7202079314553,-19.9287490483178,42.8113650156861));
#6424=CARTESIAN_POINT('',(96.7202079314552,-19.9287490483178,42.8113650156861));
#6425=CARTESIAN_POINT('',(96.7202079314553,-17.467710414488,42.8113650156861));
#6426=CARTESIAN_POINT('',(96.7202079314552,-19.9287490483178,44.8113650156861));
#6427=CARTESIAN_POINT('',(96.7202079314553,-17.467710414488,44.8113650156861));
#6428=CARTESIAN_POINT('',(96.7202079314552,-19.9287490483178,42.8113650156861));
#6429=CARTESIAN_POINT('Origin',(98.2202079314553,-19.9287490483178,42.8113650156861));
#6430=CARTESIAN_POINT('Origin',(98.2202079314553,-19.9287490483178,42.8113650156861));
#6431=CARTESIAN_POINT('Origin',(98.2202079314553,-19.9287490483178,44.8113650156861));
#6432=CARTESIAN_POINT('Origin',(76.7202079314553,-14.592458218285,44.8113650156861));
#6433=CARTESIAN_POINT('',(76.7202079314553,-0.836571491129571,44.8113650156861));
#6434=CARTESIAN_POINT('',(97.0484610817276,-6.90646755276703,44.811365015686));
#6435=CARTESIAN_POINT('Origin',(94.7984610817276,-6.90646755276701,44.8113650156861));
#6436=CARTESIAN_POINT('',(97.0484610817275,-24.7646571812095,44.811365015686));
#6437=CARTESIAN_POINT('Origin',(94.7984610817275,-24.7646571812095,44.8113650156861));
#6438=CARTESIAN_POINT('',(91.7734370184947,-5.84296261069082,44.8113650156861));
#6439=CARTESIAN_POINT('',(91.7734370184947,-10.4677104144879,44.8113650156861));
#6440=CARTESIAN_POINT('',(70.496822474975,-5.8429626106908,44.8113650156861));
#6441=CARTESIAN_POINT('',(62.3542449168461,-6.95584713292615,44.8113650156861));
#6442=CARTESIAN_POINT('Origin',(60.1042449168461,-6.95584713292615,44.8113650156861));
#6443=CARTESIAN_POINT('',(62.3542449168461,-24.9558471329261,44.8113650156861));
#6444=CARTESIAN_POINT('Origin',(60.1042449168461,-24.9558471329261,44.8113650156861));
#6445=CARTESIAN_POINT('Origin',(62.7202079314553,-28.8365714911296,28.8113650156861));
#6446=CARTESIAN_POINT('',(90.7702079314553,-28.8365714911296,28.8113650156861));
#6447=CARTESIAN_POINT('',(90.7702079314553,-28.8365714911296,37.3113650156861));
#6448=CARTESIAN_POINT('',(85.0117435880699,-28.8365714911296,28.8113650156861));
#6449=CARTESIAN_POINT('',(69.7202079314553,-28.8365714911296,28.8113650156861));
#6450=CARTESIAN_POINT('',(84.5117435597829,-28.8365714911296,29.3113650251151));
#6451=CARTESIAN_POINT('Origin',(84.5117435597829,-28.8365714911296,28.8113650156861));
#6452=CARTESIAN_POINT('',(76.4617439114,-28.8365714911296,29.3113650251151));
#6453=CARTESIAN_POINT('',(69.3406386703343,-28.8365714911296,29.3113650156861));
#6454=CARTESIAN_POINT('',(75.961743883113,-28.8365714911296,28.8113650156861));
#6455=CARTESIAN_POINT('Origin',(76.4617439114,-28.8365714911296,28.8113650156861));
#6456=CARTESIAN_POINT('',(62.6702079314553,-28.8365714911296,28.8113650156861));
#6457=CARTESIAN_POINT('',(69.7202079314553,-28.8365714911296,28.8113650156861));
#6458=CARTESIAN_POINT('',(62.6702079314553,-28.8365714911296,37.3113650156861));
#6459=CARTESIAN_POINT('Origin',(90.7702079314553,-28.8365714911296,28.8113650156861));
#6460=CARTESIAN_POINT('',(90.7702079314553,-2.83657149112957,28.8113650156861));
#6461=CARTESIAN_POINT('',(90.7702079314553,-2.83657149112957,28.8113650156861));
#6462=CARTESIAN_POINT('',(90.7702079314553,-21.7145148547073,28.8113650156861));
#6463=CARTESIAN_POINT('Origin',(94.7984610817276,-6.90646755276701,42.8113650156861));
#6464=CARTESIAN_POINT('',(96.1484610817276,-6.90646755276703,39.811365015686));
#6465=CARTESIAN_POINT('Origin',(94.7984610817276,-6.90646755276701,39.811365015686));
#6466=CARTESIAN_POINT('',(96.1484610817276,-6.90646755276701,28.8113650156861));
#6467=CARTESIAN_POINT('',(96.1484610817276,-6.90646755276701,42.8113650156861));
#6468=CARTESIAN_POINT('Origin',(94.7984610817276,-6.90646755276701,28.8113650156861));
#6469=CARTESIAN_POINT('Origin',(94.7984610817275,-24.7646571812095,42.8113650156861));
#6470=CARTESIAN_POINT('',(96.1484610817275,-24.7646571812095,39.811365015686));
#6471=CARTESIAN_POINT('Origin',(94.7984610817275,-24.7646571812095,39.811365015686));
#6472=CARTESIAN_POINT('',(96.1484610817275,-24.7646571812095,28.8113650156861));
#6473=CARTESIAN_POINT('',(96.1484610817275,-24.7646571812095,42.8113650156861));
#6474=CARTESIAN_POINT('Origin',(94.7984610817275,-24.7646571812095,28.8113650156861));
#6475=CARTESIAN_POINT('Origin',(94.7984610817276,-6.90646755276701,42.811365015686));
#6476=CARTESIAN_POINT('',(97.0484610817276,-6.90646755276703,39.811365015686));
#6477=CARTESIAN_POINT('',(97.0484610817276,-6.90646755276701,42.811365015686));
#6478=CARTESIAN_POINT('Origin',(94.7984610817276,-6.90646755276701,39.811365015686));
#6479=CARTESIAN_POINT('Origin',(94.7984610817276,-6.90646755276701,39.811365015686));
#6480=CARTESIAN_POINT('Origin',(94.7984610817275,-24.7646571812095,42.811365015686));
#6481=CARTESIAN_POINT('',(97.0484610817275,-24.7646571812095,39.811365015686));
#6482=CARTESIAN_POINT('',(97.0484610817275,-24.7646571812095,42.811365015686));
#6483=CARTESIAN_POINT('Origin',(94.7984610817275,-24.7646571812095,39.811365015686));
#6484=CARTESIAN_POINT('Origin',(94.7984610817275,-24.7646571812095,39.811365015686));
#6485=CARTESIAN_POINT('Origin',(60.1042449168461,-24.9558471329261,39.8113650156861));
#6486=CARTESIAN_POINT('',(62.3542449168461,-24.9558471329261,39.8113650156861));
#6487=CARTESIAN_POINT('Origin',(60.1042449168461,-24.9558471329261,39.8113650156861));
#6488=CARTESIAN_POINT('',(61.4542449168461,-24.9558471329261,39.8113650156861));
#6489=CARTESIAN_POINT('Origin',(60.1042449168461,-24.9558471329261,39.8113650156861));
#6490=CARTESIAN_POINT('Origin',(60.1042449168461,-6.95584713292615,39.8113650156861));
#6491=CARTESIAN_POINT('',(62.3542449168461,-6.95584713292615,39.8113650156861));
#6492=CARTESIAN_POINT('Origin',(60.1042449168461,-6.95584713292615,39.8113650156861));
#6493=CARTESIAN_POINT('',(61.4542449168461,-6.95584713292615,39.8113650156861));
#6494=CARTESIAN_POINT('Origin',(60.1042449168461,-6.95584713292615,39.8113650156861));
#6495=CARTESIAN_POINT('Origin',(76.7202079314553,-14.592458218285,28.8113650156861));
#6496=CARTESIAN_POINT('',(98.7202079314553,-9.84296261069082,28.8113650156861));
#6497=CARTESIAN_POINT('',(97.5131011502687,-11.0500693918774,28.8113650156861));
#6498=CARTESIAN_POINT('',(91.4292806389636,-17.1338899031827,28.8113650156861));
#6499=CARTESIAN_POINT('',(97.2202079314553,-11.757176173064,28.8113650156861));
#6500=CARTESIAN_POINT('Origin',(98.2202079314553,-11.757176173064,28.8113650156861));
#6501=CARTESIAN_POINT('',(97.2202079314553,-19.9287490483178,28.8113650156861));
#6502=CARTESIAN_POINT('',(97.2202079314553,-17.2606036333014,28.8113650156861));
#6503=CARTESIAN_POINT('',(97.5131011502687,-20.6358558295043,28.8113650156861));
#6504=CARTESIAN_POINT('Origin',(98.2202079314553,-19.9287490483178,28.8113650156861));
#6505=CARTESIAN_POINT('',(98.7202079314553,-21.8429626106908,28.8113650156861));
#6506=CARTESIAN_POINT('',(91.4075818333536,-14.5303365125894,28.8113650156861));
#6507=CARTESIAN_POINT('',(98.7202079314553,-27.435140167879,28.8113650156861));
#6508=CARTESIAN_POINT('',(98.7202079314553,-0.836571491129575,28.8113650156861));
#6509=CARTESIAN_POINT('',(98.4273147126418,-28.1422469490655,28.8113650156861));
#6510=CARTESIAN_POINT('Origin',(97.7202079314553,-27.435140167879,28.8113650156861));
#6511=CARTESIAN_POINT('',(96.0142492757521,-30.5553123859553,28.8113650156861));
#6512=CARTESIAN_POINT('',(98.7202079314553,-27.8493537302521,28.8113650156861));
#6513=CARTESIAN_POINT('',(95.3068061198708,-30.8482055481948,28.8113650156861));
#6514=CARTESIAN_POINT('Origin',(95.3071424945655,-29.8482056047687,28.8113650156861));
#6515=CARTESIAN_POINT('',(85.5110680618944,-30.8449105096096,28.8113650156861));
#6516=CARTESIAN_POINT('',(98.7202079314553,-30.8493537302521,28.8113650156861));
#6517=CARTESIAN_POINT('',(85.0112362775288,-30.3447423505492,28.8113650156861));
#6518=CARTESIAN_POINT('',(85.2611521697116,-30.5948264300794,28.8113650156861));
#6519=CARTESIAN_POINT('',(85.0138010495319,-22.7199956074283,28.8113650156861));
#6520=CARTESIAN_POINT('',(87.3942122446993,-2.83657149112957,28.8113650156861));
#6521=CARTESIAN_POINT('',(83.7202079314553,-2.83657149112957,28.8113650156861));
#6522=CARTESIAN_POINT('',(87.3942122446993,-1.33657149112956,28.8113650156861));
#6523=CARTESIAN_POINT('',(87.3942122446993,-7.7145148547073,28.8113650156861));
#6524=CARTESIAN_POINT('',(87.8942122446993,-0.836571491129573,28.8113650156861));
#6525=CARTESIAN_POINT('',(87.6442122446993,-1.08657149112957,28.8113650156861));
#6526=CARTESIAN_POINT('',(95.3059943690821,-0.836571491129575,28.8113650156861));
#6527=CARTESIAN_POINT('',(54.7202079314552,-0.836571491129566,28.8113650156861));
#6528=CARTESIAN_POINT('',(96.0131011502687,-1.12946470994303,28.8113650156861));
#6529=CARTESIAN_POINT('Origin',(95.3059943690821,-1.83657149112957,28.8113650156861));
#6530=CARTESIAN_POINT('',(98.4273147126418,-3.54367827231619,28.8113650156861));
#6531=CARTESIAN_POINT('',(96.0599614692332,-1.17632502890751,28.8113650156861));
#6532=CARTESIAN_POINT('',(98.7202079314553,-4.25078505350273,28.8113650156861));
#6533=CARTESIAN_POINT('Origin',(97.7202079314553,-4.25078505350273,28.8113650156861));
#6534=CARTESIAN_POINT('',(98.7202079314553,-0.836571491129575,28.8113650156861));
#6535=CARTESIAN_POINT('Origin',(98.7202079314553,-0.836571491129575,39.8113650156861));
#6536=CARTESIAN_POINT('',(98.7202079314553,-21.8429626106908,41.8113650156861));
#6537=CARTESIAN_POINT('',(98.7202079314553,-21.8429626106908,39.8113650156861));
#6538=CARTESIAN_POINT('',(98.7202079314553,-27.435140167879,41.8113650156861));
#6539=CARTESIAN_POINT('',(98.7202079314553,-7.71451485470731,41.8113650156861));
#6540=CARTESIAN_POINT('',(98.7202079314553,-27.435140167879,39.8113650156861));
#6541=CARTESIAN_POINT('Origin',(98.2202079314553,-7.71451485470731,42.3113650156861));
#6542=CARTESIAN_POINT('',(98.2202079314553,-21.3429626106908,42.3113650156861));
#6543=CARTESIAN_POINT('',(98.4859931452249,-21.2328707704693,42.0455798019165));
#6544=CARTESIAN_POINT('',(97.7202079314553,-27.435140167879,42.8113650156861));
#6545=CARTESIAN_POINT('',(96.0446077987518,-26.741083867799,44.4869651483896));
#6546=CARTESIAN_POINT('',(97.7202079314553,-27.435140167879,42.8113650156861));
#6547=CARTESIAN_POINT('',(96.532133305458,-19.6548879846937,43.9994396416833));
#6548=CARTESIAN_POINT('Origin',(96.1808784188538,-29.681576461667,42.3113650156861));
#6549=CARTESIAN_POINT('',(98.4273147126418,-28.1422469490655,41.8113650156861));
#6550=CARTESIAN_POINT('',(98.4273147126418,-28.1422469490655,41.8113650156861));
#6551=CARTESIAN_POINT('',(95.3071424945655,-29.8482056047688,42.8113650156861));
#6552=CARTESIAN_POINT('',(95.1096737939069,-29.3712471134417,43.2882570565558));
#6553=CARTESIAN_POINT('',(96.0142492757521,-30.5553123859553,41.8113650156861));
#6554=CARTESIAN_POINT('',(95.3071424945655,-29.8482056047688,42.8113650156861));
#6555=CARTESIAN_POINT('',(96.5344318094471,-30.0351298522603,41.8113650156861));
#6556=CARTESIAN_POINT('Origin',(86.2181475518579,-30.3451483249836,42.3113650156861));
#6557=CARTESIAN_POINT('',(76.7202079314553,-30.8419534865496,41.8113650156861));
#6558=CARTESIAN_POINT('',(76.7202079314553,-31.0927521891315,41.5605663272928));
#6559=CARTESIAN_POINT('',(95.3068061198708,-30.8482055481948,41.8113650156861));
#6560=CARTESIAN_POINT('',(86.2179793645106,-30.8451482966966,41.8113650156861));
#6561=CARTESIAN_POINT('',(95.3068061198708,-30.8482055481948,41.8113650156861));
#6562=CARTESIAN_POINT('Origin',(95.3071424945655,-29.8482056047687,41.8113650156861));
#6563=CARTESIAN_POINT('Origin',(95.3071424945655,-29.8482056047687,41.8113650156861));
#6564=CARTESIAN_POINT('Origin',(97.7202079314553,-27.435140167879,41.8113650156861));
#6565=CARTESIAN_POINT('Origin',(97.7202079314553,-27.435140167879,41.8113650156861));
#6566=CARTESIAN_POINT('Origin',(91.230805138057,-14.7071132078861,42.5613650156861));
#6567=CARTESIAN_POINT('',(97.5131011502687,-20.6358558295043,42.3113650156861));
#6568=CARTESIAN_POINT('',(91.4075818333536,-14.5303365125894,42.3113650156861));
#6569=CARTESIAN_POINT('',(97.5131011502687,-20.6358558295043,42.3113650156861));
#6570=CARTESIAN_POINT('Origin',(98.7202079314553,-21.8429626106908,39.8113650156861));
#6571=CARTESIAN_POINT('',(97.5131011502687,-20.6358558295043,39.8113650156861));
#6572=CARTESIAN_POINT('Origin',(98.7202079314553,-0.836571491129575,39.8113650156861));
#6573=CARTESIAN_POINT('',(98.7202079314553,-9.84296261069082,41.8113650156861));
#6574=CARTESIAN_POINT('',(98.7202079314553,-9.84296261069082,39.8113650156861));
#6575=CARTESIAN_POINT('',(98.7202079314553,-4.25078505350277,41.8113650156861));
#6576=CARTESIAN_POINT('',(98.7202079314553,-4.25078505350276,41.3113650156861));
#6577=CARTESIAN_POINT('',(98.7202079314553,-7.71451485470731,41.8113650156861));
#6578=CARTESIAN_POINT('Origin',(97.7202079314553,-27.435140167879,39.8113650156861));
#6579=CARTESIAN_POINT('',(98.4273147126418,-28.1422469490655,39.8113650156861));
#6580=CARTESIAN_POINT('Origin',(98.7202079314553,-27.8493537302521,39.8113650156861));
#6581=CARTESIAN_POINT('',(96.0142492757521,-30.5553123859553,39.8113650156861));
#6582=CARTESIAN_POINT('Origin',(68.7176431594521,-30.3392615978281,42.3113650156861));
#6583=CARTESIAN_POINT('',(60.7202079314552,-30.8365714911296,41.8113650156861));
#6584=CARTESIAN_POINT('',(60.7202079314552,-30.8365714911296,41.8113650156861));
#6585=CARTESIAN_POINT('',(58.1337483816185,-29.8357014149649,42.8113650156861));
#6586=CARTESIAN_POINT('',(58.306543943424,-29.4189325999781,43.228191931149));
#6587=CARTESIAN_POINT('',(58.1334120069238,-30.8357013583909,41.8113650156861));
#6588=CARTESIAN_POINT('',(58.1337483816185,-29.8357014149649,42.8113650156861));
#6589=CARTESIAN_POINT('',(68.7174749721048,-30.8392615695412,41.8113650156861));
#6590=CARTESIAN_POINT('Origin',(76.7202079314553,-30.3365714911296,42.3113650156861));
#6591=CARTESIAN_POINT('',(76.7202079314553,-30.8365714911296,41.8113650156861));
#6592=CARTESIAN_POINT('',(76.7202079314553,-30.8365714911296,41.8113650156861));
#6593=CARTESIAN_POINT('',(76.7202079314553,-31.0879169899846,41.5600195168311));
#6594=CARTESIAN_POINT('Origin',(58.7591523683098,-31.1688710374837,42.3113650156861));
#6595=CARTESIAN_POINT('',(57.4264037876081,-30.5425703033199,41.8113650156861));
#6596=CARTESIAN_POINT('',(57.4264037876081,-30.5425703033199,41.8113650156861));
#6597=CARTESIAN_POINT('',(55.7202079314552,-27.4205367104875,42.8113650156861));
#6598=CARTESIAN_POINT('',(56.3089695806494,-27.1767796541017,43.4001266648803));
#6599=CARTESIAN_POINT('',(55.0128633374449,-28.1274055988425,41.8113650156861));
#6600=CARTESIAN_POINT('',(55.7202079314552,-27.4205367104875,42.8113650156861));
#6601=CARTESIAN_POINT('',(58.4054800713046,-31.5223054816613,41.8113650156861));
#6602=CARTESIAN_POINT('Origin',(55.2202079314552,-21.2135057305661,42.3113650156861));
#6603=CARTESIAN_POINT('',(54.7202079314552,-27.4205367104875,41.8113650156861));
#6604=CARTESIAN_POINT('',(54.7202079314552,-27.4205367104875,41.8113650156861));
#6605=CARTESIAN_POINT('',(54.7202079314552,-21.2497759293614,41.8113650156861));
#6606=CARTESIAN_POINT('',(55.7202079314552,-21.2497759293614,42.8113650156861));
#6607=CARTESIAN_POINT('',(54.7202079314552,-21.2135057305661,41.8113650156861));
#6608=CARTESIAN_POINT('Origin',(62.2629852848728,-17.6712329392192,42.3113650156861));
#6609=CARTESIAN_POINT('',(55.9273147126418,-12.0426691481749,41.8113650156861));
#6610=CARTESIAN_POINT('',(55.9273147126418,-12.0426691481749,41.8113650156861));
#6611=CARTESIAN_POINT('',(55.7202079314552,-10.4213488046152,42.8113650156861));
#6612=CARTESIAN_POINT('',(55.9712069997767,-10.3173815863733,43.0623640840076));
#6613=CARTESIAN_POINT('',(55.0131011502687,-11.1284555858018,41.8113650156861));
#6614=CARTESIAN_POINT('',(55.7202079314552,-10.4213488046152,42.8113650156861));
#6615=CARTESIAN_POINT('',(61.9094318942795,-18.0247863298125,41.8113650156861));
#6616=CARTESIAN_POINT('Origin',(55.2202079314553,-12.7497759293614,42.3113650156861));
#6617=CARTESIAN_POINT('',(56.2202079314552,-12.7497759293614,41.8113650156861));
#6618=CARTESIAN_POINT('Origin',(55.2202079314553,-12.7497759293614,41.8113650156861));
#6619=CARTESIAN_POINT('',(56.2202079314552,-12.7497759293614,41.8113650156861));
#6620=CARTESIAN_POINT('Origin',(56.7202079314552,-16.9640102926367,42.3113650156861));
#6621=CARTESIAN_POINT('',(56.2202079314552,-18.9213488046152,41.8113650156861));
#6622=CARTESIAN_POINT('',(56.2202079314552,-18.9213488046152,41.8113650156861));
#6623=CARTESIAN_POINT('',(56.2202079314552,-16.9640102926367,41.8113650156861));
#6624=CARTESIAN_POINT('Origin',(55.2202079314553,-18.9213488046152,42.3113650156861));
#6625=CARTESIAN_POINT('',(55.9273147126418,-19.6284555858018,41.8113650156861));
#6626=CARTESIAN_POINT('Origin',(55.2202079314553,-18.9213488046152,41.8113650156861));
#6627=CARTESIAN_POINT('',(55.9273147126418,-19.6284555858018,41.8113650156861));
#6628=CARTESIAN_POINT('Origin',(62.1345373592243,-14.1283397204058,42.3113650156861));
#6629=CARTESIAN_POINT('',(55.0131011502687,-20.5426691481749,41.8113650156861));
#6630=CARTESIAN_POINT('',(55.0131011502687,-20.5426691481749,41.8113650156861));
#6631=CARTESIAN_POINT('',(61.780983968631,-13.7747863298125,41.8113650156861));
#6632=CARTESIAN_POINT('Origin',(55.2202079314552,-12.7140102926367,42.3113650156861));
#6633=CARTESIAN_POINT('',(54.7202079314552,-10.4213488046152,41.8113650156861));
#6634=CARTESIAN_POINT('',(54.7202079314552,-10.4213488046152,41.8113650156861));
#6635=CARTESIAN_POINT('',(55.7202079314552,-6.25078505350265,42.8113650156861));
#6636=CARTESIAN_POINT('',(56.2831957516518,-6.48398224407903,43.3743528358827));
#6637=CARTESIAN_POINT('',(54.7202079314552,-6.25078505350265,41.8113650156861));
#6638=CARTESIAN_POINT('',(55.7202079314552,-6.25078505350265,42.8113650156861));
#6639=CARTESIAN_POINT('',(54.7202079314552,-12.7140102926367,41.8113650156861));
#6640=CARTESIAN_POINT('Origin',(58.3847896402597,-2.87909656351168,42.3113650156861));
#6641=CARTESIAN_POINT('',(55.0131011502687,-5.5436782723161,41.8113650156861));
#6642=CARTESIAN_POINT('',(55.0131011502687,-5.5436782723161,41.8113650156861));
#6643=CARTESIAN_POINT('',(60.1344214938283,-1.83657149112956,42.8113650156861));
#6644=CARTESIAN_POINT('',(60.3410965611962,-2.33552924177336,43.3103227663299));
#6645=CARTESIAN_POINT('',(59.4273147126418,-1.12946470994302,41.8113650156861));
#6646=CARTESIAN_POINT('',(60.1344214938283,-1.83657149112956,42.8113650156861));
#6647=CARTESIAN_POINT('',(58.0312362496664,-2.52554317291841,41.8113650156861));
#6648=CARTESIAN_POINT('Origin',(68.2202079314552,-1.33657149112957,42.3113650156861));
#6649=CARTESIAN_POINT('',(60.1344214938283,-0.836571491129567,41.8113650156861));
#6650=CARTESIAN_POINT('',(60.1344214938283,-0.836571491129567,41.8113650156861));
#6651=CARTESIAN_POINT('',(95.3059943690821,-1.83657149112958,42.8113650156861));
#6652=CARTESIAN_POINT('',(94.4241152950463,-3.96561591203986,44.9404094365964));
#6653=CARTESIAN_POINT('',(95.3059943690821,-0.836571491129575,41.8113650156861));
#6654=CARTESIAN_POINT('',(95.3059943690821,-1.83657149112958,42.8113650156861));
#6655=CARTESIAN_POINT('',(68.2202079314552,-0.836571491129569,41.8113650156861));
#6656=CARTESIAN_POINT('Origin',(95.7064080786399,-1.5298784195008,42.3113650156861));
#6657=CARTESIAN_POINT('',(96.0131011502686,-1.12946470994303,41.8113650156861));
#6658=CARTESIAN_POINT('',(96.0131011502686,-1.12946470994303,41.8113650156861));
#6659=CARTESIAN_POINT('',(97.7202079314553,-4.25078505350277,42.8113650156861));
#6660=CARTESIAN_POINT('',(97.5310622452854,-4.32913176197871,43.000510701856));
#6661=CARTESIAN_POINT('',(98.4273147126418,-3.54367827231622,41.8113650156861));
#6662=CARTESIAN_POINT('',(97.7202079314553,-4.25078505350277,42.8113650156861));
#6663=CARTESIAN_POINT('',(96.0599614692331,-1.17632502890752,41.8113650156861));
#6664=CARTESIAN_POINT('Origin',(98.2202079314553,-7.71451485470731,42.3113650156861));
#6665=CARTESIAN_POINT('',(98.2202079314553,-10.3429626106908,42.3113650156861));
#6666=CARTESIAN_POINT('',(98.7416158907858,-9.82155465136024,41.7899570563555));
#6667=CARTESIAN_POINT('',(98.7202079314553,-4.25078505350277,41.8113650156861));
#6668=CARTESIAN_POINT('',(96.9187185093386,-9.80386804076501,43.6128544378028));
#6669=CARTESIAN_POINT('Origin',(97.7202079314553,-4.25078505350277,41.8113650156861));
#6670=CARTESIAN_POINT('Origin',(97.7202079314553,-4.25078505350277,41.8113650156861));
#6671=CARTESIAN_POINT('Origin',(95.3059943690821,-1.83657149112957,41.8113650156861));
#6672=CARTESIAN_POINT('Origin',(95.3059943690821,-1.83657149112957,41.8113650156861));
#6673=CARTESIAN_POINT('Origin',(60.1344214938283,-1.83657149112957,41.8113650156861));
#6674=CARTESIAN_POINT('Origin',(60.1344214938283,-1.83657149112957,41.8113650156861));
#6675=CARTESIAN_POINT('Origin',(55.7202079314552,-6.25078505350265,41.8113650156861));
#6676=CARTESIAN_POINT('Origin',(55.7202079314552,-6.25078505350265,41.8113650156861));
#6677=CARTESIAN_POINT('Origin',(55.7202079314552,-10.4213488046152,41.8113650156861));
#6678=CARTESIAN_POINT('Origin',(55.7202079314552,-10.4213488046152,41.8113650156861));
#6679=CARTESIAN_POINT('Origin',(55.7202079314552,-21.2497759293614,41.8113650156861));
#6680=CARTESIAN_POINT('Origin',(55.7202079314552,-21.2497759293614,41.8113650156861));
#6681=CARTESIAN_POINT('Origin',(55.7202079314552,-27.4205367104875,41.8113650156861));
#6682=CARTESIAN_POINT('Origin',(55.7202079314552,-27.4205367104875,41.8113650156861));
#6683=CARTESIAN_POINT('Origin',(58.1337483816185,-29.8357014149649,41.8113650156861));
#6684=CARTESIAN_POINT('Origin',(58.1337483816185,-29.8357014149649,41.8113650156861));
#6685=CARTESIAN_POINT('Origin',(57.7191984679844,-30.8355620274303,39.8113650156861));
#6686=CARTESIAN_POINT('',(55.0128633374449,-28.1274055988425,28.8113650156861));
#6687=CARTESIAN_POINT('',(55.0128633374449,-28.1274055988425,39.8113650156861));
#6688=CARTESIAN_POINT('',(57.4264037876081,-30.5425703033199,28.8113650156861));
#6689=CARTESIAN_POINT('',(54.7202079314552,-27.8345532428471,28.8113650156861));
#6690=CARTESIAN_POINT('',(57.4264037876081,-30.5425703033199,39.8113650156861));
#6691=CARTESIAN_POINT('Origin',(55.7202079314552,-27.4205367104875,39.8113650156861));
#6692=CARTESIAN_POINT('',(54.7202079314552,-27.4205367104875,28.8113650156861));
#6693=CARTESIAN_POINT('',(54.7202079314552,-27.4205367104875,39.8113650156861));
#6694=CARTESIAN_POINT('Origin',(55.7202079314552,-27.4205367104875,28.8113650156861));
#6695=CARTESIAN_POINT('Origin',(54.7202079314552,-27.8345532428471,39.8113650156861));
#6696=CARTESIAN_POINT('',(54.7202079314552,-21.2497759293614,28.8113650156861));
#6697=CARTESIAN_POINT('',(54.7202079314552,-21.2497759293614,39.8113650156861));
#6698=CARTESIAN_POINT('',(54.7202079314552,-30.8345532428471,28.8113650156861));
#6699=CARTESIAN_POINT('Origin',(55.7202079314552,-21.2497759293614,39.8113650156861));
#6700=CARTESIAN_POINT('',(55.0131011502687,-20.5426691481749,28.8113650156861));
#6701=CARTESIAN_POINT('',(55.0131011502687,-20.5426691481749,39.8113650156861));
#6702=CARTESIAN_POINT('Origin',(55.7202079314552,-21.2497759293614,28.8113650156861));
#6703=CARTESIAN_POINT('Origin',(54.7202079314552,-20.8355623669883,39.8113650156861));
#6704=CARTESIAN_POINT('',(55.9273147126418,-19.6284555858018,28.8113650156861));
#6705=CARTESIAN_POINT('',(55.9273147126418,-19.6284555858018,39.8113650156861));
#6706=CARTESIAN_POINT('',(56.2202079314552,-19.3355623669883,28.8113650156861));
#6707=CARTESIAN_POINT('Origin',(55.2202079314553,-18.9213488046152,39.8113650156861));
#6708=CARTESIAN_POINT('',(56.2202079314552,-18.9213488046152,28.8113650156861));
#6709=CARTESIAN_POINT('',(56.2202079314552,-18.9213488046152,39.8113650156861));
#6710=CARTESIAN_POINT('Origin',(55.2202079314553,-18.9213488046152,28.8113650156861));
#6711=CARTESIAN_POINT('Origin',(56.2202079314552,-19.3355623669883,39.8113650156861));
#6712=CARTESIAN_POINT('',(56.2202079314552,-12.7497759293614,28.8113650156861));
#6713=CARTESIAN_POINT('',(56.2202079314552,-12.7497759293614,39.8113650156861));
#6714=CARTESIAN_POINT('',(56.2202079314552,-12.3355623669883,28.8113650156861));
#6715=CARTESIAN_POINT('Origin',(55.2202079314553,-12.7497759293614,39.8113650156861));
#6716=CARTESIAN_POINT('',(55.9273147126418,-12.0426691481749,28.8113650156861));
#6717=CARTESIAN_POINT('',(55.9273147126418,-12.0426691481749,39.8113650156861));
#6718=CARTESIAN_POINT('Origin',(55.2202079314553,-12.7497759293614,28.8113650156861));
#6719=CARTESIAN_POINT('Origin',(56.2202079314552,-12.3355623669883,39.8113650156861));
#6720=CARTESIAN_POINT('',(55.0131011502687,-11.1284555858018,28.8113650156861));
#6721=CARTESIAN_POINT('',(55.0131011502687,-11.1284555858018,39.8113650156861));
#6722=CARTESIAN_POINT('',(54.7202079314552,-10.8355623669883,28.8113650156861));
#6723=CARTESIAN_POINT('Origin',(55.7202079314552,-10.4213488046152,39.8113650156861));
#6724=CARTESIAN_POINT('',(54.7202079314552,-10.4213488046152,28.8113650156861));
#6725=CARTESIAN_POINT('',(54.7202079314552,-10.4213488046152,39.8113650156861));
#6726=CARTESIAN_POINT('Origin',(55.7202079314552,-10.4213488046152,28.8113650156861));
#6727=CARTESIAN_POINT('Origin',(54.7202079314552,-10.8355623669883,39.8113650156861));
#6728=CARTESIAN_POINT('',(54.7202079314552,-6.25078505350265,28.8113650156861));
#6729=CARTESIAN_POINT('',(54.7202079314552,-6.25078505350265,39.8113650156861));
#6730=CARTESIAN_POINT('',(54.7202079314552,-30.8345532428471,28.8113650156861));
#6731=CARTESIAN_POINT('Origin',(55.7202079314552,-6.25078505350265,39.8113650156861));
#6732=CARTESIAN_POINT('',(55.0131011502687,-5.5436782723161,28.8113650156861));
#6733=CARTESIAN_POINT('',(55.0131011502687,-5.5436782723161,39.8113650156861));
#6734=CARTESIAN_POINT('Origin',(55.7202079314552,-6.25078505350265,28.8113650156861));
#6735=CARTESIAN_POINT('Origin',(54.7202079314552,-5.83657149112955,39.8113650156861));
#6736=CARTESIAN_POINT('',(59.4273147126418,-1.12946470994302,28.8113650156861));
#6737=CARTESIAN_POINT('',(59.4273147126418,-1.12946470994302,39.8113650156861));
#6738=CARTESIAN_POINT('',(54.7202079314552,-5.83657149112955,28.8113650156861));
#6739=CARTESIAN_POINT('Origin',(60.1344214938283,-1.83657149112957,39.8113650156861));
#6740=CARTESIAN_POINT('',(60.1344214938283,-0.836571491129567,28.8113650156861));
#6741=CARTESIAN_POINT('',(60.1344214938283,-0.836571491129567,39.8113650156861));
#6742=CARTESIAN_POINT('Origin',(60.1344214938283,-1.83657149112957,28.8113650156861));
#6743=CARTESIAN_POINT('Origin',(59.7202079314552,-0.836571491129567,39.8113650156861));
#6744=CARTESIAN_POINT('',(95.3059943690821,-0.836571491129575,41.3113650156862));
#6745=CARTESIAN_POINT('',(86.8942122446993,-0.836571491129573,29.8113650156861));
#6746=CARTESIAN_POINT('Origin',(86.8942122446993,-0.836571491129573,28.8113650156861));
#6747=CARTESIAN_POINT('',(81.7442122446994,-0.836571491129572,29.8113650156861));
#6748=CARTESIAN_POINT('',(73.5572100880773,-0.83657149112957,29.8113650156861));
#6749=CARTESIAN_POINT('',(80.7442122446994,-0.836571491129572,28.8113650156861));
#6750=CARTESIAN_POINT('Origin',(81.7442122446994,-0.836571491129572,28.8113650156861));
#6751=CARTESIAN_POINT('',(76.7243391787336,-0.836571491129571,28.8113650156861));
#6752=CARTESIAN_POINT('',(54.7202079314552,-0.836571491129566,28.8113650156861));
#6753=CARTESIAN_POINT('',(76.7243391787337,-0.836571491129571,29.1113903268231));
#6754=CARTESIAN_POINT('',(76.7243391787338,-0.836571491129571,34.3113650156858));
#6755=CARTESIAN_POINT('',(75.2243391902066,-0.836571491129571,30.6113903153501));
#6756=CARTESIAN_POINT('Origin',(75.2243391902067,-0.836571491129571,29.1113903268231));
#6757=CARTESIAN_POINT('',(66.9243393082327,-0.836571491129569,30.6113903153501));
#6758=CARTESIAN_POINT('',(67.472273560831,-0.836571491129569,30.6113903153501));
#6759=CARTESIAN_POINT('',(65.4243393207097,-0.836571491129569,29.1113904621386));
#6760=CARTESIAN_POINT('Origin',(66.9243393134671,-0.836571491129569,29.1113903225927));
#6761=CARTESIAN_POINT('',(65.4243393207097,-0.836571491129569,28.8113650156861));
#6762=CARTESIAN_POINT('',(65.4243393207097,-0.836571491129569,34.4613777156547));
#6763=CARTESIAN_POINT('',(54.7202079314552,-0.836571491129566,28.8113650156861));
#6764=CARTESIAN_POINT('Origin',(95.3059943690821,-1.83657149112957,41.3113650156862));
#6765=CARTESIAN_POINT('',(96.0131011502686,-1.12946470994303,41.3113650156862));
#6766=CARTESIAN_POINT('Origin',(99.0217716434333,-4.13813520310767,42.8113650156861));
#6767=CARTESIAN_POINT('',(98.4273147126418,-3.54367827231622,41.3113650156861));
#6768=CARTESIAN_POINT('Origin',(97.7202079314553,-4.25078505350276,41.3113650156861));
#6769=CARTESIAN_POINT('Origin',(97.2202079314553,-11.3429626106909,39.8113650156861));
#6770=CARTESIAN_POINT('',(97.5131011502687,-11.0500693918774,42.3113650156861));
#6771=CARTESIAN_POINT('',(91.2828340295569,-17.2803365125895,42.3113650156861));
#6772=CARTESIAN_POINT('',(97.5131011502687,-11.0500693918774,39.8113650156861));
#6773=CARTESIAN_POINT('Origin',(98.2202079314553,-19.9287490483178,42.5613650156861));
#6774=CARTESIAN_POINT('',(97.2202079314553,-19.9287490483178,42.3113650156861));
#6775=CARTESIAN_POINT('Origin',(98.2202079314553,-19.9287490483178,42.3113650156861));
#6776=CARTESIAN_POINT('',(97.2202079314553,-19.9287490483178,42.3113650156861));
#6777=CARTESIAN_POINT('Origin',(96.9702079314553,-17.467710414488,42.5613650156861));
#6778=CARTESIAN_POINT('',(97.2202079314553,-11.757176173064,42.3113650156861));
#6779=CARTESIAN_POINT('',(97.2202079314553,-11.757176173064,42.3113650156861));
#6780=CARTESIAN_POINT('',(97.2202079314553,-17.467710414488,42.3113650156861));
#6781=CARTESIAN_POINT('Origin',(98.2202079314553,-11.757176173064,42.5613650156861));
#6782=CARTESIAN_POINT('Origin',(98.2202079314553,-11.757176173064,42.3113650156861));
#6783=CARTESIAN_POINT('',(97.5131011502687,-11.0500693918774,42.3113650156861));
#6784=CARTESIAN_POINT('Origin',(91.1060573342603,-17.1035598172928,42.5613650156861));
#6785=CARTESIAN_POINT('Origin',(98.2202079314553,-11.757176173064,39.8113650156861));
#6786=CARTESIAN_POINT('',(97.2202079314553,-11.757176173064,39.8113650156861));
#6787=CARTESIAN_POINT('Origin',(97.2202079314553,-20.3429626106909,39.8113650156861));
#6788=CARTESIAN_POINT('',(97.2202079314553,-19.9287490483178,39.8113650156861));
#6789=CARTESIAN_POINT('Origin',(98.2202079314553,-19.9287490483178,39.8113650156861));
#6790=CARTESIAN_POINT('Origin',(76.7202079314553,-14.592458218285,28.8113650156861));
#6791=CARTESIAN_POINT('',(65.9243393207097,-1.33657149112957,28.8113650156861));
#6792=CARTESIAN_POINT('',(71.812278155185,-7.22451032560483,28.8113650156861));
#6793=CARTESIAN_POINT('',(65.9243393207097,-2.83657149112957,28.8113650156861));
#6794=CARTESIAN_POINT('',(65.9243393207097,-7.7145148547073,28.8113650156861));
#6795=CARTESIAN_POINT('',(62.6702079314553,-2.83657149112957,28.8113650156861));
#6796=CARTESIAN_POINT('',(83.7202079314553,-2.83657149112957,28.8113650156861));
#6797=CARTESIAN_POINT('',(62.6702079314553,-8.7145148547073,28.8113650156861));
#6798=CARTESIAN_POINT('',(75.9612393210328,-30.3365715194166,28.8113650156861));
#6799=CARTESIAN_POINT('',(75.9638023685638,-22.7169514167126,28.8113650156861));
#6800=CARTESIAN_POINT('',(75.4610711336855,-30.8365714911296,28.8113650156861));
#6801=CARTESIAN_POINT('',(75.4610711336855,-30.8365714911296,28.8113650156861));
#6802=CARTESIAN_POINT('',(60.7202079314552,-30.8365714911296,28.8113650156861));
#6803=CARTESIAN_POINT('',(60.7202079314553,-30.8365714911296,28.8113650156861));
#6804=CARTESIAN_POINT('',(58.1334120069238,-30.8357013583909,28.8113650156861));
#6805=CARTESIAN_POINT('',(98.7202079314553,-30.8493537302521,28.8113650156861));
#6806=CARTESIAN_POINT('Origin',(58.1337483816185,-29.8357014149649,28.8113650156861));
#6807=CARTESIAN_POINT('',(61.4542449168461,-6.95584713292615,28.8113650156861));
#6808=CARTESIAN_POINT('Origin',(60.1042449168461,-6.95584713292615,28.8113650156861));
#6809=CARTESIAN_POINT('',(61.4542449168461,-24.9558471329261,28.8113650156861));
#6810=CARTESIAN_POINT('Origin',(60.1042449168461,-24.9558471329261,28.8113650156861));
#6811=CARTESIAN_POINT('Origin',(58.1337483816185,-29.8357014149649,39.8113650156861));
#6812=CARTESIAN_POINT('',(58.1334120069238,-30.8357013583909,39.8113650156861));
#6813=CARTESIAN_POINT('Origin',(60.7202079314552,-30.8365714911296,39.8113650156861));
#6814=CARTESIAN_POINT('',(60.7202079314552,-30.8365714911296,39.8113650156861));
#6815=CARTESIAN_POINT('Origin',(95.3071424945655,-29.8482056047687,39.8113650156861));
#6816=CARTESIAN_POINT('',(95.3068061198708,-30.8482055481948,39.8113650156861));
#6817=CARTESIAN_POINT('Origin',(91.7734370184947,-5.84296261069082,39.8113650156861));
#6818=CARTESIAN_POINT('',(91.7734370184947,-5.84296261069082,39.8113650156861));
#6819=CARTESIAN_POINT('Origin',(63.7734370184947,-5.8429626106908,39.8113650156861));
#6820=CARTESIAN_POINT('Origin',(60.1042449168461,-24.9558471329261,39.8113650156861));
#6821=CARTESIAN_POINT('',(62.3542449168461,-24.9558471329261,39.8113650156861));
#6822=CARTESIAN_POINT('Origin',(60.1042449168461,-6.95584713292615,39.8113650156861));
#6823=CARTESIAN_POINT('',(62.3542449168461,-6.95584713292615,39.8113650156861));
#6824=CARTESIAN_POINT('Origin',(81.235396854615,-15.9406603501442,37.8113650156861));
#6825=CARTESIAN_POINT('Origin',(73.3245236495808,-13.8268605143954,37.8113650156861));
#6826=CARTESIAN_POINT('Origin',(77.2890323543972,-15.9406603501442,37.8113650156861));
#6827=CARTESIAN_POINT('Origin',(85.1675081857549,-15.8981272949269,37.8113650156861));
#6828=CARTESIAN_POINT('Origin',(85.8412271564137,-30.595021552637,29.5613650156861));
#6829=CARTESIAN_POINT('',(76.7202079314553,-30.8419534865496,29.8113650156861));
#6830=CARTESIAN_POINT('',(76.7202079314553,-30.3419534582626,29.3113650156861));
#6831=CARTESIAN_POINT('',(76.7202079314553,-33.2177204995789,32.1871318943089));
#6832=CARTESIAN_POINT('',(84.5112363058158,-30.3445741632018,29.3113650156861));
#6833=CARTESIAN_POINT('',(85.8413112500874,-30.3450215667805,29.3113650156861));
#6834=CARTESIAN_POINT('',(84.5110681184684,-30.8445741349148,29.8113650156861));
#6835=CARTESIAN_POINT('',(84.5112363058158,-30.3445741632018,29.3113650156861));
#6836=CARTESIAN_POINT('',(85.8411430627401,-30.8450215384935,29.8113650156861));
#6837=CARTESIAN_POINT('Origin',(84.5111522121421,-30.5945741490583,28.8113650156861));
#6838=CARTESIAN_POINT('Origin',(84.5110681184684,-30.8445741349148,28.8113650156861));
#6839=CARTESIAN_POINT('Origin',(84.5112363058158,-30.3445741632018,28.8113650156861));
#6840=CARTESIAN_POINT('Origin',(84.5110681184684,-30.8445741349148,28.8113650156861));
#6841=CARTESIAN_POINT('',(84.5110681184684,-30.8445741349148,29.3113650156861));
#6842=CARTESIAN_POINT('Origin',(75.9610694092133,-30.8416981315464,29.3113650156861));
#6843=CARTESIAN_POINT('',(76.7202079314553,-30.3365714911296,29.3113650156861));
#6844=CARTESIAN_POINT('',(76.7202079314553,-30.841825809048,29.3113650156861));
#6845=CARTESIAN_POINT('',(76.4612393493293,-30.3365714911296,29.3113650156861));
#6846=CARTESIAN_POINT('',(76.3406386703343,-30.3365714911296,29.3113650156861));
#6847=CARTESIAN_POINT('',(76.4610693809263,-30.8418663188938,29.3113650156861));
#6848=CARTESIAN_POINT('Ctrl Pts',(76.4612392912926,-30.3363989552684,29.3111924798444));
#6849=CARTESIAN_POINT('Ctrl Pts',(76.3490542330914,-30.3363989552662,29.3111924537921));
#6850=CARTESIAN_POINT('Ctrl Pts',(76.086927234702,-30.3363989673167,29.219744893684));
#6851=CARTESIAN_POINT('Ctrl Pts',(75.9614119149307,-30.3363989835652,28.9608947181908));
#6852=CARTESIAN_POINT('Ctrl Pts',(75.9614119149307,-30.3363989835652,28.8113650156861));
#6853=CARTESIAN_POINT('Ctrl Pts',(76.4612953730779,-30.5031231338887,29.4779166396004));
#6854=CARTESIAN_POINT('Ctrl Pts',(76.3116894955822,-30.5031231338873,29.4779417883855));
#6855=CARTESIAN_POINT('Ctrl Pts',(75.9620787420908,-30.503123141921,29.3560480404681));
#6856=CARTESIAN_POINT('Ctrl Pts',(75.7946316545157,-30.5031231527533,29.0108059440809));
#6857=CARTESIAN_POINT('Ctrl Pts',(75.7946316545157,-30.5031231527533,28.8113650156861));
#6858=CARTESIAN_POINT('Ctrl Pts',(76.461351454863,-30.6698473125092,29.6446407993562));
#6859=CARTESIAN_POINT('Ctrl Pts',(76.2743247580729,-30.6698473125085,29.6446911229791));
#6860=CARTESIAN_POINT('Ctrl Pts',(75.8372302494797,-30.6698473165253,29.4923511872523));
#6861=CARTESIAN_POINT('Ctrl Pts',(75.6278513941006,-30.6698473219414,29.0607171699711));
#6862=CARTESIAN_POINT('Ctrl Pts',(75.6278513941006,-30.6698473219414,28.8113650156861));
#6863=CARTESIAN_POINT('Ctrl Pts',(76.4614075366482,-30.8365714911296,29.8113649591121));
#6864=CARTESIAN_POINT('Ctrl Pts',(76.2369600205636,-30.8365714911296,29.8114404575726));
#6865=CARTESIAN_POINT('Ctrl Pts',(75.7123817568686,-30.8365714911296,29.6286543340364));
#6866=CARTESIAN_POINT('Ctrl Pts',(75.4610711336855,-30.8365714911296,29.1106283958612));
#6867=CARTESIAN_POINT('Ctrl Pts',(75.4610711336855,-30.8365714911296,28.8113650156861));
#6868=CARTESIAN_POINT('Ctrl Pts',(75.9612393210328,-30.3365715194166,28.8113650156861));
#6869=CARTESIAN_POINT('Ctrl Pts',(75.9612393210328,-30.3365715194166,28.8773916345183));
#6870=CARTESIAN_POINT('Ctrl Pts',(75.974312894235,-30.3373556197896,28.9427764926001));
#6871=CARTESIAN_POINT('Ctrl Pts',(76.0248662379257,-30.3376945109256,29.0640365953382));
#6872=CARTESIAN_POINT('Ctrl Pts',(76.0615373206574,-30.337227308652,29.1187700235448));
#6873=CARTESIAN_POINT('Ctrl Pts',(76.1537855495567,-30.3363989658461,29.2110179443427));
#6874=CARTESIAN_POINT('Ctrl Pts',(76.2084231755155,-30.3366458099312,29.2476335900244));
#6875=CARTESIAN_POINT('Ctrl Pts',(76.3296152436994,-30.3368723922971,29.2982469191175));
#6876=CARTESIAN_POINT('Ctrl Pts',(76.3951058262378,-30.3365714911283,29.3113650156861));
#6877=CARTESIAN_POINT('Ctrl Pts',(76.4612393493293,-30.3365714911296,29.3113650156861));
#6878=CARTESIAN_POINT('',(76.4613234429806,-30.8365714911296,29.811364994382));
#6879=CARTESIAN_POINT('Ctrl Pts',(76.4612393493293,-30.3365714911296,29.3113650156861));
#6880=CARTESIAN_POINT('Ctrl Pts',(76.4612813961586,-30.5032381577962,29.4780316634948));
#6881=CARTESIAN_POINT('Ctrl Pts',(76.4613094273814,-30.6699048244629,29.6446983201209));
#6882=CARTESIAN_POINT('Ctrl Pts',(76.4613234429878,-30.8365714911296,29.81136498373));
#6883=CARTESIAN_POINT('Ctrl Pts',(76.4613234429716,-30.8365714911296,29.81136498373));
#6884=CARTESIAN_POINT('Ctrl Pts',(76.236903866054,-30.8365714911296,29.8114208896401));
#6885=CARTESIAN_POINT('Ctrl Pts',(75.7123683056616,-30.8365714911296,29.6286266070983));
#6886=CARTESIAN_POINT('Ctrl Pts',(75.4610711336855,-30.8365714911296,29.1106283958612));
#6887=CARTESIAN_POINT('Ctrl Pts',(75.4610711336855,-30.8365714911296,28.8113650156861));
#6888=CARTESIAN_POINT('Origin',(76.3406386703343,-30.5865714911296,29.5613650156861));
#6889=CARTESIAN_POINT('',(76.7202079314553,-30.8365714911296,29.8113650156861));
#6890=CARTESIAN_POINT('',(76.7202079314553,-33.2129169899846,32.1877105145411));
#6891=CARTESIAN_POINT('',(76.3406386703343,-30.8365714911296,29.8113650156861));
#6892=CARTESIAN_POINT('Origin',(76.7202079314553,-30.8365714911296,39.8113650156861));
#6893=CARTESIAN_POINT('',(76.7202079314553,-30.8365714911296,39.8113650156861));
#6894=CARTESIAN_POINT('Origin',(76.4610693809263,-30.8418663188938,28.8113650156861));
#6895=CARTESIAN_POINT('Origin',(81.7442122446994,-1.08657149112957,28.8113650156861));
#6896=CARTESIAN_POINT('',(81.2442122446994,-1.33657149112956,28.8113650156861));
#6897=CARTESIAN_POINT('',(80.9942122446994,-1.08657149112957,28.8113650156861));
#6898=CARTESIAN_POINT('',(81.7442122446994,-1.33657149112956,29.3113650156861));
#6899=CARTESIAN_POINT('',(81.7442122446994,-0.836571491129572,29.8113650156861));
#6900=CARTESIAN_POINT('Origin',(81.7442122446994,-1.33657149112956,28.8113650156861));
#6901=CARTESIAN_POINT('Origin',(73.5572100880773,-1.08657149112957,29.5613650156861));
#6902=CARTESIAN_POINT('',(86.8942122446993,-1.33657149112957,29.3113650156861));
#6903=CARTESIAN_POINT('',(86.8942122446993,-0.836571491129573,29.8113650156861));
#6904=CARTESIAN_POINT('',(73.5572100880773,-1.33657149112957,29.3113650156861));
#6905=CARTESIAN_POINT('Origin',(86.8942122446993,-1.08657149112957,28.8113650156861));
#6906=CARTESIAN_POINT('Origin',(86.8942122446993,-1.33657149112956,28.8113650156861));
#6907=CARTESIAN_POINT('Origin',(76.7202079314553,-14.592458218285,28.8113650156861));
#6908=CARTESIAN_POINT('',(81.2442122446994,-2.83657149112957,28.8113650156861));
#6909=CARTESIAN_POINT('',(81.2442122446994,-7.7145148547073,28.8113650156861));
#6910=CARTESIAN_POINT('',(76.2243391787337,-2.83657149112957,28.8113650156861));
#6911=CARTESIAN_POINT('',(83.7202079314553,-2.83657149112957,28.8113650156861));
#6912=CARTESIAN_POINT('',(76.2243391787337,-1.33657149112957,28.8113650156861));
#6913=CARTESIAN_POINT('',(76.2243391787337,-7.7145148547073,28.8113650156861));
#6914=CARTESIAN_POINT('',(73.1593346851252,-4.40157598473801,28.8113650156861));
#6915=CARTESIAN_POINT('Origin',(81.7442122446994,-0.836571491129571,28.8113650156861));
#6916=CARTESIAN_POINT('',(81.7442122446994,-2.83657149112957,29.3113650156861));
#6917=CARTESIAN_POINT('',(81.7442122446994,-0.836571491129571,29.3113650156861));
#6918=CARTESIAN_POINT('Origin',(81.7442122446994,-2.83657149112957,28.8113650156861));
#6919=CARTESIAN_POINT('Origin',(87.3942122446993,-0.836571491129571,29.3113650156861));
#6920=CARTESIAN_POINT('',(86.8942122446993,-2.83657149112957,29.3113650156861));
#6921=CARTESIAN_POINT('',(86.8942122446993,-0.836571491129571,29.3113650156861));
#6922=CARTESIAN_POINT('',(89.0572100880773,-2.83657149112957,29.3113650156861));
#6923=CARTESIAN_POINT('Origin',(86.8942122446993,-0.836571491129571,28.8113650156861));
#6924=CARTESIAN_POINT('Origin',(86.8942122446993,-2.83657149112957,28.8113650156861));
#6925=CARTESIAN_POINT('Origin',(90.7202079314553,-2.83657149112957,28.8113650156861));
#6926=CARTESIAN_POINT('',(62.6702079314553,-2.83657149112957,37.3113650156861));
#6927=CARTESIAN_POINT('',(65.9243393207097,-2.83657149112957,29.1113904156233));
#6928=CARTESIAN_POINT('',(65.9243393207097,-2.83657149112957,28.9613777156547));
#6929=CARTESIAN_POINT('',(66.9243393082327,-2.83657149112957,30.1113903153501));
#6930=CARTESIAN_POINT('Origin',(66.9243393134671,-2.83657149112957,29.1113903225927));
#6931=CARTESIAN_POINT('',(75.2243391902067,-2.83657149112957,30.1113903153501));
#6932=CARTESIAN_POINT('',(82.972273560831,-2.83657149112957,30.1113903153501));
#6933=CARTESIAN_POINT('',(76.2243391787337,-2.83657149112957,29.1113903268231));
#6934=CARTESIAN_POINT('Origin',(75.2243391902067,-2.83657149112957,29.1113903268231));
#6935=CARTESIAN_POINT('',(76.2243391787336,-2.83657149112957,28.8113650156863));
#6936=CARTESIAN_POINT('Origin',(60.1042449168461,-24.9558471329261,39.8113650156861));
#6937=CARTESIAN_POINT('',(61.4542449168461,-24.9558471329261,39.8113650156861));
#6938=CARTESIAN_POINT('Origin',(60.1042449168461,-6.95584713292615,39.8113650156861));
#6939=CARTESIAN_POINT('',(61.4542449168461,-6.95584713292615,39.8113650156861));
#6940=CARTESIAN_POINT('Origin',(76.4743391787338,-1.08657149112957,34.3113650156858));
#6941=CARTESIAN_POINT('',(76.2243391787337,-1.33657149112957,29.1113903268231));
#6942=CARTESIAN_POINT('',(76.2243391787338,-1.33657149112957,34.3113650156858));
#6943=CARTESIAN_POINT('',(76.2243391787337,-1.33657149112957,29.1113903268231));
#6944=CARTESIAN_POINT('Origin',(75.2243391902067,-1.08657149112957,29.1113903268231));
#6945=CARTESIAN_POINT('',(75.2243391902067,-1.33657149112956,30.1113903153501));
#6946=CARTESIAN_POINT('',(75.2243391902067,-1.33657149112956,30.1113903153501));
#6947=CARTESIAN_POINT('Origin',(75.2243391902067,-1.33657149112956,29.1113903268231));
#6948=CARTESIAN_POINT('Origin',(67.472273560831,-1.08657149112957,30.3613903153501));
#6949=CARTESIAN_POINT('',(66.9243393082327,-1.33657149112957,30.1113903153501));
#6950=CARTESIAN_POINT('',(66.9243393082327,-1.33657149112957,30.1113903153501));
#6951=CARTESIAN_POINT('',(67.472273560831,-1.33657149112957,30.1113903153501));
#6952=CARTESIAN_POINT('Origin',(66.9243393134671,-1.08657149112957,29.1113903225927));
#6953=CARTESIAN_POINT('',(65.9243393207097,-1.33657149112957,29.1113904156233));
#6954=CARTESIAN_POINT('',(65.9243393207097,-1.33657149112957,29.1113904156233));
#6955=CARTESIAN_POINT('Origin',(66.9243393134671,-1.33657149112957,29.1113903225927));
#6956=CARTESIAN_POINT('Origin',(65.6743393207097,-1.08657149112957,34.4613777156547));
#6957=CARTESIAN_POINT('',(65.9243393207097,-1.33657149112957,34.4613777156547));
#6958=CARTESIAN_POINT('Origin',(66.9243393134671,-0.836571491129569,29.1113903225927));
#6959=CARTESIAN_POINT('',(66.9243393082327,-0.836571491129569,30.1113903153501));
#6960=CARTESIAN_POINT('',(65.9243393207097,-0.836571491129569,29.1113904156233));
#6961=CARTESIAN_POINT('Origin',(75.2243391902067,-0.83657149112957,30.1113903153501));
#6962=CARTESIAN_POINT('',(75.2243391902067,-0.83657149112957,30.1113903153501));
#6963=CARTESIAN_POINT('Origin',(75.2243391902067,-0.83657149112957,29.1113903268231));
#6964=CARTESIAN_POINT('',(76.2243391787337,-0.83657149112957,29.1113903268231));
#6965=CARTESIAN_POINT('Origin',(76.2243391787337,-0.836571491129569,28.8113650156861));
#6966=CARTESIAN_POINT('Origin',(65.9243393207097,-0.836571491129569,29.1113904156233));
#6967=CARTESIAN_POINT('Origin',(62.6702079314553,-2.83657149112957,28.8113650156861));
#6968=CARTESIAN_POINT('Origin',(76.7202079314553,-30.8419534865496,39.8113650156861));
#6969=CARTESIAN_POINT('',(76.7202079314553,-30.8419534865496,39.8113650156861));
#6970=CARTESIAN_POINT('Origin',(95.7212167162668,-30.8483449454405,39.8113650156861));
#6971=UNCERTAINTY_MEASURE_WITH_UNIT(LENGTH_MEASURE(0.01),#6975,
'DISTANCE_ACCURACY_VALUE',
'Maximum model space distance between geometric entities at asserted c
onnectivities');
#6972=UNCERTAINTY_MEASURE_WITH_UNIT(LENGTH_MEASURE(0.01),#6975,
'DISTANCE_ACCURACY_VALUE',
'Maximum model space distance between geometric entities at asserted c
onnectivities');
#6973=(
GEOMETRIC_REPRESENTATION_CONTEXT(3)
GLOBAL_UNCERTAINTY_ASSIGNED_CONTEXT((#6971))
GLOBAL_UNIT_ASSIGNED_CONTEXT((#6975,#6977,#6978))
REPRESENTATION_CONTEXT('','3D')
);
#6974=(
GEOMETRIC_REPRESENTATION_CONTEXT(3)
GLOBAL_UNCERTAINTY_ASSIGNED_CONTEXT((#6972))
GLOBAL_UNIT_ASSIGNED_CONTEXT((#6975,#6977,#6978))
REPRESENTATION_CONTEXT('','3D')
);
#6975=(
LENGTH_UNIT()
NAMED_UNIT(*)
SI_UNIT(.MILLI.,.METRE.)
);
#6976=(
LENGTH_UNIT()
NAMED_UNIT(*)
SI_UNIT($,.METRE.)
);
#6977=(
NAMED_UNIT(*)
PLANE_ANGLE_UNIT()
SI_UNIT($,.RADIAN.)
);
#6978=(
NAMED_UNIT(*)
SI_UNIT($,.STERADIAN.)
SOLID_ANGLE_UNIT()
);
#6979=SHAPE_DEFINITION_REPRESENTATION(#6980,#6981);
#6980=PRODUCT_DEFINITION_SHAPE('',$,#6983);
#6981=SHAPE_REPRESENTATION('',(#4244),#6973);
#6982=PRODUCT_DEFINITION_CONTEXT('part definition',#6987,'design');
#6983=PRODUCT_DEFINITION('imu top','(\X2\672A4FDD5B58\X0\)',#6984,#6982);
#6984=PRODUCT_DEFINITION_FORMATION('',$,#6989);
#6985=PRODUCT_RELATED_PRODUCT_CATEGORY('(\X2\672A4FDD5B58\X0\)',
'(\X2\672A4FDD5B58\X0\)',(#6989));
#6986=APPLICATION_PROTOCOL_DEFINITION('international standard',
'automotive_design',2009,#6987);
#6987=APPLICATION_CONTEXT(
'Core Data for Automotive Mechanical Design Process');
#6988=PRODUCT_CONTEXT('part definition',#6987,'mechanical');
#6989=PRODUCT('imu top','(\X2\672A4FDD5B58\X0\)',$,(#6988));
#6990=PRESENTATION_STYLE_ASSIGNMENT((#6992));
#6991=PRESENTATION_STYLE_ASSIGNMENT((#6993));
#6992=SURFACE_STYLE_USAGE(.BOTH.,#6994);
#6993=SURFACE_STYLE_USAGE(.BOTH.,#6995);
#6994=SURFACE_SIDE_STYLE('',(#6996));
#6995=SURFACE_SIDE_STYLE('',(#6997));
#6996=SURFACE_STYLE_FILL_AREA(#6998);
#6997=SURFACE_STYLE_FILL_AREA(#6999);
#6998=FILL_AREA_STYLE('\X2\94A2\X0\ - \X2\7F0E5149\X0\',(#7000));
#6999=FILL_AREA_STYLE('Opaque(160,160,160)',(#7001));
#7000=FILL_AREA_STYLE_COLOUR('\X2\94A2\X0\ - \X2\7F0E5149\X0\',#7002);
#7001=FILL_AREA_STYLE_COLOUR('Opaque(160,160,160)',#7003);
#7002=COLOUR_RGB('\X2\94A2\X0\ - \X2\7F0E5149\X0\',0.627450980392157,0.627450980392157,
0.627450980392157);
#7003=COLOUR_RGB('Opaque(160,160,160)',0.627450980392157,0.627450980392157,
0.627450980392157);
ENDSEC;
END-ISO-10303-21;
