ISO-10303-21;
HEADER;
/* Generated by software containing ST-Developer
 * from STEP Tools, Inc. (www.steptools.com) 
 */

FILE_DESCRIPTION(
/* description */ (''),
/* implementation_level */ '2;1');

FILE_NAME(
/* name */ 'imu bottom.step',
/* time_stamp */ '2025-09-10T10:55:30+08:00',
/* author */ (''),
/* organization */ (''),
/* preprocessor_version */ 'ST-DEVELOPER v20.1',
/* originating_system */ 'Autodesk Translation Framework v14.10.0.0',
/* authorisation */ '');

FILE_SCHEMA (('AUTOMOTIVE_DESIGN { 1 0 10303 214 3 1 1 }'));
ENDSEC;

DATA;
#10=MECHANICAL_DESIGN_GEOMETRIC_PRESENTATION_REPRESENTATION('',(#13),#3293);
#11=SHAPE_REPRESENTATION_RELATIONSHIP('SRR','None',#3300,#12);
#12=ADVANCED_BREP_SHAPE_REPRESENTATION('',(#14),#3292);
#13=STYLED_ITEM('',(#3309),#14);
#14=MANIFOLD_SOLID_BREP('\X2\5B9E4F53\X0\1',#1932);
#15=B_SPLINE_SURFACE_WITH_KNOTS('',3,3,((#3108,#3109,#3110,#3111),(#3112,
#3113,#3114,#3115),(#3116,#3117,#3118,#3119),(#3120,#3121,#3122,#3123)),
 .UNSPECIFIED.,.F.,.F.,.F.,(4,4),(4,4),(0.,1.),(-0.248762827848417,1.77503483916527E-11),
 .UNSPECIFIED.);
#16=B_SPLINE_SURFACE_WITH_KNOTS('',3,3,((#3130,#3131,#3132,#3133),(#3134,
#3135,#3136,#3137),(#3138,#3139,#3140,#3141),(#3142,#3143,#3144,#3145)),
 .UNSPECIFIED.,.F.,.F.,.F.,(4,4),(4,4),(0.,1.),(-1.57079632679491,-1.32203349894645),
 .UNSPECIFIED.);
#17=CONICAL_SURFACE('',#2054,1.70000001258099,0.785398163397449);
#18=CONICAL_SURFACE('',#2058,1.70000001258101,0.785398163397446);
#19=CONICAL_SURFACE('',#2061,1.70000001258101,0.785398163397449);
#20=CONICAL_SURFACE('',#2063,1.70000001258178,0.785398163397455);
#21=CONICAL_SURFACE('',#2073,1.25,0.785398163397449);
#22=CONICAL_SURFACE('',#2076,1.25,0.785398163397449);
#23=CONICAL_SURFACE('',#2086,1.25,0.785398163397448);
#24=CONICAL_SURFACE('',#2089,1.25,0.785398163397448);
#25=CONICAL_SURFACE('',#2099,0.500000000000425,0.785398163397448);
#26=CONICAL_SURFACE('',#2102,0.500000000000009,0.785398163397451);
#27=B_SPLINE_CURVE_WITH_KNOTS('',3,(#2877,#2878,#2879,#2880,#2881,#2882,
#2883,#2884,#2885,#2886,#2887,#2888,#2889,#2890,#2891,#2892,#2893,#2894,
#2895),.UNSPECIFIED.,.F.,.F.,(4,3,3,3,3,3,4),(0.0485378127067356,0.0515988768699597,
0.0564690723344327,0.0661313947310091,0.0812995586597924,0.088592129356772,
0.0970724323649966),.UNSPECIFIED.);
#28=B_SPLINE_CURVE_WITH_KNOTS('',3,(#2899,#2900,#2901,#2902,#2903,#2904,
#2905,#2906,#2907,#2908),.UNSPECIFIED.,.F.,.F.,(4,2,2,2,4),(0.,0.0327113876282833,
0.0416188601679146,0.0469128884653447,0.0485851894630106),.UNSPECIFIED.);
#29=B_SPLINE_CURVE_WITH_KNOTS('',3,(#3125,#3126,#3127,#3128),
 .UNSPECIFIED.,.F.,.F.,(4,4),(-0.248762827848417,1.77503483916527E-11),
 .UNSPECIFIED.);
#30=B_SPLINE_CURVE_WITH_KNOTS('',3,(#3148,#3149,#3150,#3151),
 .UNSPECIFIED.,.F.,.F.,(4,4),(-1.57079632679491,-1.32203349894645),
 .UNSPECIFIED.);
#31=FACE_BOUND('',#210,.T.);
#32=FACE_BOUND('',#211,.T.);
#33=FACE_BOUND('',#212,.T.);
#34=FACE_BOUND('',#213,.T.);
#35=FACE_BOUND('',#226,.T.);
#36=FACE_BOUND('',#227,.T.);
#37=FACE_BOUND('',#253,.T.);
#38=FACE_BOUND('',#254,.T.);
#39=FACE_BOUND('',#312,.T.);
#40=PLANE('',#1952);
#41=PLANE('',#1956);
#42=PLANE('',#1957);
#43=PLANE('',#1961);
#44=PLANE('',#1976);
#45=PLANE('',#1979);
#46=PLANE('',#1986);
#47=PLANE('',#1991);
#48=PLANE('',#2002);
#49=PLANE('',#2003);
#50=PLANE('',#2013);
#51=PLANE('',#2016);
#52=PLANE('',#2018);
#53=PLANE('',#2021);
#54=PLANE('',#2024);
#55=PLANE('',#2027);
#56=PLANE('',#2030);
#57=PLANE('',#2037);
#58=PLANE('',#2038);
#59=PLANE('',#2041);
#60=PLANE('',#2042);
#61=PLANE('',#2043);
#62=PLANE('',#2044);
#63=PLANE('',#2045);
#64=PLANE('',#2046);
#65=PLANE('',#2047);
#66=PLANE('',#2048);
#67=PLANE('',#2049);
#68=PLANE('',#2056);
#69=PLANE('',#2057);
#70=PLANE('',#2060);
#71=PLANE('',#2065);
#72=PLANE('',#2068);
#73=PLANE('',#2071);
#74=PLANE('',#2072);
#75=PLANE('',#2075);
#76=PLANE('',#2078);
#77=PLANE('',#2081);
#78=PLANE('',#2084);
#79=PLANE('',#2085);
#80=PLANE('',#2088);
#81=PLANE('',#2091);
#82=PLANE('',#2092);
#83=PLANE('',#2093);
#84=PLANE('',#2095);
#85=PLANE('',#2097);
#86=PLANE('',#2098);
#87=PLANE('',#2101);
#88=PLANE('',#2104);
#89=PLANE('',#2105);
#90=PLANE('',#2107);
#91=PLANE('',#2109);
#92=PLANE('',#2112);
#93=PLANE('',#2115);
#94=PLANE('',#2116);
#95=PLANE('',#2117);
#96=PLANE('',#2118);
#97=PLANE('',#2119);
#98=FACE_OUTER_BOUND('',#202,.T.);
#99=FACE_OUTER_BOUND('',#203,.T.);
#100=FACE_OUTER_BOUND('',#204,.T.);
#101=FACE_OUTER_BOUND('',#205,.T.);
#102=FACE_OUTER_BOUND('',#206,.T.);
#103=FACE_OUTER_BOUND('',#207,.T.);
#104=FACE_OUTER_BOUND('',#208,.T.);
#105=FACE_OUTER_BOUND('',#209,.T.);
#106=FACE_OUTER_BOUND('',#214,.T.);
#107=FACE_OUTER_BOUND('',#215,.T.);
#108=FACE_OUTER_BOUND('',#216,.T.);
#109=FACE_OUTER_BOUND('',#217,.T.);
#110=FACE_OUTER_BOUND('',#218,.T.);
#111=FACE_OUTER_BOUND('',#219,.T.);
#112=FACE_OUTER_BOUND('',#220,.T.);
#113=FACE_OUTER_BOUND('',#221,.T.);
#114=FACE_OUTER_BOUND('',#222,.T.);
#115=FACE_OUTER_BOUND('',#223,.T.);
#116=FACE_OUTER_BOUND('',#224,.T.);
#117=FACE_OUTER_BOUND('',#225,.T.);
#118=FACE_OUTER_BOUND('',#228,.T.);
#119=FACE_OUTER_BOUND('',#229,.T.);
#120=FACE_OUTER_BOUND('',#230,.T.);
#121=FACE_OUTER_BOUND('',#231,.T.);
#122=FACE_OUTER_BOUND('',#232,.T.);
#123=FACE_OUTER_BOUND('',#233,.T.);
#124=FACE_OUTER_BOUND('',#234,.T.);
#125=FACE_OUTER_BOUND('',#235,.T.);
#126=FACE_OUTER_BOUND('',#236,.T.);
#127=FACE_OUTER_BOUND('',#237,.T.);
#128=FACE_OUTER_BOUND('',#238,.T.);
#129=FACE_OUTER_BOUND('',#239,.T.);
#130=FACE_OUTER_BOUND('',#240,.T.);
#131=FACE_OUTER_BOUND('',#241,.T.);
#132=FACE_OUTER_BOUND('',#242,.T.);
#133=FACE_OUTER_BOUND('',#243,.T.);
#134=FACE_OUTER_BOUND('',#244,.T.);
#135=FACE_OUTER_BOUND('',#245,.T.);
#136=FACE_OUTER_BOUND('',#246,.T.);
#137=FACE_OUTER_BOUND('',#247,.T.);
#138=FACE_OUTER_BOUND('',#248,.T.);
#139=FACE_OUTER_BOUND('',#249,.T.);
#140=FACE_OUTER_BOUND('',#250,.T.);
#141=FACE_OUTER_BOUND('',#251,.T.);
#142=FACE_OUTER_BOUND('',#252,.T.);
#143=FACE_OUTER_BOUND('',#255,.T.);
#144=FACE_OUTER_BOUND('',#256,.T.);
#145=FACE_OUTER_BOUND('',#257,.T.);
#146=FACE_OUTER_BOUND('',#258,.T.);
#147=FACE_OUTER_BOUND('',#259,.T.);
#148=FACE_OUTER_BOUND('',#260,.T.);
#149=FACE_OUTER_BOUND('',#261,.T.);
#150=FACE_OUTER_BOUND('',#262,.T.);
#151=FACE_OUTER_BOUND('',#263,.T.);
#152=FACE_OUTER_BOUND('',#264,.T.);
#153=FACE_OUTER_BOUND('',#265,.T.);
#154=FACE_OUTER_BOUND('',#266,.T.);
#155=FACE_OUTER_BOUND('',#267,.T.);
#156=FACE_OUTER_BOUND('',#268,.T.);
#157=FACE_OUTER_BOUND('',#269,.T.);
#158=FACE_OUTER_BOUND('',#270,.T.);
#159=FACE_OUTER_BOUND('',#271,.T.);
#160=FACE_OUTER_BOUND('',#272,.T.);
#161=FACE_OUTER_BOUND('',#273,.T.);
#162=FACE_OUTER_BOUND('',#274,.T.);
#163=FACE_OUTER_BOUND('',#275,.T.);
#164=FACE_OUTER_BOUND('',#276,.T.);
#165=FACE_OUTER_BOUND('',#277,.T.);
#166=FACE_OUTER_BOUND('',#278,.T.);
#167=FACE_OUTER_BOUND('',#279,.T.);
#168=FACE_OUTER_BOUND('',#280,.T.);
#169=FACE_OUTER_BOUND('',#281,.T.);
#170=FACE_OUTER_BOUND('',#282,.T.);
#171=FACE_OUTER_BOUND('',#283,.T.);
#172=FACE_OUTER_BOUND('',#284,.T.);
#173=FACE_OUTER_BOUND('',#285,.T.);
#174=FACE_OUTER_BOUND('',#286,.T.);
#175=FACE_OUTER_BOUND('',#287,.T.);
#176=FACE_OUTER_BOUND('',#288,.T.);
#177=FACE_OUTER_BOUND('',#289,.T.);
#178=FACE_OUTER_BOUND('',#290,.T.);
#179=FACE_OUTER_BOUND('',#291,.T.);
#180=FACE_OUTER_BOUND('',#292,.T.);
#181=FACE_OUTER_BOUND('',#293,.T.);
#182=FACE_OUTER_BOUND('',#294,.T.);
#183=FACE_OUTER_BOUND('',#295,.T.);
#184=FACE_OUTER_BOUND('',#296,.T.);
#185=FACE_OUTER_BOUND('',#297,.T.);
#186=FACE_OUTER_BOUND('',#298,.T.);
#187=FACE_OUTER_BOUND('',#299,.T.);
#188=FACE_OUTER_BOUND('',#300,.T.);
#189=FACE_OUTER_BOUND('',#301,.T.);
#190=FACE_OUTER_BOUND('',#302,.T.);
#191=FACE_OUTER_BOUND('',#303,.T.);
#192=FACE_OUTER_BOUND('',#304,.T.);
#193=FACE_OUTER_BOUND('',#305,.T.);
#194=FACE_OUTER_BOUND('',#306,.T.);
#195=FACE_OUTER_BOUND('',#307,.T.);
#196=FACE_OUTER_BOUND('',#308,.T.);
#197=FACE_OUTER_BOUND('',#309,.T.);
#198=FACE_OUTER_BOUND('',#310,.T.);
#199=FACE_OUTER_BOUND('',#311,.T.);
#200=FACE_OUTER_BOUND('',#313,.T.);
#201=FACE_OUTER_BOUND('',#314,.T.);
#202=EDGE_LOOP('',(#1240,#1241,#1242,#1243));
#203=EDGE_LOOP('',(#1244,#1245,#1246,#1247));
#204=EDGE_LOOP('',(#1248,#1249,#1250,#1251));
#205=EDGE_LOOP('',(#1252,#1253,#1254,#1255));
#206=EDGE_LOOP('',(#1256,#1257,#1258,#1259));
#207=EDGE_LOOP('',(#1260,#1261,#1262,#1263));
#208=EDGE_LOOP('',(#1264,#1265,#1266,#1267));
#209=EDGE_LOOP('',(#1268,#1269,#1270,#1271,#1272,#1273,#1274,#1275,#1276,
#1277,#1278,#1279,#1280,#1281,#1282,#1283,#1284,#1285,#1286,#1287,#1288,
#1289,#1290,#1291,#1292,#1293,#1294,#1295,#1296,#1297));
#210=EDGE_LOOP('',(#1298));
#211=EDGE_LOOP('',(#1299));
#212=EDGE_LOOP('',(#1300));
#213=EDGE_LOOP('',(#1301));
#214=EDGE_LOOP('',(#1302,#1303,#1304,#1305));
#215=EDGE_LOOP('',(#1306,#1307,#1308,#1309));
#216=EDGE_LOOP('',(#1310,#1311,#1312,#1313,#1314,#1315,#1316,#1317,#1318,
#1319,#1320,#1321,#1322,#1323,#1324,#1325));
#217=EDGE_LOOP('',(#1326,#1327,#1328,#1329));
#218=EDGE_LOOP('',(#1330,#1331,#1332,#1333));
#219=EDGE_LOOP('',(#1334,#1335,#1336,#1337));
#220=EDGE_LOOP('',(#1338,#1339,#1340,#1341));
#221=EDGE_LOOP('',(#1342,#1343,#1344,#1345,#1346,#1347,#1348,#1349,#1350,
#1351,#1352,#1353,#1354,#1355,#1356,#1357,#1358,#1359));
#222=EDGE_LOOP('',(#1360,#1361,#1362,#1363));
#223=EDGE_LOOP('',(#1364,#1365,#1366,#1367));
#224=EDGE_LOOP('',(#1368,#1369,#1370,#1371));
#225=EDGE_LOOP('',(#1372,#1373,#1374,#1375,#1376,#1377,#1378,#1379,#1380,
#1381,#1382,#1383,#1384,#1385,#1386,#1387,#1388,#1389,#1390,#1391,#1392,
#1393,#1394,#1395,#1396,#1397,#1398,#1399,#1400,#1401,#1402,#1403));
#226=EDGE_LOOP('',(#1404));
#227=EDGE_LOOP('',(#1405));
#228=EDGE_LOOP('',(#1406,#1407,#1408,#1409));
#229=EDGE_LOOP('',(#1410,#1411,#1412,#1413));
#230=EDGE_LOOP('',(#1414,#1415,#1416,#1417));
#231=EDGE_LOOP('',(#1418,#1419,#1420,#1421));
#232=EDGE_LOOP('',(#1422,#1423,#1424,#1425));
#233=EDGE_LOOP('',(#1426,#1427,#1428,#1429));
#234=EDGE_LOOP('',(#1430,#1431,#1432,#1433));
#235=EDGE_LOOP('',(#1434,#1435,#1436,#1437));
#236=EDGE_LOOP('',(#1438,#1439,#1440,#1441));
#237=EDGE_LOOP('',(#1442,#1443,#1444,#1445));
#238=EDGE_LOOP('',(#1446,#1447,#1448,#1449));
#239=EDGE_LOOP('',(#1450,#1451,#1452,#1453));
#240=EDGE_LOOP('',(#1454,#1455,#1456,#1457));
#241=EDGE_LOOP('',(#1458,#1459,#1460,#1461));
#242=EDGE_LOOP('',(#1462,#1463,#1464,#1465));
#243=EDGE_LOOP('',(#1466,#1467,#1468,#1469));
#244=EDGE_LOOP('',(#1470,#1471,#1472,#1473));
#245=EDGE_LOOP('',(#1474,#1475,#1476,#1477));
#246=EDGE_LOOP('',(#1478,#1479,#1480,#1481));
#247=EDGE_LOOP('',(#1482,#1483,#1484,#1485));
#248=EDGE_LOOP('',(#1486,#1487,#1488,#1489));
#249=EDGE_LOOP('',(#1490,#1491,#1492,#1493));
#250=EDGE_LOOP('',(#1494,#1495,#1496,#1497));
#251=EDGE_LOOP('',(#1498,#1499,#1500,#1501));
#252=EDGE_LOOP('',(#1502,#1503,#1504,#1505,#1506,#1507,#1508,#1509,#1510,
#1511,#1512,#1513,#1514,#1515,#1516,#1517,#1518,#1519,#1520,#1521,#1522,
#1523,#1524));
#253=EDGE_LOOP('',(#1525));
#254=EDGE_LOOP('',(#1526));
#255=EDGE_LOOP('',(#1527,#1528,#1529,#1530));
#256=EDGE_LOOP('',(#1531,#1532,#1533,#1534));
#257=EDGE_LOOP('',(#1535,#1536,#1537,#1538));
#258=EDGE_LOOP('',(#1539,#1540,#1541,#1542));
#259=EDGE_LOOP('',(#1543,#1544,#1545,#1546));
#260=EDGE_LOOP('',(#1547,#1548,#1549,#1550));
#261=EDGE_LOOP('',(#1551,#1552,#1553,#1554,#1555,#1556,#1557,#1558,#1559,
#1560,#1561,#1562,#1563,#1564,#1565,#1566));
#262=EDGE_LOOP('',(#1567,#1568,#1569,#1570));
#263=EDGE_LOOP('',(#1571,#1572,#1573,#1574));
#264=EDGE_LOOP('',(#1575,#1576,#1577,#1578));
#265=EDGE_LOOP('',(#1579,#1580,#1581,#1582));
#266=EDGE_LOOP('',(#1583,#1584,#1585,#1586));
#267=EDGE_LOOP('',(#1587,#1588,#1589,#1590));
#268=EDGE_LOOP('',(#1591,#1592,#1593,#1594));
#269=EDGE_LOOP('',(#1595,#1596,#1597,#1598));
#270=EDGE_LOOP('',(#1599,#1600,#1601,#1602));
#271=EDGE_LOOP('',(#1603,#1604,#1605,#1606));
#272=EDGE_LOOP('',(#1607,#1608,#1609,#1610,#1611));
#273=EDGE_LOOP('',(#1612,#1613,#1614,#1615));
#274=EDGE_LOOP('',(#1616,#1617,#1618,#1619));
#275=EDGE_LOOP('',(#1620,#1621,#1622,#1623));
#276=EDGE_LOOP('',(#1624,#1625,#1626,#1627));
#277=EDGE_LOOP('',(#1628,#1629,#1630,#1631));
#278=EDGE_LOOP('',(#1632,#1633,#1634,#1635));
#279=EDGE_LOOP('',(#1636,#1637,#1638,#1639));
#280=EDGE_LOOP('',(#1640,#1641,#1642,#1643));
#281=EDGE_LOOP('',(#1644,#1645,#1646,#1647));
#282=EDGE_LOOP('',(#1648,#1649,#1650,#1651));
#283=EDGE_LOOP('',(#1652,#1653,#1654,#1655));
#284=EDGE_LOOP('',(#1656,#1657,#1658,#1659));
#285=EDGE_LOOP('',(#1660,#1661,#1662,#1663));
#286=EDGE_LOOP('',(#1664,#1665,#1666,#1667));
#287=EDGE_LOOP('',(#1668,#1669,#1670,#1671));
#288=EDGE_LOOP('',(#1672,#1673,#1674,#1675));
#289=EDGE_LOOP('',(#1676,#1677,#1678,#1679));
#290=EDGE_LOOP('',(#1680,#1681,#1682,#1683,#1684,#1685));
#291=EDGE_LOOP('',(#1686,#1687,#1688,#1689));
#292=EDGE_LOOP('',(#1690,#1691,#1692,#1693));
#293=EDGE_LOOP('',(#1694,#1695,#1696,#1697));
#294=EDGE_LOOP('',(#1698,#1699,#1700,#1701));
#295=EDGE_LOOP('',(#1702,#1703,#1704,#1705));
#296=EDGE_LOOP('',(#1706,#1707,#1708,#1709));
#297=EDGE_LOOP('',(#1710,#1711,#1712,#1713));
#298=EDGE_LOOP('',(#1714,#1715,#1716,#1717));
#299=EDGE_LOOP('',(#1718,#1719,#1720,#1721));
#300=EDGE_LOOP('',(#1722,#1723,#1724,#1725));
#301=EDGE_LOOP('',(#1726,#1727,#1728,#1729));
#302=EDGE_LOOP('',(#1730,#1731,#1732,#1733));
#303=EDGE_LOOP('',(#1734,#1735,#1736,#1737));
#304=EDGE_LOOP('',(#1738,#1739,#1740,#1741));
#305=EDGE_LOOP('',(#1742,#1743,#1744,#1745));
#306=EDGE_LOOP('',(#1746,#1747,#1748,#1749));
#307=EDGE_LOOP('',(#1750,#1751,#1752,#1753));
#308=EDGE_LOOP('',(#1754,#1755,#1756,#1757,#1758));
#309=EDGE_LOOP('',(#1759,#1760,#1761,#1762));
#310=EDGE_LOOP('',(#1763,#1764,#1765,#1766));
#311=EDGE_LOOP('',(#1767,#1768,#1769,#1770,#1771,#1772,#1773,#1774,#1775,
#1776));
#312=EDGE_LOOP('',(#1777,#1778,#1779,#1780,#1781,#1782,#1783,#1784));
#313=EDGE_LOOP('',(#1785,#1786,#1787,#1788));
#314=EDGE_LOOP('',(#1789,#1790,#1791,#1792,#1793));
#315=LINE('',#2676,#516);
#316=LINE('',#2682,#517);
#317=LINE('',#2687,#518);
#318=LINE('',#2689,#519);
#319=LINE('',#2691,#520);
#320=LINE('',#2692,#521);
#321=LINE('',#2698,#522);
#322=LINE('',#2701,#523);
#323=LINE('',#2703,#524);
#324=LINE('',#2704,#525);
#325=LINE('',#2708,#526);
#326=LINE('',#2710,#527);
#327=LINE('',#2712,#528);
#328=LINE('',#2713,#529);
#329=LINE('',#2719,#530);
#330=LINE('',#2723,#531);
#331=LINE('',#2727,#532);
#332=LINE('',#2731,#533);
#333=LINE('',#2735,#534);
#334=LINE('',#2739,#535);
#335=LINE('',#2743,#536);
#336=LINE('',#2747,#537);
#337=LINE('',#2751,#538);
#338=LINE('',#2755,#539);
#339=LINE('',#2759,#540);
#340=LINE('',#2763,#541);
#341=LINE('',#2766,#542);
#342=LINE('',#2773,#543);
#343=LINE('',#2774,#544);
#344=LINE('',#2777,#545);
#345=LINE('',#2780,#546);
#346=LINE('',#2783,#547);
#347=LINE('',#2785,#548);
#348=LINE('',#2787,#549);
#349=LINE('',#2791,#550);
#350=LINE('',#2795,#551);
#351=LINE('',#2797,#552);
#352=LINE('',#2799,#553);
#353=LINE('',#2803,#554);
#354=LINE('',#2807,#555);
#355=LINE('',#2808,#556);
#356=LINE('',#2813,#557);
#357=LINE('',#2814,#558);
#358=LINE('',#2816,#559);
#359=LINE('',#2820,#560);
#360=LINE('',#2825,#561);
#361=LINE('',#2826,#562);
#362=LINE('',#2829,#563);
#363=LINE('',#2831,#564);
#364=LINE('',#2835,#565);
#365=LINE('',#2839,#566);
#366=LINE('',#2841,#567);
#367=LINE('',#2845,#568);
#368=LINE('',#2849,#569);
#369=LINE('',#2853,#570);
#370=LINE('',#2857,#571);
#371=LINE('',#2858,#572);
#372=LINE('',#2862,#573);
#373=LINE('',#2867,#574);
#374=LINE('',#2868,#575);
#375=LINE('',#2871,#576);
#376=LINE('',#2872,#577);
#377=LINE('',#2875,#578);
#378=LINE('',#2897,#579);
#379=LINE('',#2909,#580);
#380=LINE('',#2911,#581);
#381=LINE('',#2913,#582);
#382=LINE('',#2915,#583);
#383=LINE('',#2917,#584);
#384=LINE('',#2919,#585);
#385=LINE('',#2921,#586);
#386=LINE('',#2923,#587);
#387=LINE('',#2925,#588);
#388=LINE('',#2926,#589);
#389=LINE('',#2930,#590);
#390=LINE('',#2934,#591);
#391=LINE('',#2938,#592);
#392=LINE('',#2942,#593);
#393=LINE('',#2946,#594);
#394=LINE('',#2948,#595);
#395=LINE('',#2954,#596);
#396=LINE('',#2956,#597);
#397=LINE('',#2958,#598);
#398=LINE('',#2960,#599);
#399=LINE('',#2961,#600);
#400=LINE('',#2964,#601);
#401=LINE('',#2965,#602);
#402=LINE('',#2967,#603);
#403=LINE('',#2969,#604);
#404=LINE('',#2971,#605);
#405=LINE('',#2973,#606);
#406=LINE('',#2975,#607);
#407=LINE('',#2977,#608);
#408=LINE('',#2980,#609);
#409=LINE('',#2982,#610);
#410=LINE('',#2983,#611);
#411=LINE('',#2987,#612);
#412=LINE('',#2990,#613);
#413=LINE('',#2991,#614);
#414=LINE('',#2996,#615);
#415=LINE('',#2998,#616);
#416=LINE('',#2999,#617);
#417=LINE('',#3006,#618);
#418=LINE('',#3009,#619);
#419=LINE('',#3011,#620);
#420=LINE('',#3014,#621);
#421=LINE('',#3016,#622);
#422=LINE('',#3017,#623);
#423=LINE('',#3021,#624);
#424=LINE('',#3023,#625);
#425=LINE('',#3026,#626);
#426=LINE('',#3028,#627);
#427=LINE('',#3030,#628);
#428=LINE('',#3032,#629);
#429=LINE('',#3034,#630);
#430=LINE('',#3036,#631);
#431=LINE('',#3037,#632);
#432=LINE('',#3038,#633);
#433=LINE('',#3045,#634);
#434=LINE('',#3047,#635);
#435=LINE('',#3048,#636);
#436=LINE('',#3051,#637);
#437=LINE('',#3052,#638);
#438=LINE('',#3055,#639);
#439=LINE('',#3056,#640);
#440=LINE('',#3058,#641);
#441=LINE('',#3062,#642);
#442=LINE('',#3066,#643);
#443=LINE('',#3068,#644);
#444=LINE('',#3070,#645);
#445=LINE('',#3074,#646);
#446=LINE('',#3077,#647);
#447=LINE('',#3080,#648);
#448=LINE('',#3083,#649);
#449=LINE('',#3086,#650);
#450=LINE('',#3087,#651);
#451=LINE('',#3090,#652);
#452=LINE('',#3092,#653);
#453=LINE('',#3093,#654);
#454=LINE('',#3096,#655);
#455=LINE('',#3100,#656);
#456=LINE('',#3101,#657);
#457=LINE('',#3104,#658);
#458=LINE('',#3129,#659);
#459=LINE('',#3147,#660);
#460=LINE('',#3153,#661);
#461=LINE('',#3156,#662);
#462=LINE('',#3159,#663);
#463=LINE('',#3162,#664);
#464=LINE('',#3163,#665);
#465=LINE('',#3166,#666);
#466=LINE('',#3170,#667);
#467=LINE('',#3171,#668);
#468=LINE('',#3174,#669);
#469=LINE('',#3175,#670);
#470=LINE('',#3179,#671);
#471=LINE('',#3182,#672);
#472=LINE('',#3183,#673);
#473=LINE('',#3187,#674);
#474=LINE('',#3189,#675);
#475=LINE('',#3192,#676);
#476=LINE('',#3195,#677);
#477=LINE('',#3198,#678);
#478=LINE('',#3199,#679);
#479=LINE('',#3202,#680);
#480=LINE('',#3205,#681);
#481=LINE('',#3208,#682);
#482=LINE('',#3209,#683);
#483=LINE('',#3213,#684);
#484=LINE('',#3216,#685);
#485=LINE('',#3217,#686);
#486=LINE('',#3221,#687);
#487=LINE('',#3224,#688);
#488=LINE('',#3225,#689);
#489=LINE('',#3227,#690);
#490=LINE('',#3229,#691);
#491=LINE('',#3230,#692);
#492=LINE('',#3232,#693);
#493=LINE('',#3234,#694);
#494=LINE('',#3236,#695);
#495=LINE('',#3238,#696);
#496=LINE('',#3242,#697);
#497=LINE('',#3243,#698);
#498=LINE('',#3246,#699);
#499=LINE('',#3250,#700);
#500=LINE('',#3251,#701);
#501=LINE('',#3254,#702);
#502=LINE('',#3257,#703);
#503=LINE('',#3259,#704);
#504=LINE('',#3261,#705);
#505=LINE('',#3263,#706);
#506=LINE('',#3265,#707);
#507=LINE('',#3269,#708);
#508=LINE('',#3273,#709);
#509=LINE('',#3274,#710);
#510=LINE('',#3277,#711);
#511=LINE('',#3280,#712);
#512=LINE('',#3282,#713);
#513=LINE('',#3285,#714);
#514=LINE('',#3286,#715);
#515=LINE('',#3288,#716);
#516=VECTOR('',#2126,1.35);
#517=VECTOR('',#2133,1.35);
#518=VECTOR('',#2138,10.);
#519=VECTOR('',#2139,10.);
#520=VECTOR('',#2140,10.);
#521=VECTOR('',#2141,10.);
#522=VECTOR('',#2148,10.);
#523=VECTOR('',#2151,10.);
#524=VECTOR('',#2152,10.);
#525=VECTOR('',#2153,10.);
#526=VECTOR('',#2156,10.);
#527=VECTOR('',#2157,10.);
#528=VECTOR('',#2158,10.);
#529=VECTOR('',#2159,10.);
#530=VECTOR('',#2168,10.);
#531=VECTOR('',#2171,10.);
#532=VECTOR('',#2174,10.);
#533=VECTOR('',#2177,10.);
#534=VECTOR('',#2180,10.);
#535=VECTOR('',#2183,10.);
#536=VECTOR('',#2186,10.);
#537=VECTOR('',#2189,10.);
#538=VECTOR('',#2192,10.);
#539=VECTOR('',#2195,10.);
#540=VECTOR('',#2198,10.);
#541=VECTOR('',#2201,10.);
#542=VECTOR('',#2204,10.);
#543=VECTOR('',#2211,10.);
#544=VECTOR('',#2212,10.);
#545=VECTOR('',#2215,10.);
#546=VECTOR('',#2218,10.);
#547=VECTOR('',#2221,10.);
#548=VECTOR('',#2222,10.);
#549=VECTOR('',#2223,10.);
#550=VECTOR('',#2226,10.);
#551=VECTOR('',#2229,10.);
#552=VECTOR('',#2230,10.);
#553=VECTOR('',#2231,10.);
#554=VECTOR('',#2234,10.);
#555=VECTOR('',#2237,10.);
#556=VECTOR('',#2238,10.);
#557=VECTOR('',#2243,10.);
#558=VECTOR('',#2244,10.);
#559=VECTOR('',#2247,10.);
#560=VECTOR('',#2252,10.);
#561=VECTOR('',#2257,10.);
#562=VECTOR('',#2258,10.);
#563=VECTOR('',#2261,10.);
#564=VECTOR('',#2262,10.);
#565=VECTOR('',#2265,10.);
#566=VECTOR('',#2268,10.);
#567=VECTOR('',#2269,10.);
#568=VECTOR('',#2272,10.);
#569=VECTOR('',#2275,10.);
#570=VECTOR('',#2278,10.);
#571=VECTOR('',#2281,10.);
#572=VECTOR('',#2282,10.);
#573=VECTOR('',#2287,10.);
#574=VECTOR('',#2292,10.);
#575=VECTOR('',#2293,10.);
#576=VECTOR('',#2296,10.);
#577=VECTOR('',#2297,10.);
#578=VECTOR('',#2300,10.);
#579=VECTOR('',#2301,10.);
#580=VECTOR('',#2302,10.);
#581=VECTOR('',#2303,10.);
#582=VECTOR('',#2304,10.);
#583=VECTOR('',#2305,10.);
#584=VECTOR('',#2306,10.);
#585=VECTOR('',#2307,10.);
#586=VECTOR('',#2308,10.);
#587=VECTOR('',#2309,10.);
#588=VECTOR('',#2310,10.);
#589=VECTOR('',#2311,10.);
#590=VECTOR('',#2314,10.);
#591=VECTOR('',#2317,10.);
#592=VECTOR('',#2320,10.);
#593=VECTOR('',#2323,10.);
#594=VECTOR('',#2326,10.);
#595=VECTOR('',#2329,10.);
#596=VECTOR('',#2336,10.);
#597=VECTOR('',#2339,10.);
#598=VECTOR('',#2342,10.);
#599=VECTOR('',#2345,10.);
#600=VECTOR('',#2346,10.);
#601=VECTOR('',#2351,10.);
#602=VECTOR('',#2352,10.);
#603=VECTOR('',#2355,10.);
#604=VECTOR('',#2358,10.);
#605=VECTOR('',#2361,10.);
#606=VECTOR('',#2364,10.);
#607=VECTOR('',#2367,1.35);
#608=VECTOR('',#2370,1.35);
#609=VECTOR('',#2373,10.);
#610=VECTOR('',#2374,10.);
#611=VECTOR('',#2375,10.);
#612=VECTOR('',#2380,10.);
#613=VECTOR('',#2383,10.);
#614=VECTOR('',#2384,10.);
#615=VECTOR('',#2391,10.);
#616=VECTOR('',#2392,10.);
#617=VECTOR('',#2393,10.);
#618=VECTOR('',#2404,10.);
#619=VECTOR('',#2407,10.);
#620=VECTOR('',#2410,10.);
#621=VECTOR('',#2413,10.);
#622=VECTOR('',#2414,10.);
#623=VECTOR('',#2415,10.);
#624=VECTOR('',#2420,10.);
#625=VECTOR('',#2423,10.);
#626=VECTOR('',#2426,10.);
#627=VECTOR('',#2427,10.);
#628=VECTOR('',#2428,10.);
#629=VECTOR('',#2429,10.);
#630=VECTOR('',#2430,10.);
#631=VECTOR('',#2431,10.);
#632=VECTOR('',#2432,10.);
#633=VECTOR('',#2433,10.);
#634=VECTOR('',#2444,10.);
#635=VECTOR('',#2445,10.);
#636=VECTOR('',#2446,10.);
#637=VECTOR('',#2449,10.);
#638=VECTOR('',#2450,10.);
#639=VECTOR('',#2453,10.);
#640=VECTOR('',#2454,10.);
#641=VECTOR('',#2455,10.);
#642=VECTOR('',#2458,10.);
#643=VECTOR('',#2461,10.);
#644=VECTOR('',#2462,10.);
#645=VECTOR('',#2463,10.);
#646=VECTOR('',#2466,10.);
#647=VECTOR('',#2469,10.);
#648=VECTOR('',#2472,10.);
#649=VECTOR('',#2475,10.);
#650=VECTOR('',#2478,10.);
#651=VECTOR('',#2479,10.);
#652=VECTOR('',#2482,10.);
#653=VECTOR('',#2483,10.);
#654=VECTOR('',#2484,10.);
#655=VECTOR('',#2487,10.);
#656=VECTOR('',#2492,10.);
#657=VECTOR('',#2493,10.);
#658=VECTOR('',#2496,10.);
#659=VECTOR('',#2503,10.);
#660=VECTOR('',#2504,10.);
#661=VECTOR('',#2507,10.);
#662=VECTOR('',#2510,10.);
#663=VECTOR('',#2513,10.);
#664=VECTOR('',#2516,10.);
#665=VECTOR('',#2517,10.);
#666=VECTOR('',#2520,10.);
#667=VECTOR('',#2525,10.);
#668=VECTOR('',#2526,10.);
#669=VECTOR('',#2529,10.);
#670=VECTOR('',#2530,10.);
#671=VECTOR('',#2535,10.);
#672=VECTOR('',#2538,10.);
#673=VECTOR('',#2539,10.);
#674=VECTOR('',#2544,10.);
#675=VECTOR('',#2547,10.);
#676=VECTOR('',#2550,10.);
#677=VECTOR('',#2553,10.);
#678=VECTOR('',#2556,10.);
#679=VECTOR('',#2557,10.);
#680=VECTOR('',#2560,10.);
#681=VECTOR('',#2565,10.);
#682=VECTOR('',#2568,10.);
#683=VECTOR('',#2569,10.);
#684=VECTOR('',#2574,10.);
#685=VECTOR('',#2577,10.);
#686=VECTOR('',#2578,10.);
#687=VECTOR('',#2583,10.);
#688=VECTOR('',#2586,10.);
#689=VECTOR('',#2587,10.);
#690=VECTOR('',#2590,10.);
#691=VECTOR('',#2591,10.);
#692=VECTOR('',#2592,10.);
#693=VECTOR('',#2595,10.);
#694=VECTOR('',#2598,10.);
#695=VECTOR('',#2601,10.);
#696=VECTOR('',#2604,10.);
#697=VECTOR('',#2609,10.);
#698=VECTOR('',#2610,10.);
#699=VECTOR('',#2613,10.);
#700=VECTOR('',#2618,10.);
#701=VECTOR('',#2619,10.);
#702=VECTOR('',#2622,10.);
#703=VECTOR('',#2627,10.);
#704=VECTOR('',#2630,10.);
#705=VECTOR('',#2633,10.);
#706=VECTOR('',#2636,10.);
#707=VECTOR('',#2639,10.);
#708=VECTOR('',#2644,10.);
#709=VECTOR('',#2649,10.);
#710=VECTOR('',#2650,10.);
#711=VECTOR('',#2653,10.);
#712=VECTOR('',#2658,10.);
#713=VECTOR('',#2661,10.);
#714=VECTOR('',#2664,10.);
#715=VECTOR('',#2665,10.);
#716=VECTOR('',#2668,10.);
#717=CIRCLE('',#1947,1.35);
#718=CIRCLE('',#1948,1.35);
#719=CIRCLE('',#1950,1.35);
#720=CIRCLE('',#1951,1.35);
#721=CIRCLE('',#1954,0.999999999999872);
#722=CIRCLE('',#1955,0.999999999999872);
#723=CIRCLE('',#1959,0.999999999999943);
#724=CIRCLE('',#1960,0.999999999999943);
#725=CIRCLE('',#1962,1.);
#726=CIRCLE('',#1963,1.);
#727=CIRCLE('',#1964,1.);
#728=CIRCLE('',#1965,1.);
#729=CIRCLE('',#1966,1.);
#730=CIRCLE('',#1967,1.);
#731=CIRCLE('',#1968,1.);
#732=CIRCLE('',#1969,1.);
#733=CIRCLE('',#1970,1.);
#734=CIRCLE('',#1971,1.);
#735=CIRCLE('',#1972,1.);
#736=CIRCLE('',#1973,1.);
#737=CIRCLE('',#1974,1.35);
#738=CIRCLE('',#1975,1.35);
#739=CIRCLE('',#1978,1.);
#740=CIRCLE('',#1980,1.5);
#741=CIRCLE('',#1981,1.5);
#742=CIRCLE('',#1982,0.750000000000424);
#743=CIRCLE('',#1983,0.75000000000001);
#744=CIRCLE('',#1985,1.);
#745=CIRCLE('',#1988,1.);
#746=CIRCLE('',#1990,1.);
#747=CIRCLE('',#1992,1.50000008486096);
#748=CIRCLE('',#1993,1.50000008486096);
#749=CIRCLE('',#1994,1.95000012290024);
#750=CIRCLE('',#1995,1.95000012290103);
#751=CIRCLE('',#1996,1.95000012290025);
#752=CIRCLE('',#1997,1.95000012290025);
#753=CIRCLE('',#1999,1.);
#754=CIRCLE('',#2001,1.);
#755=CIRCLE('',#2004,1.);
#756=CIRCLE('',#2005,1.);
#757=CIRCLE('',#2006,1.);
#758=CIRCLE('',#2007,1.);
#759=CIRCLE('',#2008,1.);
#760=CIRCLE('',#2009,1.);
#761=CIRCLE('',#2010,1.35);
#762=CIRCLE('',#2011,1.35);
#763=CIRCLE('',#2026,1.95000001258101);
#764=CIRCLE('',#2029,1.95000001258101);
#765=CIRCLE('',#2032,1.95000001258179);
#766=CIRCLE('',#2034,1.95000001258099);
#767=CIRCLE('',#2036,1.5);
#768=CIRCLE('',#2040,1.5);
#769=CIRCLE('',#2050,0.250000000000008);
#770=CIRCLE('',#2051,0.250000000000425);
#771=CIRCLE('',#2052,1.);
#772=CIRCLE('',#2053,1.);
#773=CIRCLE('',#2055,1.45000001258099);
#774=CIRCLE('',#2059,1.45000001258101);
#775=CIRCLE('',#2062,1.45000001258101);
#776=CIRCLE('',#2064,1.45000001258178);
#777=CIRCLE('',#2067,1.45000001258101);
#778=CIRCLE('',#2070,1.45000001258101);
#779=CIRCLE('',#2074,1.);
#780=CIRCLE('',#2077,1.);
#781=CIRCLE('',#2080,1.);
#782=CIRCLE('',#2083,1.);
#783=CIRCLE('',#2087,1.);
#784=CIRCLE('',#2090,1.);
#785=CIRCLE('',#2100,0.250000000000425);
#786=CIRCLE('',#2103,0.250000000000008);
#787=CIRCLE('',#2111,1.45000001258178);
#788=CIRCLE('',#2114,1.45000001258099);
#789=VERTEX_POINT('',#2673);
#790=VERTEX_POINT('',#2675);
#791=VERTEX_POINT('',#2679);
#792=VERTEX_POINT('',#2681);
#793=VERTEX_POINT('',#2685);
#794=VERTEX_POINT('',#2686);
#795=VERTEX_POINT('',#2688);
#796=VERTEX_POINT('',#2690);
#797=VERTEX_POINT('',#2694);
#798=VERTEX_POINT('',#2696);
#799=VERTEX_POINT('',#2700);
#800=VERTEX_POINT('',#2702);
#801=VERTEX_POINT('',#2706);
#802=VERTEX_POINT('',#2707);
#803=VERTEX_POINT('',#2709);
#804=VERTEX_POINT('',#2711);
#805=VERTEX_POINT('',#2718);
#806=VERTEX_POINT('',#2720);
#807=VERTEX_POINT('',#2722);
#808=VERTEX_POINT('',#2724);
#809=VERTEX_POINT('',#2726);
#810=VERTEX_POINT('',#2728);
#811=VERTEX_POINT('',#2730);
#812=VERTEX_POINT('',#2732);
#813=VERTEX_POINT('',#2734);
#814=VERTEX_POINT('',#2736);
#815=VERTEX_POINT('',#2738);
#816=VERTEX_POINT('',#2740);
#817=VERTEX_POINT('',#2742);
#818=VERTEX_POINT('',#2744);
#819=VERTEX_POINT('',#2746);
#820=VERTEX_POINT('',#2748);
#821=VERTEX_POINT('',#2750);
#822=VERTEX_POINT('',#2752);
#823=VERTEX_POINT('',#2754);
#824=VERTEX_POINT('',#2756);
#825=VERTEX_POINT('',#2758);
#826=VERTEX_POINT('',#2760);
#827=VERTEX_POINT('',#2762);
#828=VERTEX_POINT('',#2764);
#829=VERTEX_POINT('',#2767);
#830=VERTEX_POINT('',#2769);
#831=VERTEX_POINT('',#2772);
#832=VERTEX_POINT('',#2776);
#833=VERTEX_POINT('',#2778);
#834=VERTEX_POINT('',#2782);
#835=VERTEX_POINT('',#2784);
#836=VERTEX_POINT('',#2786);
#837=VERTEX_POINT('',#2788);
#838=VERTEX_POINT('',#2790);
#839=VERTEX_POINT('',#2792);
#840=VERTEX_POINT('',#2794);
#841=VERTEX_POINT('',#2796);
#842=VERTEX_POINT('',#2798);
#843=VERTEX_POINT('',#2800);
#844=VERTEX_POINT('',#2802);
#845=VERTEX_POINT('',#2804);
#846=VERTEX_POINT('',#2806);
#847=VERTEX_POINT('',#2810);
#848=VERTEX_POINT('',#2811);
#849=VERTEX_POINT('',#2818);
#850=VERTEX_POINT('',#2822);
#851=VERTEX_POINT('',#2823);
#852=VERTEX_POINT('',#2828);
#853=VERTEX_POINT('',#2830);
#854=VERTEX_POINT('',#2832);
#855=VERTEX_POINT('',#2834);
#856=VERTEX_POINT('',#2836);
#857=VERTEX_POINT('',#2838);
#858=VERTEX_POINT('',#2840);
#859=VERTEX_POINT('',#2842);
#860=VERTEX_POINT('',#2844);
#861=VERTEX_POINT('',#2846);
#862=VERTEX_POINT('',#2848);
#863=VERTEX_POINT('',#2850);
#864=VERTEX_POINT('',#2852);
#865=VERTEX_POINT('',#2854);
#866=VERTEX_POINT('',#2856);
#867=VERTEX_POINT('',#2860);
#868=VERTEX_POINT('',#2864);
#869=VERTEX_POINT('',#2865);
#870=VERTEX_POINT('',#2870);
#871=VERTEX_POINT('',#2874);
#872=VERTEX_POINT('',#2876);
#873=VERTEX_POINT('',#2896);
#874=VERTEX_POINT('',#2898);
#875=VERTEX_POINT('',#2910);
#876=VERTEX_POINT('',#2912);
#877=VERTEX_POINT('',#2914);
#878=VERTEX_POINT('',#2916);
#879=VERTEX_POINT('',#2918);
#880=VERTEX_POINT('',#2920);
#881=VERTEX_POINT('',#2922);
#882=VERTEX_POINT('',#2924);
#883=VERTEX_POINT('',#2927);
#884=VERTEX_POINT('',#2929);
#885=VERTEX_POINT('',#2931);
#886=VERTEX_POINT('',#2933);
#887=VERTEX_POINT('',#2935);
#888=VERTEX_POINT('',#2937);
#889=VERTEX_POINT('',#2939);
#890=VERTEX_POINT('',#2941);
#891=VERTEX_POINT('',#2943);
#892=VERTEX_POINT('',#2945);
#893=VERTEX_POINT('',#2949);
#894=VERTEX_POINT('',#2951);
#895=VERTEX_POINT('',#2979);
#896=VERTEX_POINT('',#2981);
#897=VERTEX_POINT('',#2985);
#898=VERTEX_POINT('',#2989);
#899=VERTEX_POINT('',#2995);
#900=VERTEX_POINT('',#2997);
#901=VERTEX_POINT('',#3005);
#902=VERTEX_POINT('',#3007);
#903=VERTEX_POINT('',#3013);
#904=VERTEX_POINT('',#3015);
#905=VERTEX_POINT('',#3019);
#906=VERTEX_POINT('',#3025);
#907=VERTEX_POINT('',#3027);
#908=VERTEX_POINT('',#3029);
#909=VERTEX_POINT('',#3031);
#910=VERTEX_POINT('',#3033);
#911=VERTEX_POINT('',#3035);
#912=VERTEX_POINT('',#3044);
#913=VERTEX_POINT('',#3046);
#914=VERTEX_POINT('',#3050);
#915=VERTEX_POINT('',#3054);
#916=VERTEX_POINT('',#3057);
#917=VERTEX_POINT('',#3059);
#918=VERTEX_POINT('',#3061);
#919=VERTEX_POINT('',#3063);
#920=VERTEX_POINT('',#3065);
#921=VERTEX_POINT('',#3067);
#922=VERTEX_POINT('',#3069);
#923=VERTEX_POINT('',#3071);
#924=VERTEX_POINT('',#3073);
#925=VERTEX_POINT('',#3075);
#926=VERTEX_POINT('',#3079);
#927=VERTEX_POINT('',#3081);
#928=VERTEX_POINT('',#3085);
#929=VERTEX_POINT('',#3089);
#930=VERTEX_POINT('',#3091);
#931=VERTEX_POINT('',#3095);
#932=VERTEX_POINT('',#3099);
#933=VERTEX_POINT('',#3103);
#934=VERTEX_POINT('',#3124);
#935=VERTEX_POINT('',#3146);
#936=VERTEX_POINT('',#3155);
#937=VERTEX_POINT('',#3157);
#938=VERTEX_POINT('',#3161);
#939=VERTEX_POINT('',#3165);
#940=VERTEX_POINT('',#3169);
#941=VERTEX_POINT('',#3173);
#942=VERTEX_POINT('',#3177);
#943=VERTEX_POINT('',#3181);
#944=VERTEX_POINT('',#3185);
#945=VERTEX_POINT('',#3191);
#946=VERTEX_POINT('',#3193);
#947=VERTEX_POINT('',#3197);
#948=VERTEX_POINT('',#3201);
#949=VERTEX_POINT('',#3207);
#950=VERTEX_POINT('',#3211);
#951=VERTEX_POINT('',#3215);
#952=VERTEX_POINT('',#3219);
#953=VERTEX_POINT('',#3223);
#954=VERTEX_POINT('',#3228);
#955=VERTEX_POINT('',#3241);
#956=VERTEX_POINT('',#3245);
#957=VERTEX_POINT('',#3249);
#958=VERTEX_POINT('',#3253);
#959=VERTEX_POINT('',#3268);
#960=VERTEX_POINT('',#3272);
#961=VERTEX_POINT('',#3276);
#962=VERTEX_POINT('',#3284);
#963=EDGE_CURVE('',#789,#789,#717,.T.);
#964=EDGE_CURVE('',#789,#790,#315,.T.);
#965=EDGE_CURVE('',#790,#790,#718,.T.);
#966=EDGE_CURVE('',#791,#791,#719,.T.);
#967=EDGE_CURVE('',#791,#792,#316,.T.);
#968=EDGE_CURVE('',#792,#792,#720,.T.);
#969=EDGE_CURVE('',#793,#794,#317,.T.);
#970=EDGE_CURVE('',#795,#793,#318,.T.);
#971=EDGE_CURVE('',#796,#795,#319,.T.);
#972=EDGE_CURVE('',#796,#794,#320,.T.);
#973=EDGE_CURVE('',#794,#797,#721,.T.);
#974=EDGE_CURVE('',#798,#796,#722,.T.);
#975=EDGE_CURVE('',#798,#797,#321,.T.);
#976=EDGE_CURVE('',#797,#799,#322,.T.);
#977=EDGE_CURVE('',#800,#798,#323,.T.);
#978=EDGE_CURVE('',#799,#800,#324,.T.);
#979=EDGE_CURVE('',#801,#802,#325,.T.);
#980=EDGE_CURVE('',#803,#801,#326,.T.);
#981=EDGE_CURVE('',#804,#803,#327,.T.);
#982=EDGE_CURVE('',#804,#802,#328,.T.);
#983=EDGE_CURVE('',#802,#793,#723,.T.);
#984=EDGE_CURVE('',#795,#804,#724,.T.);
#985=EDGE_CURVE('',#799,#805,#329,.T.);
#986=EDGE_CURVE('',#806,#805,#725,.T.);
#987=EDGE_CURVE('',#806,#807,#330,.T.);
#988=EDGE_CURVE('',#808,#807,#726,.T.);
#989=EDGE_CURVE('',#808,#809,#331,.T.);
#990=EDGE_CURVE('',#810,#809,#727,.T.);
#991=EDGE_CURVE('',#811,#810,#332,.T.);
#992=EDGE_CURVE('',#812,#811,#728,.T.);
#993=EDGE_CURVE('',#812,#813,#333,.T.);
#994=EDGE_CURVE('',#814,#813,#729,.T.);
#995=EDGE_CURVE('',#815,#814,#334,.T.);
#996=EDGE_CURVE('',#816,#815,#730,.T.);
#997=EDGE_CURVE('',#817,#816,#335,.T.);
#998=EDGE_CURVE('',#818,#817,#731,.T.);
#999=EDGE_CURVE('',#819,#818,#336,.T.);
#1000=EDGE_CURVE('',#820,#819,#732,.T.);
#1001=EDGE_CURVE('',#820,#821,#337,.T.);
#1002=EDGE_CURVE('',#822,#821,#733,.T.);
#1003=EDGE_CURVE('',#822,#823,#338,.T.);
#1004=EDGE_CURVE('',#824,#823,#734,.T.);
#1005=EDGE_CURVE('',#824,#825,#339,.T.);
#1006=EDGE_CURVE('',#826,#825,#735,.T.);
#1007=EDGE_CURVE('',#826,#827,#340,.T.);
#1008=EDGE_CURVE('',#828,#827,#736,.T.);
#1009=EDGE_CURVE('',#828,#801,#341,.T.);
#1010=EDGE_CURVE('',#829,#829,#737,.T.);
#1011=EDGE_CURVE('',#830,#830,#738,.T.);
#1012=EDGE_CURVE('',#831,#800,#342,.T.);
#1013=EDGE_CURVE('',#805,#831,#343,.T.);
#1014=EDGE_CURVE('',#825,#832,#344,.T.);
#1015=EDGE_CURVE('',#832,#833,#739,.T.);
#1016=EDGE_CURVE('',#833,#826,#345,.T.);
#1017=EDGE_CURVE('',#834,#824,#346,.T.);
#1018=EDGE_CURVE('',#835,#834,#347,.T.);
#1019=EDGE_CURVE('',#836,#835,#348,.T.);
#1020=EDGE_CURVE('',#837,#836,#740,.T.);
#1021=EDGE_CURVE('',#838,#837,#349,.T.);
#1022=EDGE_CURVE('',#839,#838,#741,.T.);
#1023=EDGE_CURVE('',#840,#839,#350,.T.);
#1024=EDGE_CURVE('',#841,#840,#351,.T.);
#1025=EDGE_CURVE('',#842,#841,#352,.T.);
#1026=EDGE_CURVE('',#843,#842,#742,.T.);
#1027=EDGE_CURVE('',#844,#843,#353,.T.);
#1028=EDGE_CURVE('',#845,#844,#743,.T.);
#1029=EDGE_CURVE('',#846,#845,#354,.T.);
#1030=EDGE_CURVE('',#832,#846,#355,.T.);
#1031=EDGE_CURVE('',#847,#848,#744,.T.);
#1032=EDGE_CURVE('',#848,#828,#356,.T.);
#1033=EDGE_CURVE('',#827,#847,#357,.T.);
#1034=EDGE_CURVE('',#803,#848,#358,.T.);
#1035=EDGE_CURVE('',#831,#849,#745,.T.);
#1036=EDGE_CURVE('',#849,#806,#359,.T.);
#1037=EDGE_CURVE('',#850,#851,#746,.T.);
#1038=EDGE_CURVE('',#851,#808,#360,.T.);
#1039=EDGE_CURVE('',#807,#850,#361,.T.);
#1040=EDGE_CURVE('',#852,#851,#362,.T.);
#1041=EDGE_CURVE('',#852,#853,#363,.T.);
#1042=EDGE_CURVE('',#853,#854,#747,.T.);
#1043=EDGE_CURVE('',#854,#855,#364,.T.);
#1044=EDGE_CURVE('',#855,#856,#748,.T.);
#1045=EDGE_CURVE('',#856,#857,#365,.T.);
#1046=EDGE_CURVE('',#858,#857,#366,.T.);
#1047=EDGE_CURVE('',#858,#859,#749,.T.);
#1048=EDGE_CURVE('',#859,#860,#367,.T.);
#1049=EDGE_CURVE('',#860,#861,#750,.T.);
#1050=EDGE_CURVE('',#861,#862,#368,.T.);
#1051=EDGE_CURVE('',#862,#863,#751,.T.);
#1052=EDGE_CURVE('',#863,#864,#369,.T.);
#1053=EDGE_CURVE('',#864,#865,#752,.T.);
#1054=EDGE_CURVE('',#866,#865,#370,.T.);
#1055=EDGE_CURVE('',#809,#866,#371,.T.);
#1056=EDGE_CURVE('',#866,#867,#753,.T.);
#1057=EDGE_CURVE('',#867,#810,#372,.T.);
#1058=EDGE_CURVE('',#868,#869,#754,.T.);
#1059=EDGE_CURVE('',#869,#812,#373,.T.);
#1060=EDGE_CURVE('',#811,#868,#374,.T.);
#1061=EDGE_CURVE('',#870,#869,#375,.T.);
#1062=EDGE_CURVE('',#813,#870,#376,.T.);
#1063=EDGE_CURVE('',#865,#871,#377,.T.);
#1064=EDGE_CURVE('',#872,#871,#27,.T.);
#1065=EDGE_CURVE('',#873,#872,#378,.T.);
#1066=EDGE_CURVE('',#874,#873,#28,.T.);
#1067=EDGE_CURVE('',#874,#858,#379,.T.);
#1068=EDGE_CURVE('',#857,#875,#380,.T.);
#1069=EDGE_CURVE('',#876,#875,#381,.T.);
#1070=EDGE_CURVE('',#876,#877,#382,.T.);
#1071=EDGE_CURVE('',#877,#878,#383,.T.);
#1072=EDGE_CURVE('',#878,#879,#384,.T.);
#1073=EDGE_CURVE('',#879,#880,#385,.T.);
#1074=EDGE_CURVE('',#880,#881,#386,.T.);
#1075=EDGE_CURVE('',#881,#882,#387,.T.);
#1076=EDGE_CURVE('',#835,#882,#388,.T.);
#1077=EDGE_CURVE('',#883,#834,#755,.T.);
#1078=EDGE_CURVE('',#883,#884,#389,.T.);
#1079=EDGE_CURVE('',#885,#884,#756,.T.);
#1080=EDGE_CURVE('',#885,#886,#390,.T.);
#1081=EDGE_CURVE('',#887,#886,#757,.T.);
#1082=EDGE_CURVE('',#887,#888,#391,.T.);
#1083=EDGE_CURVE('',#889,#888,#758,.T.);
#1084=EDGE_CURVE('',#889,#890,#392,.T.);
#1085=EDGE_CURVE('',#891,#890,#759,.T.);
#1086=EDGE_CURVE('',#891,#892,#393,.T.);
#1087=EDGE_CURVE('',#870,#892,#760,.T.);
#1088=EDGE_CURVE('',#868,#867,#394,.T.);
#1089=EDGE_CURVE('',#893,#893,#761,.T.);
#1090=EDGE_CURVE('',#894,#894,#762,.T.);
#1091=EDGE_CURVE('',#892,#814,#395,.T.);
#1092=EDGE_CURVE('',#815,#891,#396,.T.);
#1093=EDGE_CURVE('',#890,#816,#397,.T.);
#1094=EDGE_CURVE('',#817,#889,#398,.T.);
#1095=EDGE_CURVE('',#888,#818,#399,.T.);
#1096=EDGE_CURVE('',#886,#820,#400,.T.);
#1097=EDGE_CURVE('',#819,#887,#401,.T.);
#1098=EDGE_CURVE('',#821,#885,#402,.T.);
#1099=EDGE_CURVE('',#884,#822,#403,.T.);
#1100=EDGE_CURVE('',#823,#883,#404,.T.);
#1101=EDGE_CURVE('',#847,#833,#405,.T.);
#1102=EDGE_CURVE('',#893,#829,#406,.T.);
#1103=EDGE_CURVE('',#894,#830,#407,.T.);
#1104=EDGE_CURVE('',#895,#861,#408,.T.);
#1105=EDGE_CURVE('',#896,#895,#409,.T.);
#1106=EDGE_CURVE('',#896,#862,#410,.T.);
#1107=EDGE_CURVE('',#897,#896,#763,.T.);
#1108=EDGE_CURVE('',#897,#863,#411,.T.);
#1109=EDGE_CURVE('',#898,#897,#412,.T.);
#1110=EDGE_CURVE('',#898,#864,#413,.T.);
#1111=EDGE_CURVE('',#871,#898,#764,.T.);
#1112=EDGE_CURVE('',#899,#859,#414,.T.);
#1113=EDGE_CURVE('',#900,#899,#415,.T.);
#1114=EDGE_CURVE('',#900,#860,#416,.T.);
#1115=EDGE_CURVE('',#895,#900,#765,.T.);
#1116=EDGE_CURVE('',#899,#874,#766,.T.);
#1117=EDGE_CURVE('',#901,#855,#417,.T.);
#1118=EDGE_CURVE('',#902,#901,#767,.T.);
#1119=EDGE_CURVE('',#902,#856,#418,.T.);
#1120=EDGE_CURVE('',#875,#902,#419,.T.);
#1121=EDGE_CURVE('',#903,#852,#420,.T.);
#1122=EDGE_CURVE('',#904,#903,#421,.T.);
#1123=EDGE_CURVE('',#904,#853,#422,.T.);
#1124=EDGE_CURVE('',#905,#904,#768,.T.);
#1125=EDGE_CURVE('',#905,#854,#423,.T.);
#1126=EDGE_CURVE('',#901,#905,#424,.T.);
#1127=EDGE_CURVE('',#906,#846,#425,.T.);
#1128=EDGE_CURVE('',#906,#907,#426,.T.);
#1129=EDGE_CURVE('',#907,#908,#427,.T.);
#1130=EDGE_CURVE('',#908,#909,#428,.T.);
#1131=EDGE_CURVE('',#909,#910,#429,.T.);
#1132=EDGE_CURVE('',#910,#911,#430,.T.);
#1133=EDGE_CURVE('',#903,#911,#431,.T.);
#1134=EDGE_CURVE('',#850,#849,#432,.T.);
#1135=EDGE_CURVE('',#912,#879,#433,.T.);
#1136=EDGE_CURVE('',#913,#912,#434,.T.);
#1137=EDGE_CURVE('',#880,#913,#435,.T.);
#1138=EDGE_CURVE('',#914,#878,#436,.T.);
#1139=EDGE_CURVE('',#914,#912,#437,.F.);
#1140=EDGE_CURVE('',#913,#915,#438,.F.);
#1141=EDGE_CURVE('',#915,#908,#439,.T.);
#1142=EDGE_CURVE('',#907,#916,#440,.T.);
#1143=EDGE_CURVE('',#916,#917,#769,.T.);
#1144=EDGE_CURVE('',#917,#918,#441,.T.);
#1145=EDGE_CURVE('',#918,#919,#770,.T.);
#1146=EDGE_CURVE('',#919,#920,#442,.T.);
#1147=EDGE_CURVE('',#921,#920,#443,.T.);
#1148=EDGE_CURVE('',#921,#922,#444,.T.);
#1149=EDGE_CURVE('',#923,#922,#771,.T.);
#1150=EDGE_CURVE('',#923,#924,#445,.T.);
#1151=EDGE_CURVE('',#925,#924,#772,.T.);
#1152=EDGE_CURVE('',#925,#881,#446,.T.);
#1153=EDGE_CURVE('',#874,#926,#447,.T.);
#1154=EDGE_CURVE('',#926,#927,#773,.T.);
#1155=EDGE_CURVE('',#927,#899,#448,.T.);
#1156=EDGE_CURVE('',#928,#900,#449,.T.);
#1157=EDGE_CURVE('',#927,#928,#450,.T.);
#1158=EDGE_CURVE('',#929,#896,#451,.T.);
#1159=EDGE_CURVE('',#895,#930,#452,.T.);
#1160=EDGE_CURVE('',#930,#929,#453,.T.);
#1161=EDGE_CURVE('',#931,#897,#454,.T.);
#1162=EDGE_CURVE('',#929,#931,#774,.T.);
#1163=EDGE_CURVE('',#932,#898,#455,.T.);
#1164=EDGE_CURVE('',#931,#932,#456,.T.);
#1165=EDGE_CURVE('',#933,#871,#457,.T.);
#1166=EDGE_CURVE('',#932,#933,#775,.T.);
#1167=EDGE_CURVE('',#928,#930,#776,.T.);
#1168=EDGE_CURVE('',#933,#934,#29,.T.);
#1169=EDGE_CURVE('',#934,#872,#458,.T.);
#1170=EDGE_CURVE('',#873,#935,#459,.T.);
#1171=EDGE_CURVE('',#935,#926,#30,.T.);
#1172=EDGE_CURVE('',#934,#935,#460,.T.);
#1173=EDGE_CURVE('',#932,#936,#461,.T.);
#1174=EDGE_CURVE('',#937,#936,#777,.T.);
#1175=EDGE_CURVE('',#934,#937,#462,.T.);
#1176=EDGE_CURVE('',#931,#938,#463,.T.);
#1177=EDGE_CURVE('',#936,#938,#464,.T.);
#1178=EDGE_CURVE('',#929,#939,#465,.T.);
#1179=EDGE_CURVE('',#938,#939,#778,.T.);
#1180=EDGE_CURVE('',#930,#940,#466,.T.);
#1181=EDGE_CURVE('',#939,#940,#467,.T.);
#1182=EDGE_CURVE('',#911,#941,#468,.T.);
#1183=EDGE_CURVE('',#941,#904,#469,.T.);
#1184=EDGE_CURVE('',#941,#942,#779,.T.);
#1185=EDGE_CURVE('',#942,#905,#470,.T.);
#1186=EDGE_CURVE('',#943,#901,#471,.T.);
#1187=EDGE_CURVE('',#942,#943,#472,.T.);
#1188=EDGE_CURVE('',#943,#944,#780,.T.);
#1189=EDGE_CURVE('',#944,#902,#473,.T.);
#1190=EDGE_CURVE('',#944,#876,#474,.T.);
#1191=EDGE_CURVE('',#943,#945,#475,.T.);
#1192=EDGE_CURVE('',#945,#946,#781,.T.);
#1193=EDGE_CURVE('',#946,#944,#476,.T.);
#1194=EDGE_CURVE('',#947,#942,#477,.T.);
#1195=EDGE_CURVE('',#945,#947,#478,.T.);
#1196=EDGE_CURVE('',#941,#948,#479,.T.);
#1197=EDGE_CURVE('',#948,#947,#782,.T.);
#1198=EDGE_CURVE('',#948,#910,#480,.T.);
#1199=EDGE_CURVE('',#882,#949,#481,.T.);
#1200=EDGE_CURVE('',#949,#836,#482,.T.);
#1201=EDGE_CURVE('',#949,#950,#783,.T.);
#1202=EDGE_CURVE('',#950,#837,#483,.T.);
#1203=EDGE_CURVE('',#951,#838,#484,.T.);
#1204=EDGE_CURVE('',#950,#951,#485,.T.);
#1205=EDGE_CURVE('',#951,#952,#784,.T.);
#1206=EDGE_CURVE('',#952,#839,#486,.T.);
#1207=EDGE_CURVE('',#953,#840,#487,.T.);
#1208=EDGE_CURVE('',#952,#953,#488,.T.);
#1209=EDGE_CURVE('',#953,#921,#489,.T.);
#1210=EDGE_CURVE('',#920,#954,#490,.T.);
#1211=EDGE_CURVE('',#841,#954,#491,.T.);
#1212=EDGE_CURVE('',#922,#952,#492,.T.);
#1213=EDGE_CURVE('',#951,#923,#493,.T.);
#1214=EDGE_CURVE('',#924,#950,#494,.T.);
#1215=EDGE_CURVE('',#949,#925,#495,.T.);
#1216=EDGE_CURVE('',#954,#955,#496,.T.);
#1217=EDGE_CURVE('',#955,#842,#497,.T.);
#1218=EDGE_CURVE('',#956,#843,#498,.T.);
#1219=EDGE_CURVE('',#955,#956,#785,.T.);
#1220=EDGE_CURVE('',#957,#844,#499,.T.);
#1221=EDGE_CURVE('',#956,#957,#500,.T.);
#1222=EDGE_CURVE('',#958,#845,#501,.T.);
#1223=EDGE_CURVE('',#957,#958,#786,.T.);
#1224=EDGE_CURVE('',#958,#906,#502,.T.);
#1225=EDGE_CURVE('',#958,#916,#503,.T.);
#1226=EDGE_CURVE('',#957,#917,#504,.T.);
#1227=EDGE_CURVE('',#956,#918,#505,.T.);
#1228=EDGE_CURVE('',#955,#919,#506,.T.);
#1229=EDGE_CURVE('',#928,#959,#507,.T.);
#1230=EDGE_CURVE('',#940,#959,#787,.T.);
#1231=EDGE_CURVE('',#927,#960,#508,.T.);
#1232=EDGE_CURVE('',#959,#960,#509,.T.);
#1233=EDGE_CURVE('',#935,#961,#510,.T.);
#1234=EDGE_CURVE('',#960,#961,#788,.T.);
#1235=EDGE_CURVE('',#961,#937,#511,.T.);
#1236=EDGE_CURVE('',#877,#946,#512,.T.);
#1237=EDGE_CURVE('',#962,#909,#513,.T.);
#1238=EDGE_CURVE('',#962,#914,#514,.F.);
#1239=EDGE_CURVE('',#915,#962,#515,.F.);
#1240=ORIENTED_EDGE('',*,*,#963,.F.);
#1241=ORIENTED_EDGE('',*,*,#964,.T.);
#1242=ORIENTED_EDGE('',*,*,#965,.F.);
#1243=ORIENTED_EDGE('',*,*,#964,.F.);
#1244=ORIENTED_EDGE('',*,*,#966,.F.);
#1245=ORIENTED_EDGE('',*,*,#967,.T.);
#1246=ORIENTED_EDGE('',*,*,#968,.F.);
#1247=ORIENTED_EDGE('',*,*,#967,.F.);
#1248=ORIENTED_EDGE('',*,*,#969,.F.);
#1249=ORIENTED_EDGE('',*,*,#970,.F.);
#1250=ORIENTED_EDGE('',*,*,#971,.F.);
#1251=ORIENTED_EDGE('',*,*,#972,.T.);
#1252=ORIENTED_EDGE('',*,*,#973,.F.);
#1253=ORIENTED_EDGE('',*,*,#972,.F.);
#1254=ORIENTED_EDGE('',*,*,#974,.F.);
#1255=ORIENTED_EDGE('',*,*,#975,.T.);
#1256=ORIENTED_EDGE('',*,*,#976,.F.);
#1257=ORIENTED_EDGE('',*,*,#975,.F.);
#1258=ORIENTED_EDGE('',*,*,#977,.F.);
#1259=ORIENTED_EDGE('',*,*,#978,.F.);
#1260=ORIENTED_EDGE('',*,*,#979,.F.);
#1261=ORIENTED_EDGE('',*,*,#980,.F.);
#1262=ORIENTED_EDGE('',*,*,#981,.F.);
#1263=ORIENTED_EDGE('',*,*,#982,.T.);
#1264=ORIENTED_EDGE('',*,*,#983,.F.);
#1265=ORIENTED_EDGE('',*,*,#982,.F.);
#1266=ORIENTED_EDGE('',*,*,#984,.F.);
#1267=ORIENTED_EDGE('',*,*,#970,.T.);
#1268=ORIENTED_EDGE('',*,*,#979,.T.);
#1269=ORIENTED_EDGE('',*,*,#983,.T.);
#1270=ORIENTED_EDGE('',*,*,#969,.T.);
#1271=ORIENTED_EDGE('',*,*,#973,.T.);
#1272=ORIENTED_EDGE('',*,*,#976,.T.);
#1273=ORIENTED_EDGE('',*,*,#985,.T.);
#1274=ORIENTED_EDGE('',*,*,#986,.F.);
#1275=ORIENTED_EDGE('',*,*,#987,.T.);
#1276=ORIENTED_EDGE('',*,*,#988,.F.);
#1277=ORIENTED_EDGE('',*,*,#989,.T.);
#1278=ORIENTED_EDGE('',*,*,#990,.F.);
#1279=ORIENTED_EDGE('',*,*,#991,.F.);
#1280=ORIENTED_EDGE('',*,*,#992,.F.);
#1281=ORIENTED_EDGE('',*,*,#993,.T.);
#1282=ORIENTED_EDGE('',*,*,#994,.F.);
#1283=ORIENTED_EDGE('',*,*,#995,.F.);
#1284=ORIENTED_EDGE('',*,*,#996,.F.);
#1285=ORIENTED_EDGE('',*,*,#997,.F.);
#1286=ORIENTED_EDGE('',*,*,#998,.F.);
#1287=ORIENTED_EDGE('',*,*,#999,.F.);
#1288=ORIENTED_EDGE('',*,*,#1000,.F.);
#1289=ORIENTED_EDGE('',*,*,#1001,.T.);
#1290=ORIENTED_EDGE('',*,*,#1002,.F.);
#1291=ORIENTED_EDGE('',*,*,#1003,.T.);
#1292=ORIENTED_EDGE('',*,*,#1004,.F.);
#1293=ORIENTED_EDGE('',*,*,#1005,.T.);
#1294=ORIENTED_EDGE('',*,*,#1006,.F.);
#1295=ORIENTED_EDGE('',*,*,#1007,.T.);
#1296=ORIENTED_EDGE('',*,*,#1008,.F.);
#1297=ORIENTED_EDGE('',*,*,#1009,.T.);
#1298=ORIENTED_EDGE('',*,*,#965,.T.);
#1299=ORIENTED_EDGE('',*,*,#968,.T.);
#1300=ORIENTED_EDGE('',*,*,#1010,.T.);
#1301=ORIENTED_EDGE('',*,*,#1011,.T.);
#1302=ORIENTED_EDGE('',*,*,#978,.T.);
#1303=ORIENTED_EDGE('',*,*,#1012,.F.);
#1304=ORIENTED_EDGE('',*,*,#1013,.F.);
#1305=ORIENTED_EDGE('',*,*,#985,.F.);
#1306=ORIENTED_EDGE('',*,*,#1006,.T.);
#1307=ORIENTED_EDGE('',*,*,#1014,.T.);
#1308=ORIENTED_EDGE('',*,*,#1015,.T.);
#1309=ORIENTED_EDGE('',*,*,#1016,.T.);
#1310=ORIENTED_EDGE('',*,*,#1014,.F.);
#1311=ORIENTED_EDGE('',*,*,#1005,.F.);
#1312=ORIENTED_EDGE('',*,*,#1017,.F.);
#1313=ORIENTED_EDGE('',*,*,#1018,.F.);
#1314=ORIENTED_EDGE('',*,*,#1019,.F.);
#1315=ORIENTED_EDGE('',*,*,#1020,.F.);
#1316=ORIENTED_EDGE('',*,*,#1021,.F.);
#1317=ORIENTED_EDGE('',*,*,#1022,.F.);
#1318=ORIENTED_EDGE('',*,*,#1023,.F.);
#1319=ORIENTED_EDGE('',*,*,#1024,.F.);
#1320=ORIENTED_EDGE('',*,*,#1025,.F.);
#1321=ORIENTED_EDGE('',*,*,#1026,.F.);
#1322=ORIENTED_EDGE('',*,*,#1027,.F.);
#1323=ORIENTED_EDGE('',*,*,#1028,.F.);
#1324=ORIENTED_EDGE('',*,*,#1029,.F.);
#1325=ORIENTED_EDGE('',*,*,#1030,.F.);
#1326=ORIENTED_EDGE('',*,*,#1031,.T.);
#1327=ORIENTED_EDGE('',*,*,#1032,.T.);
#1328=ORIENTED_EDGE('',*,*,#1008,.T.);
#1329=ORIENTED_EDGE('',*,*,#1033,.T.);
#1330=ORIENTED_EDGE('',*,*,#980,.T.);
#1331=ORIENTED_EDGE('',*,*,#1009,.F.);
#1332=ORIENTED_EDGE('',*,*,#1032,.F.);
#1333=ORIENTED_EDGE('',*,*,#1034,.F.);
#1334=ORIENTED_EDGE('',*,*,#1035,.T.);
#1335=ORIENTED_EDGE('',*,*,#1036,.T.);
#1336=ORIENTED_EDGE('',*,*,#986,.T.);
#1337=ORIENTED_EDGE('',*,*,#1013,.T.);
#1338=ORIENTED_EDGE('',*,*,#1037,.T.);
#1339=ORIENTED_EDGE('',*,*,#1038,.T.);
#1340=ORIENTED_EDGE('',*,*,#988,.T.);
#1341=ORIENTED_EDGE('',*,*,#1039,.T.);
#1342=ORIENTED_EDGE('',*,*,#1038,.F.);
#1343=ORIENTED_EDGE('',*,*,#1040,.F.);
#1344=ORIENTED_EDGE('',*,*,#1041,.T.);
#1345=ORIENTED_EDGE('',*,*,#1042,.T.);
#1346=ORIENTED_EDGE('',*,*,#1043,.T.);
#1347=ORIENTED_EDGE('',*,*,#1044,.T.);
#1348=ORIENTED_EDGE('',*,*,#1045,.T.);
#1349=ORIENTED_EDGE('',*,*,#1046,.F.);
#1350=ORIENTED_EDGE('',*,*,#1047,.T.);
#1351=ORIENTED_EDGE('',*,*,#1048,.T.);
#1352=ORIENTED_EDGE('',*,*,#1049,.T.);
#1353=ORIENTED_EDGE('',*,*,#1050,.T.);
#1354=ORIENTED_EDGE('',*,*,#1051,.T.);
#1355=ORIENTED_EDGE('',*,*,#1052,.T.);
#1356=ORIENTED_EDGE('',*,*,#1053,.T.);
#1357=ORIENTED_EDGE('',*,*,#1054,.F.);
#1358=ORIENTED_EDGE('',*,*,#1055,.F.);
#1359=ORIENTED_EDGE('',*,*,#989,.F.);
#1360=ORIENTED_EDGE('',*,*,#1056,.T.);
#1361=ORIENTED_EDGE('',*,*,#1057,.T.);
#1362=ORIENTED_EDGE('',*,*,#990,.T.);
#1363=ORIENTED_EDGE('',*,*,#1055,.T.);
#1364=ORIENTED_EDGE('',*,*,#1058,.T.);
#1365=ORIENTED_EDGE('',*,*,#1059,.T.);
#1366=ORIENTED_EDGE('',*,*,#992,.T.);
#1367=ORIENTED_EDGE('',*,*,#1060,.T.);
#1368=ORIENTED_EDGE('',*,*,#1059,.F.);
#1369=ORIENTED_EDGE('',*,*,#1061,.F.);
#1370=ORIENTED_EDGE('',*,*,#1062,.F.);
#1371=ORIENTED_EDGE('',*,*,#993,.F.);
#1372=ORIENTED_EDGE('',*,*,#1056,.F.);
#1373=ORIENTED_EDGE('',*,*,#1054,.T.);
#1374=ORIENTED_EDGE('',*,*,#1063,.T.);
#1375=ORIENTED_EDGE('',*,*,#1064,.F.);
#1376=ORIENTED_EDGE('',*,*,#1065,.F.);
#1377=ORIENTED_EDGE('',*,*,#1066,.F.);
#1378=ORIENTED_EDGE('',*,*,#1067,.T.);
#1379=ORIENTED_EDGE('',*,*,#1046,.T.);
#1380=ORIENTED_EDGE('',*,*,#1068,.T.);
#1381=ORIENTED_EDGE('',*,*,#1069,.F.);
#1382=ORIENTED_EDGE('',*,*,#1070,.T.);
#1383=ORIENTED_EDGE('',*,*,#1071,.T.);
#1384=ORIENTED_EDGE('',*,*,#1072,.T.);
#1385=ORIENTED_EDGE('',*,*,#1073,.T.);
#1386=ORIENTED_EDGE('',*,*,#1074,.T.);
#1387=ORIENTED_EDGE('',*,*,#1075,.T.);
#1388=ORIENTED_EDGE('',*,*,#1076,.F.);
#1389=ORIENTED_EDGE('',*,*,#1018,.T.);
#1390=ORIENTED_EDGE('',*,*,#1077,.F.);
#1391=ORIENTED_EDGE('',*,*,#1078,.T.);
#1392=ORIENTED_EDGE('',*,*,#1079,.F.);
#1393=ORIENTED_EDGE('',*,*,#1080,.T.);
#1394=ORIENTED_EDGE('',*,*,#1081,.F.);
#1395=ORIENTED_EDGE('',*,*,#1082,.T.);
#1396=ORIENTED_EDGE('',*,*,#1083,.F.);
#1397=ORIENTED_EDGE('',*,*,#1084,.T.);
#1398=ORIENTED_EDGE('',*,*,#1085,.F.);
#1399=ORIENTED_EDGE('',*,*,#1086,.T.);
#1400=ORIENTED_EDGE('',*,*,#1087,.F.);
#1401=ORIENTED_EDGE('',*,*,#1061,.T.);
#1402=ORIENTED_EDGE('',*,*,#1058,.F.);
#1403=ORIENTED_EDGE('',*,*,#1088,.T.);
#1404=ORIENTED_EDGE('',*,*,#1089,.T.);
#1405=ORIENTED_EDGE('',*,*,#1090,.T.);
#1406=ORIENTED_EDGE('',*,*,#1087,.T.);
#1407=ORIENTED_EDGE('',*,*,#1091,.T.);
#1408=ORIENTED_EDGE('',*,*,#994,.T.);
#1409=ORIENTED_EDGE('',*,*,#1062,.T.);
#1410=ORIENTED_EDGE('',*,*,#1091,.F.);
#1411=ORIENTED_EDGE('',*,*,#1086,.F.);
#1412=ORIENTED_EDGE('',*,*,#1092,.F.);
#1413=ORIENTED_EDGE('',*,*,#995,.T.);
#1414=ORIENTED_EDGE('',*,*,#996,.T.);
#1415=ORIENTED_EDGE('',*,*,#1092,.T.);
#1416=ORIENTED_EDGE('',*,*,#1085,.T.);
#1417=ORIENTED_EDGE('',*,*,#1093,.T.);
#1418=ORIENTED_EDGE('',*,*,#998,.T.);
#1419=ORIENTED_EDGE('',*,*,#1094,.T.);
#1420=ORIENTED_EDGE('',*,*,#1083,.T.);
#1421=ORIENTED_EDGE('',*,*,#1095,.T.);
#1422=ORIENTED_EDGE('',*,*,#1093,.F.);
#1423=ORIENTED_EDGE('',*,*,#1084,.F.);
#1424=ORIENTED_EDGE('',*,*,#1094,.F.);
#1425=ORIENTED_EDGE('',*,*,#997,.T.);
#1426=ORIENTED_EDGE('',*,*,#1081,.T.);
#1427=ORIENTED_EDGE('',*,*,#1096,.T.);
#1428=ORIENTED_EDGE('',*,*,#1000,.T.);
#1429=ORIENTED_EDGE('',*,*,#1097,.T.);
#1430=ORIENTED_EDGE('',*,*,#1096,.F.);
#1431=ORIENTED_EDGE('',*,*,#1080,.F.);
#1432=ORIENTED_EDGE('',*,*,#1098,.F.);
#1433=ORIENTED_EDGE('',*,*,#1001,.F.);
#1434=ORIENTED_EDGE('',*,*,#1079,.T.);
#1435=ORIENTED_EDGE('',*,*,#1099,.T.);
#1436=ORIENTED_EDGE('',*,*,#1002,.T.);
#1437=ORIENTED_EDGE('',*,*,#1098,.T.);
#1438=ORIENTED_EDGE('',*,*,#1077,.T.);
#1439=ORIENTED_EDGE('',*,*,#1017,.T.);
#1440=ORIENTED_EDGE('',*,*,#1004,.T.);
#1441=ORIENTED_EDGE('',*,*,#1100,.T.);
#1442=ORIENTED_EDGE('',*,*,#1016,.F.);
#1443=ORIENTED_EDGE('',*,*,#1101,.F.);
#1444=ORIENTED_EDGE('',*,*,#1033,.F.);
#1445=ORIENTED_EDGE('',*,*,#1007,.F.);
#1446=ORIENTED_EDGE('',*,*,#1089,.F.);
#1447=ORIENTED_EDGE('',*,*,#1102,.T.);
#1448=ORIENTED_EDGE('',*,*,#1010,.F.);
#1449=ORIENTED_EDGE('',*,*,#1102,.F.);
#1450=ORIENTED_EDGE('',*,*,#1090,.F.);
#1451=ORIENTED_EDGE('',*,*,#1103,.T.);
#1452=ORIENTED_EDGE('',*,*,#1011,.F.);
#1453=ORIENTED_EDGE('',*,*,#1103,.F.);
#1454=ORIENTED_EDGE('',*,*,#1050,.F.);
#1455=ORIENTED_EDGE('',*,*,#1104,.F.);
#1456=ORIENTED_EDGE('',*,*,#1105,.F.);
#1457=ORIENTED_EDGE('',*,*,#1106,.T.);
#1458=ORIENTED_EDGE('',*,*,#1051,.F.);
#1459=ORIENTED_EDGE('',*,*,#1106,.F.);
#1460=ORIENTED_EDGE('',*,*,#1107,.F.);
#1461=ORIENTED_EDGE('',*,*,#1108,.T.);
#1462=ORIENTED_EDGE('',*,*,#1052,.F.);
#1463=ORIENTED_EDGE('',*,*,#1108,.F.);
#1464=ORIENTED_EDGE('',*,*,#1109,.F.);
#1465=ORIENTED_EDGE('',*,*,#1110,.T.);
#1466=ORIENTED_EDGE('',*,*,#1053,.F.);
#1467=ORIENTED_EDGE('',*,*,#1110,.F.);
#1468=ORIENTED_EDGE('',*,*,#1111,.F.);
#1469=ORIENTED_EDGE('',*,*,#1063,.F.);
#1470=ORIENTED_EDGE('',*,*,#1048,.F.);
#1471=ORIENTED_EDGE('',*,*,#1112,.F.);
#1472=ORIENTED_EDGE('',*,*,#1113,.F.);
#1473=ORIENTED_EDGE('',*,*,#1114,.T.);
#1474=ORIENTED_EDGE('',*,*,#1049,.F.);
#1475=ORIENTED_EDGE('',*,*,#1114,.F.);
#1476=ORIENTED_EDGE('',*,*,#1115,.F.);
#1477=ORIENTED_EDGE('',*,*,#1104,.T.);
#1478=ORIENTED_EDGE('',*,*,#1047,.F.);
#1479=ORIENTED_EDGE('',*,*,#1067,.F.);
#1480=ORIENTED_EDGE('',*,*,#1116,.F.);
#1481=ORIENTED_EDGE('',*,*,#1112,.T.);
#1482=ORIENTED_EDGE('',*,*,#1044,.F.);
#1483=ORIENTED_EDGE('',*,*,#1117,.F.);
#1484=ORIENTED_EDGE('',*,*,#1118,.F.);
#1485=ORIENTED_EDGE('',*,*,#1119,.T.);
#1486=ORIENTED_EDGE('',*,*,#1045,.F.);
#1487=ORIENTED_EDGE('',*,*,#1119,.F.);
#1488=ORIENTED_EDGE('',*,*,#1120,.F.);
#1489=ORIENTED_EDGE('',*,*,#1068,.F.);
#1490=ORIENTED_EDGE('',*,*,#1041,.F.);
#1491=ORIENTED_EDGE('',*,*,#1121,.F.);
#1492=ORIENTED_EDGE('',*,*,#1122,.F.);
#1493=ORIENTED_EDGE('',*,*,#1123,.T.);
#1494=ORIENTED_EDGE('',*,*,#1042,.F.);
#1495=ORIENTED_EDGE('',*,*,#1123,.F.);
#1496=ORIENTED_EDGE('',*,*,#1124,.F.);
#1497=ORIENTED_EDGE('',*,*,#1125,.T.);
#1498=ORIENTED_EDGE('',*,*,#1043,.F.);
#1499=ORIENTED_EDGE('',*,*,#1125,.F.);
#1500=ORIENTED_EDGE('',*,*,#1126,.F.);
#1501=ORIENTED_EDGE('',*,*,#1117,.T.);
#1502=ORIENTED_EDGE('',*,*,#981,.T.);
#1503=ORIENTED_EDGE('',*,*,#1034,.T.);
#1504=ORIENTED_EDGE('',*,*,#1031,.F.);
#1505=ORIENTED_EDGE('',*,*,#1101,.T.);
#1506=ORIENTED_EDGE('',*,*,#1015,.F.);
#1507=ORIENTED_EDGE('',*,*,#1030,.T.);
#1508=ORIENTED_EDGE('',*,*,#1127,.F.);
#1509=ORIENTED_EDGE('',*,*,#1128,.T.);
#1510=ORIENTED_EDGE('',*,*,#1129,.T.);
#1511=ORIENTED_EDGE('',*,*,#1130,.T.);
#1512=ORIENTED_EDGE('',*,*,#1131,.T.);
#1513=ORIENTED_EDGE('',*,*,#1132,.T.);
#1514=ORIENTED_EDGE('',*,*,#1133,.F.);
#1515=ORIENTED_EDGE('',*,*,#1121,.T.);
#1516=ORIENTED_EDGE('',*,*,#1040,.T.);
#1517=ORIENTED_EDGE('',*,*,#1037,.F.);
#1518=ORIENTED_EDGE('',*,*,#1134,.T.);
#1519=ORIENTED_EDGE('',*,*,#1035,.F.);
#1520=ORIENTED_EDGE('',*,*,#1012,.T.);
#1521=ORIENTED_EDGE('',*,*,#977,.T.);
#1522=ORIENTED_EDGE('',*,*,#974,.T.);
#1523=ORIENTED_EDGE('',*,*,#971,.T.);
#1524=ORIENTED_EDGE('',*,*,#984,.T.);
#1525=ORIENTED_EDGE('',*,*,#963,.T.);
#1526=ORIENTED_EDGE('',*,*,#966,.T.);
#1527=ORIENTED_EDGE('',*,*,#1099,.F.);
#1528=ORIENTED_EDGE('',*,*,#1078,.F.);
#1529=ORIENTED_EDGE('',*,*,#1100,.F.);
#1530=ORIENTED_EDGE('',*,*,#1003,.F.);
#1531=ORIENTED_EDGE('',*,*,#1036,.F.);
#1532=ORIENTED_EDGE('',*,*,#1134,.F.);
#1533=ORIENTED_EDGE('',*,*,#1039,.F.);
#1534=ORIENTED_EDGE('',*,*,#987,.F.);
#1535=ORIENTED_EDGE('',*,*,#1057,.F.);
#1536=ORIENTED_EDGE('',*,*,#1088,.F.);
#1537=ORIENTED_EDGE('',*,*,#1060,.F.);
#1538=ORIENTED_EDGE('',*,*,#991,.T.);
#1539=ORIENTED_EDGE('',*,*,#1095,.F.);
#1540=ORIENTED_EDGE('',*,*,#1082,.F.);
#1541=ORIENTED_EDGE('',*,*,#1097,.F.);
#1542=ORIENTED_EDGE('',*,*,#999,.T.);
#1543=ORIENTED_EDGE('',*,*,#1073,.F.);
#1544=ORIENTED_EDGE('',*,*,#1135,.F.);
#1545=ORIENTED_EDGE('',*,*,#1136,.F.);
#1546=ORIENTED_EDGE('',*,*,#1137,.F.);
#1547=ORIENTED_EDGE('',*,*,#1135,.T.);
#1548=ORIENTED_EDGE('',*,*,#1072,.F.);
#1549=ORIENTED_EDGE('',*,*,#1138,.F.);
#1550=ORIENTED_EDGE('',*,*,#1139,.T.);
#1551=ORIENTED_EDGE('',*,*,#1137,.T.);
#1552=ORIENTED_EDGE('',*,*,#1140,.T.);
#1553=ORIENTED_EDGE('',*,*,#1141,.T.);
#1554=ORIENTED_EDGE('',*,*,#1129,.F.);
#1555=ORIENTED_EDGE('',*,*,#1142,.T.);
#1556=ORIENTED_EDGE('',*,*,#1143,.T.);
#1557=ORIENTED_EDGE('',*,*,#1144,.T.);
#1558=ORIENTED_EDGE('',*,*,#1145,.T.);
#1559=ORIENTED_EDGE('',*,*,#1146,.T.);
#1560=ORIENTED_EDGE('',*,*,#1147,.F.);
#1561=ORIENTED_EDGE('',*,*,#1148,.T.);
#1562=ORIENTED_EDGE('',*,*,#1149,.F.);
#1563=ORIENTED_EDGE('',*,*,#1150,.T.);
#1564=ORIENTED_EDGE('',*,*,#1151,.F.);
#1565=ORIENTED_EDGE('',*,*,#1152,.T.);
#1566=ORIENTED_EDGE('',*,*,#1074,.F.);
#1567=ORIENTED_EDGE('',*,*,#1153,.T.);
#1568=ORIENTED_EDGE('',*,*,#1154,.T.);
#1569=ORIENTED_EDGE('',*,*,#1155,.T.);
#1570=ORIENTED_EDGE('',*,*,#1116,.T.);
#1571=ORIENTED_EDGE('',*,*,#1156,.T.);
#1572=ORIENTED_EDGE('',*,*,#1113,.T.);
#1573=ORIENTED_EDGE('',*,*,#1155,.F.);
#1574=ORIENTED_EDGE('',*,*,#1157,.T.);
#1575=ORIENTED_EDGE('',*,*,#1158,.T.);
#1576=ORIENTED_EDGE('',*,*,#1105,.T.);
#1577=ORIENTED_EDGE('',*,*,#1159,.T.);
#1578=ORIENTED_EDGE('',*,*,#1160,.T.);
#1579=ORIENTED_EDGE('',*,*,#1161,.T.);
#1580=ORIENTED_EDGE('',*,*,#1107,.T.);
#1581=ORIENTED_EDGE('',*,*,#1158,.F.);
#1582=ORIENTED_EDGE('',*,*,#1162,.T.);
#1583=ORIENTED_EDGE('',*,*,#1163,.T.);
#1584=ORIENTED_EDGE('',*,*,#1109,.T.);
#1585=ORIENTED_EDGE('',*,*,#1161,.F.);
#1586=ORIENTED_EDGE('',*,*,#1164,.T.);
#1587=ORIENTED_EDGE('',*,*,#1165,.T.);
#1588=ORIENTED_EDGE('',*,*,#1111,.T.);
#1589=ORIENTED_EDGE('',*,*,#1163,.F.);
#1590=ORIENTED_EDGE('',*,*,#1166,.T.);
#1591=ORIENTED_EDGE('',*,*,#1159,.F.);
#1592=ORIENTED_EDGE('',*,*,#1115,.T.);
#1593=ORIENTED_EDGE('',*,*,#1156,.F.);
#1594=ORIENTED_EDGE('',*,*,#1167,.T.);
#1595=ORIENTED_EDGE('',*,*,#1064,.T.);
#1596=ORIENTED_EDGE('',*,*,#1165,.F.);
#1597=ORIENTED_EDGE('',*,*,#1168,.T.);
#1598=ORIENTED_EDGE('',*,*,#1169,.T.);
#1599=ORIENTED_EDGE('',*,*,#1066,.T.);
#1600=ORIENTED_EDGE('',*,*,#1170,.T.);
#1601=ORIENTED_EDGE('',*,*,#1171,.T.);
#1602=ORIENTED_EDGE('',*,*,#1153,.F.);
#1603=ORIENTED_EDGE('',*,*,#1065,.T.);
#1604=ORIENTED_EDGE('',*,*,#1169,.F.);
#1605=ORIENTED_EDGE('',*,*,#1172,.T.);
#1606=ORIENTED_EDGE('',*,*,#1170,.F.);
#1607=ORIENTED_EDGE('',*,*,#1168,.F.);
#1608=ORIENTED_EDGE('',*,*,#1166,.F.);
#1609=ORIENTED_EDGE('',*,*,#1173,.T.);
#1610=ORIENTED_EDGE('',*,*,#1174,.F.);
#1611=ORIENTED_EDGE('',*,*,#1175,.F.);
#1612=ORIENTED_EDGE('',*,*,#1164,.F.);
#1613=ORIENTED_EDGE('',*,*,#1176,.T.);
#1614=ORIENTED_EDGE('',*,*,#1177,.F.);
#1615=ORIENTED_EDGE('',*,*,#1173,.F.);
#1616=ORIENTED_EDGE('',*,*,#1162,.F.);
#1617=ORIENTED_EDGE('',*,*,#1178,.T.);
#1618=ORIENTED_EDGE('',*,*,#1179,.F.);
#1619=ORIENTED_EDGE('',*,*,#1176,.F.);
#1620=ORIENTED_EDGE('',*,*,#1160,.F.);
#1621=ORIENTED_EDGE('',*,*,#1180,.T.);
#1622=ORIENTED_EDGE('',*,*,#1181,.F.);
#1623=ORIENTED_EDGE('',*,*,#1178,.F.);
#1624=ORIENTED_EDGE('',*,*,#1133,.T.);
#1625=ORIENTED_EDGE('',*,*,#1182,.T.);
#1626=ORIENTED_EDGE('',*,*,#1183,.T.);
#1627=ORIENTED_EDGE('',*,*,#1122,.T.);
#1628=ORIENTED_EDGE('',*,*,#1183,.F.);
#1629=ORIENTED_EDGE('',*,*,#1184,.T.);
#1630=ORIENTED_EDGE('',*,*,#1185,.T.);
#1631=ORIENTED_EDGE('',*,*,#1124,.T.);
#1632=ORIENTED_EDGE('',*,*,#1186,.T.);
#1633=ORIENTED_EDGE('',*,*,#1126,.T.);
#1634=ORIENTED_EDGE('',*,*,#1185,.F.);
#1635=ORIENTED_EDGE('',*,*,#1187,.T.);
#1636=ORIENTED_EDGE('',*,*,#1186,.F.);
#1637=ORIENTED_EDGE('',*,*,#1188,.T.);
#1638=ORIENTED_EDGE('',*,*,#1189,.T.);
#1639=ORIENTED_EDGE('',*,*,#1118,.T.);
#1640=ORIENTED_EDGE('',*,*,#1069,.T.);
#1641=ORIENTED_EDGE('',*,*,#1120,.T.);
#1642=ORIENTED_EDGE('',*,*,#1189,.F.);
#1643=ORIENTED_EDGE('',*,*,#1190,.T.);
#1644=ORIENTED_EDGE('',*,*,#1188,.F.);
#1645=ORIENTED_EDGE('',*,*,#1191,.T.);
#1646=ORIENTED_EDGE('',*,*,#1192,.T.);
#1647=ORIENTED_EDGE('',*,*,#1193,.T.);
#1648=ORIENTED_EDGE('',*,*,#1187,.F.);
#1649=ORIENTED_EDGE('',*,*,#1194,.F.);
#1650=ORIENTED_EDGE('',*,*,#1195,.F.);
#1651=ORIENTED_EDGE('',*,*,#1191,.F.);
#1652=ORIENTED_EDGE('',*,*,#1184,.F.);
#1653=ORIENTED_EDGE('',*,*,#1196,.T.);
#1654=ORIENTED_EDGE('',*,*,#1197,.T.);
#1655=ORIENTED_EDGE('',*,*,#1194,.T.);
#1656=ORIENTED_EDGE('',*,*,#1182,.F.);
#1657=ORIENTED_EDGE('',*,*,#1132,.F.);
#1658=ORIENTED_EDGE('',*,*,#1198,.F.);
#1659=ORIENTED_EDGE('',*,*,#1196,.F.);
#1660=ORIENTED_EDGE('',*,*,#1076,.T.);
#1661=ORIENTED_EDGE('',*,*,#1199,.T.);
#1662=ORIENTED_EDGE('',*,*,#1200,.T.);
#1663=ORIENTED_EDGE('',*,*,#1019,.T.);
#1664=ORIENTED_EDGE('',*,*,#1200,.F.);
#1665=ORIENTED_EDGE('',*,*,#1201,.T.);
#1666=ORIENTED_EDGE('',*,*,#1202,.T.);
#1667=ORIENTED_EDGE('',*,*,#1020,.T.);
#1668=ORIENTED_EDGE('',*,*,#1203,.T.);
#1669=ORIENTED_EDGE('',*,*,#1021,.T.);
#1670=ORIENTED_EDGE('',*,*,#1202,.F.);
#1671=ORIENTED_EDGE('',*,*,#1204,.T.);
#1672=ORIENTED_EDGE('',*,*,#1203,.F.);
#1673=ORIENTED_EDGE('',*,*,#1205,.T.);
#1674=ORIENTED_EDGE('',*,*,#1206,.T.);
#1675=ORIENTED_EDGE('',*,*,#1022,.T.);
#1676=ORIENTED_EDGE('',*,*,#1207,.T.);
#1677=ORIENTED_EDGE('',*,*,#1023,.T.);
#1678=ORIENTED_EDGE('',*,*,#1206,.F.);
#1679=ORIENTED_EDGE('',*,*,#1208,.T.);
#1680=ORIENTED_EDGE('',*,*,#1207,.F.);
#1681=ORIENTED_EDGE('',*,*,#1209,.T.);
#1682=ORIENTED_EDGE('',*,*,#1147,.T.);
#1683=ORIENTED_EDGE('',*,*,#1210,.T.);
#1684=ORIENTED_EDGE('',*,*,#1211,.F.);
#1685=ORIENTED_EDGE('',*,*,#1024,.T.);
#1686=ORIENTED_EDGE('',*,*,#1208,.F.);
#1687=ORIENTED_EDGE('',*,*,#1212,.F.);
#1688=ORIENTED_EDGE('',*,*,#1148,.F.);
#1689=ORIENTED_EDGE('',*,*,#1209,.F.);
#1690=ORIENTED_EDGE('',*,*,#1205,.F.);
#1691=ORIENTED_EDGE('',*,*,#1213,.T.);
#1692=ORIENTED_EDGE('',*,*,#1149,.T.);
#1693=ORIENTED_EDGE('',*,*,#1212,.T.);
#1694=ORIENTED_EDGE('',*,*,#1204,.F.);
#1695=ORIENTED_EDGE('',*,*,#1214,.F.);
#1696=ORIENTED_EDGE('',*,*,#1150,.F.);
#1697=ORIENTED_EDGE('',*,*,#1213,.F.);
#1698=ORIENTED_EDGE('',*,*,#1201,.F.);
#1699=ORIENTED_EDGE('',*,*,#1215,.T.);
#1700=ORIENTED_EDGE('',*,*,#1151,.T.);
#1701=ORIENTED_EDGE('',*,*,#1214,.T.);
#1702=ORIENTED_EDGE('',*,*,#1199,.F.);
#1703=ORIENTED_EDGE('',*,*,#1075,.F.);
#1704=ORIENTED_EDGE('',*,*,#1152,.F.);
#1705=ORIENTED_EDGE('',*,*,#1215,.F.);
#1706=ORIENTED_EDGE('',*,*,#1211,.T.);
#1707=ORIENTED_EDGE('',*,*,#1216,.T.);
#1708=ORIENTED_EDGE('',*,*,#1217,.T.);
#1709=ORIENTED_EDGE('',*,*,#1025,.T.);
#1710=ORIENTED_EDGE('',*,*,#1218,.T.);
#1711=ORIENTED_EDGE('',*,*,#1026,.T.);
#1712=ORIENTED_EDGE('',*,*,#1217,.F.);
#1713=ORIENTED_EDGE('',*,*,#1219,.T.);
#1714=ORIENTED_EDGE('',*,*,#1220,.T.);
#1715=ORIENTED_EDGE('',*,*,#1027,.T.);
#1716=ORIENTED_EDGE('',*,*,#1218,.F.);
#1717=ORIENTED_EDGE('',*,*,#1221,.T.);
#1718=ORIENTED_EDGE('',*,*,#1222,.T.);
#1719=ORIENTED_EDGE('',*,*,#1028,.T.);
#1720=ORIENTED_EDGE('',*,*,#1220,.F.);
#1721=ORIENTED_EDGE('',*,*,#1223,.T.);
#1722=ORIENTED_EDGE('',*,*,#1127,.T.);
#1723=ORIENTED_EDGE('',*,*,#1029,.T.);
#1724=ORIENTED_EDGE('',*,*,#1222,.F.);
#1725=ORIENTED_EDGE('',*,*,#1224,.T.);
#1726=ORIENTED_EDGE('',*,*,#1224,.F.);
#1727=ORIENTED_EDGE('',*,*,#1225,.T.);
#1728=ORIENTED_EDGE('',*,*,#1142,.F.);
#1729=ORIENTED_EDGE('',*,*,#1128,.F.);
#1730=ORIENTED_EDGE('',*,*,#1223,.F.);
#1731=ORIENTED_EDGE('',*,*,#1226,.T.);
#1732=ORIENTED_EDGE('',*,*,#1143,.F.);
#1733=ORIENTED_EDGE('',*,*,#1225,.F.);
#1734=ORIENTED_EDGE('',*,*,#1221,.F.);
#1735=ORIENTED_EDGE('',*,*,#1227,.T.);
#1736=ORIENTED_EDGE('',*,*,#1144,.F.);
#1737=ORIENTED_EDGE('',*,*,#1226,.F.);
#1738=ORIENTED_EDGE('',*,*,#1219,.F.);
#1739=ORIENTED_EDGE('',*,*,#1228,.T.);
#1740=ORIENTED_EDGE('',*,*,#1145,.F.);
#1741=ORIENTED_EDGE('',*,*,#1227,.F.);
#1742=ORIENTED_EDGE('',*,*,#1216,.F.);
#1743=ORIENTED_EDGE('',*,*,#1210,.F.);
#1744=ORIENTED_EDGE('',*,*,#1146,.F.);
#1745=ORIENTED_EDGE('',*,*,#1228,.F.);
#1746=ORIENTED_EDGE('',*,*,#1167,.F.);
#1747=ORIENTED_EDGE('',*,*,#1229,.T.);
#1748=ORIENTED_EDGE('',*,*,#1230,.F.);
#1749=ORIENTED_EDGE('',*,*,#1180,.F.);
#1750=ORIENTED_EDGE('',*,*,#1157,.F.);
#1751=ORIENTED_EDGE('',*,*,#1231,.T.);
#1752=ORIENTED_EDGE('',*,*,#1232,.F.);
#1753=ORIENTED_EDGE('',*,*,#1229,.F.);
#1754=ORIENTED_EDGE('',*,*,#1171,.F.);
#1755=ORIENTED_EDGE('',*,*,#1233,.T.);
#1756=ORIENTED_EDGE('',*,*,#1234,.F.);
#1757=ORIENTED_EDGE('',*,*,#1231,.F.);
#1758=ORIENTED_EDGE('',*,*,#1154,.F.);
#1759=ORIENTED_EDGE('',*,*,#1172,.F.);
#1760=ORIENTED_EDGE('',*,*,#1175,.T.);
#1761=ORIENTED_EDGE('',*,*,#1235,.F.);
#1762=ORIENTED_EDGE('',*,*,#1233,.F.);
#1763=ORIENTED_EDGE('',*,*,#1190,.F.);
#1764=ORIENTED_EDGE('',*,*,#1193,.F.);
#1765=ORIENTED_EDGE('',*,*,#1236,.F.);
#1766=ORIENTED_EDGE('',*,*,#1070,.F.);
#1767=ORIENTED_EDGE('',*,*,#1236,.T.);
#1768=ORIENTED_EDGE('',*,*,#1192,.F.);
#1769=ORIENTED_EDGE('',*,*,#1195,.T.);
#1770=ORIENTED_EDGE('',*,*,#1197,.F.);
#1771=ORIENTED_EDGE('',*,*,#1198,.T.);
#1772=ORIENTED_EDGE('',*,*,#1131,.F.);
#1773=ORIENTED_EDGE('',*,*,#1237,.F.);
#1774=ORIENTED_EDGE('',*,*,#1238,.T.);
#1775=ORIENTED_EDGE('',*,*,#1138,.T.);
#1776=ORIENTED_EDGE('',*,*,#1071,.F.);
#1777=ORIENTED_EDGE('',*,*,#1235,.T.);
#1778=ORIENTED_EDGE('',*,*,#1174,.T.);
#1779=ORIENTED_EDGE('',*,*,#1177,.T.);
#1780=ORIENTED_EDGE('',*,*,#1179,.T.);
#1781=ORIENTED_EDGE('',*,*,#1181,.T.);
#1782=ORIENTED_EDGE('',*,*,#1230,.T.);
#1783=ORIENTED_EDGE('',*,*,#1232,.T.);
#1784=ORIENTED_EDGE('',*,*,#1234,.T.);
#1785=ORIENTED_EDGE('',*,*,#1239,.T.);
#1786=ORIENTED_EDGE('',*,*,#1237,.T.);
#1787=ORIENTED_EDGE('',*,*,#1130,.F.);
#1788=ORIENTED_EDGE('',*,*,#1141,.F.);
#1789=ORIENTED_EDGE('',*,*,#1136,.T.);
#1790=ORIENTED_EDGE('',*,*,#1139,.F.);
#1791=ORIENTED_EDGE('',*,*,#1238,.F.);
#1792=ORIENTED_EDGE('',*,*,#1239,.F.);
#1793=ORIENTED_EDGE('',*,*,#1140,.F.);
#1794=CYLINDRICAL_SURFACE('',#1946,1.35);
#1795=CYLINDRICAL_SURFACE('',#1949,1.35);
#1796=CYLINDRICAL_SURFACE('',#1953,0.999999999999872);
#1797=CYLINDRICAL_SURFACE('',#1958,0.999999999999943);
#1798=CYLINDRICAL_SURFACE('',#1977,1.);
#1799=CYLINDRICAL_SURFACE('',#1984,1.);
#1800=CYLINDRICAL_SURFACE('',#1987,1.);
#1801=CYLINDRICAL_SURFACE('',#1989,1.);
#1802=CYLINDRICAL_SURFACE('',#1998,1.);
#1803=CYLINDRICAL_SURFACE('',#2000,1.);
#1804=CYLINDRICAL_SURFACE('',#2012,1.);
#1805=CYLINDRICAL_SURFACE('',#2014,1.);
#1806=CYLINDRICAL_SURFACE('',#2015,1.);
#1807=CYLINDRICAL_SURFACE('',#2017,1.);
#1808=CYLINDRICAL_SURFACE('',#2019,1.);
#1809=CYLINDRICAL_SURFACE('',#2020,1.);
#1810=CYLINDRICAL_SURFACE('',#2022,1.35);
#1811=CYLINDRICAL_SURFACE('',#2023,1.35);
#1812=CYLINDRICAL_SURFACE('',#2025,1.95000001258101);
#1813=CYLINDRICAL_SURFACE('',#2028,1.95000001258101);
#1814=CYLINDRICAL_SURFACE('',#2031,1.95000001258179);
#1815=CYLINDRICAL_SURFACE('',#2033,1.95000001258099);
#1816=CYLINDRICAL_SURFACE('',#2035,1.5);
#1817=CYLINDRICAL_SURFACE('',#2039,1.5);
#1818=CYLINDRICAL_SURFACE('',#2066,1.45000001258101);
#1819=CYLINDRICAL_SURFACE('',#2069,1.45000001258101);
#1820=CYLINDRICAL_SURFACE('',#2079,1.);
#1821=CYLINDRICAL_SURFACE('',#2082,1.);
#1822=CYLINDRICAL_SURFACE('',#2094,1.);
#1823=CYLINDRICAL_SURFACE('',#2096,1.);
#1824=CYLINDRICAL_SURFACE('',#2106,0.250000000000008);
#1825=CYLINDRICAL_SURFACE('',#2108,0.250000000000425);
#1826=CYLINDRICAL_SURFACE('',#2110,1.45000001258178);
#1827=CYLINDRICAL_SURFACE('',#2113,1.45000001258099);
#1828=ADVANCED_FACE('',(#98),#1794,.F.);
#1829=ADVANCED_FACE('',(#99),#1795,.F.);
#1830=ADVANCED_FACE('',(#100),#40,.F.);
#1831=ADVANCED_FACE('',(#101),#1796,.F.);
#1832=ADVANCED_FACE('',(#102),#41,.F.);
#1833=ADVANCED_FACE('',(#103),#42,.F.);
#1834=ADVANCED_FACE('',(#104),#1797,.F.);
#1835=ADVANCED_FACE('',(#105,#31,#32,#33,#34),#43,.T.);
#1836=ADVANCED_FACE('',(#106),#44,.T.);
#1837=ADVANCED_FACE('',(#107),#1798,.T.);
#1838=ADVANCED_FACE('',(#108),#45,.T.);
#1839=ADVANCED_FACE('',(#109),#1799,.T.);
#1840=ADVANCED_FACE('',(#110),#46,.T.);
#1841=ADVANCED_FACE('',(#111),#1800,.T.);
#1842=ADVANCED_FACE('',(#112),#1801,.T.);
#1843=ADVANCED_FACE('',(#113),#47,.T.);
#1844=ADVANCED_FACE('',(#114),#1802,.T.);
#1845=ADVANCED_FACE('',(#115),#1803,.T.);
#1846=ADVANCED_FACE('',(#116),#48,.T.);
#1847=ADVANCED_FACE('',(#117,#35,#36),#49,.T.);
#1848=ADVANCED_FACE('',(#118),#1804,.T.);
#1849=ADVANCED_FACE('',(#119),#50,.T.);
#1850=ADVANCED_FACE('',(#120),#1805,.F.);
#1851=ADVANCED_FACE('',(#121),#1806,.F.);
#1852=ADVANCED_FACE('',(#122),#51,.T.);
#1853=ADVANCED_FACE('',(#123),#1807,.T.);
#1854=ADVANCED_FACE('',(#124),#52,.T.);
#1855=ADVANCED_FACE('',(#125),#1808,.T.);
#1856=ADVANCED_FACE('',(#126),#1809,.T.);
#1857=ADVANCED_FACE('',(#127),#53,.F.);
#1858=ADVANCED_FACE('',(#128),#1810,.F.);
#1859=ADVANCED_FACE('',(#129),#1811,.F.);
#1860=ADVANCED_FACE('',(#130),#54,.F.);
#1861=ADVANCED_FACE('',(#131),#1812,.F.);
#1862=ADVANCED_FACE('',(#132),#55,.F.);
#1863=ADVANCED_FACE('',(#133),#1813,.F.);
#1864=ADVANCED_FACE('',(#134),#56,.F.);
#1865=ADVANCED_FACE('',(#135),#1814,.F.);
#1866=ADVANCED_FACE('',(#136),#1815,.F.);
#1867=ADVANCED_FACE('',(#137),#1816,.F.);
#1868=ADVANCED_FACE('',(#138),#57,.F.);
#1869=ADVANCED_FACE('',(#139),#58,.F.);
#1870=ADVANCED_FACE('',(#140),#1817,.F.);
#1871=ADVANCED_FACE('',(#141),#59,.F.);
#1872=ADVANCED_FACE('',(#142,#37,#38),#60,.T.);
#1873=ADVANCED_FACE('',(#143),#61,.T.);
#1874=ADVANCED_FACE('',(#144),#62,.T.);
#1875=ADVANCED_FACE('',(#145),#63,.T.);
#1876=ADVANCED_FACE('',(#146),#64,.T.);
#1877=ADVANCED_FACE('',(#147),#65,.T.);
#1878=ADVANCED_FACE('',(#148),#66,.T.);
#1879=ADVANCED_FACE('',(#149),#67,.T.);
#1880=ADVANCED_FACE('',(#150),#17,.F.);
#1881=ADVANCED_FACE('',(#151),#68,.T.);
#1882=ADVANCED_FACE('',(#152),#69,.T.);
#1883=ADVANCED_FACE('',(#153),#18,.F.);
#1884=ADVANCED_FACE('',(#154),#70,.T.);
#1885=ADVANCED_FACE('',(#155),#19,.F.);
#1886=ADVANCED_FACE('',(#156),#20,.F.);
#1887=ADVANCED_FACE('',(#157),#15,.T.);
#1888=ADVANCED_FACE('',(#158),#16,.T.);
#1889=ADVANCED_FACE('',(#159),#71,.T.);
#1890=ADVANCED_FACE('',(#160),#1818,.F.);
#1891=ADVANCED_FACE('',(#161),#72,.F.);
#1892=ADVANCED_FACE('',(#162),#1819,.F.);
#1893=ADVANCED_FACE('',(#163),#73,.F.);
#1894=ADVANCED_FACE('',(#164),#74,.T.);
#1895=ADVANCED_FACE('',(#165),#21,.F.);
#1896=ADVANCED_FACE('',(#166),#75,.T.);
#1897=ADVANCED_FACE('',(#167),#22,.F.);
#1898=ADVANCED_FACE('',(#168),#76,.T.);
#1899=ADVANCED_FACE('',(#169),#1820,.F.);
#1900=ADVANCED_FACE('',(#170),#77,.F.);
#1901=ADVANCED_FACE('',(#171),#1821,.F.);
#1902=ADVANCED_FACE('',(#172),#78,.F.);
#1903=ADVANCED_FACE('',(#173),#79,.T.);
#1904=ADVANCED_FACE('',(#174),#23,.F.);
#1905=ADVANCED_FACE('',(#175),#80,.T.);
#1906=ADVANCED_FACE('',(#176),#24,.F.);
#1907=ADVANCED_FACE('',(#177),#81,.T.);
#1908=ADVANCED_FACE('',(#178),#82,.T.);
#1909=ADVANCED_FACE('',(#179),#83,.F.);
#1910=ADVANCED_FACE('',(#180),#1822,.F.);
#1911=ADVANCED_FACE('',(#181),#84,.F.);
#1912=ADVANCED_FACE('',(#182),#1823,.F.);
#1913=ADVANCED_FACE('',(#183),#85,.F.);
#1914=ADVANCED_FACE('',(#184),#86,.T.);
#1915=ADVANCED_FACE('',(#185),#25,.F.);
#1916=ADVANCED_FACE('',(#186),#87,.T.);
#1917=ADVANCED_FACE('',(#187),#26,.F.);
#1918=ADVANCED_FACE('',(#188),#88,.T.);
#1919=ADVANCED_FACE('',(#189),#89,.F.);
#1920=ADVANCED_FACE('',(#190),#1824,.F.);
#1921=ADVANCED_FACE('',(#191),#90,.F.);
#1922=ADVANCED_FACE('',(#192),#1825,.F.);
#1923=ADVANCED_FACE('',(#193),#91,.F.);
#1924=ADVANCED_FACE('',(#194),#1826,.F.);
#1925=ADVANCED_FACE('',(#195),#92,.F.);
#1926=ADVANCED_FACE('',(#196),#1827,.F.);
#1927=ADVANCED_FACE('',(#197),#93,.F.);
#1928=ADVANCED_FACE('',(#198),#94,.F.);
#1929=ADVANCED_FACE('',(#199,#39),#95,.T.);
#1930=ADVANCED_FACE('',(#200),#96,.T.);
#1931=ADVANCED_FACE('',(#201),#97,.F.);
#1932=CLOSED_SHELL('',(#1828,#1829,#1830,#1831,#1832,#1833,#1834,#1835,
#1836,#1837,#1838,#1839,#1840,#1841,#1842,#1843,#1844,#1845,#1846,#1847,
#1848,#1849,#1850,#1851,#1852,#1853,#1854,#1855,#1856,#1857,#1858,#1859,
#1860,#1861,#1862,#1863,#1864,#1865,#1866,#1867,#1868,#1869,#1870,#1871,
#1872,#1873,#1874,#1875,#1876,#1877,#1878,#1879,#1880,#1881,#1882,#1883,
#1884,#1885,#1886,#1887,#1888,#1889,#1890,#1891,#1892,#1893,#1894,#1895,
#1896,#1897,#1898,#1899,#1900,#1901,#1902,#1903,#1904,#1905,#1906,#1907,
#1908,#1909,#1910,#1911,#1912,#1913,#1914,#1915,#1916,#1917,#1918,#1919,
#1920,#1921,#1922,#1923,#1924,#1925,#1926,#1927,#1928,#1929,#1930,#1931));
#1933=DERIVED_UNIT_ELEMENT(#1935,1.);
#1934=DERIVED_UNIT_ELEMENT(#3295,-3.);
#1935=(
MASS_UNIT()
NAMED_UNIT(*)
SI_UNIT(.KILO.,.GRAM.)
);
#1936=DERIVED_UNIT((#1933,#1934));
#1937=MEASURE_REPRESENTATION_ITEM('density measure',
POSITIVE_RATIO_MEASURE(7850.),#1936);
#1938=PROPERTY_DEFINITION_REPRESENTATION(#1943,#1940);
#1939=PROPERTY_DEFINITION_REPRESENTATION(#1944,#1941);
#1940=REPRESENTATION('material name',(#1942),#3292);
#1941=REPRESENTATION('density',(#1937),#3292);
#1942=DESCRIPTIVE_REPRESENTATION_ITEM('\X2\94A2\X0\','\X2\94A2\X0\');
#1943=PROPERTY_DEFINITION('material property','material name',#3302);
#1944=PROPERTY_DEFINITION('material property','density of part',#3302);
#1945=AXIS2_PLACEMENT_3D('',#2671,#2120,#2121);
#1946=AXIS2_PLACEMENT_3D('',#2672,#2122,#2123);
#1947=AXIS2_PLACEMENT_3D('',#2674,#2124,#2125);
#1948=AXIS2_PLACEMENT_3D('',#2677,#2127,#2128);
#1949=AXIS2_PLACEMENT_3D('',#2678,#2129,#2130);
#1950=AXIS2_PLACEMENT_3D('',#2680,#2131,#2132);
#1951=AXIS2_PLACEMENT_3D('',#2683,#2134,#2135);
#1952=AXIS2_PLACEMENT_3D('',#2684,#2136,#2137);
#1953=AXIS2_PLACEMENT_3D('',#2693,#2142,#2143);
#1954=AXIS2_PLACEMENT_3D('',#2695,#2144,#2145);
#1955=AXIS2_PLACEMENT_3D('',#2697,#2146,#2147);
#1956=AXIS2_PLACEMENT_3D('',#2699,#2149,#2150);
#1957=AXIS2_PLACEMENT_3D('',#2705,#2154,#2155);
#1958=AXIS2_PLACEMENT_3D('',#2714,#2160,#2161);
#1959=AXIS2_PLACEMENT_3D('',#2715,#2162,#2163);
#1960=AXIS2_PLACEMENT_3D('',#2716,#2164,#2165);
#1961=AXIS2_PLACEMENT_3D('',#2717,#2166,#2167);
#1962=AXIS2_PLACEMENT_3D('',#2721,#2169,#2170);
#1963=AXIS2_PLACEMENT_3D('',#2725,#2172,#2173);
#1964=AXIS2_PLACEMENT_3D('',#2729,#2175,#2176);
#1965=AXIS2_PLACEMENT_3D('',#2733,#2178,#2179);
#1966=AXIS2_PLACEMENT_3D('',#2737,#2181,#2182);
#1967=AXIS2_PLACEMENT_3D('',#2741,#2184,#2185);
#1968=AXIS2_PLACEMENT_3D('',#2745,#2187,#2188);
#1969=AXIS2_PLACEMENT_3D('',#2749,#2190,#2191);
#1970=AXIS2_PLACEMENT_3D('',#2753,#2193,#2194);
#1971=AXIS2_PLACEMENT_3D('',#2757,#2196,#2197);
#1972=AXIS2_PLACEMENT_3D('',#2761,#2199,#2200);
#1973=AXIS2_PLACEMENT_3D('',#2765,#2202,#2203);
#1974=AXIS2_PLACEMENT_3D('',#2768,#2205,#2206);
#1975=AXIS2_PLACEMENT_3D('',#2770,#2207,#2208);
#1976=AXIS2_PLACEMENT_3D('',#2771,#2209,#2210);
#1977=AXIS2_PLACEMENT_3D('',#2775,#2213,#2214);
#1978=AXIS2_PLACEMENT_3D('',#2779,#2216,#2217);
#1979=AXIS2_PLACEMENT_3D('',#2781,#2219,#2220);
#1980=AXIS2_PLACEMENT_3D('',#2789,#2224,#2225);
#1981=AXIS2_PLACEMENT_3D('',#2793,#2227,#2228);
#1982=AXIS2_PLACEMENT_3D('',#2801,#2232,#2233);
#1983=AXIS2_PLACEMENT_3D('',#2805,#2235,#2236);
#1984=AXIS2_PLACEMENT_3D('',#2809,#2239,#2240);
#1985=AXIS2_PLACEMENT_3D('',#2812,#2241,#2242);
#1986=AXIS2_PLACEMENT_3D('',#2815,#2245,#2246);
#1987=AXIS2_PLACEMENT_3D('',#2817,#2248,#2249);
#1988=AXIS2_PLACEMENT_3D('',#2819,#2250,#2251);
#1989=AXIS2_PLACEMENT_3D('',#2821,#2253,#2254);
#1990=AXIS2_PLACEMENT_3D('',#2824,#2255,#2256);
#1991=AXIS2_PLACEMENT_3D('',#2827,#2259,#2260);
#1992=AXIS2_PLACEMENT_3D('',#2833,#2263,#2264);
#1993=AXIS2_PLACEMENT_3D('',#2837,#2266,#2267);
#1994=AXIS2_PLACEMENT_3D('',#2843,#2270,#2271);
#1995=AXIS2_PLACEMENT_3D('',#2847,#2273,#2274);
#1996=AXIS2_PLACEMENT_3D('',#2851,#2276,#2277);
#1997=AXIS2_PLACEMENT_3D('',#2855,#2279,#2280);
#1998=AXIS2_PLACEMENT_3D('',#2859,#2283,#2284);
#1999=AXIS2_PLACEMENT_3D('',#2861,#2285,#2286);
#2000=AXIS2_PLACEMENT_3D('',#2863,#2288,#2289);
#2001=AXIS2_PLACEMENT_3D('',#2866,#2290,#2291);
#2002=AXIS2_PLACEMENT_3D('',#2869,#2294,#2295);
#2003=AXIS2_PLACEMENT_3D('',#2873,#2298,#2299);
#2004=AXIS2_PLACEMENT_3D('',#2928,#2312,#2313);
#2005=AXIS2_PLACEMENT_3D('',#2932,#2315,#2316);
#2006=AXIS2_PLACEMENT_3D('',#2936,#2318,#2319);
#2007=AXIS2_PLACEMENT_3D('',#2940,#2321,#2322);
#2008=AXIS2_PLACEMENT_3D('',#2944,#2324,#2325);
#2009=AXIS2_PLACEMENT_3D('',#2947,#2327,#2328);
#2010=AXIS2_PLACEMENT_3D('',#2950,#2330,#2331);
#2011=AXIS2_PLACEMENT_3D('',#2952,#2332,#2333);
#2012=AXIS2_PLACEMENT_3D('',#2953,#2334,#2335);
#2013=AXIS2_PLACEMENT_3D('',#2955,#2337,#2338);
#2014=AXIS2_PLACEMENT_3D('',#2957,#2340,#2341);
#2015=AXIS2_PLACEMENT_3D('',#2959,#2343,#2344);
#2016=AXIS2_PLACEMENT_3D('',#2962,#2347,#2348);
#2017=AXIS2_PLACEMENT_3D('',#2963,#2349,#2350);
#2018=AXIS2_PLACEMENT_3D('',#2966,#2353,#2354);
#2019=AXIS2_PLACEMENT_3D('',#2968,#2356,#2357);
#2020=AXIS2_PLACEMENT_3D('',#2970,#2359,#2360);
#2021=AXIS2_PLACEMENT_3D('',#2972,#2362,#2363);
#2022=AXIS2_PLACEMENT_3D('',#2974,#2365,#2366);
#2023=AXIS2_PLACEMENT_3D('',#2976,#2368,#2369);
#2024=AXIS2_PLACEMENT_3D('',#2978,#2371,#2372);
#2025=AXIS2_PLACEMENT_3D('',#2984,#2376,#2377);
#2026=AXIS2_PLACEMENT_3D('',#2986,#2378,#2379);
#2027=AXIS2_PLACEMENT_3D('',#2988,#2381,#2382);
#2028=AXIS2_PLACEMENT_3D('',#2992,#2385,#2386);
#2029=AXIS2_PLACEMENT_3D('',#2993,#2387,#2388);
#2030=AXIS2_PLACEMENT_3D('',#2994,#2389,#2390);
#2031=AXIS2_PLACEMENT_3D('',#3000,#2394,#2395);
#2032=AXIS2_PLACEMENT_3D('',#3001,#2396,#2397);
#2033=AXIS2_PLACEMENT_3D('',#3002,#2398,#2399);
#2034=AXIS2_PLACEMENT_3D('',#3003,#2400,#2401);
#2035=AXIS2_PLACEMENT_3D('',#3004,#2402,#2403);
#2036=AXIS2_PLACEMENT_3D('',#3008,#2405,#2406);
#2037=AXIS2_PLACEMENT_3D('',#3010,#2408,#2409);
#2038=AXIS2_PLACEMENT_3D('',#3012,#2411,#2412);
#2039=AXIS2_PLACEMENT_3D('',#3018,#2416,#2417);
#2040=AXIS2_PLACEMENT_3D('',#3020,#2418,#2419);
#2041=AXIS2_PLACEMENT_3D('',#3022,#2421,#2422);
#2042=AXIS2_PLACEMENT_3D('',#3024,#2424,#2425);
#2043=AXIS2_PLACEMENT_3D('',#3039,#2434,#2435);
#2044=AXIS2_PLACEMENT_3D('',#3040,#2436,#2437);
#2045=AXIS2_PLACEMENT_3D('',#3041,#2438,#2439);
#2046=AXIS2_PLACEMENT_3D('',#3042,#2440,#2441);
#2047=AXIS2_PLACEMENT_3D('',#3043,#2442,#2443);
#2048=AXIS2_PLACEMENT_3D('',#3049,#2447,#2448);
#2049=AXIS2_PLACEMENT_3D('',#3053,#2451,#2452);
#2050=AXIS2_PLACEMENT_3D('',#3060,#2456,#2457);
#2051=AXIS2_PLACEMENT_3D('',#3064,#2459,#2460);
#2052=AXIS2_PLACEMENT_3D('',#3072,#2464,#2465);
#2053=AXIS2_PLACEMENT_3D('',#3076,#2467,#2468);
#2054=AXIS2_PLACEMENT_3D('',#3078,#2470,#2471);
#2055=AXIS2_PLACEMENT_3D('',#3082,#2473,#2474);
#2056=AXIS2_PLACEMENT_3D('',#3084,#2476,#2477);
#2057=AXIS2_PLACEMENT_3D('',#3088,#2480,#2481);
#2058=AXIS2_PLACEMENT_3D('',#3094,#2485,#2486);
#2059=AXIS2_PLACEMENT_3D('',#3097,#2488,#2489);
#2060=AXIS2_PLACEMENT_3D('',#3098,#2490,#2491);
#2061=AXIS2_PLACEMENT_3D('',#3102,#2494,#2495);
#2062=AXIS2_PLACEMENT_3D('',#3105,#2497,#2498);
#2063=AXIS2_PLACEMENT_3D('',#3106,#2499,#2500);
#2064=AXIS2_PLACEMENT_3D('',#3107,#2501,#2502);
#2065=AXIS2_PLACEMENT_3D('',#3152,#2505,#2506);
#2066=AXIS2_PLACEMENT_3D('',#3154,#2508,#2509);
#2067=AXIS2_PLACEMENT_3D('',#3158,#2511,#2512);
#2068=AXIS2_PLACEMENT_3D('',#3160,#2514,#2515);
#2069=AXIS2_PLACEMENT_3D('',#3164,#2518,#2519);
#2070=AXIS2_PLACEMENT_3D('',#3167,#2521,#2522);
#2071=AXIS2_PLACEMENT_3D('',#3168,#2523,#2524);
#2072=AXIS2_PLACEMENT_3D('',#3172,#2527,#2528);
#2073=AXIS2_PLACEMENT_3D('',#3176,#2531,#2532);
#2074=AXIS2_PLACEMENT_3D('',#3178,#2533,#2534);
#2075=AXIS2_PLACEMENT_3D('',#3180,#2536,#2537);
#2076=AXIS2_PLACEMENT_3D('',#3184,#2540,#2541);
#2077=AXIS2_PLACEMENT_3D('',#3186,#2542,#2543);
#2078=AXIS2_PLACEMENT_3D('',#3188,#2545,#2546);
#2079=AXIS2_PLACEMENT_3D('',#3190,#2548,#2549);
#2080=AXIS2_PLACEMENT_3D('',#3194,#2551,#2552);
#2081=AXIS2_PLACEMENT_3D('',#3196,#2554,#2555);
#2082=AXIS2_PLACEMENT_3D('',#3200,#2558,#2559);
#2083=AXIS2_PLACEMENT_3D('',#3203,#2561,#2562);
#2084=AXIS2_PLACEMENT_3D('',#3204,#2563,#2564);
#2085=AXIS2_PLACEMENT_3D('',#3206,#2566,#2567);
#2086=AXIS2_PLACEMENT_3D('',#3210,#2570,#2571);
#2087=AXIS2_PLACEMENT_3D('',#3212,#2572,#2573);
#2088=AXIS2_PLACEMENT_3D('',#3214,#2575,#2576);
#2089=AXIS2_PLACEMENT_3D('',#3218,#2579,#2580);
#2090=AXIS2_PLACEMENT_3D('',#3220,#2581,#2582);
#2091=AXIS2_PLACEMENT_3D('',#3222,#2584,#2585);
#2092=AXIS2_PLACEMENT_3D('',#3226,#2588,#2589);
#2093=AXIS2_PLACEMENT_3D('',#3231,#2593,#2594);
#2094=AXIS2_PLACEMENT_3D('',#3233,#2596,#2597);
#2095=AXIS2_PLACEMENT_3D('',#3235,#2599,#2600);
#2096=AXIS2_PLACEMENT_3D('',#3237,#2602,#2603);
#2097=AXIS2_PLACEMENT_3D('',#3239,#2605,#2606);
#2098=AXIS2_PLACEMENT_3D('',#3240,#2607,#2608);
#2099=AXIS2_PLACEMENT_3D('',#3244,#2611,#2612);
#2100=AXIS2_PLACEMENT_3D('',#3247,#2614,#2615);
#2101=AXIS2_PLACEMENT_3D('',#3248,#2616,#2617);
#2102=AXIS2_PLACEMENT_3D('',#3252,#2620,#2621);
#2103=AXIS2_PLACEMENT_3D('',#3255,#2623,#2624);
#2104=AXIS2_PLACEMENT_3D('',#3256,#2625,#2626);
#2105=AXIS2_PLACEMENT_3D('',#3258,#2628,#2629);
#2106=AXIS2_PLACEMENT_3D('',#3260,#2631,#2632);
#2107=AXIS2_PLACEMENT_3D('',#3262,#2634,#2635);
#2108=AXIS2_PLACEMENT_3D('',#3264,#2637,#2638);
#2109=AXIS2_PLACEMENT_3D('',#3266,#2640,#2641);
#2110=AXIS2_PLACEMENT_3D('',#3267,#2642,#2643);
#2111=AXIS2_PLACEMENT_3D('',#3270,#2645,#2646);
#2112=AXIS2_PLACEMENT_3D('',#3271,#2647,#2648);
#2113=AXIS2_PLACEMENT_3D('',#3275,#2651,#2652);
#2114=AXIS2_PLACEMENT_3D('',#3278,#2654,#2655);
#2115=AXIS2_PLACEMENT_3D('',#3279,#2656,#2657);
#2116=AXIS2_PLACEMENT_3D('',#3281,#2659,#2660);
#2117=AXIS2_PLACEMENT_3D('',#3283,#2662,#2663);
#2118=AXIS2_PLACEMENT_3D('',#3287,#2666,#2667);
#2119=AXIS2_PLACEMENT_3D('',#3289,#2669,#2670);
#2120=DIRECTION('axis',(0.,0.,1.));
#2121=DIRECTION('refdir',(1.,0.,0.));
#2122=DIRECTION('center_axis',(1.44028932924345E-15,-3.90078360003433E-16,
-1.));
#2123=DIRECTION('ref_axis',(-1.,1.43635103810879E-15,-1.44028932924345E-15));
#2124=DIRECTION('center_axis',(0.,0.,-1.));
#2125=DIRECTION('ref_axis',(-1.,1.43635103810879E-15,-1.44028932924345E-15));
#2126=DIRECTION('',(1.44028932924345E-15,-3.90078360003433E-16,-1.));
#2127=DIRECTION('center_axis',(0.,0.,1.));
#2128=DIRECTION('ref_axis',(-1.,1.43635103810879E-15,-1.44028932924345E-15));
#2129=DIRECTION('center_axis',(1.44028932924345E-15,-3.60072332310862E-16,
-1.));
#2130=DIRECTION('ref_axis',(-1.,1.43635103810879E-15,-1.44028932924345E-15));
#2131=DIRECTION('center_axis',(0.,0.,-1.));
#2132=DIRECTION('ref_axis',(-1.,1.43635103810879E-15,-1.44028932924345E-15));
#2133=DIRECTION('',(1.44028932924345E-15,-3.60072332310862E-16,-1.));
#2134=DIRECTION('center_axis',(0.,0.,1.));
#2135=DIRECTION('ref_axis',(-1.,1.43635103810879E-15,-1.44028932924345E-15));
#2136=DIRECTION('center_axis',(-1.,-4.60755609981535E-32,-5.32907051820075E-15));
#2137=DIRECTION('ref_axis',(1.40367480451926E-30,1.,-2.72045633580186E-16));
#2138=DIRECTION('',(4.60755609981535E-32,-1.,0.));
#2139=DIRECTION('',(5.32907051820075E-15,-2.22044604925031E-16,-1.));
#2140=DIRECTION('',(-4.60755609981535E-32,1.,0.));
#2141=DIRECTION('',(5.32907051820075E-15,-2.22044604925031E-16,-1.));
#2142=DIRECTION('center_axis',(5.32907051820075E-15,-2.22044604925031E-16,
-1.));
#2143=DIRECTION('ref_axis',(-1.,5.10702591327637E-14,-5.32907051820076E-15));
#2144=DIRECTION('center_axis',(0.,0.,1.));
#2145=DIRECTION('ref_axis',(-1.,5.10702591327637E-14,-5.32907051820076E-15));
#2146=DIRECTION('center_axis',(0.,0.,-1.));
#2147=DIRECTION('ref_axis',(-1.,5.10702591327637E-14,-5.32907051820076E-15));
#2148=DIRECTION('',(5.32907051820075E-15,-2.22044604925031E-16,-1.));
#2149=DIRECTION('center_axis',(-0.707106781186541,-0.707106781186554,-3.61121265497265E-15));
#2150=DIRECTION('ref_axis',(-0.707106781186554,0.707106781186541,-3.54636409723541E-15));
#2151=DIRECTION('',(0.707106781186554,-0.707106781186541,0.));
#2152=DIRECTION('',(-0.707106781186554,0.707106781186541,0.));
#2153=DIRECTION('',(0.,-5.10702591327562E-15,1.));
#2154=DIRECTION('center_axis',(-0.707106781186566,0.707106781186529,-3.92523114670953E-15));
#2155=DIRECTION('ref_axis',(0.707106781186529,0.707106781186566,3.1616334726418E-15));
#2156=DIRECTION('',(-0.707106781186529,-0.707106781186566,0.));
#2157=DIRECTION('',(0.,-5.55111512312607E-15,-1.));
#2158=DIRECTION('',(0.707106781186529,0.707106781186566,0.));
#2159=DIRECTION('',(5.32907051820075E-15,-2.22044604925031E-16,-1.));
#2160=DIRECTION('center_axis',(5.32907051820075E-15,-2.22044604925031E-16,
-1.));
#2161=DIRECTION('ref_axis',(-0.707106781186551,0.707106781186544,-3.92523114670945E-15));
#2162=DIRECTION('center_axis',(0.,0.,1.));
#2163=DIRECTION('ref_axis',(-0.707106781186551,0.707106781186544,-3.92523114670945E-15));
#2164=DIRECTION('center_axis',(0.,0.,-1.));
#2165=DIRECTION('ref_axis',(-0.707106781186551,0.707106781186544,-3.92523114670945E-15));
#2166=DIRECTION('center_axis',(0.,0.,-1.));
#2167=DIRECTION('ref_axis',(-1.,0.,0.));
#2168=DIRECTION('',(0.,-1.,0.));
#2169=DIRECTION('center_axis',(0.,0.,1.));
#2170=DIRECTION('ref_axis',(0.92387953251129,-0.382683432365083,0.));
#2171=DIRECTION('',(-0.707106781186544,-0.707106781186551,0.));
#2172=DIRECTION('center_axis',(0.,0.,1.));
#2173=DIRECTION('ref_axis',(0.382528042102563,-0.92394388195668,0.));
#2174=DIRECTION('',(-0.999999943426031,0.000336374694719646,0.));
#2175=DIRECTION('center_axis',(0.,0.,1.));
#2176=DIRECTION('ref_axis',(-0.382994180410877,-0.923750755221018,0.));
#2177=DIRECTION('',(0.706868888355057,-0.707344594010364,0.));
#2178=DIRECTION('center_axis',(0.,0.,1.));
#2179=DIRECTION('ref_axis',(-0.923943881956681,-0.382528042102562,0.));
#2180=DIRECTION('',(0.,1.,0.));
#2181=DIRECTION('center_axis',(0.,0.,1.));
#2182=DIRECTION('ref_axis',(-0.923879532511287,0.38268343236509,0.));
#2183=DIRECTION('',(-0.707106781186545,-0.70710678118655,0.));
#2184=DIRECTION('center_axis',(0.,0.,-1.));
#2185=DIRECTION('ref_axis',(0.923879532511288,-0.382683432365088,0.));
#2186=DIRECTION('',(0.,-1.,0.));
#2187=DIRECTION('center_axis',(0.,0.,-1.));
#2188=DIRECTION('ref_axis',(0.923879532511285,0.382683432365094,0.));
#2189=DIRECTION('',(0.707106781186551,-0.707106781186544,0.));
#2190=DIRECTION('center_axis',(0.,0.,1.));
#2191=DIRECTION('ref_axis',(-0.923879532511286,-0.382683432365092,0.));
#2192=DIRECTION('',(0.,1.,0.));
#2193=DIRECTION('center_axis',(0.,0.,1.));
#2194=DIRECTION('ref_axis',(-0.923879532511286,0.382683432365092,0.));
#2195=DIRECTION('',(0.707106781186549,0.707106781186546,0.));
#2196=DIRECTION('center_axis',(0.,0.,1.));
#2197=DIRECTION('ref_axis',(-0.382683432365088,0.923879532511287,0.));
#2198=DIRECTION('',(1.,0.,0.));
#2199=DIRECTION('center_axis',(0.,0.,1.));
#2200=DIRECTION('ref_axis',(0.382683432365092,0.923879532511286,0.));
#2201=DIRECTION('',(0.707106781186541,-0.707106781186553,0.));
#2202=DIRECTION('center_axis',(0.,0.,1.));
#2203=DIRECTION('ref_axis',(0.92387953251129,0.382683432365083,4.80678696975718E-15));
#2204=DIRECTION('',(0.,-1.,0.));
#2205=DIRECTION('center_axis',(0.,0.,1.));
#2206=DIRECTION('ref_axis',(-1.,0.,0.));
#2207=DIRECTION('center_axis',(0.,0.,1.));
#2208=DIRECTION('ref_axis',(-1.,0.,0.));
#2209=DIRECTION('center_axis',(1.,0.,0.));
#2210=DIRECTION('ref_axis',(0.,1.,0.));
#2211=DIRECTION('',(0.,1.,0.));
#2212=DIRECTION('',(0.,0.,1.));
#2213=DIRECTION('center_axis',(4.66227827648133E-15,0.,-1.));
#2214=DIRECTION('ref_axis',(0.382683432365092,0.923879532511286,0.));
#2215=DIRECTION('',(-4.66227827648133E-15,0.,1.));
#2216=DIRECTION('center_axis',(0.,0.,-1.));
#2217=DIRECTION('ref_axis',(0.382683432365092,0.923879532511286,0.));
#2218=DIRECTION('',(4.66227827648133E-15,0.,-1.));
#2219=DIRECTION('center_axis',(0.,1.,0.));
#2220=DIRECTION('ref_axis',(-1.,0.,0.));
#2221=DIRECTION('',(0.,0.,-1.));
#2222=DIRECTION('',(-1.,0.,0.));
#2223=DIRECTION('',(0.,0.,1.));
#2224=DIRECTION('center_axis',(0.,1.,0.));
#2225=DIRECTION('ref_axis',(-0.707106781186547,0.,-0.707106781186547));
#2226=DIRECTION('',(-1.,0.,4.4857496587753E-16));
#2227=DIRECTION('center_axis',(0.,1.,0.));
#2228=DIRECTION('ref_axis',(0.707106781186547,0.,-0.707106781186547));
#2229=DIRECTION('',(0.,0.,-1.));
#2230=DIRECTION('',(-1.,0.,0.));
#2231=DIRECTION('',(0.,0.,1.));
#2232=DIRECTION('center_axis',(0.,1.,0.));
#2233=DIRECTION('ref_axis',(-3.55271367877028E-13,0.,-1.));
#2234=DIRECTION('',(-1.,0.,-7.5455865744436E-14));
#2235=DIRECTION('center_axis',(0.,1.,0.));
#2236=DIRECTION('ref_axis',(1.,0.,8.88178419699986E-14));
#2237=DIRECTION('',(0.,0.,-1.));
#2238=DIRECTION('',(-1.,1.76626390281275E-16,0.));
#2239=DIRECTION('center_axis',(0.,-4.66227827648141E-15,1.));
#2240=DIRECTION('ref_axis',(0.92387953251129,0.382683432365083,4.80678696975718E-15));
#2241=DIRECTION('center_axis',(0.,0.,-1.));
#2242=DIRECTION('ref_axis',(0.92387953251129,0.382683432365083,4.80678696975718E-15));
#2243=DIRECTION('',(0.,4.66227827648141E-15,-1.));
#2244=DIRECTION('',(-2.7890444774737E-31,-4.66227827648141E-15,1.));
#2245=DIRECTION('center_axis',(1.,0.,0.));
#2246=DIRECTION('ref_axis',(0.,1.,0.));
#2247=DIRECTION('',(0.,1.,0.));
#2248=DIRECTION('center_axis',(0.,0.,1.));
#2249=DIRECTION('ref_axis',(0.92387953251129,-0.382683432365083,0.));
#2250=DIRECTION('center_axis',(0.,0.,-1.));
#2251=DIRECTION('ref_axis',(0.92387953251129,-0.382683432365083,0.));
#2252=DIRECTION('',(0.,0.,-1.));
#2253=DIRECTION('center_axis',(0.,0.,1.));
#2254=DIRECTION('ref_axis',(0.382528042102563,-0.92394388195668,0.));
#2255=DIRECTION('center_axis',(0.,0.,-1.));
#2256=DIRECTION('ref_axis',(0.382528042102563,-0.92394388195668,0.));
#2257=DIRECTION('',(0.,0.,-1.));
#2258=DIRECTION('',(0.,0.,1.));
#2259=DIRECTION('center_axis',(-0.000336374694719646,-0.999999943426031,
0.));
#2260=DIRECTION('ref_axis',(0.999999943426031,-0.000336374694719646,0.));
#2261=DIRECTION('',(0.999999943426031,-0.000336374694719646,0.));
#2262=DIRECTION('',(0.,0.,-1.));
#2263=DIRECTION('center_axis',(0.000336374694719646,0.999999943426031,0.));
#2264=DIRECTION('ref_axis',(0.999999943426031,-0.000336374694719646,8.6967465342209E-15));
#2265=DIRECTION('',(-0.999999943426031,0.000336374694719646,0.));
#2266=DIRECTION('center_axis',(0.000336374694719646,0.999999943426031,0.));
#2267=DIRECTION('ref_axis',(-0.999999943426031,0.000336374694719646,0.));
#2268=DIRECTION('',(0.,0.,1.));
#2269=DIRECTION('',(0.999999943426031,-0.000336374694719646,0.));
#2270=DIRECTION('center_axis',(0.000336374694719646,0.999999943426031,0.));
#2271=DIRECTION('ref_axis',(0.999999943426031,-0.000336374694719646,0.));
#2272=DIRECTION('',(0.,0.,-1.));
#2273=DIRECTION('center_axis',(0.000336374694719646,0.999999943426031,0.));
#2274=DIRECTION('ref_axis',(0.999999943426031,-0.000336374694719646,0.));
#2275=DIRECTION('',(-0.999999943426031,0.000336374694719646,1.22055566623244E-13));
#2276=DIRECTION('center_axis',(0.000336374694719646,0.999999943426031,0.));
#2277=DIRECTION('ref_axis',(-0.999999943426031,0.000336374694719646,-1.4210853768208E-14));
#2278=DIRECTION('',(1.34572486478861E-14,-4.52667816179119E-18,1.));
#2279=DIRECTION('center_axis',(0.000336374694719646,0.999999943426031,0.));
#2280=DIRECTION('ref_axis',(-0.999999943426031,0.000336374694719646,-1.42108537682081E-14));
#2281=DIRECTION('',(0.999999943426031,-0.000336374694719646,0.));
#2282=DIRECTION('',(0.,0.,1.));
#2283=DIRECTION('center_axis',(0.,0.,1.));
#2284=DIRECTION('ref_axis',(-0.382994180410877,-0.923750755221018,0.));
#2285=DIRECTION('center_axis',(0.,0.,-1.));
#2286=DIRECTION('ref_axis',(-0.382994180410877,-0.923750755221018,0.));
#2287=DIRECTION('',(0.,0.,-1.));
#2288=DIRECTION('center_axis',(0.,0.,1.));
#2289=DIRECTION('ref_axis',(-0.923943881956681,-0.382528042102562,0.));
#2290=DIRECTION('center_axis',(0.,0.,-1.));
#2291=DIRECTION('ref_axis',(-0.923943881956681,-0.382528042102562,0.));
#2292=DIRECTION('',(0.,0.,-1.));
#2293=DIRECTION('',(0.,0.,1.));
#2294=DIRECTION('center_axis',(-1.,0.,0.));
#2295=DIRECTION('ref_axis',(0.,-1.,0.));
#2296=DIRECTION('',(0.,-1.,0.));
#2297=DIRECTION('',(0.,0.,1.));
#2298=DIRECTION('center_axis',(0.,0.,1.));
#2299=DIRECTION('ref_axis',(1.,0.,0.));
#2300=DIRECTION('',(0.,1.,0.));
#2301=DIRECTION('',(-1.,0.,0.));
#2302=DIRECTION('',(0.,-1.,0.));
#2303=DIRECTION('',(0.,1.,0.));
#2304=DIRECTION('',(-0.707106781186548,-0.707106781186548,0.));
#2305=DIRECTION('',(0.,1.,0.));
#2306=DIRECTION('',(-1.,0.,0.));
#2307=DIRECTION('',(0.,1.,0.));
#2308=DIRECTION('',(0.765896660242501,0.642963689355303,0.));
#2309=DIRECTION('',(1.,0.,0.));
#2310=DIRECTION('',(0.,1.,0.));
#2311=DIRECTION('',(0.707106781186546,-0.707106781186549,0.));
#2312=DIRECTION('center_axis',(0.,0.,-1.));
#2313=DIRECTION('ref_axis',(-0.382683432365088,0.923879532511287,0.));
#2314=DIRECTION('',(-0.707106781186549,-0.707106781186546,0.));
#2315=DIRECTION('center_axis',(0.,0.,-1.));
#2316=DIRECTION('ref_axis',(-0.923879532511286,0.382683432365092,0.));
#2317=DIRECTION('',(0.,-1.,0.));
#2318=DIRECTION('center_axis',(0.,0.,-1.));
#2319=DIRECTION('ref_axis',(-0.923879532511286,-0.382683432365092,0.));
#2320=DIRECTION('',(0.707106781186551,-0.707106781186544,0.));
#2321=DIRECTION('center_axis',(0.,0.,1.));
#2322=DIRECTION('ref_axis',(0.923879532511285,0.382683432365094,0.));
#2323=DIRECTION('',(0.,-1.,0.));
#2324=DIRECTION('center_axis',(0.,0.,1.));
#2325=DIRECTION('ref_axis',(0.923879532511288,-0.382683432365088,0.));
#2326=DIRECTION('',(-0.707106781186545,-0.70710678118655,0.));
#2327=DIRECTION('center_axis',(0.,0.,-1.));
#2328=DIRECTION('ref_axis',(-0.923879532511287,0.38268343236509,0.));
#2329=DIRECTION('',(0.706868888355057,-0.707344594010364,0.));
#2330=DIRECTION('center_axis',(0.,0.,-1.));
#2331=DIRECTION('ref_axis',(-1.,0.,0.));
#2332=DIRECTION('center_axis',(0.,0.,-1.));
#2333=DIRECTION('ref_axis',(-1.,0.,0.));
#2334=DIRECTION('center_axis',(0.,0.,1.));
#2335=DIRECTION('ref_axis',(-0.923879532511287,0.38268343236509,0.));
#2336=DIRECTION('',(0.,0.,-1.));
#2337=DIRECTION('center_axis',(-0.70710678118655,0.707106781186545,0.));
#2338=DIRECTION('ref_axis',(-0.707106781186545,-0.70710678118655,0.));
#2339=DIRECTION('',(0.,0.,1.));
#2340=DIRECTION('center_axis',(0.,0.,1.));
#2341=DIRECTION('ref_axis',(0.923879532511288,-0.382683432365088,0.));
#2342=DIRECTION('',(0.,0.,-1.));
#2343=DIRECTION('center_axis',(0.,0.,1.));
#2344=DIRECTION('ref_axis',(0.923879532511285,0.382683432365094,0.));
#2345=DIRECTION('',(0.,0.,1.));
#2346=DIRECTION('',(0.,0.,-1.));
#2347=DIRECTION('center_axis',(-1.,0.,0.));
#2348=DIRECTION('ref_axis',(0.,-1.,0.));
#2349=DIRECTION('center_axis',(0.,0.,1.));
#2350=DIRECTION('ref_axis',(-0.923879532511286,-0.382683432365092,0.));
#2351=DIRECTION('',(0.,0.,-1.));
#2352=DIRECTION('',(0.,0.,1.));
#2353=DIRECTION('center_axis',(-1.,0.,0.));
#2354=DIRECTION('ref_axis',(0.,-1.,0.));
#2355=DIRECTION('',(0.,0.,1.));
#2356=DIRECTION('center_axis',(0.,0.,1.));
#2357=DIRECTION('ref_axis',(-0.923879532511286,0.382683432365092,0.));
#2358=DIRECTION('',(0.,0.,-1.));
#2359=DIRECTION('center_axis',(0.,0.,1.));
#2360=DIRECTION('ref_axis',(-0.382683432365088,0.923879532511287,0.));
#2361=DIRECTION('',(0.,0.,1.));
#2362=DIRECTION('center_axis',(-0.707106781186554,-0.707106781186542,-3.29672858507871E-15));
#2363=DIRECTION('ref_axis',(-0.707106781186541,0.707106781186553,-3.54636409723535E-15));
#2364=DIRECTION('',(-0.707106781186541,0.707106781186553,0.));
#2365=DIRECTION('center_axis',(0.,0.,-1.));
#2366=DIRECTION('ref_axis',(-1.,0.,0.));
#2367=DIRECTION('',(0.,0.,-1.));
#2368=DIRECTION('center_axis',(0.,0.,-1.));
#2369=DIRECTION('ref_axis',(-1.,0.,0.));
#2370=DIRECTION('',(0.,0.,-1.));
#2371=DIRECTION('center_axis',(-1.22055573528412E-13,0.,-1.));
#2372=DIRECTION('ref_axis',(1.,0.,-1.22055573528412E-13));
#2373=DIRECTION('',(0.,-1.,0.));
#2374=DIRECTION('',(1.,0.,-1.22055573528412E-13));
#2375=DIRECTION('',(0.,-1.,0.));
#2376=DIRECTION('center_axis',(0.,-1.,0.));
#2377=DIRECTION('ref_axis',(-1.,0.,-1.42108545721725E-14));
#2378=DIRECTION('center_axis',(0.,-1.,0.));
#2379=DIRECTION('ref_axis',(-1.,0.,-1.42108545721725E-14));
#2380=DIRECTION('',(0.,-1.,0.));
#2381=DIRECTION('center_axis',(-1.,0.,1.34572486478861E-14));
#2382=DIRECTION('ref_axis',(-1.34572486478861E-14,0.,-1.));
#2383=DIRECTION('',(-1.34572486478861E-14,0.,-1.));
#2384=DIRECTION('',(0.,-1.,0.));
#2385=DIRECTION('center_axis',(0.,-1.,0.));
#2386=DIRECTION('ref_axis',(-1.42108545721725E-14,0.,1.));
#2387=DIRECTION('center_axis',(0.,-1.,0.));
#2388=DIRECTION('ref_axis',(-1.42108545721725E-14,0.,1.));
#2389=DIRECTION('center_axis',(1.,0.,0.));
#2390=DIRECTION('ref_axis',(0.,0.,1.));
#2391=DIRECTION('',(0.,-1.,0.));
#2392=DIRECTION('',(0.,0.,1.));
#2393=DIRECTION('',(0.,-1.,0.));
#2394=DIRECTION('center_axis',(0.,-1.,0.));
#2395=DIRECTION('ref_axis',(0.,0.,-1.));
#2396=DIRECTION('center_axis',(0.,-1.,0.));
#2397=DIRECTION('ref_axis',(0.,0.,-1.));
#2398=DIRECTION('center_axis',(0.,-1.,0.));
#2399=DIRECTION('ref_axis',(1.,0.,0.));
#2400=DIRECTION('center_axis',(0.,-1.,0.));
#2401=DIRECTION('ref_axis',(1.,0.,0.));
#2402=DIRECTION('center_axis',(0.,-1.,0.));
#2403=DIRECTION('ref_axis',(-0.707106781186547,0.,-0.707106781186547));
#2404=DIRECTION('',(0.,-1.,0.));
#2405=DIRECTION('center_axis',(0.,-1.,0.));
#2406=DIRECTION('ref_axis',(-0.707106781186547,0.,-0.707106781186547));
#2407=DIRECTION('',(0.,-1.,0.));
#2408=DIRECTION('center_axis',(-1.,0.,0.));
#2409=DIRECTION('ref_axis',(0.,0.,-1.));
#2410=DIRECTION('',(0.,0.,-1.));
#2411=DIRECTION('center_axis',(1.,0.,0.));
#2412=DIRECTION('ref_axis',(0.,0.,1.));
#2413=DIRECTION('',(0.,-1.,0.));
#2414=DIRECTION('',(0.,0.,1.));
#2415=DIRECTION('',(0.,-1.,0.));
#2416=DIRECTION('center_axis',(0.,-1.,0.));
#2417=DIRECTION('ref_axis',(0.707106781186554,0.,-0.707106781186541));
#2418=DIRECTION('center_axis',(0.,-1.,0.));
#2419=DIRECTION('ref_axis',(0.707106781186554,0.,-0.707106781186541));
#2420=DIRECTION('',(0.,-1.,0.));
#2421=DIRECTION('center_axis',(0.,0.,-1.));
#2422=DIRECTION('ref_axis',(1.,0.,0.));
#2423=DIRECTION('',(1.,0.,0.));
#2424=DIRECTION('center_axis',(0.,0.,1.));
#2425=DIRECTION('ref_axis',(1.,0.,0.));
#2426=DIRECTION('',(0.707106781186553,0.707106781186542,0.));
#2427=DIRECTION('',(0.,-1.,0.));
#2428=DIRECTION('',(1.,0.,0.));
#2429=DIRECTION('',(0.,-1.,0.));
#2430=DIRECTION('',(-1.,0.,0.));
#2431=DIRECTION('',(0.,-1.,0.));
#2432=DIRECTION('',(-0.707106781186554,0.707106781186541,0.));
#2433=DIRECTION('',(0.707106781186544,0.707106781186551,0.));
#2434=DIRECTION('center_axis',(-0.707106781186546,0.707106781186549,0.));
#2435=DIRECTION('ref_axis',(-0.707106781186549,-0.707106781186546,0.));
#2436=DIRECTION('center_axis',(0.707106781186551,-0.707106781186544,0.));
#2437=DIRECTION('ref_axis',(0.707106781186544,0.707106781186551,0.));
#2438=DIRECTION('center_axis',(-0.707344594010364,-0.706868888355057,0.));
#2439=DIRECTION('ref_axis',(0.706868888355057,-0.707344594010364,0.));
#2440=DIRECTION('center_axis',(-0.707106781186544,-0.707106781186551,0.));
#2441=DIRECTION('ref_axis',(0.707106781186551,-0.707106781186544,0.));
#2442=DIRECTION('center_axis',(0.642963689355303,-0.765896660242501,0.));
#2443=DIRECTION('ref_axis',(-0.765896660242501,-0.642963689355303,0.));
#2444=DIRECTION('',(0.,0.,1.));
#2445=DIRECTION('',(-0.765896660242501,-0.642963689355303,1.15725914132553E-16));
#2446=DIRECTION('',(0.,0.,-1.));
#2447=DIRECTION('center_axis',(1.,0.,0.));
#2448=DIRECTION('ref_axis',(0.,1.,0.));
#2449=DIRECTION('',(0.,0.,1.));
#2450=DIRECTION('',(0.,-1.,-9.80683749355576E-17));
#2451=DIRECTION('center_axis',(0.,-1.,0.));
#2452=DIRECTION('ref_axis',(1.,0.,0.));
#2453=DIRECTION('',(-1.,0.,2.33426162523795E-16));
#2454=DIRECTION('',(0.,0.,1.));
#2455=DIRECTION('',(0.,0.,-1.));
#2456=DIRECTION('center_axis',(0.,1.,0.));
#2457=DIRECTION('ref_axis',(1.,0.,8.88178419699986E-14));
#2458=DIRECTION('',(-1.,0.,-7.5455865744436E-14));
#2459=DIRECTION('center_axis',(0.,1.,0.));
#2460=DIRECTION('ref_axis',(-3.55271367877028E-13,0.,-1.));
#2461=DIRECTION('',(0.,0.,1.));
#2462=DIRECTION('',(1.,0.,0.));
#2463=DIRECTION('',(0.,0.,-1.));
#2464=DIRECTION('center_axis',(0.,-1.,0.));
#2465=DIRECTION('ref_axis',(0.707106781186548,0.,-0.707106781186548));
#2466=DIRECTION('',(-1.,0.,4.4857496587753E-16));
#2467=DIRECTION('center_axis',(0.,-1.,0.));
#2468=DIRECTION('ref_axis',(-0.707106781186548,0.,-0.707106781186548));
#2469=DIRECTION('',(0.,0.,1.));
#2470=DIRECTION('center_axis',(0.,-1.,0.));
#2471=DIRECTION('ref_axis',(1.,0.,0.));
#2472=DIRECTION('',(-0.174093266609703,0.707106781186549,-0.685340451542998));
#2473=DIRECTION('center_axis',(0.,1.,0.));
#2474=DIRECTION('ref_axis',(1.,0.,0.));
#2475=DIRECTION('',(0.707106781186554,-0.707106781186541,0.));
#2476=DIRECTION('center_axis',(-0.707106781186548,-0.707106781186548,0.));
#2477=DIRECTION('ref_axis',(0.,0.,1.));
#2478=DIRECTION('',(0.707106781186548,-0.707106781186548,0.));
#2479=DIRECTION('',(0.,0.,-1.));
#2480=DIRECTION('center_axis',(8.63063237235536E-14,-0.707106781186548,
0.707106781186548));
#2481=DIRECTION('ref_axis',(1.,0.,-1.22055573528412E-13));
#2482=DIRECTION('',(-8.79251776862917E-14,-0.707106781186548,-0.707106781186548));
#2483=DIRECTION('',(8.79251776862917E-14,0.707106781186548,0.707106781186548));
#2484=DIRECTION('',(-1.,0.,1.22055573528412E-13));
#2485=DIRECTION('center_axis',(0.,-1.,0.));
#2486=DIRECTION('ref_axis',(-1.,0.,-1.42108545721725E-14));
#2487=DIRECTION('',(-0.707106781186548,-0.707106781186548,-6.28036983473512E-15));
#2488=DIRECTION('center_axis',(0.,1.,0.));
#2489=DIRECTION('ref_axis',(-1.,0.,-1.42108545721725E-14));
#2490=DIRECTION('center_axis',(0.707106781186541,-0.707106781186554,-9.51571177503366E-15));
#2491=DIRECTION('ref_axis',(-1.34572486478861E-14,0.,-1.));
#2492=DIRECTION('',(-0.707106781186554,-0.707106781186541,1.25607396694701E-14));
#2493=DIRECTION('',(1.34572486478861E-14,0.,1.));
#2494=DIRECTION('center_axis',(0.,-1.,0.));
#2495=DIRECTION('ref_axis',(-1.42108545721725E-14,0.,1.));
#2496=DIRECTION('',(-0.174093266609703,-0.707106781186549,0.685340451542998));
#2497=DIRECTION('center_axis',(0.,1.,0.));
#2498=DIRECTION('ref_axis',(-1.42108545721725E-14,0.,1.));
#2499=DIRECTION('center_axis',(0.,-1.,0.));
#2500=DIRECTION('ref_axis',(0.,0.,-1.));
#2501=DIRECTION('center_axis',(0.,1.,0.));
#2502=DIRECTION('ref_axis',(0.,0.,-1.));
#2503=DIRECTION('',(-1.25607396694702E-14,-0.707106781186548,0.707106781186548));
#2504=DIRECTION('',(0.,0.707106781186544,-0.707106781186551));
#2505=DIRECTION('center_axis',(0.,-0.707106781186544,-0.707106781186551));
#2506=DIRECTION('ref_axis',(-1.,0.,0.));
#2507=DIRECTION('',(1.,0.,0.));
#2508=DIRECTION('center_axis',(0.,1.,0.));
#2509=DIRECTION('ref_axis',(-1.42108545721725E-14,0.,1.));
#2510=DIRECTION('',(0.,1.,0.));
#2511=DIRECTION('center_axis',(0.,-1.,0.));
#2512=DIRECTION('ref_axis',(-1.42108545721725E-14,0.,1.));
#2513=DIRECTION('',(0.,1.,0.));
#2514=DIRECTION('center_axis',(-1.,0.,1.34572486478861E-14));
#2515=DIRECTION('ref_axis',(1.34572486478861E-14,0.,1.));
#2516=DIRECTION('',(0.,1.,0.));
#2517=DIRECTION('',(-1.34572486478861E-14,0.,-1.));
#2518=DIRECTION('center_axis',(0.,1.,0.));
#2519=DIRECTION('ref_axis',(-1.,0.,-1.42108545721725E-14));
#2520=DIRECTION('',(0.,1.,0.));
#2521=DIRECTION('center_axis',(0.,-1.,0.));
#2522=DIRECTION('ref_axis',(-1.,0.,-1.42108545721725E-14));
#2523=DIRECTION('center_axis',(-1.22055573528412E-13,0.,-1.));
#2524=DIRECTION('ref_axis',(-1.,0.,1.22055573528412E-13));
#2525=DIRECTION('',(0.,1.,0.));
#2526=DIRECTION('',(1.,0.,-1.22055573528412E-13));
#2527=DIRECTION('center_axis',(-0.707106781186541,-0.707106781186554,0.));
#2528=DIRECTION('ref_axis',(0.,0.,1.));
#2529=DIRECTION('',(0.,0.,-1.));
#2530=DIRECTION('',(0.707106781186554,-0.707106781186541,0.));
#2531=DIRECTION('center_axis',(0.,-1.,0.));
#2532=DIRECTION('ref_axis',(0.707106781186554,0.,-0.707106781186541));
#2533=DIRECTION('center_axis',(0.,1.,0.));
#2534=DIRECTION('ref_axis',(0.707106781186554,0.,-0.707106781186541));
#2535=DIRECTION('',(0.,-0.707106781186551,-0.707106781186544));
#2536=DIRECTION('center_axis',(0.,-0.707106781186551,0.707106781186544));
#2537=DIRECTION('ref_axis',(1.,0.,0.));
#2538=DIRECTION('',(0.,-0.707106781186544,-0.707106781186551));
#2539=DIRECTION('',(-1.,0.,0.));
#2540=DIRECTION('center_axis',(0.,-1.,0.));
#2541=DIRECTION('ref_axis',(-0.707106781186547,0.,-0.707106781186547));
#2542=DIRECTION('center_axis',(0.,1.,0.));
#2543=DIRECTION('ref_axis',(-0.707106781186548,0.,-0.707106781186548));
#2544=DIRECTION('',(-0.707106781186554,-0.707106781186541,0.));
#2545=DIRECTION('center_axis',(0.707106781186548,-0.707106781186548,0.));
#2546=DIRECTION('ref_axis',(0.,0.,-1.));
#2547=DIRECTION('',(0.,0.,1.));
#2548=DIRECTION('center_axis',(0.,1.,0.));
#2549=DIRECTION('ref_axis',(-0.707106781186548,0.,-0.707106781186548));
#2550=DIRECTION('',(0.,1.,0.));
#2551=DIRECTION('center_axis',(0.,1.,0.));
#2552=DIRECTION('ref_axis',(-0.707106781186548,0.,-0.707106781186548));
#2553=DIRECTION('',(0.,-1.,0.));
#2554=DIRECTION('center_axis',(0.,0.,-1.));
#2555=DIRECTION('ref_axis',(-1.,0.,0.));
#2556=DIRECTION('',(0.,-1.,0.));
#2557=DIRECTION('',(1.,0.,0.));
#2558=DIRECTION('center_axis',(0.,1.,0.));
#2559=DIRECTION('ref_axis',(0.707106781186554,0.,-0.707106781186541));
#2560=DIRECTION('',(0.,1.,0.));
#2561=DIRECTION('center_axis',(0.,1.,0.));
#2562=DIRECTION('ref_axis',(0.707106781186554,0.,-0.707106781186541));
#2563=DIRECTION('center_axis',(1.,0.,0.));
#2564=DIRECTION('ref_axis',(0.,0.,-1.));
#2565=DIRECTION('',(0.,0.,1.));
#2566=DIRECTION('center_axis',(0.707106781186549,0.707106781186546,0.));
#2567=DIRECTION('ref_axis',(0.,0.,-1.));
#2568=DIRECTION('',(0.,0.,-1.));
#2569=DIRECTION('',(-0.707106781186546,0.707106781186549,0.));
#2570=DIRECTION('center_axis',(0.,1.,0.));
#2571=DIRECTION('ref_axis',(-0.707106781186547,0.,-0.707106781186547));
#2572=DIRECTION('center_axis',(0.,-1.,0.));
#2573=DIRECTION('ref_axis',(-0.707106781186548,0.,-0.707106781186548));
#2574=DIRECTION('',(0.,0.707106781186542,-0.707106781186553));
#2575=DIRECTION('center_axis',(3.17190400242526E-16,0.707106781186546,0.707106781186549));
#2576=DIRECTION('ref_axis',(1.,0.,-4.4857496587753E-16));
#2577=DIRECTION('',(0.,0.707106781186549,-0.707106781186546));
#2578=DIRECTION('',(1.,0.,-4.4857496587753E-16));
#2579=DIRECTION('center_axis',(0.,1.,0.));
#2580=DIRECTION('ref_axis',(0.707106781186547,0.,-0.707106781186547));
#2581=DIRECTION('center_axis',(0.,-1.,0.));
#2582=DIRECTION('ref_axis',(0.707106781186548,0.,-0.707106781186548));
#2583=DIRECTION('',(0.707106781186553,0.707106781186542,0.));
#2584=DIRECTION('center_axis',(-0.707106781186542,0.707106781186553,0.));
#2585=DIRECTION('ref_axis',(0.,0.,1.));
#2586=DIRECTION('',(0.707106781186553,0.707106781186542,0.));
#2587=DIRECTION('',(0.,0.,1.));
#2588=DIRECTION('center_axis',(0.,0.,1.));
#2589=DIRECTION('ref_axis',(1.,0.,0.));
#2590=DIRECTION('',(0.,-1.,0.));
#2591=DIRECTION('',(0.,1.,0.));
#2592=DIRECTION('',(0.707106781186553,-0.707106781186542,0.));
#2593=DIRECTION('center_axis',(1.,0.,0.));
#2594=DIRECTION('ref_axis',(0.,0.,1.));
#2595=DIRECTION('',(0.,1.,0.));
#2596=DIRECTION('center_axis',(0.,-1.,0.));
#2597=DIRECTION('ref_axis',(0.707106781186548,0.,-0.707106781186548));
#2598=DIRECTION('',(0.,-1.,0.));
#2599=DIRECTION('center_axis',(-4.4857496587753E-16,0.,-1.));
#2600=DIRECTION('ref_axis',(1.,0.,-4.4857496587753E-16));
#2601=DIRECTION('',(0.,1.,0.));
#2602=DIRECTION('center_axis',(0.,-1.,0.));
#2603=DIRECTION('ref_axis',(-0.707106781186548,0.,-0.707106781186548));
#2604=DIRECTION('',(0.,-1.,0.));
#2605=DIRECTION('center_axis',(-1.,0.,0.));
#2606=DIRECTION('ref_axis',(0.,0.,-1.));
#2607=DIRECTION('center_axis',(0.707106781186542,0.707106781186553,0.));
#2608=DIRECTION('ref_axis',(0.,0.,-1.));
#2609=DIRECTION('',(0.,0.,-1.));
#2610=DIRECTION('',(-0.707106781186553,0.707106781186542,0.));
#2611=DIRECTION('center_axis',(0.,1.,0.));
#2612=DIRECTION('ref_axis',(-3.55271367877028E-13,0.,-1.));
#2613=DIRECTION('',(0.,0.707106781186549,-0.707106781186546));
#2614=DIRECTION('center_axis',(0.,-1.,0.));
#2615=DIRECTION('ref_axis',(-3.55271367877028E-13,0.,-1.));
#2616=DIRECTION('center_axis',(-5.33553543481925E-14,0.707106781186546,
0.707106781186549));
#2617=DIRECTION('ref_axis',(1.,0.,7.5455865744436E-14));
#2618=DIRECTION('',(5.02429586778809E-14,0.707106781186549,-0.707106781186546));
#2619=DIRECTION('',(1.,0.,7.5455865744436E-14));
#2620=DIRECTION('center_axis',(0.,1.,0.));
#2621=DIRECTION('ref_axis',(1.,0.,8.88178419699986E-14));
#2622=DIRECTION('',(0.707106781186553,0.707106781186542,1.25607396694701E-14));
#2623=DIRECTION('center_axis',(0.,-1.,0.));
#2624=DIRECTION('ref_axis',(1.,0.,8.88178419699986E-14));
#2625=DIRECTION('center_axis',(-0.707106781186542,0.707106781186553,0.));
#2626=DIRECTION('ref_axis',(0.,0.,1.));
#2627=DIRECTION('',(0.,0.,1.));
#2628=DIRECTION('center_axis',(1.,0.,0.));
#2629=DIRECTION('ref_axis',(0.,0.,1.));
#2630=DIRECTION('',(0.,-1.,0.));
#2631=DIRECTION('center_axis',(0.,-1.,0.));
#2632=DIRECTION('ref_axis',(1.,0.,8.88178419699986E-14));
#2633=DIRECTION('',(0.,-1.,0.));
#2634=DIRECTION('center_axis',(7.5455865744436E-14,0.,-1.));
#2635=DIRECTION('ref_axis',(1.,0.,7.5455865744436E-14));
#2636=DIRECTION('',(0.,-1.,0.));
#2637=DIRECTION('center_axis',(0.,-1.,0.));
#2638=DIRECTION('ref_axis',(-3.55271367877028E-13,0.,-1.));
#2639=DIRECTION('',(0.,-1.,0.));
#2640=DIRECTION('center_axis',(-1.,0.,0.));
#2641=DIRECTION('ref_axis',(0.,0.,-1.));
#2642=DIRECTION('center_axis',(0.,1.,0.));
#2643=DIRECTION('ref_axis',(0.,0.,-1.));
#2644=DIRECTION('',(0.,1.,0.));
#2645=DIRECTION('center_axis',(0.,-1.,0.));
#2646=DIRECTION('ref_axis',(0.,0.,-1.));
#2647=DIRECTION('center_axis',(1.,0.,0.));
#2648=DIRECTION('ref_axis',(0.,0.,-1.));
#2649=DIRECTION('',(0.,1.,0.));
#2650=DIRECTION('',(0.,0.,1.));
#2651=DIRECTION('center_axis',(0.,1.,0.));
#2652=DIRECTION('ref_axis',(1.,0.,0.));
#2653=DIRECTION('',(0.,1.,0.));
#2654=DIRECTION('center_axis',(0.,-1.,0.));
#2655=DIRECTION('ref_axis',(1.,0.,0.));
#2656=DIRECTION('center_axis',(0.,0.,1.));
#2657=DIRECTION('ref_axis',(1.,0.,0.));
#2658=DIRECTION('',(-1.,0.,0.));
#2659=DIRECTION('center_axis',(-1.,0.,0.));
#2660=DIRECTION('ref_axis',(0.,0.,1.));
#2661=DIRECTION('',(0.,0.,-1.));
#2662=DIRECTION('center_axis',(0.,1.,0.));
#2663=DIRECTION('ref_axis',(-1.,0.,0.));
#2664=DIRECTION('',(0.,0.,1.));
#2665=DIRECTION('',(1.,0.,-2.33426162523795E-16));
#2666=DIRECTION('center_axis',(-1.,0.,0.));
#2667=DIRECTION('ref_axis',(0.,-1.,0.));
#2668=DIRECTION('',(0.,1.,9.80683749355576E-17));
#2669=DIRECTION('center_axis',(-2.33426162523795E-16,9.80683749355576E-17,
-1.));
#2670=DIRECTION('ref_axis',(1.,1.64225138302764E-33,-2.33426162523795E-16));
#2671=CARTESIAN_POINT('',(0.,0.,0.));
#2672=CARTESIAN_POINT('Origin',(94.7984610817275,-6.90646755276687,42.8113650156861));
#2673=CARTESIAN_POINT('',(96.1484610817275,-6.90646755276688,28.8113650156861));
#2674=CARTESIAN_POINT('Origin',(94.7984610817275,-6.90646755276687,28.8113650156861));
#2675=CARTESIAN_POINT('',(96.1484610817276,-6.90646755276688,20.3113650156861));
#2676=CARTESIAN_POINT('',(96.1484610817275,-6.90646755276687,42.8113650156861));
#2677=CARTESIAN_POINT('Origin',(94.7984610817276,-6.90646755276688,20.3113650156861));
#2678=CARTESIAN_POINT('Origin',(94.7984610817275,-24.7646571812094,42.8113650156862));
#2679=CARTESIAN_POINT('',(96.1484610817275,-24.7646571812094,28.8113650156861));
#2680=CARTESIAN_POINT('Origin',(94.7984610817275,-24.7646571812094,28.8113650156861));
#2681=CARTESIAN_POINT('',(96.1484610817275,-24.7646571812094,20.3113650156861));
#2682=CARTESIAN_POINT('',(96.1484610817275,-24.7646571812094,42.8113650156862));
#2683=CARTESIAN_POINT('Origin',(94.7984610817275,-24.7646571812094,20.3113650156861));
#2684=CARTESIAN_POINT('Origin',(97.2202079314553,-19.9287490483179,28.8113650156861));
#2685=CARTESIAN_POINT('',(97.2202079314554,-11.757176173064,20.3113650156861));
#2686=CARTESIAN_POINT('',(97.2202079314554,-19.9287490483179,20.3113650156861));
#2687=CARTESIAN_POINT('',(97.2202079314554,-17.8826602697237,20.3113650156861));
#2688=CARTESIAN_POINT('',(97.2202079314553,-11.757176173064,28.8113650156861));
#2689=CARTESIAN_POINT('',(97.2202079314553,-11.757176173064,28.8113650156861));
#2690=CARTESIAN_POINT('',(97.2202079314553,-19.9287490483179,28.8113650156861));
#2691=CARTESIAN_POINT('',(97.2202079314553,-17.8826602697237,28.8113650156861));
#2692=CARTESIAN_POINT('',(97.2202079314553,-19.9287490483179,28.8113650156861));
#2693=CARTESIAN_POINT('Origin',(98.2202079314552,-19.9287490483179,28.8113650156861));
#2694=CARTESIAN_POINT('',(97.5131011502689,-20.6358558295044,20.3113650156861));
#2695=CARTESIAN_POINT('Origin',(98.2202079314553,-19.9287490483179,20.3113650156862));
#2696=CARTESIAN_POINT('',(97.5131011502688,-20.6358558295044,28.8113650156861));
#2697=CARTESIAN_POINT('Origin',(98.2202079314552,-19.9287490483179,28.8113650156862));
#2698=CARTESIAN_POINT('',(97.5131011502688,-20.6358558295044,28.8113650156861));
#2699=CARTESIAN_POINT('Origin',(98.7202079314553,-21.8429626106909,28.8113650156861));
#2700=CARTESIAN_POINT('',(98.7202079314554,-21.8429626106909,20.3113650156861));
#2701=CARTESIAN_POINT('',(91.7186101515649,-14.8413648308006,20.3113650156861));
#2702=CARTESIAN_POINT('',(98.7202079314553,-21.8429626106909,28.8113650156861));
#2703=CARTESIAN_POINT('',(91.7186101515649,-14.8413648308006,28.8113650156861));
#2704=CARTESIAN_POINT('',(98.7202079314553,-21.8429626106908,24.5613650156861));
#2705=CARTESIAN_POINT('Origin',(97.5131011502688,-11.0500693918774,28.8113650156861));
#2706=CARTESIAN_POINT('',(98.7202079314554,-9.84296261069082,20.3113650156861));
#2707=CARTESIAN_POINT('',(97.5131011502688,-11.0500693918774,20.3113650156861));
#2708=CARTESIAN_POINT('',(91.1182523207527,-17.4449182213939,20.3113650156861));
#2709=CARTESIAN_POINT('',(98.7202079314553,-9.84296261069082,28.8113650156861));
#2710=CARTESIAN_POINT('',(98.7202079314553,-9.84296261069091,24.5613650156861));
#2711=CARTESIAN_POINT('',(97.5131011502688,-11.0500693918774,28.8113650156861));
#2712=CARTESIAN_POINT('',(91.1182523207526,-17.4449182213939,28.8113650156861));
#2713=CARTESIAN_POINT('',(97.5131011502688,-11.0500693918774,28.8113650156861));
#2714=CARTESIAN_POINT('Origin',(98.2202079314553,-11.757176173064,28.8113650156861));
#2715=CARTESIAN_POINT('Origin',(98.2202079314553,-11.757176173064,20.3113650156862));
#2716=CARTESIAN_POINT('Origin',(98.2202079314553,-11.757176173064,28.8113650156862));
#2717=CARTESIAN_POINT('Origin',(76.7202079314553,-15.8365714911296,20.3113650156861));
#2718=CARTESIAN_POINT('',(98.7202079314553,-27.435140167879,20.3113650156861));
#2719=CARTESIAN_POINT('',(98.7202079314553,-0.836571491129575,20.3113650156861));
#2720=CARTESIAN_POINT('',(98.4273147126418,-28.1422469490655,20.3113650156861));
#2721=CARTESIAN_POINT('Origin',(97.7202079314553,-27.435140167879,20.3113650156861));
#2722=CARTESIAN_POINT('',(96.0142492757521,-30.5553123859553,20.3113650156861));
#2723=CARTESIAN_POINT('',(98.7202079314553,-27.8493537302521,20.3113650156861));
#2724=CARTESIAN_POINT('',(95.3068061198708,-30.8482055481948,20.3113650156861));
#2725=CARTESIAN_POINT('Origin',(95.3071424945655,-29.8482056047687,20.3113650156861));
#2726=CARTESIAN_POINT('',(58.1334120069238,-30.8357013583909,20.3113650156861));
#2727=CARTESIAN_POINT('',(98.7202079314553,-30.8493537302521,20.3113650156861));
#2728=CARTESIAN_POINT('',(57.4264037876081,-30.54257030332,20.3113650156861));
#2729=CARTESIAN_POINT('Origin',(58.1337483816185,-29.8357014149649,20.3113650156861));
#2730=CARTESIAN_POINT('',(55.0128633374449,-28.1274055988425,20.3113650156861));
#2731=CARTESIAN_POINT('',(54.7202079314552,-27.8345532428471,20.3113650156861));
#2732=CARTESIAN_POINT('',(54.7202079314552,-27.4205367104875,20.3113650156861));
#2733=CARTESIAN_POINT('Origin',(55.7202079314552,-27.4205367104875,20.3113650156861));
#2734=CARTESIAN_POINT('',(54.7202079314552,-21.2497759293614,20.3113650156861));
#2735=CARTESIAN_POINT('',(54.7202079314552,-30.8345532428471,20.3113650156861));
#2736=CARTESIAN_POINT('',(55.0131011502687,-20.5426691481749,20.3113650156861));
#2737=CARTESIAN_POINT('Origin',(55.7202079314552,-21.2497759293614,20.3113650156861));
#2738=CARTESIAN_POINT('',(55.9273147126418,-19.6284555858018,20.3113650156861));
#2739=CARTESIAN_POINT('',(56.2202079314552,-19.3355623669883,20.3113650156861));
#2740=CARTESIAN_POINT('',(56.2202079314552,-18.9213488046152,20.3113650156861));
#2741=CARTESIAN_POINT('Origin',(55.2202079314553,-18.9213488046152,20.3113650156861));
#2742=CARTESIAN_POINT('',(56.2202079314552,-12.7497759293614,20.3113650156861));
#2743=CARTESIAN_POINT('',(56.2202079314552,-12.3355623669883,20.3113650156861));
#2744=CARTESIAN_POINT('',(55.9273147126418,-12.0426691481749,20.3113650156861));
#2745=CARTESIAN_POINT('Origin',(55.2202079314553,-12.7497759293614,20.3113650156861));
#2746=CARTESIAN_POINT('',(55.0131011502687,-11.1284555858018,20.3113650156861));
#2747=CARTESIAN_POINT('',(54.7202079314552,-10.8355623669883,20.3113650156861));
#2748=CARTESIAN_POINT('',(54.7202079314552,-10.4213488046152,20.3113650156861));
#2749=CARTESIAN_POINT('Origin',(55.7202079314552,-10.4213488046152,20.3113650156861));
#2750=CARTESIAN_POINT('',(54.7202079314552,-6.25078505350265,20.3113650156861));
#2751=CARTESIAN_POINT('',(54.7202079314552,-30.8345532428471,20.3113650156861));
#2752=CARTESIAN_POINT('',(55.0131011502687,-5.5436782723161,20.3113650156861));
#2753=CARTESIAN_POINT('Origin',(55.7202079314552,-6.25078505350265,20.3113650156861));
#2754=CARTESIAN_POINT('',(59.4273147126418,-1.12946470994302,20.3113650156861));
#2755=CARTESIAN_POINT('',(54.7202079314552,-5.83657149112955,20.3113650156861));
#2756=CARTESIAN_POINT('',(60.1344214938283,-0.836571491129569,20.3113650156861));
#2757=CARTESIAN_POINT('Origin',(60.1344214938283,-1.83657149112957,20.3113650156861));
#2758=CARTESIAN_POINT('',(95.3059943690823,-0.836571491129569,20.3113650156861));
#2759=CARTESIAN_POINT('',(84.7202079314553,-0.836571491129569,20.3113650156861));
#2760=CARTESIAN_POINT('',(96.0131011502688,-1.12946470994304,20.3113650156861));
#2761=CARTESIAN_POINT('Origin',(95.3059943690823,-1.83657149112957,20.3113650156862));
#2762=CARTESIAN_POINT('',(98.4273147126418,-3.54367827231606,20.3113650156861));
#2763=CARTESIAN_POINT('',(96.5618586335227,-1.67822219319689,20.3113650156861));
#2764=CARTESIAN_POINT('',(98.7202079314553,-4.25078505350259,20.3113650156861));
#2765=CARTESIAN_POINT('Origin',(97.7202079314553,-4.25078505350259,20.3113650156861));
#2766=CARTESIAN_POINT('',(98.7202079314553,-0.836571491129575,20.3113650156861));
#2767=CARTESIAN_POINT('',(61.4542449168461,-24.9558471329261,20.3113650156861));
#2768=CARTESIAN_POINT('Origin',(60.1042449168461,-24.9558471329261,20.3113650156861));
#2769=CARTESIAN_POINT('',(61.4542449168461,-6.95584713292615,20.3113650156861));
#2770=CARTESIAN_POINT('Origin',(60.1042449168461,-6.95584713292615,20.3113650156861));
#2771=CARTESIAN_POINT('Origin',(98.7202079314553,-27.8493537302521,20.3113650156861));
#2772=CARTESIAN_POINT('',(98.7202079314553,-27.435140167879,28.8113650156861));
#2773=CARTESIAN_POINT('',(98.7202079314553,-0.836571491129575,28.8113650156861));
#2774=CARTESIAN_POINT('',(98.7202079314553,-27.435140167879,20.3113650156861));
#2775=CARTESIAN_POINT('Origin',(95.3059943690823,-1.83657149112957,25.0613650156861));
#2776=CARTESIAN_POINT('',(95.3059943690823,-0.836571491129575,28.8113650156861));
#2777=CARTESIAN_POINT('',(95.3059943690823,-0.836571491129569,25.0613650156861));
#2778=CARTESIAN_POINT('',(96.0131011502688,-1.12946470994303,28.8113650156861));
#2779=CARTESIAN_POINT('Origin',(95.3059943690823,-1.83657149112957,28.8113650156862));
#2780=CARTESIAN_POINT('',(96.0131011502688,-1.12946470994304,25.0613650156861));
#2781=CARTESIAN_POINT('Origin',(92.7202079314553,-0.836571491129569,21.3113650156861));
#2782=CARTESIAN_POINT('',(60.1344214938283,-0.836571491129569,28.8113650156861));
#2783=CARTESIAN_POINT('',(60.1344214938283,-0.836571491129569,20.8113650156861));
#2784=CARTESIAN_POINT('',(65.4243393207097,-0.836571491129569,28.8113650156861));
#2785=CARTESIAN_POINT('',(62.7202079314553,-0.836571491129569,28.8113650156861));
#2786=CARTESIAN_POINT('',(65.4243393207097,-0.836571491129569,25.7113903870552));
#2787=CARTESIAN_POINT('',(65.4243393207097,-0.836571491129569,25.0613650156861));
#2788=CARTESIAN_POINT('',(66.9243393207097,-0.836571491129569,24.2113903870552));
#2789=CARTESIAN_POINT('Origin',(66.9243393207097,-0.836571491129569,25.7113903870552));
#2790=CARTESIAN_POINT('',(75.2243391787337,-0.836571491129569,24.2113903870552));
#2791=CARTESIAN_POINT('',(79.4222736260825,-0.836571491129569,24.2113903870552));
#2792=CARTESIAN_POINT('',(76.7243391787337,-0.836571491129569,25.7113903870552));
#2793=CARTESIAN_POINT('Origin',(75.2243391787337,-0.836571491129569,25.7113903870552));
#2794=CARTESIAN_POINT('',(76.7243391787337,-0.836571491129569,28.8113650156861));
#2795=CARTESIAN_POINT('',(76.7243391787337,-0.836571491129569,23.1113777013706));
#2796=CARTESIAN_POINT('',(80.7442122446994,-0.836571491129569,28.8113650156861));
#2797=CARTESIAN_POINT('',(62.7202079314553,-0.836571491129569,28.8113650156861));
#2798=CARTESIAN_POINT('',(80.7442122446994,-0.836571491129569,25.06139032037));
#2799=CARTESIAN_POINT('',(80.7442122446994,-0.836571491129569,25.0613650156861));
#2800=CARTESIAN_POINT('',(81.4942122446994,-0.836571491129569,24.3113903203696));
#2801=CARTESIAN_POINT('Origin',(81.4942122446994,-0.836571491129569,25.06139032037));
#2802=CARTESIAN_POINT('',(87.1442122446994,-0.836571491129569,24.3113903203701));
#2803=CARTESIAN_POINT('',(87.1072100880772,-0.836571491129569,24.31139032037));
#2804=CARTESIAN_POINT('',(87.8942122446993,-0.836571491129569,25.0613903203701));
#2805=CARTESIAN_POINT('Origin',(87.1442122446993,-0.836571491129569,25.06139032037));
#2806=CARTESIAN_POINT('',(87.8942122446993,-0.836571491129569,28.8113650156861));
#2807=CARTESIAN_POINT('',(87.8942122446993,-0.836571491129569,23.1863776680281));
#2808=CARTESIAN_POINT('',(54.7202079314552,-0.836571491129567,28.8113650156861));
#2809=CARTESIAN_POINT('Origin',(97.7202079314553,-4.25078505350261,24.5613650156862));
#2810=CARTESIAN_POINT('',(98.4273147126418,-3.54367827231609,28.8113650156861));
#2811=CARTESIAN_POINT('',(98.7202079314553,-4.25078505350263,28.8113650156861));
#2812=CARTESIAN_POINT('Origin',(97.7202079314553,-4.25078505350263,28.8113650156861));
#2813=CARTESIAN_POINT('',(98.7202079314553,-4.25078505350261,24.5613650156862));
#2814=CARTESIAN_POINT('',(98.4273147126418,-3.54367827231608,24.5613650156862));
#2815=CARTESIAN_POINT('Origin',(98.7202079314553,-27.8493537302521,20.3113650156861));
#2816=CARTESIAN_POINT('',(98.7202079314553,-0.836571491129575,28.8113650156861));
#2817=CARTESIAN_POINT('Origin',(97.7202079314553,-27.435140167879,20.3113650156861));
#2818=CARTESIAN_POINT('',(98.4273147126418,-28.1422469490655,28.8113650156861));
#2819=CARTESIAN_POINT('Origin',(97.7202079314553,-27.435140167879,28.8113650156861));
#2820=CARTESIAN_POINT('',(98.4273147126418,-28.1422469490655,20.3113650156861));
#2821=CARTESIAN_POINT('Origin',(95.3071424945655,-29.8482056047687,20.3113650156861));
#2822=CARTESIAN_POINT('',(96.0142492757521,-30.5553123859553,28.8113650156861));
#2823=CARTESIAN_POINT('',(95.3068061198708,-30.8482055481948,28.8113650156861));
#2824=CARTESIAN_POINT('Origin',(95.3071424945655,-29.8482056047687,28.8113650156861));
#2825=CARTESIAN_POINT('',(95.3068061198708,-30.8482055481948,20.3113650156861));
#2826=CARTESIAN_POINT('',(96.0142492757521,-30.5553123859553,20.3113650156861));
#2827=CARTESIAN_POINT('Origin',(57.7191984679844,-30.8355620274303,20.3113650156861));
#2828=CARTESIAN_POINT('',(85.5112390259993,-30.8449105671176,28.8113650156861));
#2829=CARTESIAN_POINT('',(98.7202079314553,-30.8493537302521,28.8113650156861));
#2830=CARTESIAN_POINT('',(85.5112390259993,-30.8449105671176,25.6113903167933));
#2831=CARTESIAN_POINT('',(85.5112390259993,-30.8449105671176,22.9613776662397));
#2832=CARTESIAN_POINT('',(84.0112390259993,-30.8444060050469,24.1113903167933));
#2833=CARTESIAN_POINT('Origin',(84.0112390259993,-30.8444060050469,25.6113903167933));
#2834=CARTESIAN_POINT('',(76.9612393210424,-30.8420345634142,24.1113903167933));
#2835=CARTESIAN_POINT('',(67.3402179756938,-30.8387982951132,24.1113903167933));
#2836=CARTESIAN_POINT('',(75.4612393210424,-30.8415300013436,25.6113903167933));
#2837=CARTESIAN_POINT('Origin',(76.9612393210424,-30.8420345634142,25.6113903167933));
#2838=CARTESIAN_POINT('',(75.4612393210424,-30.8415300013436,28.8113650156861));
#2839=CARTESIAN_POINT('',(75.4612393210424,-30.8415300013436,24.5613650156861));
#2840=CARTESIAN_POINT('',(72.3743121495519,-30.8404916370999,28.8113650156861));
#2841=CARTESIAN_POINT('',(98.7202079314553,-30.8493537302521,28.8113650156861));
#2842=CARTESIAN_POINT('',(73.8442122944587,-30.8409860743404,26.9213903687331));
#2843=CARTESIAN_POINT('Origin',(71.8942122818777,-30.8403301436444,26.9213903687331));
#2844=CARTESIAN_POINT('',(73.8442122944587,-30.8409860743404,26.2613903620901));
#2845=CARTESIAN_POINT('',(73.8442122944587,-30.8409860743404,23.2863776888881));
#2846=CARTESIAN_POINT('',(71.8942122818776,-30.8403301436444,24.3113903495083));
#2847=CARTESIAN_POINT('Origin',(71.8942122818777,-30.8403301436444,26.2613903620901));
#2848=CARTESIAN_POINT('',(65.4542122170576,-30.838163890466,24.3113903495091));
#2849=CARTESIAN_POINT('',(61.5867050746999,-30.8368629588581,24.3113903495096));
#2850=CARTESIAN_POINT('',(63.5042122044768,-30.83750795977,26.2613903620901));
#2851=CARTESIAN_POINT('Origin',(65.4542122170578,-30.838163890466,26.2613903620901));
#2852=CARTESIAN_POINT('',(63.5042122044768,-30.83750795977,26.9213903687331));
#2853=CARTESIAN_POINT('',(63.5042122044767,-30.83750795977,23.6163776922096));
#2854=CARTESIAN_POINT('',(64.9741123493836,-30.8380023970105,28.8113650156861));
#2855=CARTESIAN_POINT('Origin',(65.4542122170578,-30.838163890466,26.9213903687331));
#2856=CARTESIAN_POINT('',(58.1334120069238,-30.8357013583909,28.8113650156861));
#2857=CARTESIAN_POINT('',(98.7202079314553,-30.8493537302521,28.8113650156861));
#2858=CARTESIAN_POINT('',(58.1334120069238,-30.8357013583909,20.3113650156861));
#2859=CARTESIAN_POINT('Origin',(58.1337483816185,-29.8357014149649,20.3113650156861));
#2860=CARTESIAN_POINT('',(57.4264037876081,-30.54257030332,28.8113650156861));
#2861=CARTESIAN_POINT('Origin',(58.1337483816185,-29.8357014149649,28.8113650156861));
#2862=CARTESIAN_POINT('',(57.4264037876081,-30.54257030332,20.3113650156861));
#2863=CARTESIAN_POINT('Origin',(55.7202079314552,-27.4205367104875,20.3113650156861));
#2864=CARTESIAN_POINT('',(55.0128633374449,-28.1274055988425,28.8113650156861));
#2865=CARTESIAN_POINT('',(54.7202079314552,-27.4205367104875,28.8113650156861));
#2866=CARTESIAN_POINT('Origin',(55.7202079314552,-27.4205367104875,28.8113650156861));
#2867=CARTESIAN_POINT('',(54.7202079314552,-27.4205367104875,20.3113650156861));
#2868=CARTESIAN_POINT('',(55.0128633374449,-28.1274055988425,20.3113650156861));
#2869=CARTESIAN_POINT('Origin',(54.7202079314552,-20.8355623669883,20.3113650156861));
#2870=CARTESIAN_POINT('',(54.7202079314552,-21.2497759293614,28.8113650156861));
#2871=CARTESIAN_POINT('',(54.7202079314552,-30.8345532428471,28.8113650156861));
#2872=CARTESIAN_POINT('',(54.7202079314552,-21.2497759293614,20.3113650156861));
#2873=CARTESIAN_POINT('Origin',(76.7202079314553,-15.8365714911296,28.8113650156861));
#2874=CARTESIAN_POINT('',(64.9741123493836,-30.8365714911296,28.8113650156861));
#2875=CARTESIAN_POINT('',(64.9741123493836,-30.8365714911296,28.8113650156861));
#2876=CARTESIAN_POINT('',(65.4542122170577,-30.7765461255016,28.8113650156861));
#2877=CARTESIAN_POINT('Ctrl Pts',(65.4542122170913,-30.7765461255017,28.8113650156863));
#2878=CARTESIAN_POINT('Ctrl Pts',(65.444007145163,-30.7765461255022,28.8113650156869));
#2879=CARTESIAN_POINT('Ctrl Pts',(65.4338030729349,-30.7766287801791,28.81136459391));
#2880=CARTESIAN_POINT('Ctrl Pts',(65.4235989852125,-30.7767940429832,28.8113639054437));
#2881=CARTESIAN_POINT('Ctrl Pts',(65.4073641403694,-30.7770569783925,28.8113628100842));
#2882=CARTESIAN_POINT('Ctrl Pts',(65.3911374271223,-30.7775288895583,28.8113610475495));
#2883=CARTESIAN_POINT('Ctrl Pts',(65.3749148089878,-30.7782089560221,28.8113591280817));
#2884=CARTESIAN_POINT('Ctrl Pts',(65.3427296189525,-30.7795581875822,28.8113553199148));
#2885=CARTESIAN_POINT('Ctrl Pts',(65.310613685557,-30.7817245244345,28.8113510379113));
#2886=CARTESIAN_POINT('Ctrl Pts',(65.2785373928045,-30.7846933118649,28.8113485973186));
#2887=CARTESIAN_POINT('Ctrl Pts',(65.2281831977438,-30.7893537912574,28.8113447660129));
#2888=CARTESIAN_POINT('Ctrl Pts',(65.1781738520458,-30.7959697142755,28.811346899906));
#2889=CARTESIAN_POINT('Ctrl Pts',(65.1284154891576,-30.8044220838798,28.8113515084381));
#2890=CARTESIAN_POINT('Ctrl Pts',(65.1044925950728,-30.8084858257529,28.8113537241345));
#2891=CARTESIAN_POINT('Ctrl Pts',(65.0806284733907,-30.8129740635946,28.811356398392));
#2892=CARTESIAN_POINT('Ctrl Pts',(65.0568170118836,-30.8178735729109,28.8113591240122));
#2893=CARTESIAN_POINT('Ctrl Pts',(65.0291274059766,-30.8235710594791,28.8113622935509));
#2894=CARTESIAN_POINT('Ctrl Pts',(65.0015616348363,-30.8298133381918,28.8113650156861));
#2895=CARTESIAN_POINT('Ctrl Pts',(64.9741123493836,-30.8365714911296,28.8113650156861));
#2896=CARTESIAN_POINT('',(71.8942122818777,-30.7765461255016,28.8113650156861));
#2897=CARTESIAN_POINT('',(69.9037090028559,-30.7765461255016,28.8113650156861));
#2898=CARTESIAN_POINT('',(72.3743121495519,-30.8365714911296,28.8113650156861));
#2899=CARTESIAN_POINT('Ctrl Pts',(72.3743121495519,-30.8365714911296,28.8113650156861));
#2900=CARTESIAN_POINT('Ctrl Pts',(72.2684359277932,-30.8105042297305,28.8113650156861));
#2901=CARTESIAN_POINT('Ctrl Pts',(72.1615046163717,-30.7922774092644,28.8113650156861));
#2902=CARTESIAN_POINT('Ctrl Pts',(72.0231980902174,-30.7807128168406,28.8113650156861));
#2903=CARTESIAN_POINT('Ctrl Pts',(71.9935670835875,-30.7789233433775,28.811365015686));
#2904=CARTESIAN_POINT('Ctrl Pts',(71.9462403320719,-30.7771799125573,28.811365015686));
#2905=CARTESIAN_POINT('Ctrl Pts',(71.9285948254097,-30.7767764134465,28.8113650156861));
#2906=CARTESIAN_POINT('Ctrl Pts',(71.905364566874,-30.7765708024296,28.8113650156861));
#2907=CARTESIAN_POINT('Ctrl Pts',(71.8997883478675,-30.7765461255016,28.8113650156861));
#2908=CARTESIAN_POINT('Ctrl Pts',(71.8942122818777,-30.7765461255016,28.8113650156861));
#2909=CARTESIAN_POINT('',(72.3743121495519,-30.8365714911296,28.8113650156861));
#2910=CARTESIAN_POINT('',(75.4612393210424,-30.8365714911296,28.8113650156861));
#2911=CARTESIAN_POINT('',(75.4612393210424,-23.3365714911296,28.8113650156861));
#2912=CARTESIAN_POINT('',(75.9612393210424,-30.3365714911296,28.8113650156861));
#2913=CARTESIAN_POINT('',(79.6509814736456,-26.6468293385264,28.8113650156861));
#2914=CARTESIAN_POINT('',(75.9612393210424,-28.8365714911296,28.8113650156861));
#2915=CARTESIAN_POINT('',(75.9612393210424,-23.3365714911296,28.8113650156861));
#2916=CARTESIAN_POINT('',(62.7202079314553,-28.8365714911296,28.8113650156861));
#2917=CARTESIAN_POINT('',(90.7202079314552,-28.8365714911296,28.8113650156861));
#2918=CARTESIAN_POINT('',(62.7202079314553,-3.87561646265748,28.8113650156861));
#2919=CARTESIAN_POINT('',(62.7202079314553,-30.8365714911296,28.8113650156861));
#2920=CARTESIAN_POINT('',(63.9579155760859,-2.83657149112957,28.8113650156861));
#2921=CARTESIAN_POINT('',(62.7202079314553,-3.87561646265748,28.8113650156861));
#2922=CARTESIAN_POINT('',(65.9243393207097,-2.83657149112957,28.8113650156861));
#2923=CARTESIAN_POINT('',(90.7202079314553,-2.83657149112957,28.8113650156861));
#2924=CARTESIAN_POINT('',(65.9243393207097,-1.33657149112957,28.8113650156861));
#2925=CARTESIAN_POINT('',(65.9243393207097,-8.33657149112957,28.8113650156861));
#2926=CARTESIAN_POINT('',(72.1233064733961,-7.53553864381596,28.8113650156861));
#2927=CARTESIAN_POINT('',(59.4273147126418,-1.12946470994302,28.8113650156861));
#2928=CARTESIAN_POINT('Origin',(60.1344214938283,-1.83657149112957,28.8113650156861));
#2929=CARTESIAN_POINT('',(55.0131011502687,-5.5436782723161,28.8113650156861));
#2930=CARTESIAN_POINT('',(54.7202079314552,-5.83657149112955,28.8113650156861));
#2931=CARTESIAN_POINT('',(54.7202079314552,-6.25078505350265,28.8113650156861));
#2932=CARTESIAN_POINT('Origin',(55.7202079314552,-6.25078505350265,28.8113650156861));
#2933=CARTESIAN_POINT('',(54.7202079314552,-10.4213488046152,28.8113650156861));
#2934=CARTESIAN_POINT('',(54.7202079314552,-30.8345532428471,28.8113650156861));
#2935=CARTESIAN_POINT('',(55.0131011502687,-11.1284555858018,28.8113650156861));
#2936=CARTESIAN_POINT('Origin',(55.7202079314552,-10.4213488046152,28.8113650156861));
#2937=CARTESIAN_POINT('',(55.9273147126418,-12.0426691481749,28.8113650156861));
#2938=CARTESIAN_POINT('',(54.7202079314552,-10.8355623669883,28.8113650156861));
#2939=CARTESIAN_POINT('',(56.2202079314552,-12.7497759293614,28.8113650156861));
#2940=CARTESIAN_POINT('Origin',(55.2202079314553,-12.7497759293614,28.8113650156861));
#2941=CARTESIAN_POINT('',(56.2202079314552,-18.9213488046152,28.8113650156861));
#2942=CARTESIAN_POINT('',(56.2202079314552,-12.3355623669883,28.8113650156861));
#2943=CARTESIAN_POINT('',(55.9273147126418,-19.6284555858018,28.8113650156861));
#2944=CARTESIAN_POINT('Origin',(55.2202079314553,-18.9213488046152,28.8113650156861));
#2945=CARTESIAN_POINT('',(55.0131011502687,-20.5426691481749,28.8113650156861));
#2946=CARTESIAN_POINT('',(56.2202079314552,-19.3355623669883,28.8113650156861));
#2947=CARTESIAN_POINT('Origin',(55.7202079314552,-21.2497759293614,28.8113650156861));
#2948=CARTESIAN_POINT('',(54.7202079314552,-27.8345532428471,28.8113650156861));
#2949=CARTESIAN_POINT('',(61.4542449168461,-24.9558471329261,28.8113650156861));
#2950=CARTESIAN_POINT('Origin',(60.1042449168461,-24.9558471329261,28.8113650156861));
#2951=CARTESIAN_POINT('',(61.4542449168461,-6.95584713292615,28.8113650156861));
#2952=CARTESIAN_POINT('Origin',(60.1042449168461,-6.95584713292615,28.8113650156861));
#2953=CARTESIAN_POINT('Origin',(55.7202079314552,-21.2497759293614,20.3113650156861));
#2954=CARTESIAN_POINT('',(55.0131011502687,-20.5426691481749,20.3113650156861));
#2955=CARTESIAN_POINT('Origin',(56.2202079314552,-19.3355623669883,20.3113650156861));
#2956=CARTESIAN_POINT('',(55.9273147126418,-19.6284555858018,20.3113650156861));
#2957=CARTESIAN_POINT('Origin',(55.2202079314553,-18.9213488046152,20.3113650156861));
#2958=CARTESIAN_POINT('',(56.2202079314552,-18.9213488046152,20.3113650156861));
#2959=CARTESIAN_POINT('Origin',(55.2202079314553,-12.7497759293614,20.3113650156861));
#2960=CARTESIAN_POINT('',(56.2202079314552,-12.7497759293614,20.3113650156861));
#2961=CARTESIAN_POINT('',(55.9273147126418,-12.0426691481749,20.3113650156861));
#2962=CARTESIAN_POINT('Origin',(56.2202079314552,-12.3355623669883,20.3113650156861));
#2963=CARTESIAN_POINT('Origin',(55.7202079314552,-10.4213488046152,20.3113650156861));
#2964=CARTESIAN_POINT('',(54.7202079314552,-10.4213488046152,20.3113650156861));
#2965=CARTESIAN_POINT('',(55.0131011502687,-11.1284555858018,20.3113650156861));
#2966=CARTESIAN_POINT('Origin',(54.7202079314552,-5.83657149112955,20.3113650156861));
#2967=CARTESIAN_POINT('',(54.7202079314552,-6.25078505350265,20.3113650156861));
#2968=CARTESIAN_POINT('Origin',(55.7202079314552,-6.25078505350265,20.3113650156861));
#2969=CARTESIAN_POINT('',(55.0131011502687,-5.5436782723161,20.3113650156861));
#2970=CARTESIAN_POINT('Origin',(60.1344214938283,-1.83657149112957,20.8113650156861));
#2971=CARTESIAN_POINT('',(59.4273147126418,-1.12946470994302,20.8113650156861));
#2972=CARTESIAN_POINT('Origin',(99.4035093355899,-4.51987289526416,28.8113650156861));
#2973=CARTESIAN_POINT('',(96.5618586335227,-1.67822219319691,28.8113650156861));
#2974=CARTESIAN_POINT('Origin',(60.1042449168461,-24.9558471329261,39.8113650156861));
#2975=CARTESIAN_POINT('',(61.4542449168461,-24.9558471329261,39.8113650156861));
#2976=CARTESIAN_POINT('Origin',(60.1042449168461,-6.95584713292615,39.8113650156861));
#2977=CARTESIAN_POINT('',(61.4542449168461,-6.95584713292615,39.8113650156861));
#2978=CARTESIAN_POINT('Origin',(65.4542122170576,-30.8365714911296,24.3113903495091));
#2979=CARTESIAN_POINT('',(71.8942122818776,-30.8365714911296,24.3113903495083));
#2980=CARTESIAN_POINT('',(71.8942122818776,-30.8365714911296,24.3113903495083));
#2981=CARTESIAN_POINT('',(65.4542122170576,-30.8365714911296,24.3113903495091));
#2982=CARTESIAN_POINT('',(66.3072101066666,-30.8365714911296,24.311390349509));
#2983=CARTESIAN_POINT('',(65.4542122170576,-30.8365714911296,24.3113903495091));
#2984=CARTESIAN_POINT('Origin',(65.4542122170578,-30.8365714911296,26.2613903620901));
#2985=CARTESIAN_POINT('',(63.5042122044768,-30.8365714911296,26.2613903620901));
#2986=CARTESIAN_POINT('Origin',(65.4542122170578,-30.8365714911296,26.2613903620901));
#2987=CARTESIAN_POINT('',(63.5042122044768,-30.8365714911296,26.2613903620901));
#2988=CARTESIAN_POINT('Origin',(63.5042122044768,-30.8365714911296,26.9213903687331));
#2989=CARTESIAN_POINT('',(63.5042122044768,-30.8365714911296,26.9213903687331));
#2990=CARTESIAN_POINT('',(63.5042122044767,-30.8365714911296,23.7863776888881));
#2991=CARTESIAN_POINT('',(63.5042122044768,-30.8365714911296,26.9213903687331));
#2992=CARTESIAN_POINT('Origin',(65.4542122170578,-30.8365714911296,26.9213903687331));
#2993=CARTESIAN_POINT('Origin',(65.4542122170578,-30.8365714911296,26.9213903687331));
#2994=CARTESIAN_POINT('Origin',(73.8442122944587,-30.8365714911296,26.2613903620901));
#2995=CARTESIAN_POINT('',(73.8442122944587,-30.8365714911296,26.9213903687331));
#2996=CARTESIAN_POINT('',(73.8442122944587,-30.8365714911296,26.9213903687331));
#2997=CARTESIAN_POINT('',(73.8442122944587,-30.8365714911296,26.2613903620901));
#2998=CARTESIAN_POINT('',(73.8442122944587,-30.8365714911296,24.1163776922096));
#2999=CARTESIAN_POINT('',(73.8442122944587,-30.8365714911296,26.2613903620901));
#3000=CARTESIAN_POINT('Origin',(71.8942122818777,-30.8365714911296,26.2613903620901));
#3001=CARTESIAN_POINT('Origin',(71.8942122818777,-30.8365714911296,26.2613903620901));
#3002=CARTESIAN_POINT('Origin',(71.8942122818777,-30.8365714911296,26.9213903687331));
#3003=CARTESIAN_POINT('Origin',(71.8942122818777,-30.8365714911296,26.9213903687331));
#3004=CARTESIAN_POINT('Origin',(76.9612393210424,-30.8365714911296,25.6113903167933));
#3005=CARTESIAN_POINT('',(76.9612393210424,-30.8365714911296,24.1113903167933));
#3006=CARTESIAN_POINT('',(76.9612393210424,-30.8365714911296,24.1113903167933));
#3007=CARTESIAN_POINT('',(75.4612393210424,-30.8365714911296,25.6113903167933));
#3008=CARTESIAN_POINT('Origin',(76.9612393210424,-30.8365714911296,25.6113903167933));
#3009=CARTESIAN_POINT('',(75.4612393210424,-30.8365714911296,25.6113903167933));
#3010=CARTESIAN_POINT('Origin',(75.4612393210424,-30.8365714911296,28.8113650156861));
#3011=CARTESIAN_POINT('',(75.4612393210424,-30.8365714911296,23.1613776662397));
#3012=CARTESIAN_POINT('Origin',(85.5112390259993,-30.8365714911296,25.6113903167933));
#3013=CARTESIAN_POINT('',(85.5112390259993,-30.8365714911296,28.8113650156861));
#3014=CARTESIAN_POINT('',(85.5112390259993,-23.3365714911296,28.8113650156861));
#3015=CARTESIAN_POINT('',(85.5112390259993,-30.8365714911296,25.6113903167933));
#3016=CARTESIAN_POINT('',(85.5112390259993,-30.8365714911296,25.0613650156861));
#3017=CARTESIAN_POINT('',(85.5112390259993,-30.8365714911296,25.6113903167933));
#3018=CARTESIAN_POINT('Origin',(84.0112390259993,-30.8365714911296,25.6113903167933));
#3019=CARTESIAN_POINT('',(84.0112390259993,-30.8365714911296,24.1113903167933));
#3020=CARTESIAN_POINT('Origin',(84.0112390259993,-30.8365714911296,25.6113903167933));
#3021=CARTESIAN_POINT('',(84.0112390259993,-30.8365714911296,24.1113903167933));
#3022=CARTESIAN_POINT('Origin',(76.9612393210424,-30.8365714911296,24.1113903167933));
#3023=CARTESIAN_POINT('',(72.6657234787273,-30.8365714911296,24.1113903167933));
#3024=CARTESIAN_POINT('Origin',(76.7202079314553,-15.8365714911296,28.8113650156861));
#3025=CARTESIAN_POINT('',(87.3942122446993,-1.33657149112957,28.8113650156861));
#3026=CARTESIAN_POINT('',(81.2257111663883,-7.50507256944053,28.8113650156861));
#3027=CARTESIAN_POINT('',(87.3942122446993,-2.83657149112957,28.8113650156861));
#3028=CARTESIAN_POINT('',(87.3942122446993,-8.33657149112957,28.8113650156861));
#3029=CARTESIAN_POINT('',(90.7202079314553,-2.83657149112957,28.8113650156861));
#3030=CARTESIAN_POINT('',(90.7202079314553,-2.83657149112957,28.8113650156861));
#3031=CARTESIAN_POINT('',(90.7202079314553,-28.8365714911296,28.8113650156861));
#3032=CARTESIAN_POINT('',(90.7202079314553,-30.8365714911296,28.8113650156861));
#3033=CARTESIAN_POINT('',(85.0112390259993,-28.8365714911296,28.8113650156861));
#3034=CARTESIAN_POINT('',(90.7202079314552,-28.8365714911296,28.8113650156861));
#3035=CARTESIAN_POINT('',(85.0112390259993,-30.3365714911296,28.8113650156861));
#3036=CARTESIAN_POINT('',(85.0112390259993,-23.3365714911296,28.8113650156861));
#3037=CARTESIAN_POINT('',(79.4384812523633,-24.7638137174936,28.8113650156861));
#3038=CARTESIAN_POINT('',(98.7202079314553,-27.8493537302521,28.8113650156861));
#3039=CARTESIAN_POINT('Origin',(59.7202079314552,-0.836571491129567,20.3113650156861));
#3040=CARTESIAN_POINT('Origin',(95.7212167162668,-30.8483449454405,20.3113650156861));
#3041=CARTESIAN_POINT('Origin',(54.7202079314552,-27.8345532428471,20.3113650156861));
#3042=CARTESIAN_POINT('Origin',(54.7202079314552,-10.8355623669883,20.3113650156861));
#3043=CARTESIAN_POINT('Origin',(63.9579155760859,-2.83657149112957,28.8113650156861));
#3044=CARTESIAN_POINT('',(62.7202079314553,-3.87561646265748,21.8113650156861));
#3045=CARTESIAN_POINT('',(62.7202079314553,-3.87561646265748,25.0613650156861));
#3046=CARTESIAN_POINT('',(63.9579155760859,-2.83657149112957,21.8113650156861));
#3047=CARTESIAN_POINT('',(64.5001968849076,-2.38133097489851,21.8113650156861));
#3048=CARTESIAN_POINT('',(63.9579155760859,-2.83657149112957,25.0613650156861));
#3049=CARTESIAN_POINT('Origin',(62.7202079314553,-28.8365714911296,21.3113650156861));
#3050=CARTESIAN_POINT('',(62.7202079314553,-28.8365714911296,21.8113650156861));
#3051=CARTESIAN_POINT('',(62.7202079314553,-28.8365714911296,21.3113650156861));
#3052=CARTESIAN_POINT('',(62.7202079314553,-22.3365714911296,21.8113650156861));
#3053=CARTESIAN_POINT('Origin',(62.7202079314553,-2.83657149112957,21.3113650156861));
#3054=CARTESIAN_POINT('',(90.7202079314553,-2.83657149112957,21.8113650156861));
#3055=CARTESIAN_POINT('',(69.7202079314553,-2.83657149112957,21.8113650156861));
#3056=CARTESIAN_POINT('',(90.7202079314553,-2.83657149112957,21.3113650156861));
#3057=CARTESIAN_POINT('',(87.3942122446993,-2.83657149112957,25.0613903203701));
#3058=CARTESIAN_POINT('',(87.3942122446993,-2.83657149112957,23.1863776680281));
#3059=CARTESIAN_POINT('',(87.1442122446993,-2.83657149112957,24.81139032037));
#3060=CARTESIAN_POINT('Origin',(87.1442122446993,-2.83657149112957,25.06139032037));
#3061=CARTESIAN_POINT('',(81.4942122446994,-2.83657149112957,24.8113903203696));
#3062=CARTESIAN_POINT('',(72.1072100880772,-2.83657149112957,24.8113903203689));
#3063=CARTESIAN_POINT('',(81.2442122446994,-2.83657149112957,25.06139032037));
#3064=CARTESIAN_POINT('Origin',(81.4942122446994,-2.83657149112957,25.06139032037));
#3065=CARTESIAN_POINT('',(81.2442122446994,-2.83657149112957,28.8113650156861));
#3066=CARTESIAN_POINT('',(81.2442122446994,-2.83657149112957,25.0613650156861));
#3067=CARTESIAN_POINT('',(76.2243391787337,-2.83657149112957,28.8113650156861));
#3068=CARTESIAN_POINT('',(90.7202079314553,-2.83657149112957,28.8113650156861));
#3069=CARTESIAN_POINT('',(76.2243391787337,-2.83657149112957,25.7113903870552));
#3070=CARTESIAN_POINT('',(76.2243391787337,-2.83657149112957,23.1113777013706));
#3071=CARTESIAN_POINT('',(75.2243391787337,-2.83657149112957,24.7113903870552));
#3072=CARTESIAN_POINT('Origin',(75.2243391787337,-2.83657149112957,25.7113903870552));
#3073=CARTESIAN_POINT('',(66.9243393207097,-2.83657149112957,24.7113903870552));
#3074=CARTESIAN_POINT('',(64.4222736260825,-2.83657149112957,24.7113903870552));
#3075=CARTESIAN_POINT('',(65.9243393207097,-2.83657149112957,25.7113903870552));
#3076=CARTESIAN_POINT('Origin',(66.9243393207097,-2.83657149112957,25.7113903870552));
#3077=CARTESIAN_POINT('',(65.9243393207097,-2.83657149112957,25.0613650156861));
#3078=CARTESIAN_POINT('Origin',(71.8942122818777,-30.5865714911296,26.9213903687331));
#3079=CARTESIAN_POINT('',(72.2512096201733,-30.3365714911296,28.3267561349786));
#3080=CARTESIAN_POINT('',(72.3743121495519,-30.8365714911296,28.8113650156861));
#3081=CARTESIAN_POINT('',(73.3442122944587,-30.3365714911296,26.9213903687331));
#3082=CARTESIAN_POINT('Origin',(71.8942122818777,-30.3365714911296,26.9213903687331));
#3083=CARTESIAN_POINT('',(73.3442122944587,-30.3365714911296,26.9213903687331));
#3084=CARTESIAN_POINT('Origin',(73.5942122944587,-30.5865714911296,24.1163776922096));
#3085=CARTESIAN_POINT('',(73.3442122944587,-30.3365714911296,26.2613903620901));
#3086=CARTESIAN_POINT('',(73.3442122944587,-30.3365714911296,26.2613903620901));
#3087=CARTESIAN_POINT('',(73.3442122944587,-30.3365714911296,24.1163776922096));
#3088=CARTESIAN_POINT('Origin',(66.3072101066666,-30.5865714911296,24.561390349509));
#3089=CARTESIAN_POINT('',(65.4542122170577,-30.3365714911296,24.8113903495091));
#3090=CARTESIAN_POINT('',(65.4542122170577,-30.3365714911296,24.8113903495091));
#3091=CARTESIAN_POINT('',(71.8942122818777,-30.3365714911296,24.8113903495083));
#3092=CARTESIAN_POINT('',(71.8942122818776,-30.8365714911296,24.3113903495083));
#3093=CARTESIAN_POINT('',(66.3072101066667,-30.3365714911296,24.811390349509));
#3094=CARTESIAN_POINT('Origin',(65.4542122170578,-30.5865714911296,26.2613903620901));
#3095=CARTESIAN_POINT('',(64.0042122044767,-30.3365714911296,26.2613903620901));
#3096=CARTESIAN_POINT('',(64.0042122044767,-30.3365714911296,26.2613903620901));
#3097=CARTESIAN_POINT('Origin',(65.4542122170578,-30.3365714911296,26.2613903620901));
#3098=CARTESIAN_POINT('Origin',(63.7542122044767,-30.5865714911296,23.7863776888881));
#3099=CARTESIAN_POINT('',(64.0042122044768,-30.3365714911296,26.9213903687331));
#3100=CARTESIAN_POINT('',(64.0042122044768,-30.3365714911296,26.9213903687331));
#3101=CARTESIAN_POINT('',(64.0042122044767,-30.3365714911296,23.7863776888881));
#3102=CARTESIAN_POINT('Origin',(65.4542122170578,-30.5865714911296,26.9213903687331));
#3103=CARTESIAN_POINT('',(65.0972148787622,-30.3365714911296,28.3267561349786));
#3104=CARTESIAN_POINT('',(65.0972148787622,-30.3365714911296,28.3267561349786));
#3105=CARTESIAN_POINT('Origin',(65.4542122170578,-30.3365714911296,26.9213903687331));
#3106=CARTESIAN_POINT('Origin',(71.8942122818777,-30.5865714911296,26.2613903620901));
#3107=CARTESIAN_POINT('Origin',(71.8942122818777,-30.3365714911296,26.2613903620901));
#3108=CARTESIAN_POINT('Ctrl Pts',(64.9741123493836,-30.8365714911296,28.8113650156861));
#3109=CARTESIAN_POINT('Ctrl Pts',(65.1308308286407,-30.8365714911296,28.8511753492664));
#3110=CARTESIAN_POINT('Ctrl Pts',(65.2925163779361,-30.8365714911296,28.8713903813169));
#3111=CARTESIAN_POINT('Ctrl Pts',(65.4542122170923,-30.8365714911296,28.8713903813141));
#3112=CARTESIAN_POINT('Ctrl Pts',(65.0151465258431,-30.6699048244629,28.6498287221169));
#3113=CARTESIAN_POINT('Ctrl Pts',(65.1584702633698,-30.6699048244629,28.6862364631054));
#3114=CARTESIAN_POINT('Ctrl Pts',(65.3063365350368,-30.6699048244629,28.70472371465));
#3115=CARTESIAN_POINT('Ctrl Pts',(65.4542122170894,-30.6699048244629,28.7047237146474));
#3116=CARTESIAN_POINT('Ctrl Pts',(65.0561807023027,-30.5032381577962,28.4882924285478));
#3117=CARTESIAN_POINT('Ctrl Pts',(65.1861096980989,-30.5032381577962,28.5212975769445));
#3118=CARTESIAN_POINT('Ctrl Pts',(65.3201566921375,-30.5032381577962,28.5380570479831));
#3119=CARTESIAN_POINT('Ctrl Pts',(65.4542122170864,-30.5032381577962,28.5380570479808));
#3120=CARTESIAN_POINT('Ctrl Pts',(65.0972148787622,-30.3365714911296,28.3267561349786));
#3121=CARTESIAN_POINT('Ctrl Pts',(65.2137491328281,-30.3365714911296,28.3563586907836));
#3122=CARTESIAN_POINT('Ctrl Pts',(65.3339768492383,-30.3365714911296,28.3713903813162));
#3123=CARTESIAN_POINT('Ctrl Pts',(65.4542122170835,-30.3365714911296,28.3713903813141));
#3124=CARTESIAN_POINT('',(65.4542122170577,-30.3365714911296,28.3713903813141));
#3125=CARTESIAN_POINT('Ctrl Pts',(65.0972148787622,-30.3365714911296,28.3267561349786));
#3126=CARTESIAN_POINT('Ctrl Pts',(65.2137491328281,-30.3365714911296,28.3563586907836));
#3127=CARTESIAN_POINT('Ctrl Pts',(65.3339768492383,-30.3365714911296,28.3713903813162));
#3128=CARTESIAN_POINT('Ctrl Pts',(65.4542122170835,-30.3365714911296,28.3713903813141));
#3129=CARTESIAN_POINT('',(65.4542122170577,-30.3365714911296,28.3713903813141));
#3130=CARTESIAN_POINT('Ctrl Pts',(71.8942122818777,-30.8365714911296,28.8713903813141));
#3131=CARTESIAN_POINT('Ctrl Pts',(72.0559081210224,-30.8365714911296,28.8713903813141));
#3132=CARTESIAN_POINT('Ctrl Pts',(72.2175936703059,-30.8365714911296,28.8511753492635));
#3133=CARTESIAN_POINT('Ctrl Pts',(72.3743121495519,-30.8365714911296,28.8113650156861));
#3134=CARTESIAN_POINT('Ctrl Pts',(71.8942122818777,-30.6699048244629,28.7047237146474));
#3135=CARTESIAN_POINT('Ctrl Pts',(72.0420879639197,-30.6699048244629,28.7047237146474));
#3136=CARTESIAN_POINT('Ctrl Pts',(72.1899542355758,-30.6699048244629,28.6862364631028));
#3137=CARTESIAN_POINT('Ctrl Pts',(72.3332779730923,-30.6699048244629,28.6498287221169));
#3138=CARTESIAN_POINT('Ctrl Pts',(71.8942122818777,-30.5032381577962,28.5380570479808));
#3139=CARTESIAN_POINT('Ctrl Pts',(72.028267806817,-30.5032381577962,28.5380570479808));
#3140=CARTESIAN_POINT('Ctrl Pts',(72.1623148008458,-30.5032381577962,28.5212975769422));
#3141=CARTESIAN_POINT('Ctrl Pts',(72.2922437966328,-30.5032381577962,28.4882924285477));
#3142=CARTESIAN_POINT('Ctrl Pts',(71.8942122818777,-30.3365714911296,28.3713903813141));
#3143=CARTESIAN_POINT('Ctrl Pts',(72.0144476497143,-30.3365714911296,28.3713903813141));
#3144=CARTESIAN_POINT('Ctrl Pts',(72.1346753661157,-30.3365714911296,28.3563586907815));
#3145=CARTESIAN_POINT('Ctrl Pts',(72.2512096201732,-30.3365714911296,28.3267561349786));
#3146=CARTESIAN_POINT('',(71.8942122818777,-30.3365714911296,28.3713903813141));
#3147=CARTESIAN_POINT('',(71.8942122818777,-30.8365714911296,28.8713903813141));
#3148=CARTESIAN_POINT('Ctrl Pts',(71.8942122818777,-30.3365714911296,28.3713903813141));
#3149=CARTESIAN_POINT('Ctrl Pts',(72.0144476497143,-30.3365714911296,28.3713903813141));
#3150=CARTESIAN_POINT('Ctrl Pts',(72.1346753661157,-30.3365714911296,28.3563586907815));
#3151=CARTESIAN_POINT('Ctrl Pts',(72.2512096201732,-30.3365714911296,28.3267561349786));
#3152=CARTESIAN_POINT('Origin',(63.0872100742565,-30.5865714911296,28.6213903813141));
#3153=CARTESIAN_POINT('',(63.0872100742565,-30.3365714911296,28.3713903813141));
#3154=CARTESIAN_POINT('Origin',(65.4542122170578,-30.8365714911296,26.9213903687331));
#3155=CARTESIAN_POINT('',(64.0042122044768,-28.8365714911296,26.9213903687331));
#3156=CARTESIAN_POINT('',(64.0042122044768,-30.8365714911296,26.9213903687331));
#3157=CARTESIAN_POINT('',(65.4542122170577,-28.8365714911296,28.3713903813141));
#3158=CARTESIAN_POINT('Origin',(65.4542122170578,-28.8365714911296,26.9213903687331));
#3159=CARTESIAN_POINT('',(65.4542122170577,-30.8365714911296,28.3713903813141));
#3160=CARTESIAN_POINT('Origin',(64.0042122044767,-30.8365714911296,26.2613903620901));
#3161=CARTESIAN_POINT('',(64.0042122044767,-28.8365714911296,26.2613903620901));
#3162=CARTESIAN_POINT('',(64.0042122044767,-30.8365714911296,26.2613903620901));
#3163=CARTESIAN_POINT('',(64.0042122044767,-28.8365714911296,23.7863776888883));
#3164=CARTESIAN_POINT('Origin',(65.4542122170578,-30.8365714911296,26.2613903620901));
#3165=CARTESIAN_POINT('',(65.4542122170577,-28.8365714911296,24.8113903495091));
#3166=CARTESIAN_POINT('',(65.4542122170577,-30.8365714911296,24.8113903495091));
#3167=CARTESIAN_POINT('Origin',(65.4542122170578,-28.8365714911296,26.2613903620901));
#3168=CARTESIAN_POINT('Origin',(71.8942122818777,-30.8365714911296,24.8113903495083));
#3169=CARTESIAN_POINT('',(71.8942122818777,-28.8365714911296,24.8113903495083));
#3170=CARTESIAN_POINT('',(71.8942122818777,-30.8365714911296,24.8113903495083));
#3171=CARTESIAN_POINT('',(81.3072101066667,-28.8365714911296,24.8113903495072));
#3172=CARTESIAN_POINT('Origin',(85.2612390259993,-30.5865714911296,25.0613650156861));
#3173=CARTESIAN_POINT('',(85.0112390259993,-30.3365714911296,25.6113903167933));
#3174=CARTESIAN_POINT('',(85.0112390259993,-30.3365714911296,25.0613650156861));
#3175=CARTESIAN_POINT('',(85.0112390259993,-30.3365714911296,25.6113903167933));
#3176=CARTESIAN_POINT('Origin',(84.0112390259993,-30.5865714911296,25.6113903167933));
#3177=CARTESIAN_POINT('',(84.0112390259993,-30.3365714911296,24.6113903167933));
#3178=CARTESIAN_POINT('Origin',(84.0112390259993,-30.3365714911296,25.6113903167933));
#3179=CARTESIAN_POINT('',(84.0112390259993,-30.3365714911296,24.6113903167933));
#3180=CARTESIAN_POINT('Origin',(72.6657234787273,-30.5865714911296,24.3613903167933));
#3181=CARTESIAN_POINT('',(76.9612393210424,-30.3365714911296,24.6113903167933));
#3182=CARTESIAN_POINT('',(76.9612393210424,-30.3365714911296,24.6113903167933));
#3183=CARTESIAN_POINT('',(72.6657234787273,-30.3365714911296,24.6113903167933));
#3184=CARTESIAN_POINT('Origin',(76.9612393210424,-30.5865714911296,25.6113903167933));
#3185=CARTESIAN_POINT('',(75.9612393210424,-30.3365714911296,25.6113903167933));
#3186=CARTESIAN_POINT('Origin',(76.9612393210424,-30.3365714911296,25.6113903167933));
#3187=CARTESIAN_POINT('',(75.9612393210424,-30.3365714911296,25.6113903167933));
#3188=CARTESIAN_POINT('Origin',(75.7112393210424,-30.5865714911296,23.1613776662397));
#3189=CARTESIAN_POINT('',(75.9612393210424,-30.3365714911296,23.1613776662397));
#3190=CARTESIAN_POINT('Origin',(76.9612393210424,-30.8365714911296,25.6113903167933));
#3191=CARTESIAN_POINT('',(76.9612393210424,-28.8365714911296,24.6113903167933));
#3192=CARTESIAN_POINT('',(76.9612393210424,-30.8365714911296,24.6113903167933));
#3193=CARTESIAN_POINT('',(75.9612393210424,-28.8365714911296,25.6113903167933));
#3194=CARTESIAN_POINT('Origin',(76.9612393210424,-28.8365714911296,25.6113903167933));
#3195=CARTESIAN_POINT('',(75.9612393210424,-30.8365714911296,25.6113903167933));
#3196=CARTESIAN_POINT('Origin',(84.6112390259993,-30.8365714911296,24.6113903167933));
#3197=CARTESIAN_POINT('',(84.0112390259993,-28.8365714911296,24.6113903167933));
#3198=CARTESIAN_POINT('',(84.0112390259993,-30.8365714911296,24.6113903167933));
#3199=CARTESIAN_POINT('',(87.6657234787273,-28.8365714911296,24.6113903167933));
#3200=CARTESIAN_POINT('Origin',(84.0112390259993,-30.8365714911296,25.6113903167933));
#3201=CARTESIAN_POINT('',(85.0112390259993,-28.8365714911296,25.6113903167933));
#3202=CARTESIAN_POINT('',(85.0112390259993,-30.8365714911296,25.6113903167933));
#3203=CARTESIAN_POINT('Origin',(84.0112390259993,-28.8365714911296,25.6113903167933));
#3204=CARTESIAN_POINT('Origin',(85.0112390259993,-30.8365714911296,28.8113650156861));
#3205=CARTESIAN_POINT('',(85.0112390259993,-28.8365714911296,25.0613650156861));
#3206=CARTESIAN_POINT('Origin',(65.6743393207097,-1.08657149112957,25.0613650156861));
#3207=CARTESIAN_POINT('',(65.9243393207097,-1.33657149112957,25.7113903870552));
#3208=CARTESIAN_POINT('',(65.9243393207097,-1.33657149112957,25.0613650156861));
#3209=CARTESIAN_POINT('',(65.9243393207097,-1.33657149112957,25.7113903870552));
#3210=CARTESIAN_POINT('Origin',(66.9243393207097,-1.08657149112957,25.7113903870552));
#3211=CARTESIAN_POINT('',(66.9243393207097,-1.33657149112957,24.7113903870552));
#3212=CARTESIAN_POINT('Origin',(66.9243393207097,-1.33657149112957,25.7113903870552));
#3213=CARTESIAN_POINT('',(66.9243393207097,-1.33657149112957,24.7113903870552));
#3214=CARTESIAN_POINT('Origin',(79.4222736260825,-1.08657149112957,24.4613903870552));
#3215=CARTESIAN_POINT('',(75.2243391787337,-1.33657149112957,24.7113903870552));
#3216=CARTESIAN_POINT('',(75.2243391787337,-1.33657149112957,24.7113903870552));
#3217=CARTESIAN_POINT('',(79.4222736260825,-1.33657149112957,24.7113903870552));
#3218=CARTESIAN_POINT('Origin',(75.2243391787337,-1.08657149112957,25.7113903870552));
#3219=CARTESIAN_POINT('',(76.2243391787337,-1.33657149112957,25.7113903870552));
#3220=CARTESIAN_POINT('Origin',(75.2243391787337,-1.33657149112957,25.7113903870552));
#3221=CARTESIAN_POINT('',(76.2243391787337,-1.33657149112957,25.7113903870552));
#3222=CARTESIAN_POINT('Origin',(76.4743391787337,-1.08657149112957,23.1113777013706));
#3223=CARTESIAN_POINT('',(76.2243391787337,-1.33657149112957,28.8113650156861));
#3224=CARTESIAN_POINT('',(72.8483063669141,-4.71260430294912,28.8113650156861));
#3225=CARTESIAN_POINT('',(76.2243391787337,-1.33657149112957,23.1113777013706));
#3226=CARTESIAN_POINT('Origin',(76.7202079314553,-15.8365714911296,28.8113650156861));
#3227=CARTESIAN_POINT('',(76.2243391787337,-8.33657149112957,28.8113650156861));
#3228=CARTESIAN_POINT('',(81.2442122446994,-1.33657149112957,28.8113650156861));
#3229=CARTESIAN_POINT('',(81.2442122446994,-8.33657149112957,28.8113650156861));
#3230=CARTESIAN_POINT('',(83.6132111663883,-3.70557041281849,28.8113650156861));
#3231=CARTESIAN_POINT('Origin',(76.2243391787337,-0.836571491129569,24.9113903870552));
#3232=CARTESIAN_POINT('',(76.2243391787337,-0.836571491129569,25.7113903870552));
#3233=CARTESIAN_POINT('Origin',(75.2243391787337,-0.836571491129569,25.7113903870552));
#3234=CARTESIAN_POINT('',(75.2243391787337,-0.836571491129569,24.7113903870552));
#3235=CARTESIAN_POINT('Origin',(66.1243393207097,-0.836571491129569,24.7113903870552));
#3236=CARTESIAN_POINT('',(66.9243393207097,-0.836571491129569,24.7113903870552));
#3237=CARTESIAN_POINT('Origin',(66.9243393207097,-0.836571491129569,25.7113903870552));
#3238=CARTESIAN_POINT('',(65.9243393207097,-0.836571491129569,25.7113903870552));
#3239=CARTESIAN_POINT('Origin',(65.9243393207097,-0.836571491129569,28.8113650156861));
#3240=CARTESIAN_POINT('Origin',(80.9942122446994,-1.08657149112957,25.0613650156861));
#3241=CARTESIAN_POINT('',(81.2442122446994,-1.33657149112957,25.06139032037));
#3242=CARTESIAN_POINT('',(81.2442122446994,-1.33657149112957,25.0613650156861));
#3243=CARTESIAN_POINT('',(81.2442122446994,-1.33657149112957,25.06139032037));
#3244=CARTESIAN_POINT('Origin',(81.4942122446994,-1.08657149112957,25.06139032037));
#3245=CARTESIAN_POINT('',(81.4942122446994,-1.33657149112957,24.8113903203696));
#3246=CARTESIAN_POINT('',(81.4942122446994,-1.33657149112957,24.8113903203696));
#3247=CARTESIAN_POINT('Origin',(81.4942122446994,-1.33657149112957,25.06139032037));
#3248=CARTESIAN_POINT('Origin',(87.1072100880772,-1.08657149112957,24.56139032037));
#3249=CARTESIAN_POINT('',(87.1442122446993,-1.33657149112957,24.81139032037));
#3250=CARTESIAN_POINT('',(87.1442122446993,-1.33657149112957,24.81139032037));
#3251=CARTESIAN_POINT('',(87.1072100880772,-1.33657149112957,24.81139032037));
#3252=CARTESIAN_POINT('Origin',(87.1442122446993,-1.08657149112957,25.06139032037));
#3253=CARTESIAN_POINT('',(87.3942122446993,-1.33657149112957,25.0613903203701));
#3254=CARTESIAN_POINT('',(87.3942122446993,-1.33657149112957,25.0613903203701));
#3255=CARTESIAN_POINT('Origin',(87.1442122446993,-1.33657149112957,25.06139032037));
#3256=CARTESIAN_POINT('Origin',(87.6442122446993,-1.08657149112957,23.1863776680281));
#3257=CARTESIAN_POINT('',(87.3942122446993,-1.33657149112957,23.1863776680281));
#3258=CARTESIAN_POINT('Origin',(87.3942122446993,-0.836571491129569,25.0613903203701));
#3259=CARTESIAN_POINT('',(87.3942122446993,-0.836571491129569,25.0613903203701));
#3260=CARTESIAN_POINT('Origin',(87.1442122446993,-0.836571491129569,25.06139032037));
#3261=CARTESIAN_POINT('',(87.1442122446993,-0.836571491129569,24.81139032037));
#3262=CARTESIAN_POINT('Origin',(81.4942122446994,-0.836571491129569,24.8113903203696));
#3263=CARTESIAN_POINT('',(81.4942122446994,-0.836571491129569,24.8113903203696));
#3264=CARTESIAN_POINT('Origin',(81.4942122446994,-0.836571491129569,25.06139032037));
#3265=CARTESIAN_POINT('',(81.2442122446994,-0.836571491129569,25.06139032037));
#3266=CARTESIAN_POINT('Origin',(81.2442122446994,-0.836571491129569,28.8113650156861));
#3267=CARTESIAN_POINT('Origin',(71.8942122818777,-30.8365714911296,26.2613903620901));
#3268=CARTESIAN_POINT('',(73.3442122944587,-28.8365714911296,26.2613903620901));
#3269=CARTESIAN_POINT('',(73.3442122944587,-30.8365714911296,26.2613903620901));
#3270=CARTESIAN_POINT('Origin',(71.8942122818777,-28.8365714911296,26.2613903620901));
#3271=CARTESIAN_POINT('Origin',(73.3442122944587,-30.8365714911296,26.9213903687331));
#3272=CARTESIAN_POINT('',(73.3442122944587,-28.8365714911296,26.9213903687331));
#3273=CARTESIAN_POINT('',(73.3442122944587,-30.8365714911296,26.9213903687331));
#3274=CARTESIAN_POINT('',(73.3442122944587,-28.8365714911296,24.1163776922096));
#3275=CARTESIAN_POINT('Origin',(71.8942122818777,-30.8365714911296,26.9213903687331));
#3276=CARTESIAN_POINT('',(71.8942122818777,-28.8365714911296,28.3713903813141));
#3277=CARTESIAN_POINT('',(71.8942122818777,-30.8365714911296,28.3713903813141));
#3278=CARTESIAN_POINT('Origin',(71.8942122818777,-28.8365714911296,26.9213903687331));
#3279=CARTESIAN_POINT('Origin',(65.4542122170577,-30.8365714911296,28.3713903813141));
#3280=CARTESIAN_POINT('',(78.0872100742565,-28.8365714911296,28.3713903813141));
#3281=CARTESIAN_POINT('Origin',(75.9612393210424,-30.8365714911296,25.0113903167933));
#3282=CARTESIAN_POINT('',(75.9612393210424,-28.8365714911296,23.1613776662397));
#3283=CARTESIAN_POINT('Origin',(90.7202079314552,-28.8365714911296,21.3113650156861));
#3284=CARTESIAN_POINT('',(90.7202079314553,-28.8365714911296,21.8113650156861));
#3285=CARTESIAN_POINT('',(90.7202079314553,-28.8365714911296,21.3113650156861));
#3286=CARTESIAN_POINT('',(83.7202079314552,-28.8365714911296,21.8113650156861));
#3287=CARTESIAN_POINT('Origin',(90.7202079314553,-2.83657149112957,21.3113650156861));
#3288=CARTESIAN_POINT('',(90.7202079314553,-9.33657149112957,21.8113650156861));
#3289=CARTESIAN_POINT('Origin',(76.7202079314553,-15.8365714911296,21.8113650156861));
#3290=UNCERTAINTY_MEASURE_WITH_UNIT(LENGTH_MEASURE(0.01),#3294,
'DISTANCE_ACCURACY_VALUE',
'Maximum model space distance between geometric entities at asserted c
onnectivities');
#3291=UNCERTAINTY_MEASURE_WITH_UNIT(LENGTH_MEASURE(0.01),#3294,
'DISTANCE_ACCURACY_VALUE',
'Maximum model space distance between geometric entities at asserted c
onnectivities');
#3292=(
GEOMETRIC_REPRESENTATION_CONTEXT(3)
GLOBAL_UNCERTAINTY_ASSIGNED_CONTEXT((#3290))
GLOBAL_UNIT_ASSIGNED_CONTEXT((#3294,#3296,#3297))
REPRESENTATION_CONTEXT('','3D')
);
#3293=(
GEOMETRIC_REPRESENTATION_CONTEXT(3)
GLOBAL_UNCERTAINTY_ASSIGNED_CONTEXT((#3291))
GLOBAL_UNIT_ASSIGNED_CONTEXT((#3294,#3296,#3297))
REPRESENTATION_CONTEXT('','3D')
);
#3294=(
LENGTH_UNIT()
NAMED_UNIT(*)
SI_UNIT(.MILLI.,.METRE.)
);
#3295=(
LENGTH_UNIT()
NAMED_UNIT(*)
SI_UNIT($,.METRE.)
);
#3296=(
NAMED_UNIT(*)
PLANE_ANGLE_UNIT()
SI_UNIT($,.RADIAN.)
);
#3297=(
NAMED_UNIT(*)
SI_UNIT($,.STERADIAN.)
SOLID_ANGLE_UNIT()
);
#3298=SHAPE_DEFINITION_REPRESENTATION(#3299,#3300);
#3299=PRODUCT_DEFINITION_SHAPE('',$,#3302);
#3300=SHAPE_REPRESENTATION('',(#1945),#3292);
#3301=PRODUCT_DEFINITION_CONTEXT('part definition',#3306,'design');
#3302=PRODUCT_DEFINITION('imu bottom','imu bottom',#3303,#3301);
#3303=PRODUCT_DEFINITION_FORMATION('',$,#3308);
#3304=PRODUCT_RELATED_PRODUCT_CATEGORY('imu bottom','imu bottom',(#3308));
#3305=APPLICATION_PROTOCOL_DEFINITION('international standard',
'automotive_design',2009,#3306);
#3306=APPLICATION_CONTEXT(
'Core Data for Automotive Mechanical Design Process');
#3307=PRODUCT_CONTEXT('part definition',#3306,'mechanical');
#3308=PRODUCT('imu bottom','imu bottom',$,(#3307));
#3309=PRESENTATION_STYLE_ASSIGNMENT((#3310));
#3310=SURFACE_STYLE_USAGE(.BOTH.,#3311);
#3311=SURFACE_SIDE_STYLE('',(#3312));
#3312=SURFACE_STYLE_FILL_AREA(#3313);
#3313=FILL_AREA_STYLE('\X2\94A2\X0\ - \X2\7F0E5149\X0\',(#3314));
#3314=FILL_AREA_STYLE_COLOUR('\X2\94A2\X0\ - \X2\7F0E5149\X0\',#3315);
#3315=COLOUR_RGB('\X2\94A2\X0\ - \X2\7F0E5149\X0\',0.627450980392157,0.627450980392157,
0.627450980392157);
ENDSEC;
END-ISO-10303-21;
