ISO-10303-21;
HEADER;
/* Generated by software containing ST-Developer
 * from STEP Tools, Inc. (www.steptools.com) 
 */

FILE_DESCRIPTION(
/* description */ (''),
/* implementation_level */ '2;1');

FILE_NAME(
/* name */ 'TOP.step',
/* time_stamp */ '2025-12-21T00:36:57+08:00',
/* author */ (''),
/* organization */ (''),
/* preprocessor_version */ 'ST-DEVELOPER v20.1',
/* originating_system */ 'Autodesk Translation Framework v14.21.0.0',
/* authorisation */ '');

FILE_SCHEMA (('AUTOMOTIVE_DESIGN { 1 0 10303 214 3 1 1 }'));
ENDSEC;

DATA;
#10=MECHANICAL_DESIGN_GEOMETRIC_PRESENTATION_REPRESENTATION('',(#13),#9445);
#11=SHAPE_REPRESENTATION_RELATIONSHIP('SRR','None',#9452,#12);
#12=ADVANCED_BREP_SHAPE_REPRESENTATION('',(#14),#9444);
#13=STYLED_ITEM('',(#9461),#14);
#14=MANIFOLD_SOLID_BREP('\X2\5B9E4F53\X0\1',#5969);
#15=FACE_BOUND('',#374,.T.);
#16=FACE_BOUND('',#378,.T.);
#17=FACE_BOUND('',#379,.T.);
#18=FACE_BOUND('',#406,.T.);
#19=FACE_BOUND('',#407,.T.);
#20=FACE_BOUND('',#408,.T.);
#21=FACE_BOUND('',#409,.T.);
#22=FACE_BOUND('',#410,.T.);
#23=FACE_BOUND('',#411,.T.);
#24=FACE_BOUND('',#412,.T.);
#25=FACE_BOUND('',#413,.T.);
#26=FACE_BOUND('',#414,.T.);
#27=FACE_BOUND('',#415,.T.);
#28=FACE_BOUND('',#416,.T.);
#29=FACE_BOUND('',#667,.T.);
#30=FACE_BOUND('',#668,.T.);
#31=FACE_BOUND('',#669,.T.);
#32=FACE_BOUND('',#670,.T.);
#33=FACE_BOUND('',#671,.T.);
#34=FACE_BOUND('',#672,.T.);
#35=FACE_BOUND('',#673,.T.);
#36=FACE_BOUND('',#674,.T.);
#37=FACE_BOUND('',#675,.T.);
#38=FACE_BOUND('',#676,.T.);
#39=FACE_BOUND('',#679,.T.);
#40=FACE_BOUND('',#684,.T.);
#41=FACE_BOUND('',#687,.T.);
#42=FACE_BOUND('',#689,.T.);
#43=CIRCLE('',#5988,1.25);
#44=CIRCLE('',#5989,1.25);
#45=CIRCLE('',#5990,1.25);
#46=CIRCLE('',#5992,1.25);
#47=CIRCLE('',#5993,1.25);
#48=CIRCLE('',#5994,1.25);
#49=CIRCLE('',#5995,1.25);
#50=CIRCLE('',#5996,1.25);
#51=CIRCLE('',#5999,1.25);
#52=CIRCLE('',#6000,1.25);
#53=CIRCLE('',#6002,1.25);
#54=CIRCLE('',#6003,1.25);
#55=CIRCLE('',#6004,5.50000000000001);
#56=CIRCLE('',#6007,1.25);
#57=CIRCLE('',#6010,1.25);
#58=CIRCLE('',#6012,5.50000000000001);
#59=CYLINDRICAL_SURFACE('',#5987,1.25);
#60=CYLINDRICAL_SURFACE('',#5998,1.25);
#61=CYLINDRICAL_SURFACE('',#6006,1.25);
#62=CYLINDRICAL_SURFACE('',#6009,1.25);
#63=CYLINDRICAL_SURFACE('',#6011,5.50000000000001);
#64=FACE_OUTER_BOUND('',#368,.T.);
#65=FACE_OUTER_BOUND('',#369,.T.);
#66=FACE_OUTER_BOUND('',#370,.T.);
#67=FACE_OUTER_BOUND('',#371,.T.);
#68=FACE_OUTER_BOUND('',#372,.T.);
#69=FACE_OUTER_BOUND('',#373,.T.);
#70=FACE_OUTER_BOUND('',#375,.T.);
#71=FACE_OUTER_BOUND('',#376,.T.);
#72=FACE_OUTER_BOUND('',#377,.T.);
#73=FACE_OUTER_BOUND('',#380,.T.);
#74=FACE_OUTER_BOUND('',#381,.T.);
#75=FACE_OUTER_BOUND('',#382,.T.);
#76=FACE_OUTER_BOUND('',#383,.T.);
#77=FACE_OUTER_BOUND('',#384,.T.);
#78=FACE_OUTER_BOUND('',#385,.T.);
#79=FACE_OUTER_BOUND('',#386,.T.);
#80=FACE_OUTER_BOUND('',#387,.T.);
#81=FACE_OUTER_BOUND('',#388,.T.);
#82=FACE_OUTER_BOUND('',#389,.T.);
#83=FACE_OUTER_BOUND('',#390,.T.);
#84=FACE_OUTER_BOUND('',#391,.T.);
#85=FACE_OUTER_BOUND('',#392,.T.);
#86=FACE_OUTER_BOUND('',#393,.T.);
#87=FACE_OUTER_BOUND('',#394,.T.);
#88=FACE_OUTER_BOUND('',#395,.T.);
#89=FACE_OUTER_BOUND('',#396,.T.);
#90=FACE_OUTER_BOUND('',#397,.T.);
#91=FACE_OUTER_BOUND('',#398,.T.);
#92=FACE_OUTER_BOUND('',#399,.T.);
#93=FACE_OUTER_BOUND('',#400,.T.);
#94=FACE_OUTER_BOUND('',#401,.T.);
#95=FACE_OUTER_BOUND('',#402,.T.);
#96=FACE_OUTER_BOUND('',#403,.T.);
#97=FACE_OUTER_BOUND('',#404,.T.);
#98=FACE_OUTER_BOUND('',#405,.T.);
#99=FACE_OUTER_BOUND('',#417,.T.);
#100=FACE_OUTER_BOUND('',#418,.T.);
#101=FACE_OUTER_BOUND('',#419,.T.);
#102=FACE_OUTER_BOUND('',#420,.T.);
#103=FACE_OUTER_BOUND('',#421,.T.);
#104=FACE_OUTER_BOUND('',#422,.T.);
#105=FACE_OUTER_BOUND('',#423,.T.);
#106=FACE_OUTER_BOUND('',#424,.T.);
#107=FACE_OUTER_BOUND('',#425,.T.);
#108=FACE_OUTER_BOUND('',#426,.T.);
#109=FACE_OUTER_BOUND('',#427,.T.);
#110=FACE_OUTER_BOUND('',#428,.T.);
#111=FACE_OUTER_BOUND('',#429,.T.);
#112=FACE_OUTER_BOUND('',#430,.T.);
#113=FACE_OUTER_BOUND('',#431,.T.);
#114=FACE_OUTER_BOUND('',#432,.T.);
#115=FACE_OUTER_BOUND('',#433,.T.);
#116=FACE_OUTER_BOUND('',#434,.T.);
#117=FACE_OUTER_BOUND('',#435,.T.);
#118=FACE_OUTER_BOUND('',#436,.T.);
#119=FACE_OUTER_BOUND('',#437,.T.);
#120=FACE_OUTER_BOUND('',#438,.T.);
#121=FACE_OUTER_BOUND('',#439,.T.);
#122=FACE_OUTER_BOUND('',#440,.T.);
#123=FACE_OUTER_BOUND('',#441,.T.);
#124=FACE_OUTER_BOUND('',#442,.T.);
#125=FACE_OUTER_BOUND('',#443,.T.);
#126=FACE_OUTER_BOUND('',#444,.T.);
#127=FACE_OUTER_BOUND('',#445,.T.);
#128=FACE_OUTER_BOUND('',#446,.T.);
#129=FACE_OUTER_BOUND('',#447,.T.);
#130=FACE_OUTER_BOUND('',#448,.T.);
#131=FACE_OUTER_BOUND('',#449,.T.);
#132=FACE_OUTER_BOUND('',#450,.T.);
#133=FACE_OUTER_BOUND('',#451,.T.);
#134=FACE_OUTER_BOUND('',#452,.T.);
#135=FACE_OUTER_BOUND('',#453,.T.);
#136=FACE_OUTER_BOUND('',#454,.T.);
#137=FACE_OUTER_BOUND('',#455,.T.);
#138=FACE_OUTER_BOUND('',#456,.T.);
#139=FACE_OUTER_BOUND('',#457,.T.);
#140=FACE_OUTER_BOUND('',#458,.T.);
#141=FACE_OUTER_BOUND('',#459,.T.);
#142=FACE_OUTER_BOUND('',#460,.T.);
#143=FACE_OUTER_BOUND('',#461,.T.);
#144=FACE_OUTER_BOUND('',#462,.T.);
#145=FACE_OUTER_BOUND('',#463,.T.);
#146=FACE_OUTER_BOUND('',#464,.T.);
#147=FACE_OUTER_BOUND('',#465,.T.);
#148=FACE_OUTER_BOUND('',#466,.T.);
#149=FACE_OUTER_BOUND('',#467,.T.);
#150=FACE_OUTER_BOUND('',#468,.T.);
#151=FACE_OUTER_BOUND('',#469,.T.);
#152=FACE_OUTER_BOUND('',#470,.T.);
#153=FACE_OUTER_BOUND('',#471,.T.);
#154=FACE_OUTER_BOUND('',#472,.T.);
#155=FACE_OUTER_BOUND('',#473,.T.);
#156=FACE_OUTER_BOUND('',#474,.T.);
#157=FACE_OUTER_BOUND('',#475,.T.);
#158=FACE_OUTER_BOUND('',#476,.T.);
#159=FACE_OUTER_BOUND('',#477,.T.);
#160=FACE_OUTER_BOUND('',#478,.T.);
#161=FACE_OUTER_BOUND('',#479,.T.);
#162=FACE_OUTER_BOUND('',#480,.T.);
#163=FACE_OUTER_BOUND('',#481,.T.);
#164=FACE_OUTER_BOUND('',#482,.T.);
#165=FACE_OUTER_BOUND('',#483,.T.);
#166=FACE_OUTER_BOUND('',#484,.T.);
#167=FACE_OUTER_BOUND('',#485,.T.);
#168=FACE_OUTER_BOUND('',#486,.T.);
#169=FACE_OUTER_BOUND('',#487,.T.);
#170=FACE_OUTER_BOUND('',#488,.T.);
#171=FACE_OUTER_BOUND('',#489,.T.);
#172=FACE_OUTER_BOUND('',#490,.T.);
#173=FACE_OUTER_BOUND('',#491,.T.);
#174=FACE_OUTER_BOUND('',#492,.T.);
#175=FACE_OUTER_BOUND('',#493,.T.);
#176=FACE_OUTER_BOUND('',#494,.T.);
#177=FACE_OUTER_BOUND('',#495,.T.);
#178=FACE_OUTER_BOUND('',#496,.T.);
#179=FACE_OUTER_BOUND('',#497,.T.);
#180=FACE_OUTER_BOUND('',#498,.T.);
#181=FACE_OUTER_BOUND('',#499,.T.);
#182=FACE_OUTER_BOUND('',#500,.T.);
#183=FACE_OUTER_BOUND('',#501,.T.);
#184=FACE_OUTER_BOUND('',#502,.T.);
#185=FACE_OUTER_BOUND('',#503,.T.);
#186=FACE_OUTER_BOUND('',#504,.T.);
#187=FACE_OUTER_BOUND('',#505,.T.);
#188=FACE_OUTER_BOUND('',#506,.T.);
#189=FACE_OUTER_BOUND('',#507,.T.);
#190=FACE_OUTER_BOUND('',#508,.T.);
#191=FACE_OUTER_BOUND('',#509,.T.);
#192=FACE_OUTER_BOUND('',#510,.T.);
#193=FACE_OUTER_BOUND('',#511,.T.);
#194=FACE_OUTER_BOUND('',#512,.T.);
#195=FACE_OUTER_BOUND('',#513,.T.);
#196=FACE_OUTER_BOUND('',#514,.T.);
#197=FACE_OUTER_BOUND('',#515,.T.);
#198=FACE_OUTER_BOUND('',#516,.T.);
#199=FACE_OUTER_BOUND('',#517,.T.);
#200=FACE_OUTER_BOUND('',#518,.T.);
#201=FACE_OUTER_BOUND('',#519,.T.);
#202=FACE_OUTER_BOUND('',#520,.T.);
#203=FACE_OUTER_BOUND('',#521,.T.);
#204=FACE_OUTER_BOUND('',#522,.T.);
#205=FACE_OUTER_BOUND('',#523,.T.);
#206=FACE_OUTER_BOUND('',#524,.T.);
#207=FACE_OUTER_BOUND('',#525,.T.);
#208=FACE_OUTER_BOUND('',#526,.T.);
#209=FACE_OUTER_BOUND('',#527,.T.);
#210=FACE_OUTER_BOUND('',#528,.T.);
#211=FACE_OUTER_BOUND('',#529,.T.);
#212=FACE_OUTER_BOUND('',#530,.T.);
#213=FACE_OUTER_BOUND('',#531,.T.);
#214=FACE_OUTER_BOUND('',#532,.T.);
#215=FACE_OUTER_BOUND('',#533,.T.);
#216=FACE_OUTER_BOUND('',#534,.T.);
#217=FACE_OUTER_BOUND('',#535,.T.);
#218=FACE_OUTER_BOUND('',#536,.T.);
#219=FACE_OUTER_BOUND('',#537,.T.);
#220=FACE_OUTER_BOUND('',#538,.T.);
#221=FACE_OUTER_BOUND('',#539,.T.);
#222=FACE_OUTER_BOUND('',#540,.T.);
#223=FACE_OUTER_BOUND('',#541,.T.);
#224=FACE_OUTER_BOUND('',#542,.T.);
#225=FACE_OUTER_BOUND('',#543,.T.);
#226=FACE_OUTER_BOUND('',#544,.T.);
#227=FACE_OUTER_BOUND('',#545,.T.);
#228=FACE_OUTER_BOUND('',#546,.T.);
#229=FACE_OUTER_BOUND('',#547,.T.);
#230=FACE_OUTER_BOUND('',#548,.T.);
#231=FACE_OUTER_BOUND('',#549,.T.);
#232=FACE_OUTER_BOUND('',#550,.T.);
#233=FACE_OUTER_BOUND('',#551,.T.);
#234=FACE_OUTER_BOUND('',#552,.T.);
#235=FACE_OUTER_BOUND('',#553,.T.);
#236=FACE_OUTER_BOUND('',#554,.T.);
#237=FACE_OUTER_BOUND('',#555,.T.);
#238=FACE_OUTER_BOUND('',#556,.T.);
#239=FACE_OUTER_BOUND('',#557,.T.);
#240=FACE_OUTER_BOUND('',#558,.T.);
#241=FACE_OUTER_BOUND('',#559,.T.);
#242=FACE_OUTER_BOUND('',#560,.T.);
#243=FACE_OUTER_BOUND('',#561,.T.);
#244=FACE_OUTER_BOUND('',#562,.T.);
#245=FACE_OUTER_BOUND('',#563,.T.);
#246=FACE_OUTER_BOUND('',#564,.T.);
#247=FACE_OUTER_BOUND('',#565,.T.);
#248=FACE_OUTER_BOUND('',#566,.T.);
#249=FACE_OUTER_BOUND('',#567,.T.);
#250=FACE_OUTER_BOUND('',#568,.T.);
#251=FACE_OUTER_BOUND('',#569,.T.);
#252=FACE_OUTER_BOUND('',#570,.T.);
#253=FACE_OUTER_BOUND('',#571,.T.);
#254=FACE_OUTER_BOUND('',#572,.T.);
#255=FACE_OUTER_BOUND('',#573,.T.);
#256=FACE_OUTER_BOUND('',#574,.T.);
#257=FACE_OUTER_BOUND('',#575,.T.);
#258=FACE_OUTER_BOUND('',#576,.T.);
#259=FACE_OUTER_BOUND('',#577,.T.);
#260=FACE_OUTER_BOUND('',#578,.T.);
#261=FACE_OUTER_BOUND('',#579,.T.);
#262=FACE_OUTER_BOUND('',#580,.T.);
#263=FACE_OUTER_BOUND('',#581,.T.);
#264=FACE_OUTER_BOUND('',#582,.T.);
#265=FACE_OUTER_BOUND('',#583,.T.);
#266=FACE_OUTER_BOUND('',#584,.T.);
#267=FACE_OUTER_BOUND('',#585,.T.);
#268=FACE_OUTER_BOUND('',#586,.T.);
#269=FACE_OUTER_BOUND('',#587,.T.);
#270=FACE_OUTER_BOUND('',#588,.T.);
#271=FACE_OUTER_BOUND('',#589,.T.);
#272=FACE_OUTER_BOUND('',#590,.T.);
#273=FACE_OUTER_BOUND('',#591,.T.);
#274=FACE_OUTER_BOUND('',#592,.T.);
#275=FACE_OUTER_BOUND('',#593,.T.);
#276=FACE_OUTER_BOUND('',#594,.T.);
#277=FACE_OUTER_BOUND('',#595,.T.);
#278=FACE_OUTER_BOUND('',#596,.T.);
#279=FACE_OUTER_BOUND('',#597,.T.);
#280=FACE_OUTER_BOUND('',#598,.T.);
#281=FACE_OUTER_BOUND('',#599,.T.);
#282=FACE_OUTER_BOUND('',#600,.T.);
#283=FACE_OUTER_BOUND('',#601,.T.);
#284=FACE_OUTER_BOUND('',#602,.T.);
#285=FACE_OUTER_BOUND('',#603,.T.);
#286=FACE_OUTER_BOUND('',#604,.T.);
#287=FACE_OUTER_BOUND('',#605,.T.);
#288=FACE_OUTER_BOUND('',#606,.T.);
#289=FACE_OUTER_BOUND('',#607,.T.);
#290=FACE_OUTER_BOUND('',#608,.T.);
#291=FACE_OUTER_BOUND('',#609,.T.);
#292=FACE_OUTER_BOUND('',#610,.T.);
#293=FACE_OUTER_BOUND('',#611,.T.);
#294=FACE_OUTER_BOUND('',#612,.T.);
#295=FACE_OUTER_BOUND('',#613,.T.);
#296=FACE_OUTER_BOUND('',#614,.T.);
#297=FACE_OUTER_BOUND('',#615,.T.);
#298=FACE_OUTER_BOUND('',#616,.T.);
#299=FACE_OUTER_BOUND('',#617,.T.);
#300=FACE_OUTER_BOUND('',#618,.T.);
#301=FACE_OUTER_BOUND('',#619,.T.);
#302=FACE_OUTER_BOUND('',#620,.T.);
#303=FACE_OUTER_BOUND('',#621,.T.);
#304=FACE_OUTER_BOUND('',#622,.T.);
#305=FACE_OUTER_BOUND('',#623,.T.);
#306=FACE_OUTER_BOUND('',#624,.T.);
#307=FACE_OUTER_BOUND('',#625,.T.);
#308=FACE_OUTER_BOUND('',#626,.T.);
#309=FACE_OUTER_BOUND('',#627,.T.);
#310=FACE_OUTER_BOUND('',#628,.T.);
#311=FACE_OUTER_BOUND('',#629,.T.);
#312=FACE_OUTER_BOUND('',#630,.T.);
#313=FACE_OUTER_BOUND('',#631,.T.);
#314=FACE_OUTER_BOUND('',#632,.T.);
#315=FACE_OUTER_BOUND('',#633,.T.);
#316=FACE_OUTER_BOUND('',#634,.T.);
#317=FACE_OUTER_BOUND('',#635,.T.);
#318=FACE_OUTER_BOUND('',#636,.T.);
#319=FACE_OUTER_BOUND('',#637,.T.);
#320=FACE_OUTER_BOUND('',#638,.T.);
#321=FACE_OUTER_BOUND('',#639,.T.);
#322=FACE_OUTER_BOUND('',#640,.T.);
#323=FACE_OUTER_BOUND('',#641,.T.);
#324=FACE_OUTER_BOUND('',#642,.T.);
#325=FACE_OUTER_BOUND('',#643,.T.);
#326=FACE_OUTER_BOUND('',#644,.T.);
#327=FACE_OUTER_BOUND('',#645,.T.);
#328=FACE_OUTER_BOUND('',#646,.T.);
#329=FACE_OUTER_BOUND('',#647,.T.);
#330=FACE_OUTER_BOUND('',#648,.T.);
#331=FACE_OUTER_BOUND('',#649,.T.);
#332=FACE_OUTER_BOUND('',#650,.T.);
#333=FACE_OUTER_BOUND('',#651,.T.);
#334=FACE_OUTER_BOUND('',#652,.T.);
#335=FACE_OUTER_BOUND('',#653,.T.);
#336=FACE_OUTER_BOUND('',#654,.T.);
#337=FACE_OUTER_BOUND('',#655,.T.);
#338=FACE_OUTER_BOUND('',#656,.T.);
#339=FACE_OUTER_BOUND('',#657,.T.);
#340=FACE_OUTER_BOUND('',#658,.T.);
#341=FACE_OUTER_BOUND('',#659,.T.);
#342=FACE_OUTER_BOUND('',#660,.T.);
#343=FACE_OUTER_BOUND('',#661,.T.);
#344=FACE_OUTER_BOUND('',#662,.T.);
#345=FACE_OUTER_BOUND('',#663,.T.);
#346=FACE_OUTER_BOUND('',#664,.T.);
#347=FACE_OUTER_BOUND('',#665,.T.);
#348=FACE_OUTER_BOUND('',#666,.T.);
#349=FACE_OUTER_BOUND('',#677,.T.);
#350=FACE_OUTER_BOUND('',#678,.T.);
#351=FACE_OUTER_BOUND('',#680,.T.);
#352=FACE_OUTER_BOUND('',#681,.T.);
#353=FACE_OUTER_BOUND('',#682,.T.);
#354=FACE_OUTER_BOUND('',#683,.T.);
#355=FACE_OUTER_BOUND('',#685,.T.);
#356=FACE_OUTER_BOUND('',#686,.T.);
#357=FACE_OUTER_BOUND('',#688,.T.);
#358=FACE_OUTER_BOUND('',#690,.T.);
#359=FACE_OUTER_BOUND('',#691,.T.);
#360=FACE_OUTER_BOUND('',#692,.T.);
#361=FACE_OUTER_BOUND('',#693,.T.);
#362=FACE_OUTER_BOUND('',#694,.T.);
#363=FACE_OUTER_BOUND('',#695,.T.);
#364=FACE_OUTER_BOUND('',#696,.T.);
#365=FACE_OUTER_BOUND('',#697,.T.);
#366=FACE_OUTER_BOUND('',#698,.T.);
#367=FACE_OUTER_BOUND('',#699,.T.);
#368=EDGE_LOOP('',(#3706,#3707,#3708,#3709,#3710,#3711));
#369=EDGE_LOOP('',(#3712,#3713,#3714,#3715));
#370=EDGE_LOOP('',(#3716,#3717,#3718,#3719));
#371=EDGE_LOOP('',(#3720,#3721,#3722,#3723));
#372=EDGE_LOOP('',(#3724,#3725,#3726,#3727,#3728,#3729,#3730));
#373=EDGE_LOOP('',(#3731,#3732,#3733,#3734,#3735,#3736,#3737,#3738,#3739,
#3740,#3741,#3742));
#374=EDGE_LOOP('',(#3743,#3744,#3745,#3746,#3747,#3748,#3749,#3750,#3751,
#3752));
#375=EDGE_LOOP('',(#3753,#3754,#3755,#3756));
#376=EDGE_LOOP('',(#3757,#3758,#3759,#3760,#3761,#3762,#3763));
#377=EDGE_LOOP('',(#3764,#3765,#3766,#3767,#3768,#3769,#3770,#3771));
#378=EDGE_LOOP('',(#3772,#3773,#3774,#3775,#3776,#3777));
#379=EDGE_LOOP('',(#3778));
#380=EDGE_LOOP('',(#3779,#3780,#3781,#3782));
#381=EDGE_LOOP('',(#3783,#3784,#3785,#3786,#3787,#3788,#3789,#3790));
#382=EDGE_LOOP('',(#3791,#3792,#3793,#3794));
#383=EDGE_LOOP('',(#3795,#3796,#3797,#3798,#3799,#3800,#3801,#3802));
#384=EDGE_LOOP('',(#3803,#3804,#3805,#3806));
#385=EDGE_LOOP('',(#3807));
#386=EDGE_LOOP('',(#3808,#3809,#3810,#3811,#3812));
#387=EDGE_LOOP('',(#3813,#3814,#3815,#3816,#3817,#3818));
#388=EDGE_LOOP('',(#3819,#3820,#3821,#3822));
#389=EDGE_LOOP('',(#3823,#3824,#3825,#3826));
#390=EDGE_LOOP('',(#3827,#3828,#3829,#3830));
#391=EDGE_LOOP('',(#3831,#3832,#3833,#3834));
#392=EDGE_LOOP('',(#3835,#3836,#3837,#3838));
#393=EDGE_LOOP('',(#3839,#3840,#3841,#3842,#3843));
#394=EDGE_LOOP('',(#3844,#3845,#3846,#3847));
#395=EDGE_LOOP('',(#3848,#3849,#3850,#3851));
#396=EDGE_LOOP('',(#3852,#3853,#3854,#3855));
#397=EDGE_LOOP('',(#3856,#3857,#3858,#3859));
#398=EDGE_LOOP('',(#3860,#3861,#3862,#3863));
#399=EDGE_LOOP('',(#3864,#3865,#3866,#3867));
#400=EDGE_LOOP('',(#3868,#3869,#3870,#3871));
#401=EDGE_LOOP('',(#3872,#3873,#3874,#3875));
#402=EDGE_LOOP('',(#3876,#3877,#3878,#3879));
#403=EDGE_LOOP('',(#3880,#3881,#3882,#3883));
#404=EDGE_LOOP('',(#3884,#3885,#3886,#3887));
#405=EDGE_LOOP('',(#3888,#3889,#3890,#3891,#3892,#3893,#3894,#3895,#3896,
#3897,#3898,#3899));
#406=EDGE_LOOP('',(#3900));
#407=EDGE_LOOP('',(#3901));
#408=EDGE_LOOP('',(#3902));
#409=EDGE_LOOP('',(#3903));
#410=EDGE_LOOP('',(#3904,#3905,#3906,#3907,#3908,#3909,#3910,#3911,#3912,
#3913,#3914,#3915));
#411=EDGE_LOOP('',(#3916,#3917,#3918,#3919,#3920,#3921,#3922,#3923,#3924,
#3925,#3926,#3927,#3928,#3929,#3930,#3931,#3932,#3933,#3934,#3935,#3936,
#3937,#3938,#3939,#3940,#3941,#3942,#3943,#3944,#3945,#3946,#3947,#3948,
#3949,#3950,#3951,#3952,#3953,#3954,#3955,#3956,#3957));
#412=EDGE_LOOP('',(#3958,#3959,#3960,#3961,#3962,#3963,#3964,#3965));
#413=EDGE_LOOP('',(#3966,#3967,#3968,#3969,#3970,#3971,#3972,#3973));
#414=EDGE_LOOP('',(#3974,#3975,#3976,#3977,#3978,#3979,#3980,#3981));
#415=EDGE_LOOP('',(#3982,#3983,#3984,#3985,#3986,#3987,#3988,#3989));
#416=EDGE_LOOP('',(#3990,#3991,#3992,#3993,#3994,#3995,#3996,#3997,#3998,
#3999,#4000,#4001,#4002,#4003,#4004,#4005,#4006,#4007,#4008,#4009,#4010,
#4011,#4012,#4013,#4014,#4015,#4016,#4017,#4018,#4019,#4020,#4021,#4022,
#4023,#4024,#4025,#4026,#4027,#4028,#4029,#4030,#4031));
#417=EDGE_LOOP('',(#4032,#4033,#4034,#4035));
#418=EDGE_LOOP('',(#4036,#4037,#4038,#4039));
#419=EDGE_LOOP('',(#4040,#4041,#4042,#4043));
#420=EDGE_LOOP('',(#4044,#4045,#4046,#4047));
#421=EDGE_LOOP('',(#4048,#4049,#4050,#4051));
#422=EDGE_LOOP('',(#4052,#4053,#4054,#4055));
#423=EDGE_LOOP('',(#4056,#4057,#4058,#4059));
#424=EDGE_LOOP('',(#4060,#4061,#4062,#4063));
#425=EDGE_LOOP('',(#4064,#4065,#4066,#4067));
#426=EDGE_LOOP('',(#4068,#4069,#4070,#4071));
#427=EDGE_LOOP('',(#4072,#4073,#4074,#4075));
#428=EDGE_LOOP('',(#4076,#4077,#4078,#4079));
#429=EDGE_LOOP('',(#4080,#4081,#4082,#4083));
#430=EDGE_LOOP('',(#4084,#4085,#4086,#4087));
#431=EDGE_LOOP('',(#4088,#4089,#4090,#4091));
#432=EDGE_LOOP('',(#4092,#4093,#4094,#4095));
#433=EDGE_LOOP('',(#4096,#4097,#4098,#4099));
#434=EDGE_LOOP('',(#4100,#4101,#4102,#4103));
#435=EDGE_LOOP('',(#4104,#4105,#4106,#4107));
#436=EDGE_LOOP('',(#4108,#4109,#4110,#4111));
#437=EDGE_LOOP('',(#4112,#4113,#4114,#4115));
#438=EDGE_LOOP('',(#4116,#4117,#4118,#4119));
#439=EDGE_LOOP('',(#4120,#4121,#4122,#4123));
#440=EDGE_LOOP('',(#4124,#4125,#4126,#4127));
#441=EDGE_LOOP('',(#4128,#4129,#4130,#4131));
#442=EDGE_LOOP('',(#4132,#4133,#4134,#4135,#4136,#4137,#4138,#4139));
#443=EDGE_LOOP('',(#4140,#4141,#4142,#4143,#4144));
#444=EDGE_LOOP('',(#4145,#4146,#4147,#4148));
#445=EDGE_LOOP('',(#4149,#4150,#4151,#4152));
#446=EDGE_LOOP('',(#4153,#4154,#4155,#4156));
#447=EDGE_LOOP('',(#4157,#4158,#4159,#4160));
#448=EDGE_LOOP('',(#4161,#4162,#4163,#4164));
#449=EDGE_LOOP('',(#4165,#4166,#4167,#4168));
#450=EDGE_LOOP('',(#4169,#4170,#4171,#4172));
#451=EDGE_LOOP('',(#4173,#4174,#4175,#4176));
#452=EDGE_LOOP('',(#4177,#4178,#4179,#4180));
#453=EDGE_LOOP('',(#4181,#4182,#4183,#4184,#4185));
#454=EDGE_LOOP('',(#4186,#4187,#4188,#4189,#4190,#4191,#4192,#4193,#4194,
#4195,#4196,#4197));
#455=EDGE_LOOP('',(#4198,#4199,#4200,#4201));
#456=EDGE_LOOP('',(#4202,#4203,#4204,#4205));
#457=EDGE_LOOP('',(#4206,#4207,#4208,#4209));
#458=EDGE_LOOP('',(#4210,#4211,#4212,#4213));
#459=EDGE_LOOP('',(#4214,#4215,#4216,#4217));
#460=EDGE_LOOP('',(#4218,#4219,#4220,#4221));
#461=EDGE_LOOP('',(#4222,#4223,#4224,#4225));
#462=EDGE_LOOP('',(#4226,#4227,#4228,#4229));
#463=EDGE_LOOP('',(#4230,#4231,#4232,#4233,#4234,#4235,#4236,#4237));
#464=EDGE_LOOP('',(#4238,#4239,#4240,#4241));
#465=EDGE_LOOP('',(#4242,#4243,#4244,#4245));
#466=EDGE_LOOP('',(#4246,#4247,#4248,#4249));
#467=EDGE_LOOP('',(#4250,#4251,#4252,#4253));
#468=EDGE_LOOP('',(#4254,#4255,#4256,#4257));
#469=EDGE_LOOP('',(#4258,#4259,#4260,#4261));
#470=EDGE_LOOP('',(#4262,#4263,#4264,#4265));
#471=EDGE_LOOP('',(#4266,#4267,#4268,#4269));
#472=EDGE_LOOP('',(#4270,#4271,#4272,#4273));
#473=EDGE_LOOP('',(#4274,#4275,#4276,#4277));
#474=EDGE_LOOP('',(#4278,#4279,#4280,#4281));
#475=EDGE_LOOP('',(#4282,#4283,#4284,#4285));
#476=EDGE_LOOP('',(#4286,#4287,#4288,#4289));
#477=EDGE_LOOP('',(#4290,#4291,#4292,#4293));
#478=EDGE_LOOP('',(#4294,#4295,#4296,#4297));
#479=EDGE_LOOP('',(#4298,#4299,#4300,#4301));
#480=EDGE_LOOP('',(#4302,#4303,#4304,#4305));
#481=EDGE_LOOP('',(#4306,#4307,#4308,#4309));
#482=EDGE_LOOP('',(#4310,#4311,#4312,#4313,#4314,#4315,#4316,#4317));
#483=EDGE_LOOP('',(#4318,#4319,#4320,#4321));
#484=EDGE_LOOP('',(#4322,#4323,#4324,#4325));
#485=EDGE_LOOP('',(#4326,#4327,#4328,#4329));
#486=EDGE_LOOP('',(#4330,#4331,#4332,#4333));
#487=EDGE_LOOP('',(#4334,#4335,#4336,#4337));
#488=EDGE_LOOP('',(#4338,#4339,#4340,#4341));
#489=EDGE_LOOP('',(#4342,#4343,#4344,#4345));
#490=EDGE_LOOP('',(#4346,#4347,#4348,#4349));
#491=EDGE_LOOP('',(#4350,#4351,#4352,#4353));
#492=EDGE_LOOP('',(#4354,#4355,#4356,#4357));
#493=EDGE_LOOP('',(#4358,#4359,#4360,#4361));
#494=EDGE_LOOP('',(#4362,#4363,#4364,#4365));
#495=EDGE_LOOP('',(#4366,#4367,#4368,#4369));
#496=EDGE_LOOP('',(#4370,#4371,#4372,#4373));
#497=EDGE_LOOP('',(#4374,#4375,#4376,#4377));
#498=EDGE_LOOP('',(#4378,#4379,#4380,#4381));
#499=EDGE_LOOP('',(#4382,#4383,#4384,#4385));
#500=EDGE_LOOP('',(#4386,#4387,#4388,#4389));
#501=EDGE_LOOP('',(#4390,#4391,#4392,#4393));
#502=EDGE_LOOP('',(#4394,#4395,#4396,#4397));
#503=EDGE_LOOP('',(#4398,#4399,#4400,#4401));
#504=EDGE_LOOP('',(#4402,#4403,#4404,#4405));
#505=EDGE_LOOP('',(#4406,#4407,#4408,#4409));
#506=EDGE_LOOP('',(#4410,#4411,#4412,#4413));
#507=EDGE_LOOP('',(#4414,#4415,#4416,#4417));
#508=EDGE_LOOP('',(#4418,#4419,#4420,#4421));
#509=EDGE_LOOP('',(#4422,#4423,#4424,#4425));
#510=EDGE_LOOP('',(#4426,#4427,#4428,#4429));
#511=EDGE_LOOP('',(#4430,#4431,#4432,#4433));
#512=EDGE_LOOP('',(#4434,#4435,#4436,#4437));
#513=EDGE_LOOP('',(#4438,#4439,#4440,#4441));
#514=EDGE_LOOP('',(#4442,#4443,#4444,#4445));
#515=EDGE_LOOP('',(#4446,#4447,#4448,#4449));
#516=EDGE_LOOP('',(#4450,#4451,#4452,#4453));
#517=EDGE_LOOP('',(#4454,#4455,#4456,#4457,#4458));
#518=EDGE_LOOP('',(#4459,#4460,#4461,#4462,#4463));
#519=EDGE_LOOP('',(#4464,#4465,#4466,#4467));
#520=EDGE_LOOP('',(#4468,#4469,#4470,#4471,#4472,#4473,#4474,#4475,#4476,
#4477,#4478,#4479,#4480,#4481,#4482,#4483,#4484,#4485,#4486,#4487,#4488,
#4489,#4490,#4491,#4492,#4493,#4494,#4495,#4496,#4497,#4498,#4499,#4500,
#4501,#4502,#4503,#4504,#4505,#4506,#4507,#4508,#4509));
#521=EDGE_LOOP('',(#4510,#4511,#4512,#4513));
#522=EDGE_LOOP('',(#4514,#4515,#4516,#4517));
#523=EDGE_LOOP('',(#4518,#4519,#4520,#4521));
#524=EDGE_LOOP('',(#4522,#4523,#4524,#4525));
#525=EDGE_LOOP('',(#4526,#4527,#4528,#4529));
#526=EDGE_LOOP('',(#4530,#4531,#4532,#4533));
#527=EDGE_LOOP('',(#4534,#4535,#4536,#4537));
#528=EDGE_LOOP('',(#4538,#4539,#4540,#4541));
#529=EDGE_LOOP('',(#4542,#4543,#4544,#4545,#4546,#4547,#4548,#4549));
#530=EDGE_LOOP('',(#4550,#4551,#4552,#4553));
#531=EDGE_LOOP('',(#4554,#4555,#4556,#4557));
#532=EDGE_LOOP('',(#4558,#4559,#4560,#4561));
#533=EDGE_LOOP('',(#4562,#4563,#4564,#4565));
#534=EDGE_LOOP('',(#4566,#4567,#4568,#4569));
#535=EDGE_LOOP('',(#4570,#4571,#4572,#4573));
#536=EDGE_LOOP('',(#4574,#4575,#4576,#4577));
#537=EDGE_LOOP('',(#4578,#4579,#4580,#4581));
#538=EDGE_LOOP('',(#4582,#4583,#4584,#4585));
#539=EDGE_LOOP('',(#4586,#4587,#4588,#4589));
#540=EDGE_LOOP('',(#4590,#4591,#4592,#4593));
#541=EDGE_LOOP('',(#4594,#4595,#4596,#4597));
#542=EDGE_LOOP('',(#4598,#4599,#4600,#4601));
#543=EDGE_LOOP('',(#4602,#4603,#4604,#4605));
#544=EDGE_LOOP('',(#4606,#4607,#4608,#4609));
#545=EDGE_LOOP('',(#4610,#4611,#4612,#4613));
#546=EDGE_LOOP('',(#4614,#4615,#4616,#4617));
#547=EDGE_LOOP('',(#4618,#4619,#4620,#4621));
#548=EDGE_LOOP('',(#4622,#4623,#4624,#4625));
#549=EDGE_LOOP('',(#4626,#4627,#4628,#4629));
#550=EDGE_LOOP('',(#4630,#4631,#4632,#4633));
#551=EDGE_LOOP('',(#4634,#4635,#4636,#4637));
#552=EDGE_LOOP('',(#4638,#4639,#4640,#4641));
#553=EDGE_LOOP('',(#4642,#4643,#4644,#4645));
#554=EDGE_LOOP('',(#4646,#4647,#4648,#4649));
#555=EDGE_LOOP('',(#4650,#4651,#4652,#4653));
#556=EDGE_LOOP('',(#4654,#4655,#4656,#4657));
#557=EDGE_LOOP('',(#4658,#4659,#4660,#4661));
#558=EDGE_LOOP('',(#4662,#4663,#4664,#4665));
#559=EDGE_LOOP('',(#4666,#4667,#4668,#4669));
#560=EDGE_LOOP('',(#4670,#4671,#4672,#4673));
#561=EDGE_LOOP('',(#4674,#4675,#4676,#4677));
#562=EDGE_LOOP('',(#4678,#4679,#4680,#4681));
#563=EDGE_LOOP('',(#4682,#4683,#4684,#4685));
#564=EDGE_LOOP('',(#4686,#4687,#4688,#4689));
#565=EDGE_LOOP('',(#4690,#4691,#4692,#4693));
#566=EDGE_LOOP('',(#4694,#4695,#4696,#4697));
#567=EDGE_LOOP('',(#4698,#4699,#4700,#4701));
#568=EDGE_LOOP('',(#4702,#4703,#4704,#4705));
#569=EDGE_LOOP('',(#4706,#4707,#4708,#4709));
#570=EDGE_LOOP('',(#4710,#4711,#4712,#4713));
#571=EDGE_LOOP('',(#4714,#4715,#4716,#4717));
#572=EDGE_LOOP('',(#4718,#4719,#4720,#4721));
#573=EDGE_LOOP('',(#4722,#4723,#4724,#4725));
#574=EDGE_LOOP('',(#4726,#4727,#4728,#4729));
#575=EDGE_LOOP('',(#4730,#4731,#4732,#4733));
#576=EDGE_LOOP('',(#4734,#4735,#4736,#4737));
#577=EDGE_LOOP('',(#4738,#4739,#4740,#4741));
#578=EDGE_LOOP('',(#4742,#4743,#4744,#4745));
#579=EDGE_LOOP('',(#4746,#4747,#4748,#4749));
#580=EDGE_LOOP('',(#4750,#4751,#4752,#4753));
#581=EDGE_LOOP('',(#4754,#4755,#4756,#4757));
#582=EDGE_LOOP('',(#4758,#4759,#4760,#4761));
#583=EDGE_LOOP('',(#4762,#4763,#4764,#4765));
#584=EDGE_LOOP('',(#4766,#4767,#4768,#4769));
#585=EDGE_LOOP('',(#4770,#4771,#4772,#4773));
#586=EDGE_LOOP('',(#4774,#4775,#4776,#4777));
#587=EDGE_LOOP('',(#4778,#4779,#4780,#4781));
#588=EDGE_LOOP('',(#4782,#4783,#4784,#4785));
#589=EDGE_LOOP('',(#4786,#4787,#4788,#4789));
#590=EDGE_LOOP('',(#4790,#4791,#4792,#4793));
#591=EDGE_LOOP('',(#4794,#4795,#4796,#4797));
#592=EDGE_LOOP('',(#4798,#4799,#4800,#4801));
#593=EDGE_LOOP('',(#4802,#4803,#4804,#4805));
#594=EDGE_LOOP('',(#4806,#4807,#4808,#4809));
#595=EDGE_LOOP('',(#4810,#4811,#4812,#4813));
#596=EDGE_LOOP('',(#4814,#4815,#4816,#4817));
#597=EDGE_LOOP('',(#4818,#4819,#4820,#4821));
#598=EDGE_LOOP('',(#4822,#4823,#4824,#4825));
#599=EDGE_LOOP('',(#4826,#4827,#4828,#4829));
#600=EDGE_LOOP('',(#4830,#4831,#4832,#4833));
#601=EDGE_LOOP('',(#4834,#4835,#4836,#4837));
#602=EDGE_LOOP('',(#4838,#4839,#4840,#4841));
#603=EDGE_LOOP('',(#4842,#4843,#4844,#4845));
#604=EDGE_LOOP('',(#4846,#4847,#4848,#4849));
#605=EDGE_LOOP('',(#4850,#4851,#4852,#4853));
#606=EDGE_LOOP('',(#4854,#4855,#4856,#4857));
#607=EDGE_LOOP('',(#4858,#4859,#4860,#4861));
#608=EDGE_LOOP('',(#4862,#4863,#4864,#4865));
#609=EDGE_LOOP('',(#4866,#4867,#4868,#4869));
#610=EDGE_LOOP('',(#4870,#4871,#4872,#4873));
#611=EDGE_LOOP('',(#4874,#4875,#4876,#4877));
#612=EDGE_LOOP('',(#4878,#4879,#4880,#4881));
#613=EDGE_LOOP('',(#4882,#4883,#4884,#4885));
#614=EDGE_LOOP('',(#4886,#4887,#4888,#4889));
#615=EDGE_LOOP('',(#4890,#4891,#4892,#4893));
#616=EDGE_LOOP('',(#4894,#4895,#4896,#4897));
#617=EDGE_LOOP('',(#4898,#4899,#4900,#4901));
#618=EDGE_LOOP('',(#4902,#4903,#4904,#4905));
#619=EDGE_LOOP('',(#4906,#4907,#4908,#4909));
#620=EDGE_LOOP('',(#4910,#4911,#4912,#4913));
#621=EDGE_LOOP('',(#4914,#4915,#4916,#4917));
#622=EDGE_LOOP('',(#4918,#4919,#4920,#4921));
#623=EDGE_LOOP('',(#4922,#4923,#4924,#4925));
#624=EDGE_LOOP('',(#4926,#4927,#4928,#4929));
#625=EDGE_LOOP('',(#4930,#4931,#4932,#4933));
#626=EDGE_LOOP('',(#4934,#4935,#4936,#4937));
#627=EDGE_LOOP('',(#4938,#4939,#4940,#4941));
#628=EDGE_LOOP('',(#4942,#4943,#4944,#4945));
#629=EDGE_LOOP('',(#4946,#4947,#4948,#4949));
#630=EDGE_LOOP('',(#4950,#4951,#4952,#4953));
#631=EDGE_LOOP('',(#4954,#4955,#4956,#4957));
#632=EDGE_LOOP('',(#4958,#4959,#4960,#4961));
#633=EDGE_LOOP('',(#4962,#4963,#4964,#4965));
#634=EDGE_LOOP('',(#4966,#4967,#4968,#4969));
#635=EDGE_LOOP('',(#4970,#4971,#4972,#4973));
#636=EDGE_LOOP('',(#4974,#4975,#4976,#4977));
#637=EDGE_LOOP('',(#4978,#4979,#4980,#4981));
#638=EDGE_LOOP('',(#4982,#4983,#4984,#4985));
#639=EDGE_LOOP('',(#4986,#4987,#4988,#4989));
#640=EDGE_LOOP('',(#4990,#4991,#4992,#4993));
#641=EDGE_LOOP('',(#4994,#4995,#4996,#4997));
#642=EDGE_LOOP('',(#4998,#4999,#5000,#5001));
#643=EDGE_LOOP('',(#5002,#5003,#5004,#5005));
#644=EDGE_LOOP('',(#5006,#5007,#5008,#5009));
#645=EDGE_LOOP('',(#5010,#5011,#5012,#5013));
#646=EDGE_LOOP('',(#5014,#5015,#5016,#5017));
#647=EDGE_LOOP('',(#5018,#5019,#5020,#5021));
#648=EDGE_LOOP('',(#5022,#5023,#5024,#5025));
#649=EDGE_LOOP('',(#5026,#5027,#5028,#5029));
#650=EDGE_LOOP('',(#5030,#5031,#5032,#5033));
#651=EDGE_LOOP('',(#5034,#5035,#5036,#5037));
#652=EDGE_LOOP('',(#5038,#5039,#5040,#5041));
#653=EDGE_LOOP('',(#5042,#5043,#5044,#5045));
#654=EDGE_LOOP('',(#5046,#5047,#5048,#5049));
#655=EDGE_LOOP('',(#5050,#5051,#5052,#5053));
#656=EDGE_LOOP('',(#5054,#5055,#5056,#5057));
#657=EDGE_LOOP('',(#5058,#5059,#5060,#5061));
#658=EDGE_LOOP('',(#5062,#5063,#5064,#5065));
#659=EDGE_LOOP('',(#5066,#5067,#5068,#5069));
#660=EDGE_LOOP('',(#5070,#5071,#5072,#5073));
#661=EDGE_LOOP('',(#5074,#5075,#5076,#5077));
#662=EDGE_LOOP('',(#5078,#5079,#5080,#5081));
#663=EDGE_LOOP('',(#5082,#5083,#5084,#5085));
#664=EDGE_LOOP('',(#5086,#5087,#5088,#5089));
#665=EDGE_LOOP('',(#5090,#5091,#5092,#5093));
#666=EDGE_LOOP('',(#5094,#5095,#5096,#5097,#5098,#5099,#5100,#5101,#5102,
#5103,#5104,#5105,#5106,#5107,#5108,#5109,#5110,#5111,#5112,#5113,#5114,
#5115,#5116,#5117,#5118,#5119,#5120,#5121,#5122,#5123,#5124,#5125,#5126,
#5127,#5128,#5129,#5130,#5131,#5132,#5133,#5134,#5135));
#667=EDGE_LOOP('',(#5136,#5137,#5138,#5139,#5140,#5141,#5142,#5143,#5144,
#5145,#5146,#5147,#5148,#5149,#5150,#5151,#5152));
#668=EDGE_LOOP('',(#5153,#5154,#5155,#5156,#5157,#5158,#5159,#5160,#5161,
#5162,#5163));
#669=EDGE_LOOP('',(#5164,#5165,#5166,#5167,#5168,#5169));
#670=EDGE_LOOP('',(#5170,#5171,#5172,#5173,#5174,#5175));
#671=EDGE_LOOP('',(#5176,#5177,#5178,#5179,#5180,#5181,#5182,#5183,#5184,
#5185,#5186,#5187));
#672=EDGE_LOOP('',(#5188,#5189,#5190,#5191,#5192,#5193,#5194));
#673=EDGE_LOOP('',(#5195,#5196,#5197,#5198,#5199,#5200,#5201,#5202));
#674=EDGE_LOOP('',(#5203,#5204,#5205,#5206,#5207,#5208));
#675=EDGE_LOOP('',(#5209,#5210,#5211,#5212,#5213,#5214));
#676=EDGE_LOOP('',(#5215,#5216,#5217,#5218,#5219,#5220,#5221,#5222,#5223,
#5224));
#677=EDGE_LOOP('',(#5225,#5226,#5227,#5228,#5229,#5230,#5231,#5232,#5233,
#5234,#5235,#5236,#5237,#5238,#5239,#5240,#5241));
#678=EDGE_LOOP('',(#5242,#5243,#5244,#5245,#5246,#5247,#5248,#5249,#5250,
#5251,#5252));
#679=EDGE_LOOP('',(#5253,#5254,#5255,#5256));
#680=EDGE_LOOP('',(#5257,#5258,#5259,#5260,#5261,#5262));
#681=EDGE_LOOP('',(#5263,#5264,#5265,#5266,#5267,#5268));
#682=EDGE_LOOP('',(#5269,#5270,#5271,#5272,#5273,#5274,#5275,#5276,#5277,
#5278,#5279,#5280));
#683=EDGE_LOOP('',(#5281,#5282,#5283,#5284,#5285,#5286,#5287));
#684=EDGE_LOOP('',(#5288,#5289,#5290,#5291));
#685=EDGE_LOOP('',(#5292,#5293,#5294,#5295,#5296,#5297,#5298,#5299));
#686=EDGE_LOOP('',(#5300,#5301,#5302,#5303,#5304,#5305));
#687=EDGE_LOOP('',(#5306,#5307,#5308,#5309));
#688=EDGE_LOOP('',(#5310,#5311,#5312,#5313,#5314,#5315));
#689=EDGE_LOOP('',(#5316,#5317,#5318,#5319));
#690=EDGE_LOOP('',(#5320,#5321,#5322,#5323));
#691=EDGE_LOOP('',(#5324,#5325,#5326,#5327));
#692=EDGE_LOOP('',(#5328,#5329,#5330,#5331));
#693=EDGE_LOOP('',(#5332,#5333,#5334,#5335));
#694=EDGE_LOOP('',(#5336,#5337,#5338,#5339));
#695=EDGE_LOOP('',(#5340,#5341,#5342,#5343));
#696=EDGE_LOOP('',(#5344,#5345,#5346,#5347));
#697=EDGE_LOOP('',(#5348,#5349,#5350,#5351));
#698=EDGE_LOOP('',(#5352,#5353,#5354,#5355));
#699=EDGE_LOOP('',(#5356,#5357,#5358,#5359,#5360,#5361,#5362,#5363,#5364,
#5365));
#700=LINE('',#7763,#1514);
#701=LINE('',#7765,#1515);
#702=LINE('',#7767,#1516);
#703=LINE('',#7769,#1517);
#704=LINE('',#7771,#1518);
#705=LINE('',#7772,#1519);
#706=LINE('',#7775,#1520);
#707=LINE('',#7777,#1521);
#708=LINE('',#7778,#1522);
#709=LINE('',#7781,#1523);
#710=LINE('',#7782,#1524);
#711=LINE('',#7785,#1525);
#712=LINE('',#7786,#1526);
#713=LINE('',#7791,#1527);
#714=LINE('',#7793,#1528);
#715=LINE('',#7797,#1529);
#716=LINE('',#7802,#1530);
#717=LINE('',#7804,#1531);
#718=LINE('',#7806,#1532);
#719=LINE('',#7808,#1533);
#720=LINE('',#7810,#1534);
#721=LINE('',#7812,#1535);
#722=LINE('',#7814,#1536);
#723=LINE('',#7816,#1537);
#724=LINE('',#7818,#1538);
#725=LINE('',#7820,#1539);
#726=LINE('',#7822,#1540);
#727=LINE('',#7823,#1541);
#728=LINE('',#7825,#1542);
#729=LINE('',#7831,#1543);
#730=LINE('',#7837,#1544);
#731=LINE('',#7840,#1545);
#732=LINE('',#7843,#1546);
#733=LINE('',#7844,#1547);
#734=LINE('',#7849,#1548);
#735=LINE('',#7852,#1549);
#736=LINE('',#7853,#1550);
#737=LINE('',#7855,#1551);
#738=LINE('',#7857,#1552);
#739=LINE('',#7861,#1553);
#740=LINE('',#7864,#1554);
#741=LINE('',#7866,#1555);
#742=LINE('',#7867,#1556);
#743=LINE('',#7871,#1557);
#744=LINE('',#7875,#1558);
#745=LINE('',#7876,#1559);
#746=LINE('',#7878,#1560);
#747=LINE('',#7882,#1561);
#748=LINE('',#7885,#1562);
#749=LINE('',#7891,#1563);
#750=LINE('',#7893,#1564);
#751=LINE('',#7895,#1565);
#752=LINE('',#7897,#1566);
#753=LINE('',#7898,#1567);
#754=LINE('',#7901,#1568);
#755=LINE('',#7903,#1569);
#756=LINE('',#7904,#1570);
#757=LINE('',#7905,#1571);
#758=LINE('',#7909,#1572);
#759=LINE('',#7911,#1573);
#760=LINE('',#7913,#1574);
#761=LINE('',#7914,#1575);
#762=LINE('',#7917,#1576);
#763=LINE('',#7919,#1577);
#764=LINE('',#7920,#1578);
#765=LINE('',#7923,#1579);
#766=LINE('',#7925,#1580);
#767=LINE('',#7926,#1581);
#768=LINE('',#7928,#1582);
#769=LINE('',#7929,#1583);
#770=LINE('',#7932,#1584);
#771=LINE('',#7933,#1585);
#772=LINE('',#7936,#1586);
#773=LINE('',#7938,#1587);
#774=LINE('',#7939,#1588);
#775=LINE('',#7942,#1589);
#776=LINE('',#7944,#1590);
#777=LINE('',#7945,#1591);
#778=LINE('',#7948,#1592);
#779=LINE('',#7950,#1593);
#780=LINE('',#7951,#1594);
#781=LINE('',#7954,#1595);
#782=LINE('',#7956,#1596);
#783=LINE('',#7957,#1597);
#784=LINE('',#7960,#1598);
#785=LINE('',#7962,#1599);
#786=LINE('',#7963,#1600);
#787=LINE('',#7965,#1601);
#788=LINE('',#7966,#1602);
#789=LINE('',#7968,#1603);
#790=LINE('',#7969,#1604);
#791=LINE('',#7971,#1605);
#792=LINE('',#7973,#1606);
#793=LINE('',#7975,#1607);
#794=LINE('',#7977,#1608);
#795=LINE('',#7979,#1609);
#796=LINE('',#7983,#1610);
#797=LINE('',#7985,#1611);
#798=LINE('',#7987,#1612);
#799=LINE('',#7989,#1613);
#800=LINE('',#7991,#1614);
#801=LINE('',#7993,#1615);
#802=LINE('',#7995,#1616);
#803=LINE('',#7997,#1617);
#804=LINE('',#7999,#1618);
#805=LINE('',#8001,#1619);
#806=LINE('',#8003,#1620);
#807=LINE('',#8004,#1621);
#808=LINE('',#8007,#1622);
#809=LINE('',#8009,#1623);
#810=LINE('',#8011,#1624);
#811=LINE('',#8013,#1625);
#812=LINE('',#8015,#1626);
#813=LINE('',#8017,#1627);
#814=LINE('',#8019,#1628);
#815=LINE('',#8021,#1629);
#816=LINE('',#8023,#1630);
#817=LINE('',#8025,#1631);
#818=LINE('',#8027,#1632);
#819=LINE('',#8029,#1633);
#820=LINE('',#8031,#1634);
#821=LINE('',#8033,#1635);
#822=LINE('',#8035,#1636);
#823=LINE('',#8037,#1637);
#824=LINE('',#8039,#1638);
#825=LINE('',#8041,#1639);
#826=LINE('',#8043,#1640);
#827=LINE('',#8045,#1641);
#828=LINE('',#8047,#1642);
#829=LINE('',#8049,#1643);
#830=LINE('',#8051,#1644);
#831=LINE('',#8053,#1645);
#832=LINE('',#8055,#1646);
#833=LINE('',#8057,#1647);
#834=LINE('',#8059,#1648);
#835=LINE('',#8061,#1649);
#836=LINE('',#8063,#1650);
#837=LINE('',#8065,#1651);
#838=LINE('',#8067,#1652);
#839=LINE('',#8069,#1653);
#840=LINE('',#8071,#1654);
#841=LINE('',#8073,#1655);
#842=LINE('',#8075,#1656);
#843=LINE('',#8077,#1657);
#844=LINE('',#8079,#1658);
#845=LINE('',#8081,#1659);
#846=LINE('',#8083,#1660);
#847=LINE('',#8085,#1661);
#848=LINE('',#8087,#1662);
#849=LINE('',#8088,#1663);
#850=LINE('',#8091,#1664);
#851=LINE('',#8093,#1665);
#852=LINE('',#8095,#1666);
#853=LINE('',#8097,#1667);
#854=LINE('',#8099,#1668);
#855=LINE('',#8101,#1669);
#856=LINE('',#8103,#1670);
#857=LINE('',#8104,#1671);
#858=LINE('',#8107,#1672);
#859=LINE('',#8109,#1673);
#860=LINE('',#8111,#1674);
#861=LINE('',#8113,#1675);
#862=LINE('',#8115,#1676);
#863=LINE('',#8117,#1677);
#864=LINE('',#8119,#1678);
#865=LINE('',#8120,#1679);
#866=LINE('',#8123,#1680);
#867=LINE('',#8125,#1681);
#868=LINE('',#8127,#1682);
#869=LINE('',#8129,#1683);
#870=LINE('',#8131,#1684);
#871=LINE('',#8133,#1685);
#872=LINE('',#8135,#1686);
#873=LINE('',#8136,#1687);
#874=LINE('',#8139,#1688);
#875=LINE('',#8141,#1689);
#876=LINE('',#8143,#1690);
#877=LINE('',#8145,#1691);
#878=LINE('',#8147,#1692);
#879=LINE('',#8149,#1693);
#880=LINE('',#8151,#1694);
#881=LINE('',#8152,#1695);
#882=LINE('',#8155,#1696);
#883=LINE('',#8157,#1697);
#884=LINE('',#8159,#1698);
#885=LINE('',#8161,#1699);
#886=LINE('',#8163,#1700);
#887=LINE('',#8165,#1701);
#888=LINE('',#8167,#1702);
#889=LINE('',#8169,#1703);
#890=LINE('',#8171,#1704);
#891=LINE('',#8173,#1705);
#892=LINE('',#8175,#1706);
#893=LINE('',#8177,#1707);
#894=LINE('',#8179,#1708);
#895=LINE('',#8181,#1709);
#896=LINE('',#8183,#1710);
#897=LINE('',#8185,#1711);
#898=LINE('',#8187,#1712);
#899=LINE('',#8189,#1713);
#900=LINE('',#8191,#1714);
#901=LINE('',#8193,#1715);
#902=LINE('',#8195,#1716);
#903=LINE('',#8197,#1717);
#904=LINE('',#8199,#1718);
#905=LINE('',#8201,#1719);
#906=LINE('',#8203,#1720);
#907=LINE('',#8205,#1721);
#908=LINE('',#8207,#1722);
#909=LINE('',#8209,#1723);
#910=LINE('',#8211,#1724);
#911=LINE('',#8213,#1725);
#912=LINE('',#8215,#1726);
#913=LINE('',#8217,#1727);
#914=LINE('',#8219,#1728);
#915=LINE('',#8221,#1729);
#916=LINE('',#8223,#1730);
#917=LINE('',#8225,#1731);
#918=LINE('',#8227,#1732);
#919=LINE('',#8229,#1733);
#920=LINE('',#8231,#1734);
#921=LINE('',#8233,#1735);
#922=LINE('',#8235,#1736);
#923=LINE('',#8236,#1737);
#924=LINE('',#8239,#1738);
#925=LINE('',#8241,#1739);
#926=LINE('',#8242,#1740);
#927=LINE('',#8245,#1741);
#928=LINE('',#8247,#1742);
#929=LINE('',#8248,#1743);
#930=LINE('',#8252,#1744);
#931=LINE('',#8253,#1745);
#932=LINE('',#8254,#1746);
#933=LINE('',#8257,#1747);
#934=LINE('',#8258,#1748);
#935=LINE('',#8261,#1749);
#936=LINE('',#8262,#1750);
#937=LINE('',#8265,#1751);
#938=LINE('',#8266,#1752);
#939=LINE('',#8269,#1753);
#940=LINE('',#8270,#1754);
#941=LINE('',#8273,#1755);
#942=LINE('',#8275,#1756);
#943=LINE('',#8276,#1757);
#944=LINE('',#8279,#1758);
#945=LINE('',#8280,#1759);
#946=LINE('',#8283,#1760);
#947=LINE('',#8284,#1761);
#948=LINE('',#8287,#1762);
#949=LINE('',#8288,#1763);
#950=LINE('',#8291,#1764);
#951=LINE('',#8292,#1765);
#952=LINE('',#8296,#1766);
#953=LINE('',#8298,#1767);
#954=LINE('',#8300,#1768);
#955=LINE('',#8301,#1769);
#956=LINE('',#8304,#1770);
#957=LINE('',#8306,#1771);
#958=LINE('',#8307,#1772);
#959=LINE('',#8310,#1773);
#960=LINE('',#8312,#1774);
#961=LINE('',#8313,#1775);
#962=LINE('',#8315,#1776);
#963=LINE('',#8316,#1777);
#964=LINE('',#8320,#1778);
#965=LINE('',#8322,#1779);
#966=LINE('',#8323,#1780);
#967=LINE('',#8326,#1781);
#968=LINE('',#8327,#1782);
#969=LINE('',#8330,#1783);
#970=LINE('',#8331,#1784);
#971=LINE('',#8334,#1785);
#972=LINE('',#8335,#1786);
#973=LINE('',#8338,#1787);
#974=LINE('',#8339,#1788);
#975=LINE('',#8342,#1789);
#976=LINE('',#8343,#1790);
#977=LINE('',#8346,#1791);
#978=LINE('',#8347,#1792);
#979=LINE('',#8349,#1793);
#980=LINE('',#8353,#1794);
#981=LINE('',#8354,#1795);
#982=LINE('',#8357,#1796);
#983=LINE('',#8358,#1797);
#984=LINE('',#8361,#1798);
#985=LINE('',#8362,#1799);
#986=LINE('',#8365,#1800);
#987=LINE('',#8366,#1801);
#988=LINE('',#8369,#1802);
#989=LINE('',#8370,#1803);
#990=LINE('',#8373,#1804);
#991=LINE('',#8374,#1805);
#992=LINE('',#8377,#1806);
#993=LINE('',#8378,#1807);
#994=LINE('',#8381,#1808);
#995=LINE('',#8382,#1809);
#996=LINE('',#8385,#1810);
#997=LINE('',#8386,#1811);
#998=LINE('',#8389,#1812);
#999=LINE('',#8390,#1813);
#1000=LINE('',#8392,#1814);
#1001=LINE('',#8396,#1815);
#1002=LINE('',#8398,#1816);
#1003=LINE('',#8399,#1817);
#1004=LINE('',#8402,#1818);
#1005=LINE('',#8403,#1819);
#1006=LINE('',#8406,#1820);
#1007=LINE('',#8407,#1821);
#1008=LINE('',#8410,#1822);
#1009=LINE('',#8411,#1823);
#1010=LINE('',#8414,#1824);
#1011=LINE('',#8415,#1825);
#1012=LINE('',#8418,#1826);
#1013=LINE('',#8419,#1827);
#1014=LINE('',#8422,#1828);
#1015=LINE('',#8423,#1829);
#1016=LINE('',#8425,#1830);
#1017=LINE('',#8430,#1831);
#1018=LINE('',#8432,#1832);
#1019=LINE('',#8434,#1833);
#1020=LINE('',#8435,#1834);
#1021=LINE('',#8438,#1835);
#1022=LINE('',#8440,#1836);
#1023=LINE('',#8441,#1837);
#1024=LINE('',#8444,#1838);
#1025=LINE('',#8446,#1839);
#1026=LINE('',#8447,#1840);
#1027=LINE('',#8449,#1841);
#1028=LINE('',#8450,#1842);
#1029=LINE('',#8455,#1843);
#1030=LINE('',#8457,#1844);
#1031=LINE('',#8459,#1845);
#1032=LINE('',#8460,#1846);
#1033=LINE('',#8463,#1847);
#1034=LINE('',#8465,#1848);
#1035=LINE('',#8466,#1849);
#1036=LINE('',#8469,#1850);
#1037=LINE('',#8471,#1851);
#1038=LINE('',#8472,#1852);
#1039=LINE('',#8474,#1853);
#1040=LINE('',#8475,#1854);
#1041=LINE('',#8479,#1855);
#1042=LINE('',#8481,#1856);
#1043=LINE('',#8482,#1857);
#1044=LINE('',#8485,#1858);
#1045=LINE('',#8486,#1859);
#1046=LINE('',#8489,#1860);
#1047=LINE('',#8490,#1861);
#1048=LINE('',#8493,#1862);
#1049=LINE('',#8494,#1863);
#1050=LINE('',#8497,#1864);
#1051=LINE('',#8498,#1865);
#1052=LINE('',#8501,#1866);
#1053=LINE('',#8502,#1867);
#1054=LINE('',#8505,#1868);
#1055=LINE('',#8506,#1869);
#1056=LINE('',#8508,#1870);
#1057=LINE('',#8512,#1871);
#1058=LINE('',#8514,#1872);
#1059=LINE('',#8515,#1873);
#1060=LINE('',#8518,#1874);
#1061=LINE('',#8519,#1875);
#1062=LINE('',#8522,#1876);
#1063=LINE('',#8523,#1877);
#1064=LINE('',#8526,#1878);
#1065=LINE('',#8527,#1879);
#1066=LINE('',#8530,#1880);
#1067=LINE('',#8531,#1881);
#1068=LINE('',#8534,#1882);
#1069=LINE('',#8535,#1883);
#1070=LINE('',#8538,#1884);
#1071=LINE('',#8539,#1885);
#1072=LINE('',#8542,#1886);
#1073=LINE('',#8543,#1887);
#1074=LINE('',#8546,#1888);
#1075=LINE('',#8547,#1889);
#1076=LINE('',#8550,#1890);
#1077=LINE('',#8551,#1891);
#1078=LINE('',#8554,#1892);
#1079=LINE('',#8555,#1893);
#1080=LINE('',#8558,#1894);
#1081=LINE('',#8559,#1895);
#1082=LINE('',#8562,#1896);
#1083=LINE('',#8563,#1897);
#1084=LINE('',#8566,#1898);
#1085=LINE('',#8567,#1899);
#1086=LINE('',#8570,#1900);
#1087=LINE('',#8571,#1901);
#1088=LINE('',#8574,#1902);
#1089=LINE('',#8575,#1903);
#1090=LINE('',#8578,#1904);
#1091=LINE('',#8579,#1905);
#1092=LINE('',#8582,#1906);
#1093=LINE('',#8583,#1907);
#1094=LINE('',#8586,#1908);
#1095=LINE('',#8587,#1909);
#1096=LINE('',#8590,#1910);
#1097=LINE('',#8591,#1911);
#1098=LINE('',#8594,#1912);
#1099=LINE('',#8595,#1913);
#1100=LINE('',#8598,#1914);
#1101=LINE('',#8599,#1915);
#1102=LINE('',#8602,#1916);
#1103=LINE('',#8603,#1917);
#1104=LINE('',#8606,#1918);
#1105=LINE('',#8607,#1919);
#1106=LINE('',#8610,#1920);
#1107=LINE('',#8611,#1921);
#1108=LINE('',#8614,#1922);
#1109=LINE('',#8615,#1923);
#1110=LINE('',#8618,#1924);
#1111=LINE('',#8619,#1925);
#1112=LINE('',#8622,#1926);
#1113=LINE('',#8623,#1927);
#1114=LINE('',#8626,#1928);
#1115=LINE('',#8627,#1929);
#1116=LINE('',#8630,#1930);
#1117=LINE('',#8631,#1931);
#1118=LINE('',#8634,#1932);
#1119=LINE('',#8635,#1933);
#1120=LINE('',#8638,#1934);
#1121=LINE('',#8639,#1935);
#1122=LINE('',#8642,#1936);
#1123=LINE('',#8643,#1937);
#1124=LINE('',#8646,#1938);
#1125=LINE('',#8647,#1939);
#1126=LINE('',#8649,#1940);
#1127=LINE('',#8652,#1941);
#1128=LINE('',#8653,#1942);
#1129=LINE('',#8655,#1943);
#1130=LINE('',#8659,#1944);
#1131=LINE('',#8661,#1945);
#1132=LINE('',#8662,#1946);
#1133=LINE('',#8665,#1947);
#1134=LINE('',#8666,#1948);
#1135=LINE('',#8669,#1949);
#1136=LINE('',#8670,#1950);
#1137=LINE('',#8673,#1951);
#1138=LINE('',#8674,#1952);
#1139=LINE('',#8677,#1953);
#1140=LINE('',#8678,#1954);
#1141=LINE('',#8681,#1955);
#1142=LINE('',#8682,#1956);
#1143=LINE('',#8685,#1957);
#1144=LINE('',#8686,#1958);
#1145=LINE('',#8688,#1959);
#1146=LINE('',#8693,#1960);
#1147=LINE('',#8695,#1961);
#1148=LINE('',#8697,#1962);
#1149=LINE('',#8698,#1963);
#1150=LINE('',#8701,#1964);
#1151=LINE('',#8703,#1965);
#1152=LINE('',#8704,#1966);
#1153=LINE('',#8707,#1967);
#1154=LINE('',#8709,#1968);
#1155=LINE('',#8710,#1969);
#1156=LINE('',#8712,#1970);
#1157=LINE('',#8713,#1971);
#1158=LINE('',#8718,#1972);
#1159=LINE('',#8720,#1973);
#1160=LINE('',#8722,#1974);
#1161=LINE('',#8723,#1975);
#1162=LINE('',#8726,#1976);
#1163=LINE('',#8728,#1977);
#1164=LINE('',#8729,#1978);
#1165=LINE('',#8732,#1979);
#1166=LINE('',#8734,#1980);
#1167=LINE('',#8735,#1981);
#1168=LINE('',#8738,#1982);
#1169=LINE('',#8740,#1983);
#1170=LINE('',#8741,#1984);
#1171=LINE('',#8744,#1985);
#1172=LINE('',#8746,#1986);
#1173=LINE('',#8747,#1987);
#1174=LINE('',#8750,#1988);
#1175=LINE('',#8752,#1989);
#1176=LINE('',#8753,#1990);
#1177=LINE('',#8756,#1991);
#1178=LINE('',#8758,#1992);
#1179=LINE('',#8759,#1993);
#1180=LINE('',#8762,#1994);
#1181=LINE('',#8764,#1995);
#1182=LINE('',#8765,#1996);
#1183=LINE('',#8768,#1997);
#1184=LINE('',#8770,#1998);
#1185=LINE('',#8771,#1999);
#1186=LINE('',#8773,#2000);
#1187=LINE('',#8774,#2001);
#1188=LINE('',#8778,#2002);
#1189=LINE('',#8780,#2003);
#1190=LINE('',#8782,#2004);
#1191=LINE('',#8783,#2005);
#1192=LINE('',#8786,#2006);
#1193=LINE('',#8788,#2007);
#1194=LINE('',#8789,#2008);
#1195=LINE('',#8792,#2009);
#1196=LINE('',#8794,#2010);
#1197=LINE('',#8795,#2011);
#1198=LINE('',#8798,#2012);
#1199=LINE('',#8800,#2013);
#1200=LINE('',#8801,#2014);
#1201=LINE('',#8804,#2015);
#1202=LINE('',#8806,#2016);
#1203=LINE('',#8807,#2017);
#1204=LINE('',#8809,#2018);
#1205=LINE('',#8810,#2019);
#1206=LINE('',#8814,#2020);
#1207=LINE('',#8816,#2021);
#1208=LINE('',#8818,#2022);
#1209=LINE('',#8819,#2023);
#1210=LINE('',#8822,#2024);
#1211=LINE('',#8824,#2025);
#1212=LINE('',#8825,#2026);
#1213=LINE('',#8828,#2027);
#1214=LINE('',#8830,#2028);
#1215=LINE('',#8831,#2029);
#1216=LINE('',#8834,#2030);
#1217=LINE('',#8836,#2031);
#1218=LINE('',#8837,#2032);
#1219=LINE('',#8840,#2033);
#1220=LINE('',#8842,#2034);
#1221=LINE('',#8843,#2035);
#1222=LINE('',#8845,#2036);
#1223=LINE('',#8846,#2037);
#1224=LINE('',#8850,#2038);
#1225=LINE('',#8852,#2039);
#1226=LINE('',#8854,#2040);
#1227=LINE('',#8855,#2041);
#1228=LINE('',#8858,#2042);
#1229=LINE('',#8860,#2043);
#1230=LINE('',#8861,#2044);
#1231=LINE('',#8864,#2045);
#1232=LINE('',#8866,#2046);
#1233=LINE('',#8867,#2047);
#1234=LINE('',#8870,#2048);
#1235=LINE('',#8872,#2049);
#1236=LINE('',#8873,#2050);
#1237=LINE('',#8876,#2051);
#1238=LINE('',#8878,#2052);
#1239=LINE('',#8879,#2053);
#1240=LINE('',#8882,#2054);
#1241=LINE('',#8884,#2055);
#1242=LINE('',#8885,#2056);
#1243=LINE('',#8888,#2057);
#1244=LINE('',#8890,#2058);
#1245=LINE('',#8891,#2059);
#1246=LINE('',#8893,#2060);
#1247=LINE('',#8894,#2061);
#1248=LINE('',#8898,#2062);
#1249=LINE('',#8900,#2063);
#1250=LINE('',#8902,#2064);
#1251=LINE('',#8903,#2065);
#1252=LINE('',#8906,#2066);
#1253=LINE('',#8908,#2067);
#1254=LINE('',#8909,#2068);
#1255=LINE('',#8912,#2069);
#1256=LINE('',#8914,#2070);
#1257=LINE('',#8915,#2071);
#1258=LINE('',#8918,#2072);
#1259=LINE('',#8920,#2073);
#1260=LINE('',#8921,#2074);
#1261=LINE('',#8924,#2075);
#1262=LINE('',#8926,#2076);
#1263=LINE('',#8927,#2077);
#1264=LINE('',#8930,#2078);
#1265=LINE('',#8932,#2079);
#1266=LINE('',#8933,#2080);
#1267=LINE('',#8935,#2081);
#1268=LINE('',#8936,#2082);
#1269=LINE('',#8940,#2083);
#1270=LINE('',#8942,#2084);
#1271=LINE('',#8944,#2085);
#1272=LINE('',#8945,#2086);
#1273=LINE('',#8948,#2087);
#1274=LINE('',#8950,#2088);
#1275=LINE('',#8951,#2089);
#1276=LINE('',#8954,#2090);
#1277=LINE('',#8956,#2091);
#1278=LINE('',#8957,#2092);
#1279=LINE('',#8960,#2093);
#1280=LINE('',#8962,#2094);
#1281=LINE('',#8963,#2095);
#1282=LINE('',#8966,#2096);
#1283=LINE('',#8968,#2097);
#1284=LINE('',#8969,#2098);
#1285=LINE('',#8972,#2099);
#1286=LINE('',#8974,#2100);
#1287=LINE('',#8975,#2101);
#1288=LINE('',#8978,#2102);
#1289=LINE('',#8980,#2103);
#1290=LINE('',#8981,#2104);
#1291=LINE('',#8984,#2105);
#1292=LINE('',#8986,#2106);
#1293=LINE('',#8987,#2107);
#1294=LINE('',#8990,#2108);
#1295=LINE('',#8992,#2109);
#1296=LINE('',#8993,#2110);
#1297=LINE('',#8996,#2111);
#1298=LINE('',#8998,#2112);
#1299=LINE('',#8999,#2113);
#1300=LINE('',#9002,#2114);
#1301=LINE('',#9004,#2115);
#1302=LINE('',#9005,#2116);
#1303=LINE('',#9007,#2117);
#1304=LINE('',#9008,#2118);
#1305=LINE('',#9012,#2119);
#1306=LINE('',#9014,#2120);
#1307=LINE('',#9016,#2121);
#1308=LINE('',#9017,#2122);
#1309=LINE('',#9020,#2123);
#1310=LINE('',#9022,#2124);
#1311=LINE('',#9023,#2125);
#1312=LINE('',#9026,#2126);
#1313=LINE('',#9028,#2127);
#1314=LINE('',#9029,#2128);
#1315=LINE('',#9032,#2129);
#1316=LINE('',#9034,#2130);
#1317=LINE('',#9035,#2131);
#1318=LINE('',#9038,#2132);
#1319=LINE('',#9040,#2133);
#1320=LINE('',#9041,#2134);
#1321=LINE('',#9043,#2135);
#1322=LINE('',#9044,#2136);
#1323=LINE('',#9048,#2137);
#1324=LINE('',#9050,#2138);
#1325=LINE('',#9052,#2139);
#1326=LINE('',#9053,#2140);
#1327=LINE('',#9056,#2141);
#1328=LINE('',#9058,#2142);
#1329=LINE('',#9059,#2143);
#1330=LINE('',#9062,#2144);
#1331=LINE('',#9064,#2145);
#1332=LINE('',#9065,#2146);
#1333=LINE('',#9068,#2147);
#1334=LINE('',#9070,#2148);
#1335=LINE('',#9071,#2149);
#1336=LINE('',#9074,#2150);
#1337=LINE('',#9076,#2151);
#1338=LINE('',#9077,#2152);
#1339=LINE('',#9079,#2153);
#1340=LINE('',#9080,#2154);
#1341=LINE('',#9084,#2155);
#1342=LINE('',#9086,#2156);
#1343=LINE('',#9088,#2157);
#1344=LINE('',#9089,#2158);
#1345=LINE('',#9092,#2159);
#1346=LINE('',#9094,#2160);
#1347=LINE('',#9095,#2161);
#1348=LINE('',#9098,#2162);
#1349=LINE('',#9100,#2163);
#1350=LINE('',#9101,#2164);
#1351=LINE('',#9104,#2165);
#1352=LINE('',#9106,#2166);
#1353=LINE('',#9107,#2167);
#1354=LINE('',#9110,#2168);
#1355=LINE('',#9112,#2169);
#1356=LINE('',#9113,#2170);
#1357=LINE('',#9116,#2171);
#1358=LINE('',#9118,#2172);
#1359=LINE('',#9119,#2173);
#1360=LINE('',#9122,#2174);
#1361=LINE('',#9124,#2175);
#1362=LINE('',#9125,#2176);
#1363=LINE('',#9128,#2177);
#1364=LINE('',#9130,#2178);
#1365=LINE('',#9131,#2179);
#1366=LINE('',#9134,#2180);
#1367=LINE('',#9136,#2181);
#1368=LINE('',#9137,#2182);
#1369=LINE('',#9140,#2183);
#1370=LINE('',#9142,#2184);
#1371=LINE('',#9143,#2185);
#1372=LINE('',#9145,#2186);
#1373=LINE('',#9146,#2187);
#1374=LINE('',#9150,#2188);
#1375=LINE('',#9152,#2189);
#1376=LINE('',#9154,#2190);
#1377=LINE('',#9155,#2191);
#1378=LINE('',#9158,#2192);
#1379=LINE('',#9160,#2193);
#1380=LINE('',#9161,#2194);
#1381=LINE('',#9164,#2195);
#1382=LINE('',#9166,#2196);
#1383=LINE('',#9167,#2197);
#1384=LINE('',#9170,#2198);
#1385=LINE('',#9172,#2199);
#1386=LINE('',#9173,#2200);
#1387=LINE('',#9176,#2201);
#1388=LINE('',#9178,#2202);
#1389=LINE('',#9179,#2203);
#1390=LINE('',#9182,#2204);
#1391=LINE('',#9184,#2205);
#1392=LINE('',#9185,#2206);
#1393=LINE('',#9188,#2207);
#1394=LINE('',#9190,#2208);
#1395=LINE('',#9191,#2209);
#1396=LINE('',#9194,#2210);
#1397=LINE('',#9196,#2211);
#1398=LINE('',#9197,#2212);
#1399=LINE('',#9200,#2213);
#1400=LINE('',#9202,#2214);
#1401=LINE('',#9203,#2215);
#1402=LINE('',#9206,#2216);
#1403=LINE('',#9208,#2217);
#1404=LINE('',#9209,#2218);
#1405=LINE('',#9212,#2219);
#1406=LINE('',#9214,#2220);
#1407=LINE('',#9215,#2221);
#1408=LINE('',#9218,#2222);
#1409=LINE('',#9220,#2223);
#1410=LINE('',#9221,#2224);
#1411=LINE('',#9224,#2225);
#1412=LINE('',#9226,#2226);
#1413=LINE('',#9227,#2227);
#1414=LINE('',#9230,#2228);
#1415=LINE('',#9232,#2229);
#1416=LINE('',#9233,#2230);
#1417=LINE('',#9236,#2231);
#1418=LINE('',#9238,#2232);
#1419=LINE('',#9239,#2233);
#1420=LINE('',#9242,#2234);
#1421=LINE('',#9244,#2235);
#1422=LINE('',#9245,#2236);
#1423=LINE('',#9247,#2237);
#1424=LINE('',#9248,#2238);
#1425=LINE('',#9251,#2239);
#1426=LINE('',#9253,#2240);
#1427=LINE('',#9254,#2241);
#1428=LINE('',#9257,#2242);
#1429=LINE('',#9258,#2243);
#1430=LINE('',#9261,#2244);
#1431=LINE('',#9262,#2245);
#1432=LINE('',#9265,#2246);
#1433=LINE('',#9266,#2247);
#1434=LINE('',#9269,#2248);
#1435=LINE('',#9270,#2249);
#1436=LINE('',#9273,#2250);
#1437=LINE('',#9274,#2251);
#1438=LINE('',#9277,#2252);
#1439=LINE('',#9278,#2253);
#1440=LINE('',#9281,#2254);
#1441=LINE('',#9282,#2255);
#1442=LINE('',#9285,#2256);
#1443=LINE('',#9286,#2257);
#1444=LINE('',#9289,#2258);
#1445=LINE('',#9290,#2259);
#1446=LINE('',#9293,#2260);
#1447=LINE('',#9294,#2261);
#1448=LINE('',#9297,#2262);
#1449=LINE('',#9298,#2263);
#1450=LINE('',#9301,#2264);
#1451=LINE('',#9302,#2265);
#1452=LINE('',#9305,#2266);
#1453=LINE('',#9306,#2267);
#1454=LINE('',#9309,#2268);
#1455=LINE('',#9310,#2269);
#1456=LINE('',#9313,#2270);
#1457=LINE('',#9314,#2271);
#1458=LINE('',#9317,#2272);
#1459=LINE('',#9318,#2273);
#1460=LINE('',#9321,#2274);
#1461=LINE('',#9322,#2275);
#1462=LINE('',#9325,#2276);
#1463=LINE('',#9326,#2277);
#1464=LINE('',#9329,#2278);
#1465=LINE('',#9330,#2279);
#1466=LINE('',#9333,#2280);
#1467=LINE('',#9334,#2281);
#1468=LINE('',#9337,#2282);
#1469=LINE('',#9338,#2283);
#1470=LINE('',#9341,#2284);
#1471=LINE('',#9342,#2285);
#1472=LINE('',#9345,#2286);
#1473=LINE('',#9346,#2287);
#1474=LINE('',#9349,#2288);
#1475=LINE('',#9350,#2289);
#1476=LINE('',#9353,#2290);
#1477=LINE('',#9354,#2291);
#1478=LINE('',#9357,#2292);
#1479=LINE('',#9358,#2293);
#1480=LINE('',#9361,#2294);
#1481=LINE('',#9362,#2295);
#1482=LINE('',#9365,#2296);
#1483=LINE('',#9366,#2297);
#1484=LINE('',#9369,#2298);
#1485=LINE('',#9370,#2299);
#1486=LINE('',#9373,#2300);
#1487=LINE('',#9374,#2301);
#1488=LINE('',#9377,#2302);
#1489=LINE('',#9378,#2303);
#1490=LINE('',#9381,#2304);
#1491=LINE('',#9382,#2305);
#1492=LINE('',#9385,#2306);
#1493=LINE('',#9386,#2307);
#1494=LINE('',#9389,#2308);
#1495=LINE('',#9390,#2309);
#1496=LINE('',#9393,#2310);
#1497=LINE('',#9394,#2311);
#1498=LINE('',#9397,#2312);
#1499=LINE('',#9398,#2313);
#1500=LINE('',#9401,#2314);
#1501=LINE('',#9402,#2315);
#1502=LINE('',#9405,#2316);
#1503=LINE('',#9406,#2317);
#1504=LINE('',#9409,#2318);
#1505=LINE('',#9410,#2319);
#1506=LINE('',#9413,#2320);
#1507=LINE('',#9414,#2321);
#1508=LINE('',#9416,#2322);
#1509=LINE('',#9428,#2323);
#1510=LINE('',#9429,#2324);
#1511=LINE('',#9431,#2325);
#1512=LINE('',#9436,#2326);
#1513=LINE('',#9438,#2327);
#1514=VECTOR('',#6307,10.);
#1515=VECTOR('',#6308,10.);
#1516=VECTOR('',#6309,10.);
#1517=VECTOR('',#6310,10.);
#1518=VECTOR('',#6311,10.);
#1519=VECTOR('',#6312,10.);
#1520=VECTOR('',#6315,10.);
#1521=VECTOR('',#6316,10.);
#1522=VECTOR('',#6317,10.);
#1523=VECTOR('',#6320,10.);
#1524=VECTOR('',#6321,10.);
#1525=VECTOR('',#6324,10.);
#1526=VECTOR('',#6325,10.);
#1527=VECTOR('',#6330,1.25);
#1528=VECTOR('',#6331,10.);
#1529=VECTOR('',#6334,10.);
#1530=VECTOR('',#6339,10.);
#1531=VECTOR('',#6340,10.);
#1532=VECTOR('',#6341,10.);
#1533=VECTOR('',#6342,10.);
#1534=VECTOR('',#6343,10.);
#1535=VECTOR('',#6344,10.);
#1536=VECTOR('',#6345,10.);
#1537=VECTOR('',#6346,10.);
#1538=VECTOR('',#6347,10.);
#1539=VECTOR('',#6348,10.);
#1540=VECTOR('',#6349,10.);
#1541=VECTOR('',#6350,10.);
#1542=VECTOR('',#6351,10.);
#1543=VECTOR('',#6356,10.);
#1544=VECTOR('',#6361,10.);
#1545=VECTOR('',#6364,10.);
#1546=VECTOR('',#6367,10.);
#1547=VECTOR('',#6368,10.);
#1548=VECTOR('',#6373,1.25);
#1549=VECTOR('',#6376,10.);
#1550=VECTOR('',#6377,10.);
#1551=VECTOR('',#6380,10.);
#1552=VECTOR('',#6381,10.);
#1553=VECTOR('',#6384,10.);
#1554=VECTOR('',#6387,10.);
#1555=VECTOR('',#6388,10.);
#1556=VECTOR('',#6389,10.);
#1557=VECTOR('',#6394,10.);
#1558=VECTOR('',#6399,1.25);
#1559=VECTOR('',#6400,10.);
#1560=VECTOR('',#6403,10.);
#1561=VECTOR('',#6408,1.25);
#1562=VECTOR('',#6411,5.50000000000001);
#1563=VECTOR('',#6418,10.);
#1564=VECTOR('',#6419,10.);
#1565=VECTOR('',#6420,10.);
#1566=VECTOR('',#6421,10.);
#1567=VECTOR('',#6422,10.);
#1568=VECTOR('',#6425,10.);
#1569=VECTOR('',#6426,10.);
#1570=VECTOR('',#6427,10.);
#1571=VECTOR('',#6428,10.);
#1572=VECTOR('',#6431,10.);
#1573=VECTOR('',#6432,10.);
#1574=VECTOR('',#6433,10.);
#1575=VECTOR('',#6434,10.);
#1576=VECTOR('',#6437,10.);
#1577=VECTOR('',#6438,10.);
#1578=VECTOR('',#6439,10.);
#1579=VECTOR('',#6442,10.);
#1580=VECTOR('',#6443,10.);
#1581=VECTOR('',#6444,10.);
#1582=VECTOR('',#6447,10.);
#1583=VECTOR('',#6448,10.);
#1584=VECTOR('',#6451,10.);
#1585=VECTOR('',#6452,10.);
#1586=VECTOR('',#6455,10.);
#1587=VECTOR('',#6456,10.);
#1588=VECTOR('',#6457,10.);
#1589=VECTOR('',#6460,10.);
#1590=VECTOR('',#6461,10.);
#1591=VECTOR('',#6462,10.);
#1592=VECTOR('',#6465,10.);
#1593=VECTOR('',#6466,10.);
#1594=VECTOR('',#6467,10.);
#1595=VECTOR('',#6470,10.);
#1596=VECTOR('',#6471,10.);
#1597=VECTOR('',#6472,10.);
#1598=VECTOR('',#6475,10.);
#1599=VECTOR('',#6476,10.);
#1600=VECTOR('',#6477,10.);
#1601=VECTOR('',#6480,10.);
#1602=VECTOR('',#6481,10.);
#1603=VECTOR('',#6484,10.);
#1604=VECTOR('',#6485,10.);
#1605=VECTOR('',#6488,10.);
#1606=VECTOR('',#6491,10.);
#1607=VECTOR('',#6494,10.);
#1608=VECTOR('',#6497,10.);
#1609=VECTOR('',#6500,10.);
#1610=VECTOR('',#6503,10.);
#1611=VECTOR('',#6504,10.);
#1612=VECTOR('',#6505,10.);
#1613=VECTOR('',#6506,10.);
#1614=VECTOR('',#6507,10.);
#1615=VECTOR('',#6508,10.);
#1616=VECTOR('',#6509,10.);
#1617=VECTOR('',#6510,10.);
#1618=VECTOR('',#6511,10.);
#1619=VECTOR('',#6512,10.);
#1620=VECTOR('',#6513,10.);
#1621=VECTOR('',#6514,10.);
#1622=VECTOR('',#6515,10.);
#1623=VECTOR('',#6516,10.);
#1624=VECTOR('',#6517,10.);
#1625=VECTOR('',#6518,10.);
#1626=VECTOR('',#6519,10.);
#1627=VECTOR('',#6520,10.);
#1628=VECTOR('',#6521,10.);
#1629=VECTOR('',#6522,10.);
#1630=VECTOR('',#6523,10.);
#1631=VECTOR('',#6524,10.);
#1632=VECTOR('',#6525,10.);
#1633=VECTOR('',#6526,10.);
#1634=VECTOR('',#6527,10.);
#1635=VECTOR('',#6528,10.);
#1636=VECTOR('',#6529,10.);
#1637=VECTOR('',#6530,10.);
#1638=VECTOR('',#6531,10.);
#1639=VECTOR('',#6532,10.);
#1640=VECTOR('',#6533,10.);
#1641=VECTOR('',#6534,10.);
#1642=VECTOR('',#6535,10.);
#1643=VECTOR('',#6536,10.);
#1644=VECTOR('',#6537,10.);
#1645=VECTOR('',#6538,10.);
#1646=VECTOR('',#6539,10.);
#1647=VECTOR('',#6540,10.);
#1648=VECTOR('',#6541,10.);
#1649=VECTOR('',#6542,10.);
#1650=VECTOR('',#6543,10.);
#1651=VECTOR('',#6544,10.);
#1652=VECTOR('',#6545,10.);
#1653=VECTOR('',#6546,10.);
#1654=VECTOR('',#6547,10.);
#1655=VECTOR('',#6548,10.);
#1656=VECTOR('',#6549,10.);
#1657=VECTOR('',#6550,10.);
#1658=VECTOR('',#6551,10.);
#1659=VECTOR('',#6552,10.);
#1660=VECTOR('',#6553,10.);
#1661=VECTOR('',#6554,10.);
#1662=VECTOR('',#6555,10.);
#1663=VECTOR('',#6556,10.);
#1664=VECTOR('',#6557,10.);
#1665=VECTOR('',#6558,10.);
#1666=VECTOR('',#6559,10.);
#1667=VECTOR('',#6560,10.);
#1668=VECTOR('',#6561,10.);
#1669=VECTOR('',#6562,10.);
#1670=VECTOR('',#6563,10.);
#1671=VECTOR('',#6564,10.);
#1672=VECTOR('',#6565,10.);
#1673=VECTOR('',#6566,10.);
#1674=VECTOR('',#6567,10.);
#1675=VECTOR('',#6568,10.);
#1676=VECTOR('',#6569,10.);
#1677=VECTOR('',#6570,10.);
#1678=VECTOR('',#6571,10.);
#1679=VECTOR('',#6572,10.);
#1680=VECTOR('',#6573,10.);
#1681=VECTOR('',#6574,10.);
#1682=VECTOR('',#6575,10.);
#1683=VECTOR('',#6576,10.);
#1684=VECTOR('',#6577,10.);
#1685=VECTOR('',#6578,10.);
#1686=VECTOR('',#6579,10.);
#1687=VECTOR('',#6580,10.);
#1688=VECTOR('',#6581,10.);
#1689=VECTOR('',#6582,10.);
#1690=VECTOR('',#6583,10.);
#1691=VECTOR('',#6584,10.);
#1692=VECTOR('',#6585,10.);
#1693=VECTOR('',#6586,10.);
#1694=VECTOR('',#6587,10.);
#1695=VECTOR('',#6588,10.);
#1696=VECTOR('',#6589,10.);
#1697=VECTOR('',#6590,10.);
#1698=VECTOR('',#6591,10.);
#1699=VECTOR('',#6592,10.);
#1700=VECTOR('',#6593,10.);
#1701=VECTOR('',#6594,10.);
#1702=VECTOR('',#6595,10.);
#1703=VECTOR('',#6596,10.);
#1704=VECTOR('',#6597,10.);
#1705=VECTOR('',#6598,10.);
#1706=VECTOR('',#6599,10.);
#1707=VECTOR('',#6600,10.);
#1708=VECTOR('',#6601,10.);
#1709=VECTOR('',#6602,10.);
#1710=VECTOR('',#6603,10.);
#1711=VECTOR('',#6604,10.);
#1712=VECTOR('',#6605,10.);
#1713=VECTOR('',#6606,10.);
#1714=VECTOR('',#6607,10.);
#1715=VECTOR('',#6608,10.);
#1716=VECTOR('',#6609,10.);
#1717=VECTOR('',#6610,10.);
#1718=VECTOR('',#6611,10.);
#1719=VECTOR('',#6612,10.);
#1720=VECTOR('',#6613,10.);
#1721=VECTOR('',#6614,10.);
#1722=VECTOR('',#6615,10.);
#1723=VECTOR('',#6616,10.);
#1724=VECTOR('',#6617,10.);
#1725=VECTOR('',#6618,10.);
#1726=VECTOR('',#6619,10.);
#1727=VECTOR('',#6620,10.);
#1728=VECTOR('',#6621,10.);
#1729=VECTOR('',#6622,10.);
#1730=VECTOR('',#6623,10.);
#1731=VECTOR('',#6624,10.);
#1732=VECTOR('',#6625,10.);
#1733=VECTOR('',#6626,10.);
#1734=VECTOR('',#6627,10.);
#1735=VECTOR('',#6628,10.);
#1736=VECTOR('',#6629,10.);
#1737=VECTOR('',#6630,10.);
#1738=VECTOR('',#6633,10.);
#1739=VECTOR('',#6634,10.);
#1740=VECTOR('',#6635,10.);
#1741=VECTOR('',#6638,10.);
#1742=VECTOR('',#6639,10.);
#1743=VECTOR('',#6640,10.);
#1744=VECTOR('',#6643,10.);
#1745=VECTOR('',#6644,10.);
#1746=VECTOR('',#6645,10.);
#1747=VECTOR('',#6648,10.);
#1748=VECTOR('',#6649,10.);
#1749=VECTOR('',#6652,10.);
#1750=VECTOR('',#6653,10.);
#1751=VECTOR('',#6656,10.);
#1752=VECTOR('',#6657,10.);
#1753=VECTOR('',#6660,10.);
#1754=VECTOR('',#6661,10.);
#1755=VECTOR('',#6664,10.);
#1756=VECTOR('',#6665,10.);
#1757=VECTOR('',#6666,10.);
#1758=VECTOR('',#6669,10.);
#1759=VECTOR('',#6670,10.);
#1760=VECTOR('',#6673,10.);
#1761=VECTOR('',#6674,10.);
#1762=VECTOR('',#6677,10.);
#1763=VECTOR('',#6678,10.);
#1764=VECTOR('',#6681,10.);
#1765=VECTOR('',#6682,10.);
#1766=VECTOR('',#6685,10.);
#1767=VECTOR('',#6686,10.);
#1768=VECTOR('',#6687,10.);
#1769=VECTOR('',#6688,10.);
#1770=VECTOR('',#6691,10.);
#1771=VECTOR('',#6692,10.);
#1772=VECTOR('',#6693,10.);
#1773=VECTOR('',#6696,10.);
#1774=VECTOR('',#6697,10.);
#1775=VECTOR('',#6698,10.);
#1776=VECTOR('',#6701,10.);
#1777=VECTOR('',#6702,10.);
#1778=VECTOR('',#6707,10.);
#1779=VECTOR('',#6708,10.);
#1780=VECTOR('',#6709,10.);
#1781=VECTOR('',#6712,10.);
#1782=VECTOR('',#6713,10.);
#1783=VECTOR('',#6716,10.);
#1784=VECTOR('',#6717,10.);
#1785=VECTOR('',#6720,10.);
#1786=VECTOR('',#6721,10.);
#1787=VECTOR('',#6724,10.);
#1788=VECTOR('',#6725,10.);
#1789=VECTOR('',#6728,10.);
#1790=VECTOR('',#6729,10.);
#1791=VECTOR('',#6732,10.);
#1792=VECTOR('',#6733,10.);
#1793=VECTOR('',#6736,10.);
#1794=VECTOR('',#6741,10.);
#1795=VECTOR('',#6742,10.);
#1796=VECTOR('',#6745,10.);
#1797=VECTOR('',#6746,10.);
#1798=VECTOR('',#6749,10.);
#1799=VECTOR('',#6750,10.);
#1800=VECTOR('',#6753,10.);
#1801=VECTOR('',#6754,10.);
#1802=VECTOR('',#6757,10.);
#1803=VECTOR('',#6758,10.);
#1804=VECTOR('',#6761,10.);
#1805=VECTOR('',#6762,10.);
#1806=VECTOR('',#6765,10.);
#1807=VECTOR('',#6766,10.);
#1808=VECTOR('',#6769,10.);
#1809=VECTOR('',#6770,10.);
#1810=VECTOR('',#6773,10.);
#1811=VECTOR('',#6774,10.);
#1812=VECTOR('',#6777,10.);
#1813=VECTOR('',#6778,10.);
#1814=VECTOR('',#6781,10.);
#1815=VECTOR('',#6786,10.);
#1816=VECTOR('',#6787,10.);
#1817=VECTOR('',#6788,10.);
#1818=VECTOR('',#6791,10.);
#1819=VECTOR('',#6792,10.);
#1820=VECTOR('',#6795,10.);
#1821=VECTOR('',#6796,10.);
#1822=VECTOR('',#6799,10.);
#1823=VECTOR('',#6800,10.);
#1824=VECTOR('',#6803,10.);
#1825=VECTOR('',#6804,10.);
#1826=VECTOR('',#6807,10.);
#1827=VECTOR('',#6808,10.);
#1828=VECTOR('',#6811,10.);
#1829=VECTOR('',#6812,10.);
#1830=VECTOR('',#6815,10.);
#1831=VECTOR('',#6820,10.);
#1832=VECTOR('',#6821,10.);
#1833=VECTOR('',#6822,10.);
#1834=VECTOR('',#6823,10.);
#1835=VECTOR('',#6826,10.);
#1836=VECTOR('',#6827,10.);
#1837=VECTOR('',#6828,10.);
#1838=VECTOR('',#6831,10.);
#1839=VECTOR('',#6832,10.);
#1840=VECTOR('',#6833,10.);
#1841=VECTOR('',#6836,10.);
#1842=VECTOR('',#6837,10.);
#1843=VECTOR('',#6842,10.);
#1844=VECTOR('',#6843,10.);
#1845=VECTOR('',#6844,10.);
#1846=VECTOR('',#6845,10.);
#1847=VECTOR('',#6848,10.);
#1848=VECTOR('',#6849,10.);
#1849=VECTOR('',#6850,10.);
#1850=VECTOR('',#6853,10.);
#1851=VECTOR('',#6854,10.);
#1852=VECTOR('',#6855,10.);
#1853=VECTOR('',#6858,10.);
#1854=VECTOR('',#6859,10.);
#1855=VECTOR('',#6864,10.);
#1856=VECTOR('',#6865,10.);
#1857=VECTOR('',#6866,10.);
#1858=VECTOR('',#6869,10.);
#1859=VECTOR('',#6870,10.);
#1860=VECTOR('',#6873,10.);
#1861=VECTOR('',#6874,10.);
#1862=VECTOR('',#6877,10.);
#1863=VECTOR('',#6878,10.);
#1864=VECTOR('',#6881,10.);
#1865=VECTOR('',#6882,10.);
#1866=VECTOR('',#6885,10.);
#1867=VECTOR('',#6886,10.);
#1868=VECTOR('',#6889,10.);
#1869=VECTOR('',#6890,10.);
#1870=VECTOR('',#6893,10.);
#1871=VECTOR('',#6898,10.);
#1872=VECTOR('',#6899,10.);
#1873=VECTOR('',#6900,10.);
#1874=VECTOR('',#6903,10.);
#1875=VECTOR('',#6904,10.);
#1876=VECTOR('',#6907,10.);
#1877=VECTOR('',#6908,10.);
#1878=VECTOR('',#6911,10.);
#1879=VECTOR('',#6912,10.);
#1880=VECTOR('',#6915,10.);
#1881=VECTOR('',#6916,10.);
#1882=VECTOR('',#6919,10.);
#1883=VECTOR('',#6920,10.);
#1884=VECTOR('',#6923,10.);
#1885=VECTOR('',#6924,10.);
#1886=VECTOR('',#6927,10.);
#1887=VECTOR('',#6928,10.);
#1888=VECTOR('',#6931,10.);
#1889=VECTOR('',#6932,10.);
#1890=VECTOR('',#6935,10.);
#1891=VECTOR('',#6936,10.);
#1892=VECTOR('',#6939,10.);
#1893=VECTOR('',#6940,10.);
#1894=VECTOR('',#6943,10.);
#1895=VECTOR('',#6944,10.);
#1896=VECTOR('',#6947,10.);
#1897=VECTOR('',#6948,10.);
#1898=VECTOR('',#6951,10.);
#1899=VECTOR('',#6952,10.);
#1900=VECTOR('',#6955,10.);
#1901=VECTOR('',#6956,10.);
#1902=VECTOR('',#6959,10.);
#1903=VECTOR('',#6960,10.);
#1904=VECTOR('',#6963,10.);
#1905=VECTOR('',#6964,10.);
#1906=VECTOR('',#6967,10.);
#1907=VECTOR('',#6968,10.);
#1908=VECTOR('',#6971,10.);
#1909=VECTOR('',#6972,10.);
#1910=VECTOR('',#6975,10.);
#1911=VECTOR('',#6976,10.);
#1912=VECTOR('',#6979,10.);
#1913=VECTOR('',#6980,10.);
#1914=VECTOR('',#6983,10.);
#1915=VECTOR('',#6984,10.);
#1916=VECTOR('',#6987,10.);
#1917=VECTOR('',#6988,10.);
#1918=VECTOR('',#6991,10.);
#1919=VECTOR('',#6992,10.);
#1920=VECTOR('',#6995,10.);
#1921=VECTOR('',#6996,10.);
#1922=VECTOR('',#6999,10.);
#1923=VECTOR('',#7000,10.);
#1924=VECTOR('',#7003,10.);
#1925=VECTOR('',#7004,10.);
#1926=VECTOR('',#7007,10.);
#1927=VECTOR('',#7008,10.);
#1928=VECTOR('',#7011,10.);
#1929=VECTOR('',#7012,10.);
#1930=VECTOR('',#7015,10.);
#1931=VECTOR('',#7016,10.);
#1932=VECTOR('',#7019,10.);
#1933=VECTOR('',#7020,10.);
#1934=VECTOR('',#7023,10.);
#1935=VECTOR('',#7024,10.);
#1936=VECTOR('',#7027,10.);
#1937=VECTOR('',#7028,10.);
#1938=VECTOR('',#7031,10.);
#1939=VECTOR('',#7032,10.);
#1940=VECTOR('',#7035,10.);
#1941=VECTOR('',#7038,10.);
#1942=VECTOR('',#7039,10.);
#1943=VECTOR('',#7042,10.);
#1944=VECTOR('',#7047,10.);
#1945=VECTOR('',#7048,10.);
#1946=VECTOR('',#7049,10.);
#1947=VECTOR('',#7052,10.);
#1948=VECTOR('',#7053,10.);
#1949=VECTOR('',#7056,10.);
#1950=VECTOR('',#7057,10.);
#1951=VECTOR('',#7060,10.);
#1952=VECTOR('',#7061,10.);
#1953=VECTOR('',#7064,10.);
#1954=VECTOR('',#7065,10.);
#1955=VECTOR('',#7068,10.);
#1956=VECTOR('',#7069,10.);
#1957=VECTOR('',#7072,10.);
#1958=VECTOR('',#7073,10.);
#1959=VECTOR('',#7076,10.);
#1960=VECTOR('',#7081,10.);
#1961=VECTOR('',#7082,10.);
#1962=VECTOR('',#7083,10.);
#1963=VECTOR('',#7084,10.);
#1964=VECTOR('',#7087,10.);
#1965=VECTOR('',#7088,10.);
#1966=VECTOR('',#7089,10.);
#1967=VECTOR('',#7092,10.);
#1968=VECTOR('',#7093,10.);
#1969=VECTOR('',#7094,10.);
#1970=VECTOR('',#7097,10.);
#1971=VECTOR('',#7098,10.);
#1972=VECTOR('',#7103,10.);
#1973=VECTOR('',#7104,10.);
#1974=VECTOR('',#7105,10.);
#1975=VECTOR('',#7106,10.);
#1976=VECTOR('',#7109,10.);
#1977=VECTOR('',#7110,10.);
#1978=VECTOR('',#7111,10.);
#1979=VECTOR('',#7114,10.);
#1980=VECTOR('',#7115,10.);
#1981=VECTOR('',#7116,10.);
#1982=VECTOR('',#7119,10.);
#1983=VECTOR('',#7120,10.);
#1984=VECTOR('',#7121,10.);
#1985=VECTOR('',#7124,10.);
#1986=VECTOR('',#7125,10.);
#1987=VECTOR('',#7126,10.);
#1988=VECTOR('',#7129,10.);
#1989=VECTOR('',#7130,10.);
#1990=VECTOR('',#7131,10.);
#1991=VECTOR('',#7134,10.);
#1992=VECTOR('',#7135,10.);
#1993=VECTOR('',#7136,10.);
#1994=VECTOR('',#7139,10.);
#1995=VECTOR('',#7140,10.);
#1996=VECTOR('',#7141,10.);
#1997=VECTOR('',#7144,10.);
#1998=VECTOR('',#7145,10.);
#1999=VECTOR('',#7146,10.);
#2000=VECTOR('',#7149,10.);
#2001=VECTOR('',#7150,10.);
#2002=VECTOR('',#7153,10.);
#2003=VECTOR('',#7154,10.);
#2004=VECTOR('',#7155,10.);
#2005=VECTOR('',#7156,10.);
#2006=VECTOR('',#7159,10.);
#2007=VECTOR('',#7160,10.);
#2008=VECTOR('',#7161,10.);
#2009=VECTOR('',#7164,10.);
#2010=VECTOR('',#7165,10.);
#2011=VECTOR('',#7166,10.);
#2012=VECTOR('',#7169,10.);
#2013=VECTOR('',#7170,10.);
#2014=VECTOR('',#7171,10.);
#2015=VECTOR('',#7174,10.);
#2016=VECTOR('',#7175,10.);
#2017=VECTOR('',#7176,10.);
#2018=VECTOR('',#7179,10.);
#2019=VECTOR('',#7180,10.);
#2020=VECTOR('',#7183,10.);
#2021=VECTOR('',#7184,10.);
#2022=VECTOR('',#7185,10.);
#2023=VECTOR('',#7186,10.);
#2024=VECTOR('',#7189,10.);
#2025=VECTOR('',#7190,10.);
#2026=VECTOR('',#7191,10.);
#2027=VECTOR('',#7194,10.);
#2028=VECTOR('',#7195,10.);
#2029=VECTOR('',#7196,10.);
#2030=VECTOR('',#7199,10.);
#2031=VECTOR('',#7200,10.);
#2032=VECTOR('',#7201,10.);
#2033=VECTOR('',#7204,10.);
#2034=VECTOR('',#7205,10.);
#2035=VECTOR('',#7206,10.);
#2036=VECTOR('',#7209,10.);
#2037=VECTOR('',#7210,10.);
#2038=VECTOR('',#7213,10.);
#2039=VECTOR('',#7214,10.);
#2040=VECTOR('',#7215,10.);
#2041=VECTOR('',#7216,10.);
#2042=VECTOR('',#7219,10.);
#2043=VECTOR('',#7220,10.);
#2044=VECTOR('',#7221,10.);
#2045=VECTOR('',#7224,10.);
#2046=VECTOR('',#7225,10.);
#2047=VECTOR('',#7226,10.);
#2048=VECTOR('',#7229,10.);
#2049=VECTOR('',#7230,10.);
#2050=VECTOR('',#7231,10.);
#2051=VECTOR('',#7234,10.);
#2052=VECTOR('',#7235,10.);
#2053=VECTOR('',#7236,10.);
#2054=VECTOR('',#7239,10.);
#2055=VECTOR('',#7240,10.);
#2056=VECTOR('',#7241,10.);
#2057=VECTOR('',#7244,10.);
#2058=VECTOR('',#7245,10.);
#2059=VECTOR('',#7246,10.);
#2060=VECTOR('',#7249,10.);
#2061=VECTOR('',#7250,10.);
#2062=VECTOR('',#7253,10.);
#2063=VECTOR('',#7254,10.);
#2064=VECTOR('',#7255,10.);
#2065=VECTOR('',#7256,10.);
#2066=VECTOR('',#7259,10.);
#2067=VECTOR('',#7260,10.);
#2068=VECTOR('',#7261,10.);
#2069=VECTOR('',#7264,10.);
#2070=VECTOR('',#7265,10.);
#2071=VECTOR('',#7266,10.);
#2072=VECTOR('',#7269,10.);
#2073=VECTOR('',#7270,10.);
#2074=VECTOR('',#7271,10.);
#2075=VECTOR('',#7274,10.);
#2076=VECTOR('',#7275,10.);
#2077=VECTOR('',#7276,10.);
#2078=VECTOR('',#7279,10.);
#2079=VECTOR('',#7280,10.);
#2080=VECTOR('',#7281,10.);
#2081=VECTOR('',#7284,10.);
#2082=VECTOR('',#7285,10.);
#2083=VECTOR('',#7288,10.);
#2084=VECTOR('',#7289,10.);
#2085=VECTOR('',#7290,10.);
#2086=VECTOR('',#7291,10.);
#2087=VECTOR('',#7294,10.);
#2088=VECTOR('',#7295,10.);
#2089=VECTOR('',#7296,10.);
#2090=VECTOR('',#7299,10.);
#2091=VECTOR('',#7300,10.);
#2092=VECTOR('',#7301,10.);
#2093=VECTOR('',#7304,10.);
#2094=VECTOR('',#7305,10.);
#2095=VECTOR('',#7306,10.);
#2096=VECTOR('',#7309,10.);
#2097=VECTOR('',#7310,10.);
#2098=VECTOR('',#7311,10.);
#2099=VECTOR('',#7314,10.);
#2100=VECTOR('',#7315,10.);
#2101=VECTOR('',#7316,10.);
#2102=VECTOR('',#7319,10.);
#2103=VECTOR('',#7320,10.);
#2104=VECTOR('',#7321,10.);
#2105=VECTOR('',#7324,10.);
#2106=VECTOR('',#7325,10.);
#2107=VECTOR('',#7326,10.);
#2108=VECTOR('',#7329,10.);
#2109=VECTOR('',#7330,10.);
#2110=VECTOR('',#7331,10.);
#2111=VECTOR('',#7334,10.);
#2112=VECTOR('',#7335,10.);
#2113=VECTOR('',#7336,10.);
#2114=VECTOR('',#7339,10.);
#2115=VECTOR('',#7340,10.);
#2116=VECTOR('',#7341,10.);
#2117=VECTOR('',#7344,10.);
#2118=VECTOR('',#7345,10.);
#2119=VECTOR('',#7348,10.);
#2120=VECTOR('',#7349,10.);
#2121=VECTOR('',#7350,10.);
#2122=VECTOR('',#7351,10.);
#2123=VECTOR('',#7354,10.);
#2124=VECTOR('',#7355,10.);
#2125=VECTOR('',#7356,10.);
#2126=VECTOR('',#7359,10.);
#2127=VECTOR('',#7360,10.);
#2128=VECTOR('',#7361,10.);
#2129=VECTOR('',#7364,10.);
#2130=VECTOR('',#7365,10.);
#2131=VECTOR('',#7366,10.);
#2132=VECTOR('',#7369,10.);
#2133=VECTOR('',#7370,10.);
#2134=VECTOR('',#7371,10.);
#2135=VECTOR('',#7374,10.);
#2136=VECTOR('',#7375,10.);
#2137=VECTOR('',#7378,10.);
#2138=VECTOR('',#7379,10.);
#2139=VECTOR('',#7380,10.);
#2140=VECTOR('',#7381,10.);
#2141=VECTOR('',#7384,10.);
#2142=VECTOR('',#7385,10.);
#2143=VECTOR('',#7386,10.);
#2144=VECTOR('',#7389,10.);
#2145=VECTOR('',#7390,10.);
#2146=VECTOR('',#7391,10.);
#2147=VECTOR('',#7394,10.);
#2148=VECTOR('',#7395,10.);
#2149=VECTOR('',#7396,10.);
#2150=VECTOR('',#7399,10.);
#2151=VECTOR('',#7400,10.);
#2152=VECTOR('',#7401,10.);
#2153=VECTOR('',#7404,10.);
#2154=VECTOR('',#7405,10.);
#2155=VECTOR('',#7408,10.);
#2156=VECTOR('',#7409,10.);
#2157=VECTOR('',#7410,10.);
#2158=VECTOR('',#7411,10.);
#2159=VECTOR('',#7414,10.);
#2160=VECTOR('',#7415,10.);
#2161=VECTOR('',#7416,10.);
#2162=VECTOR('',#7419,10.);
#2163=VECTOR('',#7420,10.);
#2164=VECTOR('',#7421,10.);
#2165=VECTOR('',#7424,10.);
#2166=VECTOR('',#7425,10.);
#2167=VECTOR('',#7426,10.);
#2168=VECTOR('',#7429,10.);
#2169=VECTOR('',#7430,10.);
#2170=VECTOR('',#7431,10.);
#2171=VECTOR('',#7434,10.);
#2172=VECTOR('',#7435,10.);
#2173=VECTOR('',#7436,10.);
#2174=VECTOR('',#7439,10.);
#2175=VECTOR('',#7440,10.);
#2176=VECTOR('',#7441,10.);
#2177=VECTOR('',#7444,10.);
#2178=VECTOR('',#7445,10.);
#2179=VECTOR('',#7446,10.);
#2180=VECTOR('',#7449,10.);
#2181=VECTOR('',#7450,10.);
#2182=VECTOR('',#7451,10.);
#2183=VECTOR('',#7454,10.);
#2184=VECTOR('',#7455,10.);
#2185=VECTOR('',#7456,10.);
#2186=VECTOR('',#7459,10.);
#2187=VECTOR('',#7460,10.);
#2188=VECTOR('',#7463,10.);
#2189=VECTOR('',#7464,10.);
#2190=VECTOR('',#7465,10.);
#2191=VECTOR('',#7466,10.);
#2192=VECTOR('',#7469,10.);
#2193=VECTOR('',#7470,10.);
#2194=VECTOR('',#7471,10.);
#2195=VECTOR('',#7474,10.);
#2196=VECTOR('',#7475,10.);
#2197=VECTOR('',#7476,10.);
#2198=VECTOR('',#7479,10.);
#2199=VECTOR('',#7480,10.);
#2200=VECTOR('',#7481,10.);
#2201=VECTOR('',#7484,10.);
#2202=VECTOR('',#7485,10.);
#2203=VECTOR('',#7486,10.);
#2204=VECTOR('',#7489,10.);
#2205=VECTOR('',#7490,10.);
#2206=VECTOR('',#7491,10.);
#2207=VECTOR('',#7494,10.);
#2208=VECTOR('',#7495,10.);
#2209=VECTOR('',#7496,10.);
#2210=VECTOR('',#7499,10.);
#2211=VECTOR('',#7500,10.);
#2212=VECTOR('',#7501,10.);
#2213=VECTOR('',#7504,10.);
#2214=VECTOR('',#7505,10.);
#2215=VECTOR('',#7506,10.);
#2216=VECTOR('',#7509,10.);
#2217=VECTOR('',#7510,10.);
#2218=VECTOR('',#7511,10.);
#2219=VECTOR('',#7514,10.);
#2220=VECTOR('',#7515,10.);
#2221=VECTOR('',#7516,10.);
#2222=VECTOR('',#7519,10.);
#2223=VECTOR('',#7520,10.);
#2224=VECTOR('',#7521,10.);
#2225=VECTOR('',#7524,10.);
#2226=VECTOR('',#7525,10.);
#2227=VECTOR('',#7526,10.);
#2228=VECTOR('',#7529,10.);
#2229=VECTOR('',#7530,10.);
#2230=VECTOR('',#7531,10.);
#2231=VECTOR('',#7534,10.);
#2232=VECTOR('',#7535,10.);
#2233=VECTOR('',#7536,10.);
#2234=VECTOR('',#7539,10.);
#2235=VECTOR('',#7540,10.);
#2236=VECTOR('',#7541,10.);
#2237=VECTOR('',#7544,10.);
#2238=VECTOR('',#7545,10.);
#2239=VECTOR('',#7548,10.);
#2240=VECTOR('',#7549,10.);
#2241=VECTOR('',#7550,10.);
#2242=VECTOR('',#7553,10.);
#2243=VECTOR('',#7554,10.);
#2244=VECTOR('',#7557,10.);
#2245=VECTOR('',#7558,10.);
#2246=VECTOR('',#7561,10.);
#2247=VECTOR('',#7562,10.);
#2248=VECTOR('',#7565,10.);
#2249=VECTOR('',#7566,10.);
#2250=VECTOR('',#7569,10.);
#2251=VECTOR('',#7570,10.);
#2252=VECTOR('',#7573,10.);
#2253=VECTOR('',#7574,10.);
#2254=VECTOR('',#7577,10.);
#2255=VECTOR('',#7578,10.);
#2256=VECTOR('',#7581,10.);
#2257=VECTOR('',#7582,10.);
#2258=VECTOR('',#7585,10.);
#2259=VECTOR('',#7586,10.);
#2260=VECTOR('',#7589,10.);
#2261=VECTOR('',#7590,10.);
#2262=VECTOR('',#7593,10.);
#2263=VECTOR('',#7594,10.);
#2264=VECTOR('',#7597,10.);
#2265=VECTOR('',#7598,10.);
#2266=VECTOR('',#7601,10.);
#2267=VECTOR('',#7602,10.);
#2268=VECTOR('',#7605,10.);
#2269=VECTOR('',#7606,10.);
#2270=VECTOR('',#7609,10.);
#2271=VECTOR('',#7610,10.);
#2272=VECTOR('',#7613,10.);
#2273=VECTOR('',#7614,10.);
#2274=VECTOR('',#7617,10.);
#2275=VECTOR('',#7618,10.);
#2276=VECTOR('',#7621,10.);
#2277=VECTOR('',#7622,10.);
#2278=VECTOR('',#7625,10.);
#2279=VECTOR('',#7626,10.);
#2280=VECTOR('',#7629,10.);
#2281=VECTOR('',#7630,10.);
#2282=VECTOR('',#7633,10.);
#2283=VECTOR('',#7634,10.);
#2284=VECTOR('',#7637,10.);
#2285=VECTOR('',#7638,10.);
#2286=VECTOR('',#7641,10.);
#2287=VECTOR('',#7642,10.);
#2288=VECTOR('',#7645,10.);
#2289=VECTOR('',#7646,10.);
#2290=VECTOR('',#7649,10.);
#2291=VECTOR('',#7650,10.);
#2292=VECTOR('',#7653,10.);
#2293=VECTOR('',#7654,10.);
#2294=VECTOR('',#7657,10.);
#2295=VECTOR('',#7658,10.);
#2296=VECTOR('',#7661,10.);
#2297=VECTOR('',#7662,10.);
#2298=VECTOR('',#7665,10.);
#2299=VECTOR('',#7666,10.);
#2300=VECTOR('',#7669,10.);
#2301=VECTOR('',#7670,10.);
#2302=VECTOR('',#7673,10.);
#2303=VECTOR('',#7674,10.);
#2304=VECTOR('',#7677,10.);
#2305=VECTOR('',#7678,10.);
#2306=VECTOR('',#7681,10.);
#2307=VECTOR('',#7682,10.);
#2308=VECTOR('',#7685,10.);
#2309=VECTOR('',#7686,10.);
#2310=VECTOR('',#7689,10.);
#2311=VECTOR('',#7690,10.);
#2312=VECTOR('',#7693,10.);
#2313=VECTOR('',#7694,10.);
#2314=VECTOR('',#7697,10.);
#2315=VECTOR('',#7698,10.);
#2316=VECTOR('',#7701,10.);
#2317=VECTOR('',#7702,10.);
#2318=VECTOR('',#7705,10.);
#2319=VECTOR('',#7706,10.);
#2320=VECTOR('',#7709,10.);
#2321=VECTOR('',#7710,10.);
#2322=VECTOR('',#7713,10.);
#2323=VECTOR('',#7736,10.);
#2324=VECTOR('',#7737,10.);
#2325=VECTOR('',#7740,10.);
#2326=VECTOR('',#7749,10.);
#2327=VECTOR('',#7752,10.);
#2328=VERTEX_POINT('',#7761);
#2329=VERTEX_POINT('',#7762);
#2330=VERTEX_POINT('',#7764);
#2331=VERTEX_POINT('',#7766);
#2332=VERTEX_POINT('',#7768);
#2333=VERTEX_POINT('',#7770);
#2334=VERTEX_POINT('',#7774);
#2335=VERTEX_POINT('',#7776);
#2336=VERTEX_POINT('',#7780);
#2337=VERTEX_POINT('',#7784);
#2338=VERTEX_POINT('',#7788);
#2339=VERTEX_POINT('',#7790);
#2340=VERTEX_POINT('',#7792);
#2341=VERTEX_POINT('',#7794);
#2342=VERTEX_POINT('',#7796);
#2343=VERTEX_POINT('',#7800);
#2344=VERTEX_POINT('',#7801);
#2345=VERTEX_POINT('',#7803);
#2346=VERTEX_POINT('',#7805);
#2347=VERTEX_POINT('',#7807);
#2348=VERTEX_POINT('',#7809);
#2349=VERTEX_POINT('',#7811);
#2350=VERTEX_POINT('',#7813);
#2351=VERTEX_POINT('',#7815);
#2352=VERTEX_POINT('',#7817);
#2353=VERTEX_POINT('',#7819);
#2354=VERTEX_POINT('',#7821);
#2355=VERTEX_POINT('',#7824);
#2356=VERTEX_POINT('',#7826);
#2357=VERTEX_POINT('',#7828);
#2358=VERTEX_POINT('',#7830);
#2359=VERTEX_POINT('',#7832);
#2360=VERTEX_POINT('',#7834);
#2361=VERTEX_POINT('',#7836);
#2362=VERTEX_POINT('',#7838);
#2363=VERTEX_POINT('',#7842);
#2364=VERTEX_POINT('',#7846);
#2365=VERTEX_POINT('',#7848);
#2366=VERTEX_POINT('',#7850);
#2367=VERTEX_POINT('',#7856);
#2368=VERTEX_POINT('',#7858);
#2369=VERTEX_POINT('',#7860);
#2370=VERTEX_POINT('',#7863);
#2371=VERTEX_POINT('',#7865);
#2372=VERTEX_POINT('',#7868);
#2373=VERTEX_POINT('',#7873);
#2374=VERTEX_POINT('',#7880);
#2375=VERTEX_POINT('',#7884);
#2376=VERTEX_POINT('',#7889);
#2377=VERTEX_POINT('',#7890);
#2378=VERTEX_POINT('',#7892);
#2379=VERTEX_POINT('',#7894);
#2380=VERTEX_POINT('',#7896);
#2381=VERTEX_POINT('',#7900);
#2382=VERTEX_POINT('',#7902);
#2383=VERTEX_POINT('',#7907);
#2384=VERTEX_POINT('',#7908);
#2385=VERTEX_POINT('',#7910);
#2386=VERTEX_POINT('',#7912);
#2387=VERTEX_POINT('',#7916);
#2388=VERTEX_POINT('',#7918);
#2389=VERTEX_POINT('',#7922);
#2390=VERTEX_POINT('',#7924);
#2391=VERTEX_POINT('',#7931);
#2392=VERTEX_POINT('',#7935);
#2393=VERTEX_POINT('',#7937);
#2394=VERTEX_POINT('',#7941);
#2395=VERTEX_POINT('',#7943);
#2396=VERTEX_POINT('',#7947);
#2397=VERTEX_POINT('',#7949);
#2398=VERTEX_POINT('',#7953);
#2399=VERTEX_POINT('',#7955);
#2400=VERTEX_POINT('',#7959);
#2401=VERTEX_POINT('',#7961);
#2402=VERTEX_POINT('',#7981);
#2403=VERTEX_POINT('',#7982);
#2404=VERTEX_POINT('',#7984);
#2405=VERTEX_POINT('',#7986);
#2406=VERTEX_POINT('',#7988);
#2407=VERTEX_POINT('',#7990);
#2408=VERTEX_POINT('',#7992);
#2409=VERTEX_POINT('',#7994);
#2410=VERTEX_POINT('',#7996);
#2411=VERTEX_POINT('',#7998);
#2412=VERTEX_POINT('',#8000);
#2413=VERTEX_POINT('',#8002);
#2414=VERTEX_POINT('',#8005);
#2415=VERTEX_POINT('',#8006);
#2416=VERTEX_POINT('',#8008);
#2417=VERTEX_POINT('',#8010);
#2418=VERTEX_POINT('',#8012);
#2419=VERTEX_POINT('',#8014);
#2420=VERTEX_POINT('',#8016);
#2421=VERTEX_POINT('',#8018);
#2422=VERTEX_POINT('',#8020);
#2423=VERTEX_POINT('',#8022);
#2424=VERTEX_POINT('',#8024);
#2425=VERTEX_POINT('',#8026);
#2426=VERTEX_POINT('',#8028);
#2427=VERTEX_POINT('',#8030);
#2428=VERTEX_POINT('',#8032);
#2429=VERTEX_POINT('',#8034);
#2430=VERTEX_POINT('',#8036);
#2431=VERTEX_POINT('',#8038);
#2432=VERTEX_POINT('',#8040);
#2433=VERTEX_POINT('',#8042);
#2434=VERTEX_POINT('',#8044);
#2435=VERTEX_POINT('',#8046);
#2436=VERTEX_POINT('',#8048);
#2437=VERTEX_POINT('',#8050);
#2438=VERTEX_POINT('',#8052);
#2439=VERTEX_POINT('',#8054);
#2440=VERTEX_POINT('',#8056);
#2441=VERTEX_POINT('',#8058);
#2442=VERTEX_POINT('',#8060);
#2443=VERTEX_POINT('',#8062);
#2444=VERTEX_POINT('',#8064);
#2445=VERTEX_POINT('',#8066);
#2446=VERTEX_POINT('',#8068);
#2447=VERTEX_POINT('',#8070);
#2448=VERTEX_POINT('',#8072);
#2449=VERTEX_POINT('',#8074);
#2450=VERTEX_POINT('',#8076);
#2451=VERTEX_POINT('',#8078);
#2452=VERTEX_POINT('',#8080);
#2453=VERTEX_POINT('',#8082);
#2454=VERTEX_POINT('',#8084);
#2455=VERTEX_POINT('',#8086);
#2456=VERTEX_POINT('',#8089);
#2457=VERTEX_POINT('',#8090);
#2458=VERTEX_POINT('',#8092);
#2459=VERTEX_POINT('',#8094);
#2460=VERTEX_POINT('',#8096);
#2461=VERTEX_POINT('',#8098);
#2462=VERTEX_POINT('',#8100);
#2463=VERTEX_POINT('',#8102);
#2464=VERTEX_POINT('',#8105);
#2465=VERTEX_POINT('',#8106);
#2466=VERTEX_POINT('',#8108);
#2467=VERTEX_POINT('',#8110);
#2468=VERTEX_POINT('',#8112);
#2469=VERTEX_POINT('',#8114);
#2470=VERTEX_POINT('',#8116);
#2471=VERTEX_POINT('',#8118);
#2472=VERTEX_POINT('',#8121);
#2473=VERTEX_POINT('',#8122);
#2474=VERTEX_POINT('',#8124);
#2475=VERTEX_POINT('',#8126);
#2476=VERTEX_POINT('',#8128);
#2477=VERTEX_POINT('',#8130);
#2478=VERTEX_POINT('',#8132);
#2479=VERTEX_POINT('',#8134);
#2480=VERTEX_POINT('',#8137);
#2481=VERTEX_POINT('',#8138);
#2482=VERTEX_POINT('',#8140);
#2483=VERTEX_POINT('',#8142);
#2484=VERTEX_POINT('',#8144);
#2485=VERTEX_POINT('',#8146);
#2486=VERTEX_POINT('',#8148);
#2487=VERTEX_POINT('',#8150);
#2488=VERTEX_POINT('',#8153);
#2489=VERTEX_POINT('',#8154);
#2490=VERTEX_POINT('',#8156);
#2491=VERTEX_POINT('',#8158);
#2492=VERTEX_POINT('',#8160);
#2493=VERTEX_POINT('',#8162);
#2494=VERTEX_POINT('',#8164);
#2495=VERTEX_POINT('',#8166);
#2496=VERTEX_POINT('',#8168);
#2497=VERTEX_POINT('',#8170);
#2498=VERTEX_POINT('',#8172);
#2499=VERTEX_POINT('',#8174);
#2500=VERTEX_POINT('',#8176);
#2501=VERTEX_POINT('',#8178);
#2502=VERTEX_POINT('',#8180);
#2503=VERTEX_POINT('',#8182);
#2504=VERTEX_POINT('',#8184);
#2505=VERTEX_POINT('',#8186);
#2506=VERTEX_POINT('',#8188);
#2507=VERTEX_POINT('',#8190);
#2508=VERTEX_POINT('',#8192);
#2509=VERTEX_POINT('',#8194);
#2510=VERTEX_POINT('',#8196);
#2511=VERTEX_POINT('',#8198);
#2512=VERTEX_POINT('',#8200);
#2513=VERTEX_POINT('',#8202);
#2514=VERTEX_POINT('',#8204);
#2515=VERTEX_POINT('',#8206);
#2516=VERTEX_POINT('',#8208);
#2517=VERTEX_POINT('',#8210);
#2518=VERTEX_POINT('',#8212);
#2519=VERTEX_POINT('',#8214);
#2520=VERTEX_POINT('',#8216);
#2521=VERTEX_POINT('',#8218);
#2522=VERTEX_POINT('',#8220);
#2523=VERTEX_POINT('',#8222);
#2524=VERTEX_POINT('',#8224);
#2525=VERTEX_POINT('',#8226);
#2526=VERTEX_POINT('',#8228);
#2527=VERTEX_POINT('',#8230);
#2528=VERTEX_POINT('',#8232);
#2529=VERTEX_POINT('',#8234);
#2530=VERTEX_POINT('',#8238);
#2531=VERTEX_POINT('',#8240);
#2532=VERTEX_POINT('',#8244);
#2533=VERTEX_POINT('',#8246);
#2534=VERTEX_POINT('',#8250);
#2535=VERTEX_POINT('',#8251);
#2536=VERTEX_POINT('',#8256);
#2537=VERTEX_POINT('',#8260);
#2538=VERTEX_POINT('',#8264);
#2539=VERTEX_POINT('',#8268);
#2540=VERTEX_POINT('',#8272);
#2541=VERTEX_POINT('',#8274);
#2542=VERTEX_POINT('',#8278);
#2543=VERTEX_POINT('',#8282);
#2544=VERTEX_POINT('',#8286);
#2545=VERTEX_POINT('',#8290);
#2546=VERTEX_POINT('',#8294);
#2547=VERTEX_POINT('',#8295);
#2548=VERTEX_POINT('',#8297);
#2549=VERTEX_POINT('',#8299);
#2550=VERTEX_POINT('',#8303);
#2551=VERTEX_POINT('',#8305);
#2552=VERTEX_POINT('',#8309);
#2553=VERTEX_POINT('',#8311);
#2554=VERTEX_POINT('',#8319);
#2555=VERTEX_POINT('',#8321);
#2556=VERTEX_POINT('',#8325);
#2557=VERTEX_POINT('',#8329);
#2558=VERTEX_POINT('',#8333);
#2559=VERTEX_POINT('',#8337);
#2560=VERTEX_POINT('',#8341);
#2561=VERTEX_POINT('',#8345);
#2562=VERTEX_POINT('',#8352);
#2563=VERTEX_POINT('',#8356);
#2564=VERTEX_POINT('',#8360);
#2565=VERTEX_POINT('',#8364);
#2566=VERTEX_POINT('',#8368);
#2567=VERTEX_POINT('',#8372);
#2568=VERTEX_POINT('',#8376);
#2569=VERTEX_POINT('',#8380);
#2570=VERTEX_POINT('',#8384);
#2571=VERTEX_POINT('',#8388);
#2572=VERTEX_POINT('',#8395);
#2573=VERTEX_POINT('',#8397);
#2574=VERTEX_POINT('',#8401);
#2575=VERTEX_POINT('',#8405);
#2576=VERTEX_POINT('',#8409);
#2577=VERTEX_POINT('',#8413);
#2578=VERTEX_POINT('',#8417);
#2579=VERTEX_POINT('',#8421);
#2580=VERTEX_POINT('',#8428);
#2581=VERTEX_POINT('',#8429);
#2582=VERTEX_POINT('',#8431);
#2583=VERTEX_POINT('',#8433);
#2584=VERTEX_POINT('',#8437);
#2585=VERTEX_POINT('',#8439);
#2586=VERTEX_POINT('',#8443);
#2587=VERTEX_POINT('',#8445);
#2588=VERTEX_POINT('',#8453);
#2589=VERTEX_POINT('',#8454);
#2590=VERTEX_POINT('',#8456);
#2591=VERTEX_POINT('',#8458);
#2592=VERTEX_POINT('',#8462);
#2593=VERTEX_POINT('',#8464);
#2594=VERTEX_POINT('',#8468);
#2595=VERTEX_POINT('',#8470);
#2596=VERTEX_POINT('',#8478);
#2597=VERTEX_POINT('',#8480);
#2598=VERTEX_POINT('',#8484);
#2599=VERTEX_POINT('',#8488);
#2600=VERTEX_POINT('',#8492);
#2601=VERTEX_POINT('',#8496);
#2602=VERTEX_POINT('',#8500);
#2603=VERTEX_POINT('',#8504);
#2604=VERTEX_POINT('',#8511);
#2605=VERTEX_POINT('',#8513);
#2606=VERTEX_POINT('',#8517);
#2607=VERTEX_POINT('',#8521);
#2608=VERTEX_POINT('',#8525);
#2609=VERTEX_POINT('',#8529);
#2610=VERTEX_POINT('',#8533);
#2611=VERTEX_POINT('',#8537);
#2612=VERTEX_POINT('',#8541);
#2613=VERTEX_POINT('',#8545);
#2614=VERTEX_POINT('',#8549);
#2615=VERTEX_POINT('',#8553);
#2616=VERTEX_POINT('',#8557);
#2617=VERTEX_POINT('',#8561);
#2618=VERTEX_POINT('',#8565);
#2619=VERTEX_POINT('',#8569);
#2620=VERTEX_POINT('',#8573);
#2621=VERTEX_POINT('',#8577);
#2622=VERTEX_POINT('',#8581);
#2623=VERTEX_POINT('',#8585);
#2624=VERTEX_POINT('',#8589);
#2625=VERTEX_POINT('',#8593);
#2626=VERTEX_POINT('',#8597);
#2627=VERTEX_POINT('',#8601);
#2628=VERTEX_POINT('',#8605);
#2629=VERTEX_POINT('',#8609);
#2630=VERTEX_POINT('',#8613);
#2631=VERTEX_POINT('',#8617);
#2632=VERTEX_POINT('',#8621);
#2633=VERTEX_POINT('',#8625);
#2634=VERTEX_POINT('',#8629);
#2635=VERTEX_POINT('',#8633);
#2636=VERTEX_POINT('',#8637);
#2637=VERTEX_POINT('',#8641);
#2638=VERTEX_POINT('',#8645);
#2639=VERTEX_POINT('',#8651);
#2640=VERTEX_POINT('',#8658);
#2641=VERTEX_POINT('',#8660);
#2642=VERTEX_POINT('',#8664);
#2643=VERTEX_POINT('',#8668);
#2644=VERTEX_POINT('',#8672);
#2645=VERTEX_POINT('',#8676);
#2646=VERTEX_POINT('',#8680);
#2647=VERTEX_POINT('',#8684);
#2648=VERTEX_POINT('',#8691);
#2649=VERTEX_POINT('',#8692);
#2650=VERTEX_POINT('',#8694);
#2651=VERTEX_POINT('',#8696);
#2652=VERTEX_POINT('',#8700);
#2653=VERTEX_POINT('',#8702);
#2654=VERTEX_POINT('',#8706);
#2655=VERTEX_POINT('',#8708);
#2656=VERTEX_POINT('',#8716);
#2657=VERTEX_POINT('',#8717);
#2658=VERTEX_POINT('',#8719);
#2659=VERTEX_POINT('',#8721);
#2660=VERTEX_POINT('',#8725);
#2661=VERTEX_POINT('',#8727);
#2662=VERTEX_POINT('',#8731);
#2663=VERTEX_POINT('',#8733);
#2664=VERTEX_POINT('',#8737);
#2665=VERTEX_POINT('',#8739);
#2666=VERTEX_POINT('',#8743);
#2667=VERTEX_POINT('',#8745);
#2668=VERTEX_POINT('',#8749);
#2669=VERTEX_POINT('',#8751);
#2670=VERTEX_POINT('',#8755);
#2671=VERTEX_POINT('',#8757);
#2672=VERTEX_POINT('',#8761);
#2673=VERTEX_POINT('',#8763);
#2674=VERTEX_POINT('',#8767);
#2675=VERTEX_POINT('',#8769);
#2676=VERTEX_POINT('',#8776);
#2677=VERTEX_POINT('',#8777);
#2678=VERTEX_POINT('',#8779);
#2679=VERTEX_POINT('',#8781);
#2680=VERTEX_POINT('',#8785);
#2681=VERTEX_POINT('',#8787);
#2682=VERTEX_POINT('',#8791);
#2683=VERTEX_POINT('',#8793);
#2684=VERTEX_POINT('',#8797);
#2685=VERTEX_POINT('',#8799);
#2686=VERTEX_POINT('',#8803);
#2687=VERTEX_POINT('',#8805);
#2688=VERTEX_POINT('',#8812);
#2689=VERTEX_POINT('',#8813);
#2690=VERTEX_POINT('',#8815);
#2691=VERTEX_POINT('',#8817);
#2692=VERTEX_POINT('',#8821);
#2693=VERTEX_POINT('',#8823);
#2694=VERTEX_POINT('',#8827);
#2695=VERTEX_POINT('',#8829);
#2696=VERTEX_POINT('',#8833);
#2697=VERTEX_POINT('',#8835);
#2698=VERTEX_POINT('',#8839);
#2699=VERTEX_POINT('',#8841);
#2700=VERTEX_POINT('',#8848);
#2701=VERTEX_POINT('',#8849);
#2702=VERTEX_POINT('',#8851);
#2703=VERTEX_POINT('',#8853);
#2704=VERTEX_POINT('',#8857);
#2705=VERTEX_POINT('',#8859);
#2706=VERTEX_POINT('',#8863);
#2707=VERTEX_POINT('',#8865);
#2708=VERTEX_POINT('',#8869);
#2709=VERTEX_POINT('',#8871);
#2710=VERTEX_POINT('',#8875);
#2711=VERTEX_POINT('',#8877);
#2712=VERTEX_POINT('',#8881);
#2713=VERTEX_POINT('',#8883);
#2714=VERTEX_POINT('',#8887);
#2715=VERTEX_POINT('',#8889);
#2716=VERTEX_POINT('',#8896);
#2717=VERTEX_POINT('',#8897);
#2718=VERTEX_POINT('',#8899);
#2719=VERTEX_POINT('',#8901);
#2720=VERTEX_POINT('',#8905);
#2721=VERTEX_POINT('',#8907);
#2722=VERTEX_POINT('',#8911);
#2723=VERTEX_POINT('',#8913);
#2724=VERTEX_POINT('',#8917);
#2725=VERTEX_POINT('',#8919);
#2726=VERTEX_POINT('',#8923);
#2727=VERTEX_POINT('',#8925);
#2728=VERTEX_POINT('',#8929);
#2729=VERTEX_POINT('',#8931);
#2730=VERTEX_POINT('',#8938);
#2731=VERTEX_POINT('',#8939);
#2732=VERTEX_POINT('',#8941);
#2733=VERTEX_POINT('',#8943);
#2734=VERTEX_POINT('',#8947);
#2735=VERTEX_POINT('',#8949);
#2736=VERTEX_POINT('',#8953);
#2737=VERTEX_POINT('',#8955);
#2738=VERTEX_POINT('',#8959);
#2739=VERTEX_POINT('',#8961);
#2740=VERTEX_POINT('',#8965);
#2741=VERTEX_POINT('',#8967);
#2742=VERTEX_POINT('',#8971);
#2743=VERTEX_POINT('',#8973);
#2744=VERTEX_POINT('',#8977);
#2745=VERTEX_POINT('',#8979);
#2746=VERTEX_POINT('',#8983);
#2747=VERTEX_POINT('',#8985);
#2748=VERTEX_POINT('',#8989);
#2749=VERTEX_POINT('',#8991);
#2750=VERTEX_POINT('',#8995);
#2751=VERTEX_POINT('',#8997);
#2752=VERTEX_POINT('',#9001);
#2753=VERTEX_POINT('',#9003);
#2754=VERTEX_POINT('',#9010);
#2755=VERTEX_POINT('',#9011);
#2756=VERTEX_POINT('',#9013);
#2757=VERTEX_POINT('',#9015);
#2758=VERTEX_POINT('',#9019);
#2759=VERTEX_POINT('',#9021);
#2760=VERTEX_POINT('',#9025);
#2761=VERTEX_POINT('',#9027);
#2762=VERTEX_POINT('',#9031);
#2763=VERTEX_POINT('',#9033);
#2764=VERTEX_POINT('',#9037);
#2765=VERTEX_POINT('',#9039);
#2766=VERTEX_POINT('',#9046);
#2767=VERTEX_POINT('',#9047);
#2768=VERTEX_POINT('',#9049);
#2769=VERTEX_POINT('',#9051);
#2770=VERTEX_POINT('',#9055);
#2771=VERTEX_POINT('',#9057);
#2772=VERTEX_POINT('',#9061);
#2773=VERTEX_POINT('',#9063);
#2774=VERTEX_POINT('',#9067);
#2775=VERTEX_POINT('',#9069);
#2776=VERTEX_POINT('',#9073);
#2777=VERTEX_POINT('',#9075);
#2778=VERTEX_POINT('',#9082);
#2779=VERTEX_POINT('',#9083);
#2780=VERTEX_POINT('',#9085);
#2781=VERTEX_POINT('',#9087);
#2782=VERTEX_POINT('',#9091);
#2783=VERTEX_POINT('',#9093);
#2784=VERTEX_POINT('',#9097);
#2785=VERTEX_POINT('',#9099);
#2786=VERTEX_POINT('',#9103);
#2787=VERTEX_POINT('',#9105);
#2788=VERTEX_POINT('',#9109);
#2789=VERTEX_POINT('',#9111);
#2790=VERTEX_POINT('',#9115);
#2791=VERTEX_POINT('',#9117);
#2792=VERTEX_POINT('',#9121);
#2793=VERTEX_POINT('',#9123);
#2794=VERTEX_POINT('',#9127);
#2795=VERTEX_POINT('',#9129);
#2796=VERTEX_POINT('',#9133);
#2797=VERTEX_POINT('',#9135);
#2798=VERTEX_POINT('',#9139);
#2799=VERTEX_POINT('',#9141);
#2800=VERTEX_POINT('',#9148);
#2801=VERTEX_POINT('',#9149);
#2802=VERTEX_POINT('',#9151);
#2803=VERTEX_POINT('',#9153);
#2804=VERTEX_POINT('',#9157);
#2805=VERTEX_POINT('',#9159);
#2806=VERTEX_POINT('',#9163);
#2807=VERTEX_POINT('',#9165);
#2808=VERTEX_POINT('',#9169);
#2809=VERTEX_POINT('',#9171);
#2810=VERTEX_POINT('',#9175);
#2811=VERTEX_POINT('',#9177);
#2812=VERTEX_POINT('',#9181);
#2813=VERTEX_POINT('',#9183);
#2814=VERTEX_POINT('',#9187);
#2815=VERTEX_POINT('',#9189);
#2816=VERTEX_POINT('',#9193);
#2817=VERTEX_POINT('',#9195);
#2818=VERTEX_POINT('',#9199);
#2819=VERTEX_POINT('',#9201);
#2820=VERTEX_POINT('',#9205);
#2821=VERTEX_POINT('',#9207);
#2822=VERTEX_POINT('',#9211);
#2823=VERTEX_POINT('',#9213);
#2824=VERTEX_POINT('',#9217);
#2825=VERTEX_POINT('',#9219);
#2826=VERTEX_POINT('',#9223);
#2827=VERTEX_POINT('',#9225);
#2828=VERTEX_POINT('',#9229);
#2829=VERTEX_POINT('',#9231);
#2830=VERTEX_POINT('',#9235);
#2831=VERTEX_POINT('',#9237);
#2832=VERTEX_POINT('',#9241);
#2833=VERTEX_POINT('',#9243);
#2834=VERTEX_POINT('',#9250);
#2835=VERTEX_POINT('',#9252);
#2836=VERTEX_POINT('',#9256);
#2837=VERTEX_POINT('',#9260);
#2838=VERTEX_POINT('',#9264);
#2839=VERTEX_POINT('',#9268);
#2840=VERTEX_POINT('',#9272);
#2841=VERTEX_POINT('',#9276);
#2842=VERTEX_POINT('',#9280);
#2843=VERTEX_POINT('',#9284);
#2844=VERTEX_POINT('',#9288);
#2845=VERTEX_POINT('',#9292);
#2846=VERTEX_POINT('',#9296);
#2847=VERTEX_POINT('',#9300);
#2848=VERTEX_POINT('',#9304);
#2849=VERTEX_POINT('',#9308);
#2850=VERTEX_POINT('',#9312);
#2851=VERTEX_POINT('',#9316);
#2852=VERTEX_POINT('',#9320);
#2853=VERTEX_POINT('',#9324);
#2854=VERTEX_POINT('',#9328);
#2855=VERTEX_POINT('',#9332);
#2856=VERTEX_POINT('',#9336);
#2857=VERTEX_POINT('',#9340);
#2858=VERTEX_POINT('',#9344);
#2859=VERTEX_POINT('',#9348);
#2860=VERTEX_POINT('',#9352);
#2861=VERTEX_POINT('',#9356);
#2862=VERTEX_POINT('',#9360);
#2863=VERTEX_POINT('',#9364);
#2864=VERTEX_POINT('',#9368);
#2865=VERTEX_POINT('',#9372);
#2866=VERTEX_POINT('',#9376);
#2867=VERTEX_POINT('',#9380);
#2868=VERTEX_POINT('',#9384);
#2869=VERTEX_POINT('',#9388);
#2870=VERTEX_POINT('',#9392);
#2871=VERTEX_POINT('',#9396);
#2872=VERTEX_POINT('',#9400);
#2873=VERTEX_POINT('',#9404);
#2874=VERTEX_POINT('',#9408);
#2875=VERTEX_POINT('',#9412);
#2876=EDGE_CURVE('',#2328,#2329,#700,.T.);
#2877=EDGE_CURVE('',#2329,#2330,#701,.T.);
#2878=EDGE_CURVE('',#2330,#2331,#702,.T.);
#2879=EDGE_CURVE('',#2331,#2332,#703,.T.);
#2880=EDGE_CURVE('',#2332,#2333,#704,.T.);
#2881=EDGE_CURVE('',#2333,#2328,#705,.T.);
#2882=EDGE_CURVE('',#2334,#2330,#706,.T.);
#2883=EDGE_CURVE('',#2335,#2334,#707,.T.);
#2884=EDGE_CURVE('',#2335,#2331,#708,.T.);
#2885=EDGE_CURVE('',#2336,#2329,#709,.T.);
#2886=EDGE_CURVE('',#2334,#2336,#710,.T.);
#2887=EDGE_CURVE('',#2337,#2328,#711,.T.);
#2888=EDGE_CURVE('',#2336,#2337,#712,.T.);
#2889=EDGE_CURVE('',#2338,#2338,#43,.T.);
#2890=EDGE_CURVE('',#2338,#2339,#713,.T.);
#2891=EDGE_CURVE('',#2340,#2339,#714,.T.);
#2892=EDGE_CURVE('',#2341,#2340,#44,.T.);
#2893=EDGE_CURVE('',#2342,#2341,#715,.T.);
#2894=EDGE_CURVE('',#2339,#2342,#45,.T.);
#2895=EDGE_CURVE('',#2343,#2344,#716,.T.);
#2896=EDGE_CURVE('',#2344,#2345,#717,.T.);
#2897=EDGE_CURVE('',#2346,#2345,#718,.F.);
#2898=EDGE_CURVE('',#2346,#2347,#719,.T.);
#2899=EDGE_CURVE('',#2348,#2347,#720,.F.);
#2900=EDGE_CURVE('',#2348,#2349,#721,.T.);
#2901=EDGE_CURVE('',#2350,#2349,#722,.T.);
#2902=EDGE_CURVE('',#2350,#2351,#723,.T.);
#2903=EDGE_CURVE('',#2352,#2351,#724,.F.);
#2904=EDGE_CURVE('',#2352,#2353,#725,.T.);
#2905=EDGE_CURVE('',#2353,#2354,#726,.T.);
#2906=EDGE_CURVE('',#2354,#2343,#727,.T.);
#2907=EDGE_CURVE('',#2340,#2355,#728,.T.);
#2908=EDGE_CURVE('',#2355,#2356,#46,.T.);
#2909=EDGE_CURVE('',#2356,#2357,#47,.T.);
#2910=EDGE_CURVE('',#2357,#2358,#729,.T.);
#2911=EDGE_CURVE('',#2358,#2359,#48,.T.);
#2912=EDGE_CURVE('',#2359,#2360,#49,.T.);
#2913=EDGE_CURVE('',#2360,#2361,#730,.T.);
#2914=EDGE_CURVE('',#2361,#2362,#50,.T.);
#2915=EDGE_CURVE('',#2362,#2341,#731,.T.);
#2916=EDGE_CURVE('',#2363,#2339,#732,.T.);
#2917=EDGE_CURVE('',#2363,#2355,#733,.T.);
#2918=EDGE_CURVE('',#2364,#2364,#51,.T.);
#2919=EDGE_CURVE('',#2364,#2365,#734,.T.);
#2920=EDGE_CURVE('',#2366,#2365,#52,.T.);
#2921=EDGE_CURVE('',#2362,#2366,#735,.T.);
#2922=EDGE_CURVE('',#2365,#2361,#736,.T.);
#2923=EDGE_CURVE('',#2342,#2366,#737,.T.);
#2924=EDGE_CURVE('',#2365,#2367,#738,.T.);
#2925=EDGE_CURVE('',#2367,#2368,#53,.T.);
#2926=EDGE_CURVE('',#2368,#2369,#739,.T.);
#2927=EDGE_CURVE('',#2369,#2363,#54,.T.);
#2928=EDGE_CURVE('',#2337,#2370,#740,.T.);
#2929=EDGE_CURVE('',#2370,#2371,#741,.T.);
#2930=EDGE_CURVE('',#2371,#2335,#742,.T.);
#2931=EDGE_CURVE('',#2372,#2372,#55,.T.);
#2932=EDGE_CURVE('',#2360,#2367,#743,.T.);
#2933=EDGE_CURVE('',#2373,#2373,#56,.T.);
#2934=EDGE_CURVE('',#2373,#2359,#744,.T.);
#2935=EDGE_CURVE('',#2368,#2358,#745,.T.);
#2936=EDGE_CURVE('',#2357,#2369,#746,.T.);
#2937=EDGE_CURVE('',#2374,#2374,#57,.T.);
#2938=EDGE_CURVE('',#2374,#2356,#747,.T.);
#2939=EDGE_CURVE('',#2372,#2375,#748,.T.);
#2940=EDGE_CURVE('',#2375,#2375,#58,.T.);
#2941=EDGE_CURVE('',#2376,#2377,#749,.T.);
#2942=EDGE_CURVE('',#2376,#2378,#750,.T.);
#2943=EDGE_CURVE('',#2379,#2378,#751,.T.);
#2944=EDGE_CURVE('',#2379,#2380,#752,.T.);
#2945=EDGE_CURVE('',#2380,#2377,#753,.F.);
#2946=EDGE_CURVE('',#2381,#2377,#754,.T.);
#2947=EDGE_CURVE('',#2382,#2381,#755,.T.);
#2948=EDGE_CURVE('',#2382,#2350,#756,.T.);
#2949=EDGE_CURVE('',#2349,#2376,#757,.T.);
#2950=EDGE_CURVE('',#2383,#2384,#758,.T.);
#2951=EDGE_CURVE('',#2384,#2385,#759,.T.);
#2952=EDGE_CURVE('',#2385,#2386,#760,.T.);
#2953=EDGE_CURVE('',#2383,#2386,#761,.T.);
#2954=EDGE_CURVE('',#2384,#2387,#762,.T.);
#2955=EDGE_CURVE('',#2387,#2388,#763,.T.);
#2956=EDGE_CURVE('',#2388,#2385,#764,.T.);
#2957=EDGE_CURVE('',#2387,#2389,#765,.T.);
#2958=EDGE_CURVE('',#2389,#2390,#766,.T.);
#2959=EDGE_CURVE('',#2390,#2388,#767,.T.);
#2960=EDGE_CURVE('',#2389,#2379,#768,.T.);
#2961=EDGE_CURVE('',#2378,#2390,#769,.T.);
#2962=EDGE_CURVE('',#2380,#2391,#770,.T.);
#2963=EDGE_CURVE('',#2391,#2381,#771,.T.);
#2964=EDGE_CURVE('',#2391,#2392,#772,.T.);
#2965=EDGE_CURVE('',#2392,#2393,#773,.T.);
#2966=EDGE_CURVE('',#2393,#2382,#774,.T.);
#2967=EDGE_CURVE('',#2394,#2393,#775,.T.);
#2968=EDGE_CURVE('',#2392,#2395,#776,.T.);
#2969=EDGE_CURVE('',#2395,#2394,#777,.T.);
#2970=EDGE_CURVE('',#2396,#2394,#778,.T.);
#2971=EDGE_CURVE('',#2395,#2397,#779,.T.);
#2972=EDGE_CURVE('',#2397,#2396,#780,.T.);
#2973=EDGE_CURVE('',#2398,#2396,#781,.T.);
#2974=EDGE_CURVE('',#2397,#2399,#782,.T.);
#2975=EDGE_CURVE('',#2399,#2398,#783,.T.);
#2976=EDGE_CURVE('',#2400,#2398,#784,.T.);
#2977=EDGE_CURVE('',#2399,#2401,#785,.T.);
#2978=EDGE_CURVE('',#2401,#2400,#786,.T.);
#2979=EDGE_CURVE('',#2386,#2400,#787,.T.);
#2980=EDGE_CURVE('',#2401,#2383,#788,.T.);
#2981=EDGE_CURVE('',#2394,#2352,#789,.T.);
#2982=EDGE_CURVE('',#2351,#2393,#790,.T.);
#2983=EDGE_CURVE('',#2396,#2353,#791,.T.);
#2984=EDGE_CURVE('',#2398,#2354,#792,.T.);
#2985=EDGE_CURVE('',#2400,#2343,#793,.T.);
#2986=EDGE_CURVE('',#2344,#2386,#794,.T.);
#2987=EDGE_CURVE('',#2345,#2385,#795,.T.);
#2988=EDGE_CURVE('',#2402,#2403,#796,.T.);
#2989=EDGE_CURVE('',#2403,#2404,#797,.T.);
#2990=EDGE_CURVE('',#2404,#2405,#798,.T.);
#2991=EDGE_CURVE('',#2405,#2406,#799,.T.);
#2992=EDGE_CURVE('',#2406,#2407,#800,.T.);
#2993=EDGE_CURVE('',#2407,#2408,#801,.T.);
#2994=EDGE_CURVE('',#2408,#2409,#802,.T.);
#2995=EDGE_CURVE('',#2409,#2410,#803,.T.);
#2996=EDGE_CURVE('',#2410,#2411,#804,.T.);
#2997=EDGE_CURVE('',#2411,#2412,#805,.T.);
#2998=EDGE_CURVE('',#2412,#2413,#806,.T.);
#2999=EDGE_CURVE('',#2402,#2413,#807,.T.);
#3000=EDGE_CURVE('',#2414,#2415,#808,.T.);
#3001=EDGE_CURVE('',#2415,#2416,#809,.T.);
#3002=EDGE_CURVE('',#2416,#2417,#810,.T.);
#3003=EDGE_CURVE('',#2417,#2418,#811,.T.);
#3004=EDGE_CURVE('',#2418,#2419,#812,.T.);
#3005=EDGE_CURVE('',#2419,#2420,#813,.T.);
#3006=EDGE_CURVE('',#2420,#2421,#814,.T.);
#3007=EDGE_CURVE('',#2421,#2422,#815,.T.);
#3008=EDGE_CURVE('',#2422,#2423,#816,.T.);
#3009=EDGE_CURVE('',#2423,#2424,#817,.T.);
#3010=EDGE_CURVE('',#2424,#2425,#818,.T.);
#3011=EDGE_CURVE('',#2425,#2426,#819,.T.);
#3012=EDGE_CURVE('',#2426,#2427,#820,.T.);
#3013=EDGE_CURVE('',#2427,#2428,#821,.T.);
#3014=EDGE_CURVE('',#2428,#2429,#822,.T.);
#3015=EDGE_CURVE('',#2429,#2430,#823,.T.);
#3016=EDGE_CURVE('',#2430,#2431,#824,.T.);
#3017=EDGE_CURVE('',#2431,#2432,#825,.T.);
#3018=EDGE_CURVE('',#2432,#2433,#826,.T.);
#3019=EDGE_CURVE('',#2433,#2434,#827,.T.);
#3020=EDGE_CURVE('',#2434,#2435,#828,.T.);
#3021=EDGE_CURVE('',#2435,#2436,#829,.T.);
#3022=EDGE_CURVE('',#2436,#2437,#830,.T.);
#3023=EDGE_CURVE('',#2437,#2438,#831,.T.);
#3024=EDGE_CURVE('',#2438,#2439,#832,.T.);
#3025=EDGE_CURVE('',#2439,#2440,#833,.T.);
#3026=EDGE_CURVE('',#2440,#2441,#834,.T.);
#3027=EDGE_CURVE('',#2441,#2442,#835,.T.);
#3028=EDGE_CURVE('',#2442,#2443,#836,.T.);
#3029=EDGE_CURVE('',#2443,#2444,#837,.T.);
#3030=EDGE_CURVE('',#2444,#2445,#838,.T.);
#3031=EDGE_CURVE('',#2445,#2446,#839,.T.);
#3032=EDGE_CURVE('',#2446,#2447,#840,.T.);
#3033=EDGE_CURVE('',#2447,#2448,#841,.T.);
#3034=EDGE_CURVE('',#2448,#2449,#842,.T.);
#3035=EDGE_CURVE('',#2449,#2450,#843,.T.);
#3036=EDGE_CURVE('',#2450,#2451,#844,.T.);
#3037=EDGE_CURVE('',#2452,#2451,#845,.T.);
#3038=EDGE_CURVE('',#2453,#2452,#846,.T.);
#3039=EDGE_CURVE('',#2454,#2453,#847,.T.);
#3040=EDGE_CURVE('',#2455,#2454,#848,.T.);
#3041=EDGE_CURVE('',#2414,#2455,#849,.T.);
#3042=EDGE_CURVE('',#2456,#2457,#850,.T.);
#3043=EDGE_CURVE('',#2457,#2458,#851,.T.);
#3044=EDGE_CURVE('',#2458,#2459,#852,.T.);
#3045=EDGE_CURVE('',#2459,#2460,#853,.T.);
#3046=EDGE_CURVE('',#2460,#2461,#854,.T.);
#3047=EDGE_CURVE('',#2461,#2462,#855,.T.);
#3048=EDGE_CURVE('',#2462,#2463,#856,.T.);
#3049=EDGE_CURVE('',#2463,#2456,#857,.T.);
#3050=EDGE_CURVE('',#2464,#2465,#858,.T.);
#3051=EDGE_CURVE('',#2465,#2466,#859,.T.);
#3052=EDGE_CURVE('',#2466,#2467,#860,.T.);
#3053=EDGE_CURVE('',#2467,#2468,#861,.T.);
#3054=EDGE_CURVE('',#2468,#2469,#862,.T.);
#3055=EDGE_CURVE('',#2469,#2470,#863,.T.);
#3056=EDGE_CURVE('',#2470,#2471,#864,.T.);
#3057=EDGE_CURVE('',#2471,#2464,#865,.T.);
#3058=EDGE_CURVE('',#2472,#2473,#866,.T.);
#3059=EDGE_CURVE('',#2473,#2474,#867,.T.);
#3060=EDGE_CURVE('',#2474,#2475,#868,.T.);
#3061=EDGE_CURVE('',#2475,#2476,#869,.T.);
#3062=EDGE_CURVE('',#2476,#2477,#870,.T.);
#3063=EDGE_CURVE('',#2477,#2478,#871,.T.);
#3064=EDGE_CURVE('',#2478,#2479,#872,.T.);
#3065=EDGE_CURVE('',#2479,#2472,#873,.T.);
#3066=EDGE_CURVE('',#2480,#2481,#874,.T.);
#3067=EDGE_CURVE('',#2481,#2482,#875,.T.);
#3068=EDGE_CURVE('',#2482,#2483,#876,.T.);
#3069=EDGE_CURVE('',#2483,#2484,#877,.T.);
#3070=EDGE_CURVE('',#2484,#2485,#878,.T.);
#3071=EDGE_CURVE('',#2485,#2486,#879,.T.);
#3072=EDGE_CURVE('',#2486,#2487,#880,.T.);
#3073=EDGE_CURVE('',#2487,#2480,#881,.T.);
#3074=EDGE_CURVE('',#2488,#2489,#882,.T.);
#3075=EDGE_CURVE('',#2489,#2490,#883,.T.);
#3076=EDGE_CURVE('',#2490,#2491,#884,.T.);
#3077=EDGE_CURVE('',#2491,#2492,#885,.T.);
#3078=EDGE_CURVE('',#2492,#2493,#886,.T.);
#3079=EDGE_CURVE('',#2493,#2494,#887,.T.);
#3080=EDGE_CURVE('',#2494,#2495,#888,.T.);
#3081=EDGE_CURVE('',#2495,#2496,#889,.T.);
#3082=EDGE_CURVE('',#2496,#2497,#890,.T.);
#3083=EDGE_CURVE('',#2497,#2498,#891,.T.);
#3084=EDGE_CURVE('',#2498,#2499,#892,.T.);
#3085=EDGE_CURVE('',#2499,#2500,#893,.T.);
#3086=EDGE_CURVE('',#2500,#2501,#894,.T.);
#3087=EDGE_CURVE('',#2501,#2502,#895,.T.);
#3088=EDGE_CURVE('',#2502,#2503,#896,.T.);
#3089=EDGE_CURVE('',#2503,#2504,#897,.T.);
#3090=EDGE_CURVE('',#2504,#2505,#898,.T.);
#3091=EDGE_CURVE('',#2505,#2506,#899,.T.);
#3092=EDGE_CURVE('',#2506,#2507,#900,.T.);
#3093=EDGE_CURVE('',#2507,#2508,#901,.T.);
#3094=EDGE_CURVE('',#2508,#2509,#902,.T.);
#3095=EDGE_CURVE('',#2509,#2510,#903,.T.);
#3096=EDGE_CURVE('',#2510,#2511,#904,.T.);
#3097=EDGE_CURVE('',#2511,#2512,#905,.T.);
#3098=EDGE_CURVE('',#2512,#2513,#906,.T.);
#3099=EDGE_CURVE('',#2513,#2514,#907,.T.);
#3100=EDGE_CURVE('',#2514,#2515,#908,.T.);
#3101=EDGE_CURVE('',#2515,#2516,#909,.T.);
#3102=EDGE_CURVE('',#2516,#2517,#910,.T.);
#3103=EDGE_CURVE('',#2517,#2518,#911,.T.);
#3104=EDGE_CURVE('',#2518,#2519,#912,.T.);
#3105=EDGE_CURVE('',#2519,#2520,#913,.T.);
#3106=EDGE_CURVE('',#2520,#2521,#914,.T.);
#3107=EDGE_CURVE('',#2521,#2522,#915,.T.);
#3108=EDGE_CURVE('',#2522,#2523,#916,.T.);
#3109=EDGE_CURVE('',#2523,#2524,#917,.T.);
#3110=EDGE_CURVE('',#2524,#2525,#918,.T.);
#3111=EDGE_CURVE('',#2525,#2526,#919,.T.);
#3112=EDGE_CURVE('',#2526,#2527,#920,.T.);
#3113=EDGE_CURVE('',#2527,#2528,#921,.T.);
#3114=EDGE_CURVE('',#2528,#2529,#922,.T.);
#3115=EDGE_CURVE('',#2529,#2488,#923,.T.);
#3116=EDGE_CURVE('',#2413,#2530,#924,.T.);
#3117=EDGE_CURVE('',#2530,#2531,#925,.T.);
#3118=EDGE_CURVE('',#2531,#2402,#926,.T.);
#3119=EDGE_CURVE('',#2530,#2532,#927,.T.);
#3120=EDGE_CURVE('',#2532,#2533,#928,.T.);
#3121=EDGE_CURVE('',#2531,#2533,#929,.T.);
#3122=EDGE_CURVE('',#2534,#2535,#930,.T.);
#3123=EDGE_CURVE('',#2535,#2414,#931,.T.);
#3124=EDGE_CURVE('',#2455,#2534,#932,.T.);
#3125=EDGE_CURVE('',#2454,#2536,#933,.T.);
#3126=EDGE_CURVE('',#2536,#2534,#934,.T.);
#3127=EDGE_CURVE('',#2537,#2536,#935,.T.);
#3128=EDGE_CURVE('',#2453,#2537,#936,.T.);
#3129=EDGE_CURVE('',#2538,#2537,#937,.T.);
#3130=EDGE_CURVE('',#2452,#2538,#938,.T.);
#3131=EDGE_CURVE('',#2451,#2539,#939,.T.);
#3132=EDGE_CURVE('',#2539,#2538,#940,.T.);
#3133=EDGE_CURVE('',#2534,#2540,#941,.T.);
#3134=EDGE_CURVE('',#2540,#2541,#942,.T.);
#3135=EDGE_CURVE('',#2535,#2541,#943,.T.);
#3136=EDGE_CURVE('',#2536,#2542,#944,.T.);
#3137=EDGE_CURVE('',#2542,#2540,#945,.T.);
#3138=EDGE_CURVE('',#2537,#2543,#946,.T.);
#3139=EDGE_CURVE('',#2543,#2542,#947,.T.);
#3140=EDGE_CURVE('',#2538,#2544,#948,.T.);
#3141=EDGE_CURVE('',#2544,#2543,#949,.T.);
#3142=EDGE_CURVE('',#2539,#2545,#950,.T.);
#3143=EDGE_CURVE('',#2545,#2544,#951,.T.);
#3144=EDGE_CURVE('',#2546,#2547,#952,.T.);
#3145=EDGE_CURVE('',#2546,#2548,#953,.T.);
#3146=EDGE_CURVE('',#2548,#2549,#954,.T.);
#3147=EDGE_CURVE('',#2547,#2549,#955,.T.);
#3148=EDGE_CURVE('',#2550,#2546,#956,.T.);
#3149=EDGE_CURVE('',#2550,#2551,#957,.T.);
#3150=EDGE_CURVE('',#2551,#2548,#958,.T.);
#3151=EDGE_CURVE('',#2552,#2550,#959,.T.);
#3152=EDGE_CURVE('',#2552,#2553,#960,.T.);
#3153=EDGE_CURVE('',#2553,#2551,#961,.T.);
#3154=EDGE_CURVE('',#2547,#2552,#962,.T.);
#3155=EDGE_CURVE('',#2549,#2553,#963,.T.);
#3156=EDGE_CURVE('',#2456,#2554,#964,.T.);
#3157=EDGE_CURVE('',#2554,#2555,#965,.T.);
#3158=EDGE_CURVE('',#2457,#2555,#966,.T.);
#3159=EDGE_CURVE('',#2463,#2556,#967,.T.);
#3160=EDGE_CURVE('',#2556,#2554,#968,.T.);
#3161=EDGE_CURVE('',#2462,#2557,#969,.T.);
#3162=EDGE_CURVE('',#2557,#2556,#970,.T.);
#3163=EDGE_CURVE('',#2461,#2558,#971,.T.);
#3164=EDGE_CURVE('',#2558,#2557,#972,.T.);
#3165=EDGE_CURVE('',#2460,#2559,#973,.T.);
#3166=EDGE_CURVE('',#2559,#2558,#974,.T.);
#3167=EDGE_CURVE('',#2459,#2560,#975,.T.);
#3168=EDGE_CURVE('',#2560,#2559,#976,.T.);
#3169=EDGE_CURVE('',#2458,#2561,#977,.T.);
#3170=EDGE_CURVE('',#2561,#2560,#978,.T.);
#3171=EDGE_CURVE('',#2555,#2561,#979,.T.);
#3172=EDGE_CURVE('',#2412,#2562,#980,.T.);
#3173=EDGE_CURVE('',#2562,#2532,#981,.T.);
#3174=EDGE_CURVE('',#2411,#2563,#982,.T.);
#3175=EDGE_CURVE('',#2563,#2562,#983,.T.);
#3176=EDGE_CURVE('',#2410,#2564,#984,.T.);
#3177=EDGE_CURVE('',#2564,#2563,#985,.T.);
#3178=EDGE_CURVE('',#2409,#2565,#986,.T.);
#3179=EDGE_CURVE('',#2565,#2564,#987,.T.);
#3180=EDGE_CURVE('',#2408,#2566,#988,.T.);
#3181=EDGE_CURVE('',#2566,#2565,#989,.T.);
#3182=EDGE_CURVE('',#2407,#2567,#990,.T.);
#3183=EDGE_CURVE('',#2567,#2566,#991,.T.);
#3184=EDGE_CURVE('',#2406,#2568,#992,.T.);
#3185=EDGE_CURVE('',#2568,#2567,#993,.T.);
#3186=EDGE_CURVE('',#2405,#2569,#994,.T.);
#3187=EDGE_CURVE('',#2569,#2568,#995,.T.);
#3188=EDGE_CURVE('',#2404,#2570,#996,.T.);
#3189=EDGE_CURVE('',#2570,#2569,#997,.T.);
#3190=EDGE_CURVE('',#2403,#2571,#998,.T.);
#3191=EDGE_CURVE('',#2571,#2570,#999,.T.);
#3192=EDGE_CURVE('',#2533,#2571,#1000,.T.);
#3193=EDGE_CURVE('',#2464,#2572,#1001,.T.);
#3194=EDGE_CURVE('',#2572,#2573,#1002,.T.);
#3195=EDGE_CURVE('',#2465,#2573,#1003,.T.);
#3196=EDGE_CURVE('',#2471,#2574,#1004,.T.);
#3197=EDGE_CURVE('',#2574,#2572,#1005,.T.);
#3198=EDGE_CURVE('',#2470,#2575,#1006,.T.);
#3199=EDGE_CURVE('',#2575,#2574,#1007,.T.);
#3200=EDGE_CURVE('',#2469,#2576,#1008,.T.);
#3201=EDGE_CURVE('',#2576,#2575,#1009,.T.);
#3202=EDGE_CURVE('',#2468,#2577,#1010,.T.);
#3203=EDGE_CURVE('',#2577,#2576,#1011,.T.);
#3204=EDGE_CURVE('',#2467,#2578,#1012,.T.);
#3205=EDGE_CURVE('',#2578,#2577,#1013,.T.);
#3206=EDGE_CURVE('',#2466,#2579,#1014,.T.);
#3207=EDGE_CURVE('',#2579,#2578,#1015,.T.);
#3208=EDGE_CURVE('',#2573,#2579,#1016,.T.);
#3209=EDGE_CURVE('',#2580,#2581,#1017,.T.);
#3210=EDGE_CURVE('',#2580,#2582,#1018,.T.);
#3211=EDGE_CURVE('',#2582,#2583,#1019,.T.);
#3212=EDGE_CURVE('',#2581,#2583,#1020,.T.);
#3213=EDGE_CURVE('',#2584,#2580,#1021,.T.);
#3214=EDGE_CURVE('',#2584,#2585,#1022,.T.);
#3215=EDGE_CURVE('',#2585,#2582,#1023,.T.);
#3216=EDGE_CURVE('',#2586,#2584,#1024,.T.);
#3217=EDGE_CURVE('',#2586,#2587,#1025,.T.);
#3218=EDGE_CURVE('',#2587,#2585,#1026,.T.);
#3219=EDGE_CURVE('',#2581,#2586,#1027,.T.);
#3220=EDGE_CURVE('',#2583,#2587,#1028,.T.);
#3221=EDGE_CURVE('',#2588,#2589,#1029,.T.);
#3222=EDGE_CURVE('',#2588,#2590,#1030,.T.);
#3223=EDGE_CURVE('',#2590,#2591,#1031,.T.);
#3224=EDGE_CURVE('',#2589,#2591,#1032,.T.);
#3225=EDGE_CURVE('',#2592,#2588,#1033,.T.);
#3226=EDGE_CURVE('',#2592,#2593,#1034,.T.);
#3227=EDGE_CURVE('',#2593,#2590,#1035,.T.);
#3228=EDGE_CURVE('',#2594,#2592,#1036,.T.);
#3229=EDGE_CURVE('',#2594,#2595,#1037,.T.);
#3230=EDGE_CURVE('',#2595,#2593,#1038,.T.);
#3231=EDGE_CURVE('',#2589,#2594,#1039,.T.);
#3232=EDGE_CURVE('',#2591,#2595,#1040,.T.);
#3233=EDGE_CURVE('',#2472,#2596,#1041,.T.);
#3234=EDGE_CURVE('',#2596,#2597,#1042,.T.);
#3235=EDGE_CURVE('',#2473,#2597,#1043,.T.);
#3236=EDGE_CURVE('',#2479,#2598,#1044,.T.);
#3237=EDGE_CURVE('',#2598,#2596,#1045,.T.);
#3238=EDGE_CURVE('',#2478,#2599,#1046,.T.);
#3239=EDGE_CURVE('',#2599,#2598,#1047,.T.);
#3240=EDGE_CURVE('',#2477,#2600,#1048,.T.);
#3241=EDGE_CURVE('',#2600,#2599,#1049,.T.);
#3242=EDGE_CURVE('',#2476,#2601,#1050,.T.);
#3243=EDGE_CURVE('',#2601,#2600,#1051,.T.);
#3244=EDGE_CURVE('',#2475,#2602,#1052,.T.);
#3245=EDGE_CURVE('',#2602,#2601,#1053,.T.);
#3246=EDGE_CURVE('',#2474,#2603,#1054,.T.);
#3247=EDGE_CURVE('',#2603,#2602,#1055,.T.);
#3248=EDGE_CURVE('',#2597,#2603,#1056,.T.);
#3249=EDGE_CURVE('',#2448,#2604,#1057,.T.);
#3250=EDGE_CURVE('',#2604,#2605,#1058,.T.);
#3251=EDGE_CURVE('',#2449,#2605,#1059,.T.);
#3252=EDGE_CURVE('',#2447,#2606,#1060,.T.);
#3253=EDGE_CURVE('',#2606,#2604,#1061,.T.);
#3254=EDGE_CURVE('',#2446,#2607,#1062,.T.);
#3255=EDGE_CURVE('',#2607,#2606,#1063,.T.);
#3256=EDGE_CURVE('',#2445,#2608,#1064,.T.);
#3257=EDGE_CURVE('',#2608,#2607,#1065,.T.);
#3258=EDGE_CURVE('',#2444,#2609,#1066,.T.);
#3259=EDGE_CURVE('',#2609,#2608,#1067,.T.);
#3260=EDGE_CURVE('',#2443,#2610,#1068,.T.);
#3261=EDGE_CURVE('',#2610,#2609,#1069,.T.);
#3262=EDGE_CURVE('',#2442,#2611,#1070,.T.);
#3263=EDGE_CURVE('',#2611,#2610,#1071,.T.);
#3264=EDGE_CURVE('',#2441,#2612,#1072,.T.);
#3265=EDGE_CURVE('',#2612,#2611,#1073,.T.);
#3266=EDGE_CURVE('',#2440,#2613,#1074,.T.);
#3267=EDGE_CURVE('',#2613,#2612,#1075,.T.);
#3268=EDGE_CURVE('',#2439,#2614,#1076,.T.);
#3269=EDGE_CURVE('',#2614,#2613,#1077,.T.);
#3270=EDGE_CURVE('',#2438,#2615,#1078,.T.);
#3271=EDGE_CURVE('',#2615,#2614,#1079,.T.);
#3272=EDGE_CURVE('',#2437,#2616,#1080,.T.);
#3273=EDGE_CURVE('',#2616,#2615,#1081,.T.);
#3274=EDGE_CURVE('',#2436,#2617,#1082,.T.);
#3275=EDGE_CURVE('',#2617,#2616,#1083,.T.);
#3276=EDGE_CURVE('',#2435,#2618,#1084,.T.);
#3277=EDGE_CURVE('',#2618,#2617,#1085,.T.);
#3278=EDGE_CURVE('',#2434,#2619,#1086,.T.);
#3279=EDGE_CURVE('',#2619,#2618,#1087,.T.);
#3280=EDGE_CURVE('',#2433,#2620,#1088,.T.);
#3281=EDGE_CURVE('',#2620,#2619,#1089,.T.);
#3282=EDGE_CURVE('',#2432,#2621,#1090,.T.);
#3283=EDGE_CURVE('',#2621,#2620,#1091,.T.);
#3284=EDGE_CURVE('',#2431,#2622,#1092,.T.);
#3285=EDGE_CURVE('',#2622,#2621,#1093,.T.);
#3286=EDGE_CURVE('',#2430,#2623,#1094,.T.);
#3287=EDGE_CURVE('',#2623,#2622,#1095,.T.);
#3288=EDGE_CURVE('',#2429,#2624,#1096,.T.);
#3289=EDGE_CURVE('',#2624,#2623,#1097,.T.);
#3290=EDGE_CURVE('',#2428,#2625,#1098,.T.);
#3291=EDGE_CURVE('',#2625,#2624,#1099,.T.);
#3292=EDGE_CURVE('',#2427,#2626,#1100,.T.);
#3293=EDGE_CURVE('',#2626,#2625,#1101,.T.);
#3294=EDGE_CURVE('',#2426,#2627,#1102,.T.);
#3295=EDGE_CURVE('',#2627,#2626,#1103,.T.);
#3296=EDGE_CURVE('',#2425,#2628,#1104,.T.);
#3297=EDGE_CURVE('',#2628,#2627,#1105,.T.);
#3298=EDGE_CURVE('',#2424,#2629,#1106,.T.);
#3299=EDGE_CURVE('',#2629,#2628,#1107,.T.);
#3300=EDGE_CURVE('',#2423,#2630,#1108,.T.);
#3301=EDGE_CURVE('',#2630,#2629,#1109,.T.);
#3302=EDGE_CURVE('',#2422,#2631,#1110,.T.);
#3303=EDGE_CURVE('',#2631,#2630,#1111,.T.);
#3304=EDGE_CURVE('',#2421,#2632,#1112,.T.);
#3305=EDGE_CURVE('',#2632,#2631,#1113,.T.);
#3306=EDGE_CURVE('',#2420,#2633,#1114,.T.);
#3307=EDGE_CURVE('',#2633,#2632,#1115,.T.);
#3308=EDGE_CURVE('',#2419,#2634,#1116,.T.);
#3309=EDGE_CURVE('',#2634,#2633,#1117,.T.);
#3310=EDGE_CURVE('',#2418,#2635,#1118,.T.);
#3311=EDGE_CURVE('',#2635,#2634,#1119,.T.);
#3312=EDGE_CURVE('',#2417,#2636,#1120,.T.);
#3313=EDGE_CURVE('',#2636,#2635,#1121,.T.);
#3314=EDGE_CURVE('',#2416,#2637,#1122,.T.);
#3315=EDGE_CURVE('',#2637,#2636,#1123,.T.);
#3316=EDGE_CURVE('',#2415,#2638,#1124,.T.);
#3317=EDGE_CURVE('',#2638,#2637,#1125,.T.);
#3318=EDGE_CURVE('',#2541,#2638,#1126,.T.);
#3319=EDGE_CURVE('',#2450,#2639,#1127,.T.);
#3320=EDGE_CURVE('',#2639,#2545,#1128,.T.);
#3321=EDGE_CURVE('',#2605,#2639,#1129,.T.);
#3322=EDGE_CURVE('',#2480,#2640,#1130,.T.);
#3323=EDGE_CURVE('',#2640,#2641,#1131,.T.);
#3324=EDGE_CURVE('',#2481,#2641,#1132,.T.);
#3325=EDGE_CURVE('',#2487,#2642,#1133,.T.);
#3326=EDGE_CURVE('',#2642,#2640,#1134,.T.);
#3327=EDGE_CURVE('',#2486,#2643,#1135,.T.);
#3328=EDGE_CURVE('',#2643,#2642,#1136,.T.);
#3329=EDGE_CURVE('',#2485,#2644,#1137,.T.);
#3330=EDGE_CURVE('',#2644,#2643,#1138,.T.);
#3331=EDGE_CURVE('',#2484,#2645,#1139,.T.);
#3332=EDGE_CURVE('',#2645,#2644,#1140,.T.);
#3333=EDGE_CURVE('',#2483,#2646,#1141,.T.);
#3334=EDGE_CURVE('',#2646,#2645,#1142,.T.);
#3335=EDGE_CURVE('',#2482,#2647,#1143,.T.);
#3336=EDGE_CURVE('',#2647,#2646,#1144,.T.);
#3337=EDGE_CURVE('',#2641,#2647,#1145,.T.);
#3338=EDGE_CURVE('',#2648,#2649,#1146,.T.);
#3339=EDGE_CURVE('',#2648,#2650,#1147,.T.);
#3340=EDGE_CURVE('',#2650,#2651,#1148,.T.);
#3341=EDGE_CURVE('',#2649,#2651,#1149,.T.);
#3342=EDGE_CURVE('',#2652,#2648,#1150,.T.);
#3343=EDGE_CURVE('',#2652,#2653,#1151,.T.);
#3344=EDGE_CURVE('',#2653,#2650,#1152,.T.);
#3345=EDGE_CURVE('',#2654,#2652,#1153,.T.);
#3346=EDGE_CURVE('',#2654,#2655,#1154,.T.);
#3347=EDGE_CURVE('',#2655,#2653,#1155,.T.);
#3348=EDGE_CURVE('',#2649,#2654,#1156,.T.);
#3349=EDGE_CURVE('',#2651,#2655,#1157,.T.);
#3350=EDGE_CURVE('',#2656,#2657,#1158,.T.);
#3351=EDGE_CURVE('',#2656,#2658,#1159,.T.);
#3352=EDGE_CURVE('',#2658,#2659,#1160,.T.);
#3353=EDGE_CURVE('',#2657,#2659,#1161,.T.);
#3354=EDGE_CURVE('',#2660,#2656,#1162,.T.);
#3355=EDGE_CURVE('',#2660,#2661,#1163,.T.);
#3356=EDGE_CURVE('',#2661,#2658,#1164,.T.);
#3357=EDGE_CURVE('',#2662,#2660,#1165,.T.);
#3358=EDGE_CURVE('',#2662,#2663,#1166,.T.);
#3359=EDGE_CURVE('',#2663,#2661,#1167,.T.);
#3360=EDGE_CURVE('',#2664,#2662,#1168,.T.);
#3361=EDGE_CURVE('',#2664,#2665,#1169,.T.);
#3362=EDGE_CURVE('',#2665,#2663,#1170,.T.);
#3363=EDGE_CURVE('',#2666,#2664,#1171,.T.);
#3364=EDGE_CURVE('',#2666,#2667,#1172,.T.);
#3365=EDGE_CURVE('',#2667,#2665,#1173,.T.);
#3366=EDGE_CURVE('',#2668,#2666,#1174,.T.);
#3367=EDGE_CURVE('',#2668,#2669,#1175,.T.);
#3368=EDGE_CURVE('',#2669,#2667,#1176,.T.);
#3369=EDGE_CURVE('',#2670,#2668,#1177,.T.);
#3370=EDGE_CURVE('',#2670,#2671,#1178,.T.);
#3371=EDGE_CURVE('',#2671,#2669,#1179,.T.);
#3372=EDGE_CURVE('',#2672,#2670,#1180,.T.);
#3373=EDGE_CURVE('',#2672,#2673,#1181,.T.);
#3374=EDGE_CURVE('',#2673,#2671,#1182,.T.);
#3375=EDGE_CURVE('',#2674,#2672,#1183,.T.);
#3376=EDGE_CURVE('',#2674,#2675,#1184,.T.);
#3377=EDGE_CURVE('',#2675,#2673,#1185,.T.);
#3378=EDGE_CURVE('',#2657,#2674,#1186,.T.);
#3379=EDGE_CURVE('',#2659,#2675,#1187,.T.);
#3380=EDGE_CURVE('',#2676,#2677,#1188,.T.);
#3381=EDGE_CURVE('',#2676,#2678,#1189,.T.);
#3382=EDGE_CURVE('',#2678,#2679,#1190,.T.);
#3383=EDGE_CURVE('',#2677,#2679,#1191,.T.);
#3384=EDGE_CURVE('',#2680,#2676,#1192,.T.);
#3385=EDGE_CURVE('',#2680,#2681,#1193,.T.);
#3386=EDGE_CURVE('',#2681,#2678,#1194,.T.);
#3387=EDGE_CURVE('',#2682,#2680,#1195,.T.);
#3388=EDGE_CURVE('',#2682,#2683,#1196,.T.);
#3389=EDGE_CURVE('',#2683,#2681,#1197,.T.);
#3390=EDGE_CURVE('',#2684,#2682,#1198,.T.);
#3391=EDGE_CURVE('',#2684,#2685,#1199,.T.);
#3392=EDGE_CURVE('',#2685,#2683,#1200,.T.);
#3393=EDGE_CURVE('',#2686,#2684,#1201,.T.);
#3394=EDGE_CURVE('',#2686,#2687,#1202,.T.);
#3395=EDGE_CURVE('',#2687,#2685,#1203,.T.);
#3396=EDGE_CURVE('',#2677,#2686,#1204,.T.);
#3397=EDGE_CURVE('',#2679,#2687,#1205,.T.);
#3398=EDGE_CURVE('',#2688,#2689,#1206,.T.);
#3399=EDGE_CURVE('',#2688,#2690,#1207,.T.);
#3400=EDGE_CURVE('',#2690,#2691,#1208,.T.);
#3401=EDGE_CURVE('',#2689,#2691,#1209,.T.);
#3402=EDGE_CURVE('',#2692,#2688,#1210,.T.);
#3403=EDGE_CURVE('',#2692,#2693,#1211,.T.);
#3404=EDGE_CURVE('',#2693,#2690,#1212,.T.);
#3405=EDGE_CURVE('',#2694,#2692,#1213,.T.);
#3406=EDGE_CURVE('',#2694,#2695,#1214,.T.);
#3407=EDGE_CURVE('',#2695,#2693,#1215,.T.);
#3408=EDGE_CURVE('',#2696,#2694,#1216,.T.);
#3409=EDGE_CURVE('',#2696,#2697,#1217,.T.);
#3410=EDGE_CURVE('',#2697,#2695,#1218,.T.);
#3411=EDGE_CURVE('',#2698,#2696,#1219,.T.);
#3412=EDGE_CURVE('',#2698,#2699,#1220,.T.);
#3413=EDGE_CURVE('',#2699,#2697,#1221,.T.);
#3414=EDGE_CURVE('',#2689,#2698,#1222,.T.);
#3415=EDGE_CURVE('',#2691,#2699,#1223,.T.);
#3416=EDGE_CURVE('',#2700,#2701,#1224,.T.);
#3417=EDGE_CURVE('',#2700,#2702,#1225,.T.);
#3418=EDGE_CURVE('',#2702,#2703,#1226,.T.);
#3419=EDGE_CURVE('',#2701,#2703,#1227,.T.);
#3420=EDGE_CURVE('',#2704,#2700,#1228,.T.);
#3421=EDGE_CURVE('',#2704,#2705,#1229,.T.);
#3422=EDGE_CURVE('',#2705,#2702,#1230,.T.);
#3423=EDGE_CURVE('',#2706,#2704,#1231,.T.);
#3424=EDGE_CURVE('',#2706,#2707,#1232,.T.);
#3425=EDGE_CURVE('',#2707,#2705,#1233,.T.);
#3426=EDGE_CURVE('',#2708,#2706,#1234,.T.);
#3427=EDGE_CURVE('',#2708,#2709,#1235,.T.);
#3428=EDGE_CURVE('',#2709,#2707,#1236,.T.);
#3429=EDGE_CURVE('',#2710,#2708,#1237,.T.);
#3430=EDGE_CURVE('',#2710,#2711,#1238,.T.);
#3431=EDGE_CURVE('',#2711,#2709,#1239,.T.);
#3432=EDGE_CURVE('',#2712,#2710,#1240,.T.);
#3433=EDGE_CURVE('',#2712,#2713,#1241,.T.);
#3434=EDGE_CURVE('',#2713,#2711,#1242,.T.);
#3435=EDGE_CURVE('',#2714,#2712,#1243,.T.);
#3436=EDGE_CURVE('',#2714,#2715,#1244,.T.);
#3437=EDGE_CURVE('',#2715,#2713,#1245,.T.);
#3438=EDGE_CURVE('',#2701,#2714,#1246,.T.);
#3439=EDGE_CURVE('',#2703,#2715,#1247,.T.);
#3440=EDGE_CURVE('',#2716,#2717,#1248,.T.);
#3441=EDGE_CURVE('',#2716,#2718,#1249,.T.);
#3442=EDGE_CURVE('',#2718,#2719,#1250,.T.);
#3443=EDGE_CURVE('',#2717,#2719,#1251,.T.);
#3444=EDGE_CURVE('',#2720,#2716,#1252,.T.);
#3445=EDGE_CURVE('',#2720,#2721,#1253,.T.);
#3446=EDGE_CURVE('',#2721,#2718,#1254,.T.);
#3447=EDGE_CURVE('',#2722,#2720,#1255,.T.);
#3448=EDGE_CURVE('',#2722,#2723,#1256,.T.);
#3449=EDGE_CURVE('',#2723,#2721,#1257,.T.);
#3450=EDGE_CURVE('',#2724,#2722,#1258,.T.);
#3451=EDGE_CURVE('',#2724,#2725,#1259,.T.);
#3452=EDGE_CURVE('',#2725,#2723,#1260,.T.);
#3453=EDGE_CURVE('',#2726,#2724,#1261,.T.);
#3454=EDGE_CURVE('',#2726,#2727,#1262,.T.);
#3455=EDGE_CURVE('',#2727,#2725,#1263,.T.);
#3456=EDGE_CURVE('',#2728,#2726,#1264,.T.);
#3457=EDGE_CURVE('',#2728,#2729,#1265,.T.);
#3458=EDGE_CURVE('',#2729,#2727,#1266,.T.);
#3459=EDGE_CURVE('',#2717,#2728,#1267,.T.);
#3460=EDGE_CURVE('',#2719,#2729,#1268,.T.);
#3461=EDGE_CURVE('',#2730,#2731,#1269,.T.);
#3462=EDGE_CURVE('',#2730,#2732,#1270,.T.);
#3463=EDGE_CURVE('',#2732,#2733,#1271,.T.);
#3464=EDGE_CURVE('',#2731,#2733,#1272,.T.);
#3465=EDGE_CURVE('',#2734,#2730,#1273,.T.);
#3466=EDGE_CURVE('',#2734,#2735,#1274,.T.);
#3467=EDGE_CURVE('',#2735,#2732,#1275,.T.);
#3468=EDGE_CURVE('',#2736,#2734,#1276,.T.);
#3469=EDGE_CURVE('',#2736,#2737,#1277,.T.);
#3470=EDGE_CURVE('',#2737,#2735,#1278,.T.);
#3471=EDGE_CURVE('',#2738,#2736,#1279,.T.);
#3472=EDGE_CURVE('',#2738,#2739,#1280,.T.);
#3473=EDGE_CURVE('',#2739,#2737,#1281,.T.);
#3474=EDGE_CURVE('',#2740,#2738,#1282,.T.);
#3475=EDGE_CURVE('',#2740,#2741,#1283,.T.);
#3476=EDGE_CURVE('',#2741,#2739,#1284,.T.);
#3477=EDGE_CURVE('',#2742,#2740,#1285,.T.);
#3478=EDGE_CURVE('',#2742,#2743,#1286,.T.);
#3479=EDGE_CURVE('',#2743,#2741,#1287,.T.);
#3480=EDGE_CURVE('',#2744,#2742,#1288,.T.);
#3481=EDGE_CURVE('',#2744,#2745,#1289,.T.);
#3482=EDGE_CURVE('',#2745,#2743,#1290,.T.);
#3483=EDGE_CURVE('',#2746,#2744,#1291,.T.);
#3484=EDGE_CURVE('',#2746,#2747,#1292,.T.);
#3485=EDGE_CURVE('',#2747,#2745,#1293,.T.);
#3486=EDGE_CURVE('',#2748,#2746,#1294,.T.);
#3487=EDGE_CURVE('',#2748,#2749,#1295,.T.);
#3488=EDGE_CURVE('',#2749,#2747,#1296,.T.);
#3489=EDGE_CURVE('',#2750,#2748,#1297,.T.);
#3490=EDGE_CURVE('',#2750,#2751,#1298,.T.);
#3491=EDGE_CURVE('',#2751,#2749,#1299,.T.);
#3492=EDGE_CURVE('',#2752,#2750,#1300,.T.);
#3493=EDGE_CURVE('',#2752,#2753,#1301,.T.);
#3494=EDGE_CURVE('',#2753,#2751,#1302,.T.);
#3495=EDGE_CURVE('',#2731,#2752,#1303,.T.);
#3496=EDGE_CURVE('',#2733,#2753,#1304,.T.);
#3497=EDGE_CURVE('',#2754,#2755,#1305,.T.);
#3498=EDGE_CURVE('',#2754,#2756,#1306,.T.);
#3499=EDGE_CURVE('',#2756,#2757,#1307,.T.);
#3500=EDGE_CURVE('',#2755,#2757,#1308,.T.);
#3501=EDGE_CURVE('',#2758,#2754,#1309,.T.);
#3502=EDGE_CURVE('',#2758,#2759,#1310,.T.);
#3503=EDGE_CURVE('',#2759,#2756,#1311,.T.);
#3504=EDGE_CURVE('',#2760,#2758,#1312,.T.);
#3505=EDGE_CURVE('',#2760,#2761,#1313,.T.);
#3506=EDGE_CURVE('',#2761,#2759,#1314,.T.);
#3507=EDGE_CURVE('',#2762,#2760,#1315,.T.);
#3508=EDGE_CURVE('',#2762,#2763,#1316,.T.);
#3509=EDGE_CURVE('',#2763,#2761,#1317,.T.);
#3510=EDGE_CURVE('',#2764,#2762,#1318,.T.);
#3511=EDGE_CURVE('',#2764,#2765,#1319,.T.);
#3512=EDGE_CURVE('',#2765,#2763,#1320,.T.);
#3513=EDGE_CURVE('',#2755,#2764,#1321,.T.);
#3514=EDGE_CURVE('',#2757,#2765,#1322,.T.);
#3515=EDGE_CURVE('',#2766,#2767,#1323,.T.);
#3516=EDGE_CURVE('',#2766,#2768,#1324,.T.);
#3517=EDGE_CURVE('',#2768,#2769,#1325,.T.);
#3518=EDGE_CURVE('',#2767,#2769,#1326,.T.);
#3519=EDGE_CURVE('',#2770,#2766,#1327,.T.);
#3520=EDGE_CURVE('',#2770,#2771,#1328,.T.);
#3521=EDGE_CURVE('',#2771,#2768,#1329,.T.);
#3522=EDGE_CURVE('',#2772,#2770,#1330,.T.);
#3523=EDGE_CURVE('',#2772,#2773,#1331,.T.);
#3524=EDGE_CURVE('',#2773,#2771,#1332,.T.);
#3525=EDGE_CURVE('',#2774,#2772,#1333,.T.);
#3526=EDGE_CURVE('',#2774,#2775,#1334,.T.);
#3527=EDGE_CURVE('',#2775,#2773,#1335,.T.);
#3528=EDGE_CURVE('',#2776,#2774,#1336,.T.);
#3529=EDGE_CURVE('',#2776,#2777,#1337,.T.);
#3530=EDGE_CURVE('',#2777,#2775,#1338,.T.);
#3531=EDGE_CURVE('',#2767,#2776,#1339,.T.);
#3532=EDGE_CURVE('',#2769,#2777,#1340,.T.);
#3533=EDGE_CURVE('',#2778,#2779,#1341,.T.);
#3534=EDGE_CURVE('',#2778,#2780,#1342,.T.);
#3535=EDGE_CURVE('',#2780,#2781,#1343,.T.);
#3536=EDGE_CURVE('',#2779,#2781,#1344,.T.);
#3537=EDGE_CURVE('',#2782,#2778,#1345,.T.);
#3538=EDGE_CURVE('',#2782,#2783,#1346,.T.);
#3539=EDGE_CURVE('',#2783,#2780,#1347,.T.);
#3540=EDGE_CURVE('',#2784,#2782,#1348,.T.);
#3541=EDGE_CURVE('',#2784,#2785,#1349,.T.);
#3542=EDGE_CURVE('',#2785,#2783,#1350,.T.);
#3543=EDGE_CURVE('',#2786,#2784,#1351,.T.);
#3544=EDGE_CURVE('',#2786,#2787,#1352,.T.);
#3545=EDGE_CURVE('',#2787,#2785,#1353,.T.);
#3546=EDGE_CURVE('',#2788,#2786,#1354,.T.);
#3547=EDGE_CURVE('',#2788,#2789,#1355,.T.);
#3548=EDGE_CURVE('',#2789,#2787,#1356,.T.);
#3549=EDGE_CURVE('',#2790,#2788,#1357,.T.);
#3550=EDGE_CURVE('',#2790,#2791,#1358,.T.);
#3551=EDGE_CURVE('',#2791,#2789,#1359,.T.);
#3552=EDGE_CURVE('',#2792,#2790,#1360,.T.);
#3553=EDGE_CURVE('',#2792,#2793,#1361,.T.);
#3554=EDGE_CURVE('',#2793,#2791,#1362,.T.);
#3555=EDGE_CURVE('',#2794,#2792,#1363,.T.);
#3556=EDGE_CURVE('',#2794,#2795,#1364,.T.);
#3557=EDGE_CURVE('',#2795,#2793,#1365,.T.);
#3558=EDGE_CURVE('',#2796,#2794,#1366,.T.);
#3559=EDGE_CURVE('',#2796,#2797,#1367,.T.);
#3560=EDGE_CURVE('',#2797,#2795,#1368,.T.);
#3561=EDGE_CURVE('',#2798,#2796,#1369,.T.);
#3562=EDGE_CURVE('',#2798,#2799,#1370,.T.);
#3563=EDGE_CURVE('',#2799,#2797,#1371,.T.);
#3564=EDGE_CURVE('',#2779,#2798,#1372,.T.);
#3565=EDGE_CURVE('',#2781,#2799,#1373,.T.);
#3566=EDGE_CURVE('',#2800,#2801,#1374,.T.);
#3567=EDGE_CURVE('',#2800,#2802,#1375,.T.);
#3568=EDGE_CURVE('',#2802,#2803,#1376,.T.);
#3569=EDGE_CURVE('',#2801,#2803,#1377,.T.);
#3570=EDGE_CURVE('',#2804,#2800,#1378,.T.);
#3571=EDGE_CURVE('',#2804,#2805,#1379,.T.);
#3572=EDGE_CURVE('',#2805,#2802,#1380,.T.);
#3573=EDGE_CURVE('',#2806,#2804,#1381,.T.);
#3574=EDGE_CURVE('',#2806,#2807,#1382,.T.);
#3575=EDGE_CURVE('',#2807,#2805,#1383,.T.);
#3576=EDGE_CURVE('',#2808,#2806,#1384,.T.);
#3577=EDGE_CURVE('',#2808,#2809,#1385,.T.);
#3578=EDGE_CURVE('',#2809,#2807,#1386,.T.);
#3579=EDGE_CURVE('',#2810,#2808,#1387,.T.);
#3580=EDGE_CURVE('',#2810,#2811,#1388,.T.);
#3581=EDGE_CURVE('',#2811,#2809,#1389,.T.);
#3582=EDGE_CURVE('',#2812,#2810,#1390,.T.);
#3583=EDGE_CURVE('',#2812,#2813,#1391,.T.);
#3584=EDGE_CURVE('',#2813,#2811,#1392,.T.);
#3585=EDGE_CURVE('',#2814,#2812,#1393,.T.);
#3586=EDGE_CURVE('',#2814,#2815,#1394,.T.);
#3587=EDGE_CURVE('',#2815,#2813,#1395,.T.);
#3588=EDGE_CURVE('',#2816,#2814,#1396,.T.);
#3589=EDGE_CURVE('',#2816,#2817,#1397,.T.);
#3590=EDGE_CURVE('',#2817,#2815,#1398,.T.);
#3591=EDGE_CURVE('',#2818,#2816,#1399,.T.);
#3592=EDGE_CURVE('',#2818,#2819,#1400,.T.);
#3593=EDGE_CURVE('',#2819,#2817,#1401,.T.);
#3594=EDGE_CURVE('',#2820,#2818,#1402,.T.);
#3595=EDGE_CURVE('',#2820,#2821,#1403,.T.);
#3596=EDGE_CURVE('',#2821,#2819,#1404,.T.);
#3597=EDGE_CURVE('',#2822,#2820,#1405,.T.);
#3598=EDGE_CURVE('',#2822,#2823,#1406,.T.);
#3599=EDGE_CURVE('',#2823,#2821,#1407,.T.);
#3600=EDGE_CURVE('',#2824,#2822,#1408,.T.);
#3601=EDGE_CURVE('',#2824,#2825,#1409,.T.);
#3602=EDGE_CURVE('',#2825,#2823,#1410,.T.);
#3603=EDGE_CURVE('',#2826,#2824,#1411,.T.);
#3604=EDGE_CURVE('',#2826,#2827,#1412,.T.);
#3605=EDGE_CURVE('',#2827,#2825,#1413,.T.);
#3606=EDGE_CURVE('',#2828,#2826,#1414,.T.);
#3607=EDGE_CURVE('',#2828,#2829,#1415,.T.);
#3608=EDGE_CURVE('',#2829,#2827,#1416,.T.);
#3609=EDGE_CURVE('',#2830,#2828,#1417,.T.);
#3610=EDGE_CURVE('',#2830,#2831,#1418,.T.);
#3611=EDGE_CURVE('',#2831,#2829,#1419,.T.);
#3612=EDGE_CURVE('',#2832,#2830,#1420,.T.);
#3613=EDGE_CURVE('',#2832,#2833,#1421,.T.);
#3614=EDGE_CURVE('',#2833,#2831,#1422,.T.);
#3615=EDGE_CURVE('',#2801,#2832,#1423,.T.);
#3616=EDGE_CURVE('',#2803,#2833,#1424,.T.);
#3617=EDGE_CURVE('',#2488,#2834,#1425,.T.);
#3618=EDGE_CURVE('',#2834,#2835,#1426,.T.);
#3619=EDGE_CURVE('',#2489,#2835,#1427,.T.);
#3620=EDGE_CURVE('',#2529,#2836,#1428,.T.);
#3621=EDGE_CURVE('',#2836,#2834,#1429,.T.);
#3622=EDGE_CURVE('',#2528,#2837,#1430,.T.);
#3623=EDGE_CURVE('',#2837,#2836,#1431,.T.);
#3624=EDGE_CURVE('',#2527,#2838,#1432,.T.);
#3625=EDGE_CURVE('',#2838,#2837,#1433,.T.);
#3626=EDGE_CURVE('',#2526,#2839,#1434,.T.);
#3627=EDGE_CURVE('',#2839,#2838,#1435,.T.);
#3628=EDGE_CURVE('',#2525,#2840,#1436,.T.);
#3629=EDGE_CURVE('',#2840,#2839,#1437,.T.);
#3630=EDGE_CURVE('',#2524,#2841,#1438,.T.);
#3631=EDGE_CURVE('',#2841,#2840,#1439,.T.);
#3632=EDGE_CURVE('',#2523,#2842,#1440,.T.);
#3633=EDGE_CURVE('',#2842,#2841,#1441,.T.);
#3634=EDGE_CURVE('',#2522,#2843,#1442,.T.);
#3635=EDGE_CURVE('',#2843,#2842,#1443,.T.);
#3636=EDGE_CURVE('',#2521,#2844,#1444,.T.);
#3637=EDGE_CURVE('',#2844,#2843,#1445,.T.);
#3638=EDGE_CURVE('',#2520,#2845,#1446,.T.);
#3639=EDGE_CURVE('',#2845,#2844,#1447,.T.);
#3640=EDGE_CURVE('',#2519,#2846,#1448,.T.);
#3641=EDGE_CURVE('',#2846,#2845,#1449,.T.);
#3642=EDGE_CURVE('',#2518,#2847,#1450,.T.);
#3643=EDGE_CURVE('',#2847,#2846,#1451,.T.);
#3644=EDGE_CURVE('',#2517,#2848,#1452,.T.);
#3645=EDGE_CURVE('',#2848,#2847,#1453,.T.);
#3646=EDGE_CURVE('',#2516,#2849,#1454,.T.);
#3647=EDGE_CURVE('',#2849,#2848,#1455,.T.);
#3648=EDGE_CURVE('',#2515,#2850,#1456,.T.);
#3649=EDGE_CURVE('',#2850,#2849,#1457,.T.);
#3650=EDGE_CURVE('',#2514,#2851,#1458,.T.);
#3651=EDGE_CURVE('',#2851,#2850,#1459,.T.);
#3652=EDGE_CURVE('',#2513,#2852,#1460,.T.);
#3653=EDGE_CURVE('',#2852,#2851,#1461,.T.);
#3654=EDGE_CURVE('',#2512,#2853,#1462,.T.);
#3655=EDGE_CURVE('',#2853,#2852,#1463,.T.);
#3656=EDGE_CURVE('',#2511,#2854,#1464,.T.);
#3657=EDGE_CURVE('',#2854,#2853,#1465,.T.);
#3658=EDGE_CURVE('',#2510,#2855,#1466,.T.);
#3659=EDGE_CURVE('',#2855,#2854,#1467,.T.);
#3660=EDGE_CURVE('',#2509,#2856,#1468,.T.);
#3661=EDGE_CURVE('',#2856,#2855,#1469,.T.);
#3662=EDGE_CURVE('',#2508,#2857,#1470,.T.);
#3663=EDGE_CURVE('',#2857,#2856,#1471,.T.);
#3664=EDGE_CURVE('',#2507,#2858,#1472,.T.);
#3665=EDGE_CURVE('',#2858,#2857,#1473,.T.);
#3666=EDGE_CURVE('',#2506,#2859,#1474,.T.);
#3667=EDGE_CURVE('',#2859,#2858,#1475,.T.);
#3668=EDGE_CURVE('',#2505,#2860,#1476,.T.);
#3669=EDGE_CURVE('',#2860,#2859,#1477,.T.);
#3670=EDGE_CURVE('',#2504,#2861,#1478,.T.);
#3671=EDGE_CURVE('',#2861,#2860,#1479,.T.);
#3672=EDGE_CURVE('',#2503,#2862,#1480,.T.);
#3673=EDGE_CURVE('',#2862,#2861,#1481,.T.);
#3674=EDGE_CURVE('',#2502,#2863,#1482,.T.);
#3675=EDGE_CURVE('',#2863,#2862,#1483,.T.);
#3676=EDGE_CURVE('',#2501,#2864,#1484,.T.);
#3677=EDGE_CURVE('',#2864,#2863,#1485,.T.);
#3678=EDGE_CURVE('',#2500,#2865,#1486,.T.);
#3679=EDGE_CURVE('',#2865,#2864,#1487,.T.);
#3680=EDGE_CURVE('',#2499,#2866,#1488,.T.);
#3681=EDGE_CURVE('',#2866,#2865,#1489,.T.);
#3682=EDGE_CURVE('',#2498,#2867,#1490,.T.);
#3683=EDGE_CURVE('',#2867,#2866,#1491,.T.);
#3684=EDGE_CURVE('',#2497,#2868,#1492,.T.);
#3685=EDGE_CURVE('',#2868,#2867,#1493,.T.);
#3686=EDGE_CURVE('',#2496,#2869,#1494,.T.);
#3687=EDGE_CURVE('',#2869,#2868,#1495,.T.);
#3688=EDGE_CURVE('',#2495,#2870,#1496,.T.);
#3689=EDGE_CURVE('',#2870,#2869,#1497,.T.);
#3690=EDGE_CURVE('',#2494,#2871,#1498,.T.);
#3691=EDGE_CURVE('',#2871,#2870,#1499,.T.);
#3692=EDGE_CURVE('',#2493,#2872,#1500,.T.);
#3693=EDGE_CURVE('',#2872,#2871,#1501,.T.);
#3694=EDGE_CURVE('',#2492,#2873,#1502,.T.);
#3695=EDGE_CURVE('',#2873,#2872,#1503,.T.);
#3696=EDGE_CURVE('',#2491,#2874,#1504,.T.);
#3697=EDGE_CURVE('',#2874,#2873,#1505,.T.);
#3698=EDGE_CURVE('',#2490,#2875,#1506,.T.);
#3699=EDGE_CURVE('',#2875,#2874,#1507,.T.);
#3700=EDGE_CURVE('',#2835,#2875,#1508,.T.);
#3701=EDGE_CURVE('',#2378,#2348,#1509,.T.);
#3702=EDGE_CURVE('',#2347,#2390,#1510,.T.);
#3703=EDGE_CURVE('',#2388,#2346,#1511,.T.);
#3704=EDGE_CURVE('',#2370,#2333,#1512,.T.);
#3705=EDGE_CURVE('',#2371,#2332,#1513,.T.);
#3706=ORIENTED_EDGE('',*,*,#2876,.T.);
#3707=ORIENTED_EDGE('',*,*,#2877,.T.);
#3708=ORIENTED_EDGE('',*,*,#2878,.T.);
#3709=ORIENTED_EDGE('',*,*,#2879,.T.);
#3710=ORIENTED_EDGE('',*,*,#2880,.T.);
#3711=ORIENTED_EDGE('',*,*,#2881,.T.);
#3712=ORIENTED_EDGE('',*,*,#2882,.F.);
#3713=ORIENTED_EDGE('',*,*,#2883,.F.);
#3714=ORIENTED_EDGE('',*,*,#2884,.T.);
#3715=ORIENTED_EDGE('',*,*,#2878,.F.);
#3716=ORIENTED_EDGE('',*,*,#2885,.F.);
#3717=ORIENTED_EDGE('',*,*,#2886,.F.);
#3718=ORIENTED_EDGE('',*,*,#2882,.T.);
#3719=ORIENTED_EDGE('',*,*,#2877,.F.);
#3720=ORIENTED_EDGE('',*,*,#2887,.F.);
#3721=ORIENTED_EDGE('',*,*,#2888,.F.);
#3722=ORIENTED_EDGE('',*,*,#2885,.T.);
#3723=ORIENTED_EDGE('',*,*,#2876,.F.);
#3724=ORIENTED_EDGE('',*,*,#2889,.F.);
#3725=ORIENTED_EDGE('',*,*,#2890,.T.);
#3726=ORIENTED_EDGE('',*,*,#2891,.F.);
#3727=ORIENTED_EDGE('',*,*,#2892,.F.);
#3728=ORIENTED_EDGE('',*,*,#2893,.F.);
#3729=ORIENTED_EDGE('',*,*,#2894,.F.);
#3730=ORIENTED_EDGE('',*,*,#2890,.F.);
#3731=ORIENTED_EDGE('',*,*,#2895,.T.);
#3732=ORIENTED_EDGE('',*,*,#2896,.T.);
#3733=ORIENTED_EDGE('',*,*,#2897,.F.);
#3734=ORIENTED_EDGE('',*,*,#2898,.T.);
#3735=ORIENTED_EDGE('',*,*,#2899,.F.);
#3736=ORIENTED_EDGE('',*,*,#2900,.T.);
#3737=ORIENTED_EDGE('',*,*,#2901,.F.);
#3738=ORIENTED_EDGE('',*,*,#2902,.T.);
#3739=ORIENTED_EDGE('',*,*,#2903,.F.);
#3740=ORIENTED_EDGE('',*,*,#2904,.T.);
#3741=ORIENTED_EDGE('',*,*,#2905,.T.);
#3742=ORIENTED_EDGE('',*,*,#2906,.T.);
#3743=ORIENTED_EDGE('',*,*,#2892,.T.);
#3744=ORIENTED_EDGE('',*,*,#2907,.T.);
#3745=ORIENTED_EDGE('',*,*,#2908,.T.);
#3746=ORIENTED_EDGE('',*,*,#2909,.T.);
#3747=ORIENTED_EDGE('',*,*,#2910,.T.);
#3748=ORIENTED_EDGE('',*,*,#2911,.T.);
#3749=ORIENTED_EDGE('',*,*,#2912,.T.);
#3750=ORIENTED_EDGE('',*,*,#2913,.T.);
#3751=ORIENTED_EDGE('',*,*,#2914,.T.);
#3752=ORIENTED_EDGE('',*,*,#2915,.T.);
#3753=ORIENTED_EDGE('',*,*,#2891,.T.);
#3754=ORIENTED_EDGE('',*,*,#2916,.F.);
#3755=ORIENTED_EDGE('',*,*,#2917,.T.);
#3756=ORIENTED_EDGE('',*,*,#2907,.F.);
#3757=ORIENTED_EDGE('',*,*,#2918,.F.);
#3758=ORIENTED_EDGE('',*,*,#2919,.T.);
#3759=ORIENTED_EDGE('',*,*,#2920,.F.);
#3760=ORIENTED_EDGE('',*,*,#2921,.F.);
#3761=ORIENTED_EDGE('',*,*,#2914,.F.);
#3762=ORIENTED_EDGE('',*,*,#2922,.F.);
#3763=ORIENTED_EDGE('',*,*,#2919,.F.);
#3764=ORIENTED_EDGE('',*,*,#2894,.T.);
#3765=ORIENTED_EDGE('',*,*,#2923,.T.);
#3766=ORIENTED_EDGE('',*,*,#2920,.T.);
#3767=ORIENTED_EDGE('',*,*,#2924,.T.);
#3768=ORIENTED_EDGE('',*,*,#2925,.T.);
#3769=ORIENTED_EDGE('',*,*,#2926,.T.);
#3770=ORIENTED_EDGE('',*,*,#2927,.T.);
#3771=ORIENTED_EDGE('',*,*,#2916,.T.);
#3772=ORIENTED_EDGE('',*,*,#2928,.T.);
#3773=ORIENTED_EDGE('',*,*,#2929,.T.);
#3774=ORIENTED_EDGE('',*,*,#2930,.T.);
#3775=ORIENTED_EDGE('',*,*,#2883,.T.);
#3776=ORIENTED_EDGE('',*,*,#2886,.T.);
#3777=ORIENTED_EDGE('',*,*,#2888,.T.);
#3778=ORIENTED_EDGE('',*,*,#2931,.T.);
#3779=ORIENTED_EDGE('',*,*,#2922,.T.);
#3780=ORIENTED_EDGE('',*,*,#2913,.F.);
#3781=ORIENTED_EDGE('',*,*,#2932,.T.);
#3782=ORIENTED_EDGE('',*,*,#2924,.F.);
#3783=ORIENTED_EDGE('',*,*,#2933,.F.);
#3784=ORIENTED_EDGE('',*,*,#2934,.T.);
#3785=ORIENTED_EDGE('',*,*,#2911,.F.);
#3786=ORIENTED_EDGE('',*,*,#2935,.F.);
#3787=ORIENTED_EDGE('',*,*,#2925,.F.);
#3788=ORIENTED_EDGE('',*,*,#2932,.F.);
#3789=ORIENTED_EDGE('',*,*,#2912,.F.);
#3790=ORIENTED_EDGE('',*,*,#2934,.F.);
#3791=ORIENTED_EDGE('',*,*,#2935,.T.);
#3792=ORIENTED_EDGE('',*,*,#2910,.F.);
#3793=ORIENTED_EDGE('',*,*,#2936,.T.);
#3794=ORIENTED_EDGE('',*,*,#2926,.F.);
#3795=ORIENTED_EDGE('',*,*,#2937,.F.);
#3796=ORIENTED_EDGE('',*,*,#2938,.T.);
#3797=ORIENTED_EDGE('',*,*,#2908,.F.);
#3798=ORIENTED_EDGE('',*,*,#2917,.F.);
#3799=ORIENTED_EDGE('',*,*,#2927,.F.);
#3800=ORIENTED_EDGE('',*,*,#2936,.F.);
#3801=ORIENTED_EDGE('',*,*,#2909,.F.);
#3802=ORIENTED_EDGE('',*,*,#2938,.F.);
#3803=ORIENTED_EDGE('',*,*,#2931,.F.);
#3804=ORIENTED_EDGE('',*,*,#2939,.T.);
#3805=ORIENTED_EDGE('',*,*,#2940,.T.);
#3806=ORIENTED_EDGE('',*,*,#2939,.F.);
#3807=ORIENTED_EDGE('',*,*,#2940,.F.);
#3808=ORIENTED_EDGE('',*,*,#2941,.F.);
#3809=ORIENTED_EDGE('',*,*,#2942,.T.);
#3810=ORIENTED_EDGE('',*,*,#2943,.F.);
#3811=ORIENTED_EDGE('',*,*,#2944,.T.);
#3812=ORIENTED_EDGE('',*,*,#2945,.T.);
#3813=ORIENTED_EDGE('',*,*,#2941,.T.);
#3814=ORIENTED_EDGE('',*,*,#2946,.F.);
#3815=ORIENTED_EDGE('',*,*,#2947,.F.);
#3816=ORIENTED_EDGE('',*,*,#2948,.T.);
#3817=ORIENTED_EDGE('',*,*,#2901,.T.);
#3818=ORIENTED_EDGE('',*,*,#2949,.T.);
#3819=ORIENTED_EDGE('',*,*,#2950,.T.);
#3820=ORIENTED_EDGE('',*,*,#2951,.T.);
#3821=ORIENTED_EDGE('',*,*,#2952,.T.);
#3822=ORIENTED_EDGE('',*,*,#2953,.F.);
#3823=ORIENTED_EDGE('',*,*,#2954,.T.);
#3824=ORIENTED_EDGE('',*,*,#2955,.T.);
#3825=ORIENTED_EDGE('',*,*,#2956,.T.);
#3826=ORIENTED_EDGE('',*,*,#2951,.F.);
#3827=ORIENTED_EDGE('',*,*,#2957,.T.);
#3828=ORIENTED_EDGE('',*,*,#2958,.T.);
#3829=ORIENTED_EDGE('',*,*,#2959,.T.);
#3830=ORIENTED_EDGE('',*,*,#2955,.F.);
#3831=ORIENTED_EDGE('',*,*,#2960,.T.);
#3832=ORIENTED_EDGE('',*,*,#2943,.T.);
#3833=ORIENTED_EDGE('',*,*,#2961,.T.);
#3834=ORIENTED_EDGE('',*,*,#2958,.F.);
#3835=ORIENTED_EDGE('',*,*,#2946,.T.);
#3836=ORIENTED_EDGE('',*,*,#2945,.F.);
#3837=ORIENTED_EDGE('',*,*,#2962,.T.);
#3838=ORIENTED_EDGE('',*,*,#2963,.T.);
#3839=ORIENTED_EDGE('',*,*,#2947,.T.);
#3840=ORIENTED_EDGE('',*,*,#2963,.F.);
#3841=ORIENTED_EDGE('',*,*,#2964,.T.);
#3842=ORIENTED_EDGE('',*,*,#2965,.T.);
#3843=ORIENTED_EDGE('',*,*,#2966,.T.);
#3844=ORIENTED_EDGE('',*,*,#2967,.T.);
#3845=ORIENTED_EDGE('',*,*,#2965,.F.);
#3846=ORIENTED_EDGE('',*,*,#2968,.T.);
#3847=ORIENTED_EDGE('',*,*,#2969,.T.);
#3848=ORIENTED_EDGE('',*,*,#2970,.T.);
#3849=ORIENTED_EDGE('',*,*,#2969,.F.);
#3850=ORIENTED_EDGE('',*,*,#2971,.T.);
#3851=ORIENTED_EDGE('',*,*,#2972,.T.);
#3852=ORIENTED_EDGE('',*,*,#2973,.T.);
#3853=ORIENTED_EDGE('',*,*,#2972,.F.);
#3854=ORIENTED_EDGE('',*,*,#2974,.T.);
#3855=ORIENTED_EDGE('',*,*,#2975,.T.);
#3856=ORIENTED_EDGE('',*,*,#2976,.T.);
#3857=ORIENTED_EDGE('',*,*,#2975,.F.);
#3858=ORIENTED_EDGE('',*,*,#2977,.T.);
#3859=ORIENTED_EDGE('',*,*,#2978,.T.);
#3860=ORIENTED_EDGE('',*,*,#2979,.T.);
#3861=ORIENTED_EDGE('',*,*,#2978,.F.);
#3862=ORIENTED_EDGE('',*,*,#2980,.T.);
#3863=ORIENTED_EDGE('',*,*,#2953,.T.);
#3864=ORIENTED_EDGE('',*,*,#2967,.F.);
#3865=ORIENTED_EDGE('',*,*,#2981,.T.);
#3866=ORIENTED_EDGE('',*,*,#2903,.T.);
#3867=ORIENTED_EDGE('',*,*,#2982,.T.);
#3868=ORIENTED_EDGE('',*,*,#2970,.F.);
#3869=ORIENTED_EDGE('',*,*,#2983,.T.);
#3870=ORIENTED_EDGE('',*,*,#2904,.F.);
#3871=ORIENTED_EDGE('',*,*,#2981,.F.);
#3872=ORIENTED_EDGE('',*,*,#2973,.F.);
#3873=ORIENTED_EDGE('',*,*,#2984,.T.);
#3874=ORIENTED_EDGE('',*,*,#2905,.F.);
#3875=ORIENTED_EDGE('',*,*,#2983,.F.);
#3876=ORIENTED_EDGE('',*,*,#2976,.F.);
#3877=ORIENTED_EDGE('',*,*,#2985,.T.);
#3878=ORIENTED_EDGE('',*,*,#2906,.F.);
#3879=ORIENTED_EDGE('',*,*,#2984,.F.);
#3880=ORIENTED_EDGE('',*,*,#2979,.F.);
#3881=ORIENTED_EDGE('',*,*,#2986,.F.);
#3882=ORIENTED_EDGE('',*,*,#2895,.F.);
#3883=ORIENTED_EDGE('',*,*,#2985,.F.);
#3884=ORIENTED_EDGE('',*,*,#2952,.F.);
#3885=ORIENTED_EDGE('',*,*,#2987,.F.);
#3886=ORIENTED_EDGE('',*,*,#2896,.F.);
#3887=ORIENTED_EDGE('',*,*,#2986,.T.);
#3888=ORIENTED_EDGE('',*,*,#2950,.F.);
#3889=ORIENTED_EDGE('',*,*,#2980,.F.);
#3890=ORIENTED_EDGE('',*,*,#2977,.F.);
#3891=ORIENTED_EDGE('',*,*,#2974,.F.);
#3892=ORIENTED_EDGE('',*,*,#2971,.F.);
#3893=ORIENTED_EDGE('',*,*,#2968,.F.);
#3894=ORIENTED_EDGE('',*,*,#2964,.F.);
#3895=ORIENTED_EDGE('',*,*,#2962,.F.);
#3896=ORIENTED_EDGE('',*,*,#2944,.F.);
#3897=ORIENTED_EDGE('',*,*,#2960,.F.);
#3898=ORIENTED_EDGE('',*,*,#2957,.F.);
#3899=ORIENTED_EDGE('',*,*,#2954,.F.);
#3900=ORIENTED_EDGE('',*,*,#2889,.T.);
#3901=ORIENTED_EDGE('',*,*,#2918,.T.);
#3902=ORIENTED_EDGE('',*,*,#2933,.T.);
#3903=ORIENTED_EDGE('',*,*,#2937,.T.);
#3904=ORIENTED_EDGE('',*,*,#2988,.T.);
#3905=ORIENTED_EDGE('',*,*,#2989,.T.);
#3906=ORIENTED_EDGE('',*,*,#2990,.T.);
#3907=ORIENTED_EDGE('',*,*,#2991,.T.);
#3908=ORIENTED_EDGE('',*,*,#2992,.T.);
#3909=ORIENTED_EDGE('',*,*,#2993,.T.);
#3910=ORIENTED_EDGE('',*,*,#2994,.T.);
#3911=ORIENTED_EDGE('',*,*,#2995,.T.);
#3912=ORIENTED_EDGE('',*,*,#2996,.T.);
#3913=ORIENTED_EDGE('',*,*,#2997,.T.);
#3914=ORIENTED_EDGE('',*,*,#2998,.T.);
#3915=ORIENTED_EDGE('',*,*,#2999,.F.);
#3916=ORIENTED_EDGE('',*,*,#3000,.T.);
#3917=ORIENTED_EDGE('',*,*,#3001,.T.);
#3918=ORIENTED_EDGE('',*,*,#3002,.T.);
#3919=ORIENTED_EDGE('',*,*,#3003,.T.);
#3920=ORIENTED_EDGE('',*,*,#3004,.T.);
#3921=ORIENTED_EDGE('',*,*,#3005,.T.);
#3922=ORIENTED_EDGE('',*,*,#3006,.T.);
#3923=ORIENTED_EDGE('',*,*,#3007,.T.);
#3924=ORIENTED_EDGE('',*,*,#3008,.T.);
#3925=ORIENTED_EDGE('',*,*,#3009,.T.);
#3926=ORIENTED_EDGE('',*,*,#3010,.T.);
#3927=ORIENTED_EDGE('',*,*,#3011,.T.);
#3928=ORIENTED_EDGE('',*,*,#3012,.T.);
#3929=ORIENTED_EDGE('',*,*,#3013,.T.);
#3930=ORIENTED_EDGE('',*,*,#3014,.T.);
#3931=ORIENTED_EDGE('',*,*,#3015,.T.);
#3932=ORIENTED_EDGE('',*,*,#3016,.T.);
#3933=ORIENTED_EDGE('',*,*,#3017,.T.);
#3934=ORIENTED_EDGE('',*,*,#3018,.T.);
#3935=ORIENTED_EDGE('',*,*,#3019,.T.);
#3936=ORIENTED_EDGE('',*,*,#3020,.T.);
#3937=ORIENTED_EDGE('',*,*,#3021,.T.);
#3938=ORIENTED_EDGE('',*,*,#3022,.T.);
#3939=ORIENTED_EDGE('',*,*,#3023,.T.);
#3940=ORIENTED_EDGE('',*,*,#3024,.T.);
#3941=ORIENTED_EDGE('',*,*,#3025,.T.);
#3942=ORIENTED_EDGE('',*,*,#3026,.T.);
#3943=ORIENTED_EDGE('',*,*,#3027,.T.);
#3944=ORIENTED_EDGE('',*,*,#3028,.T.);
#3945=ORIENTED_EDGE('',*,*,#3029,.T.);
#3946=ORIENTED_EDGE('',*,*,#3030,.T.);
#3947=ORIENTED_EDGE('',*,*,#3031,.T.);
#3948=ORIENTED_EDGE('',*,*,#3032,.T.);
#3949=ORIENTED_EDGE('',*,*,#3033,.T.);
#3950=ORIENTED_EDGE('',*,*,#3034,.T.);
#3951=ORIENTED_EDGE('',*,*,#3035,.T.);
#3952=ORIENTED_EDGE('',*,*,#3036,.T.);
#3953=ORIENTED_EDGE('',*,*,#3037,.F.);
#3954=ORIENTED_EDGE('',*,*,#3038,.F.);
#3955=ORIENTED_EDGE('',*,*,#3039,.F.);
#3956=ORIENTED_EDGE('',*,*,#3040,.F.);
#3957=ORIENTED_EDGE('',*,*,#3041,.F.);
#3958=ORIENTED_EDGE('',*,*,#3042,.T.);
#3959=ORIENTED_EDGE('',*,*,#3043,.T.);
#3960=ORIENTED_EDGE('',*,*,#3044,.T.);
#3961=ORIENTED_EDGE('',*,*,#3045,.T.);
#3962=ORIENTED_EDGE('',*,*,#3046,.T.);
#3963=ORIENTED_EDGE('',*,*,#3047,.T.);
#3964=ORIENTED_EDGE('',*,*,#3048,.T.);
#3965=ORIENTED_EDGE('',*,*,#3049,.T.);
#3966=ORIENTED_EDGE('',*,*,#3050,.T.);
#3967=ORIENTED_EDGE('',*,*,#3051,.T.);
#3968=ORIENTED_EDGE('',*,*,#3052,.T.);
#3969=ORIENTED_EDGE('',*,*,#3053,.T.);
#3970=ORIENTED_EDGE('',*,*,#3054,.T.);
#3971=ORIENTED_EDGE('',*,*,#3055,.T.);
#3972=ORIENTED_EDGE('',*,*,#3056,.T.);
#3973=ORIENTED_EDGE('',*,*,#3057,.T.);
#3974=ORIENTED_EDGE('',*,*,#3058,.T.);
#3975=ORIENTED_EDGE('',*,*,#3059,.T.);
#3976=ORIENTED_EDGE('',*,*,#3060,.T.);
#3977=ORIENTED_EDGE('',*,*,#3061,.T.);
#3978=ORIENTED_EDGE('',*,*,#3062,.T.);
#3979=ORIENTED_EDGE('',*,*,#3063,.T.);
#3980=ORIENTED_EDGE('',*,*,#3064,.T.);
#3981=ORIENTED_EDGE('',*,*,#3065,.T.);
#3982=ORIENTED_EDGE('',*,*,#3066,.T.);
#3983=ORIENTED_EDGE('',*,*,#3067,.T.);
#3984=ORIENTED_EDGE('',*,*,#3068,.T.);
#3985=ORIENTED_EDGE('',*,*,#3069,.T.);
#3986=ORIENTED_EDGE('',*,*,#3070,.T.);
#3987=ORIENTED_EDGE('',*,*,#3071,.T.);
#3988=ORIENTED_EDGE('',*,*,#3072,.T.);
#3989=ORIENTED_EDGE('',*,*,#3073,.T.);
#3990=ORIENTED_EDGE('',*,*,#3074,.T.);
#3991=ORIENTED_EDGE('',*,*,#3075,.T.);
#3992=ORIENTED_EDGE('',*,*,#3076,.T.);
#3993=ORIENTED_EDGE('',*,*,#3077,.T.);
#3994=ORIENTED_EDGE('',*,*,#3078,.T.);
#3995=ORIENTED_EDGE('',*,*,#3079,.T.);
#3996=ORIENTED_EDGE('',*,*,#3080,.T.);
#3997=ORIENTED_EDGE('',*,*,#3081,.T.);
#3998=ORIENTED_EDGE('',*,*,#3082,.T.);
#3999=ORIENTED_EDGE('',*,*,#3083,.T.);
#4000=ORIENTED_EDGE('',*,*,#3084,.T.);
#4001=ORIENTED_EDGE('',*,*,#3085,.T.);
#4002=ORIENTED_EDGE('',*,*,#3086,.T.);
#4003=ORIENTED_EDGE('',*,*,#3087,.T.);
#4004=ORIENTED_EDGE('',*,*,#3088,.T.);
#4005=ORIENTED_EDGE('',*,*,#3089,.T.);
#4006=ORIENTED_EDGE('',*,*,#3090,.T.);
#4007=ORIENTED_EDGE('',*,*,#3091,.T.);
#4008=ORIENTED_EDGE('',*,*,#3092,.T.);
#4009=ORIENTED_EDGE('',*,*,#3093,.T.);
#4010=ORIENTED_EDGE('',*,*,#3094,.T.);
#4011=ORIENTED_EDGE('',*,*,#3095,.T.);
#4012=ORIENTED_EDGE('',*,*,#3096,.T.);
#4013=ORIENTED_EDGE('',*,*,#3097,.T.);
#4014=ORIENTED_EDGE('',*,*,#3098,.T.);
#4015=ORIENTED_EDGE('',*,*,#3099,.T.);
#4016=ORIENTED_EDGE('',*,*,#3100,.T.);
#4017=ORIENTED_EDGE('',*,*,#3101,.T.);
#4018=ORIENTED_EDGE('',*,*,#3102,.T.);
#4019=ORIENTED_EDGE('',*,*,#3103,.T.);
#4020=ORIENTED_EDGE('',*,*,#3104,.T.);
#4021=ORIENTED_EDGE('',*,*,#3105,.T.);
#4022=ORIENTED_EDGE('',*,*,#3106,.T.);
#4023=ORIENTED_EDGE('',*,*,#3107,.T.);
#4024=ORIENTED_EDGE('',*,*,#3108,.T.);
#4025=ORIENTED_EDGE('',*,*,#3109,.T.);
#4026=ORIENTED_EDGE('',*,*,#3110,.T.);
#4027=ORIENTED_EDGE('',*,*,#3111,.T.);
#4028=ORIENTED_EDGE('',*,*,#3112,.T.);
#4029=ORIENTED_EDGE('',*,*,#3113,.T.);
#4030=ORIENTED_EDGE('',*,*,#3114,.T.);
#4031=ORIENTED_EDGE('',*,*,#3115,.T.);
#4032=ORIENTED_EDGE('',*,*,#3116,.T.);
#4033=ORIENTED_EDGE('',*,*,#3117,.T.);
#4034=ORIENTED_EDGE('',*,*,#3118,.T.);
#4035=ORIENTED_EDGE('',*,*,#2999,.T.);
#4036=ORIENTED_EDGE('',*,*,#3117,.F.);
#4037=ORIENTED_EDGE('',*,*,#3119,.T.);
#4038=ORIENTED_EDGE('',*,*,#3120,.T.);
#4039=ORIENTED_EDGE('',*,*,#3121,.F.);
#4040=ORIENTED_EDGE('',*,*,#3122,.T.);
#4041=ORIENTED_EDGE('',*,*,#3123,.T.);
#4042=ORIENTED_EDGE('',*,*,#3041,.T.);
#4043=ORIENTED_EDGE('',*,*,#3124,.T.);
#4044=ORIENTED_EDGE('',*,*,#3040,.T.);
#4045=ORIENTED_EDGE('',*,*,#3125,.T.);
#4046=ORIENTED_EDGE('',*,*,#3126,.T.);
#4047=ORIENTED_EDGE('',*,*,#3124,.F.);
#4048=ORIENTED_EDGE('',*,*,#3127,.T.);
#4049=ORIENTED_EDGE('',*,*,#3125,.F.);
#4050=ORIENTED_EDGE('',*,*,#3039,.T.);
#4051=ORIENTED_EDGE('',*,*,#3128,.T.);
#4052=ORIENTED_EDGE('',*,*,#3129,.T.);
#4053=ORIENTED_EDGE('',*,*,#3128,.F.);
#4054=ORIENTED_EDGE('',*,*,#3038,.T.);
#4055=ORIENTED_EDGE('',*,*,#3130,.T.);
#4056=ORIENTED_EDGE('',*,*,#3037,.T.);
#4057=ORIENTED_EDGE('',*,*,#3131,.T.);
#4058=ORIENTED_EDGE('',*,*,#3132,.T.);
#4059=ORIENTED_EDGE('',*,*,#3130,.F.);
#4060=ORIENTED_EDGE('',*,*,#3122,.F.);
#4061=ORIENTED_EDGE('',*,*,#3133,.T.);
#4062=ORIENTED_EDGE('',*,*,#3134,.T.);
#4063=ORIENTED_EDGE('',*,*,#3135,.F.);
#4064=ORIENTED_EDGE('',*,*,#3126,.F.);
#4065=ORIENTED_EDGE('',*,*,#3136,.T.);
#4066=ORIENTED_EDGE('',*,*,#3137,.T.);
#4067=ORIENTED_EDGE('',*,*,#3133,.F.);
#4068=ORIENTED_EDGE('',*,*,#3127,.F.);
#4069=ORIENTED_EDGE('',*,*,#3138,.T.);
#4070=ORIENTED_EDGE('',*,*,#3139,.T.);
#4071=ORIENTED_EDGE('',*,*,#3136,.F.);
#4072=ORIENTED_EDGE('',*,*,#3129,.F.);
#4073=ORIENTED_EDGE('',*,*,#3140,.T.);
#4074=ORIENTED_EDGE('',*,*,#3141,.T.);
#4075=ORIENTED_EDGE('',*,*,#3138,.F.);
#4076=ORIENTED_EDGE('',*,*,#3132,.F.);
#4077=ORIENTED_EDGE('',*,*,#3142,.T.);
#4078=ORIENTED_EDGE('',*,*,#3143,.T.);
#4079=ORIENTED_EDGE('',*,*,#3140,.F.);
#4080=ORIENTED_EDGE('',*,*,#3144,.F.);
#4081=ORIENTED_EDGE('',*,*,#3145,.T.);
#4082=ORIENTED_EDGE('',*,*,#3146,.T.);
#4083=ORIENTED_EDGE('',*,*,#3147,.F.);
#4084=ORIENTED_EDGE('',*,*,#3148,.F.);
#4085=ORIENTED_EDGE('',*,*,#3149,.T.);
#4086=ORIENTED_EDGE('',*,*,#3150,.T.);
#4087=ORIENTED_EDGE('',*,*,#3145,.F.);
#4088=ORIENTED_EDGE('',*,*,#3151,.F.);
#4089=ORIENTED_EDGE('',*,*,#3152,.T.);
#4090=ORIENTED_EDGE('',*,*,#3153,.T.);
#4091=ORIENTED_EDGE('',*,*,#3149,.F.);
#4092=ORIENTED_EDGE('',*,*,#3154,.F.);
#4093=ORIENTED_EDGE('',*,*,#3147,.T.);
#4094=ORIENTED_EDGE('',*,*,#3155,.T.);
#4095=ORIENTED_EDGE('',*,*,#3152,.F.);
#4096=ORIENTED_EDGE('',*,*,#3155,.F.);
#4097=ORIENTED_EDGE('',*,*,#3146,.F.);
#4098=ORIENTED_EDGE('',*,*,#3150,.F.);
#4099=ORIENTED_EDGE('',*,*,#3153,.F.);
#4100=ORIENTED_EDGE('',*,*,#3042,.F.);
#4101=ORIENTED_EDGE('',*,*,#3156,.T.);
#4102=ORIENTED_EDGE('',*,*,#3157,.T.);
#4103=ORIENTED_EDGE('',*,*,#3158,.F.);
#4104=ORIENTED_EDGE('',*,*,#3049,.F.);
#4105=ORIENTED_EDGE('',*,*,#3159,.T.);
#4106=ORIENTED_EDGE('',*,*,#3160,.T.);
#4107=ORIENTED_EDGE('',*,*,#3156,.F.);
#4108=ORIENTED_EDGE('',*,*,#3048,.F.);
#4109=ORIENTED_EDGE('',*,*,#3161,.T.);
#4110=ORIENTED_EDGE('',*,*,#3162,.T.);
#4111=ORIENTED_EDGE('',*,*,#3159,.F.);
#4112=ORIENTED_EDGE('',*,*,#3047,.F.);
#4113=ORIENTED_EDGE('',*,*,#3163,.T.);
#4114=ORIENTED_EDGE('',*,*,#3164,.T.);
#4115=ORIENTED_EDGE('',*,*,#3161,.F.);
#4116=ORIENTED_EDGE('',*,*,#3046,.F.);
#4117=ORIENTED_EDGE('',*,*,#3165,.T.);
#4118=ORIENTED_EDGE('',*,*,#3166,.T.);
#4119=ORIENTED_EDGE('',*,*,#3163,.F.);
#4120=ORIENTED_EDGE('',*,*,#3045,.F.);
#4121=ORIENTED_EDGE('',*,*,#3167,.T.);
#4122=ORIENTED_EDGE('',*,*,#3168,.T.);
#4123=ORIENTED_EDGE('',*,*,#3165,.F.);
#4124=ORIENTED_EDGE('',*,*,#3044,.F.);
#4125=ORIENTED_EDGE('',*,*,#3169,.T.);
#4126=ORIENTED_EDGE('',*,*,#3170,.T.);
#4127=ORIENTED_EDGE('',*,*,#3167,.F.);
#4128=ORIENTED_EDGE('',*,*,#3043,.F.);
#4129=ORIENTED_EDGE('',*,*,#3158,.T.);
#4130=ORIENTED_EDGE('',*,*,#3171,.T.);
#4131=ORIENTED_EDGE('',*,*,#3169,.F.);
#4132=ORIENTED_EDGE('',*,*,#3171,.F.);
#4133=ORIENTED_EDGE('',*,*,#3157,.F.);
#4134=ORIENTED_EDGE('',*,*,#3160,.F.);
#4135=ORIENTED_EDGE('',*,*,#3162,.F.);
#4136=ORIENTED_EDGE('',*,*,#3164,.F.);
#4137=ORIENTED_EDGE('',*,*,#3166,.F.);
#4138=ORIENTED_EDGE('',*,*,#3168,.F.);
#4139=ORIENTED_EDGE('',*,*,#3170,.F.);
#4140=ORIENTED_EDGE('',*,*,#2998,.F.);
#4141=ORIENTED_EDGE('',*,*,#3172,.T.);
#4142=ORIENTED_EDGE('',*,*,#3173,.T.);
#4143=ORIENTED_EDGE('',*,*,#3119,.F.);
#4144=ORIENTED_EDGE('',*,*,#3116,.F.);
#4145=ORIENTED_EDGE('',*,*,#2997,.F.);
#4146=ORIENTED_EDGE('',*,*,#3174,.T.);
#4147=ORIENTED_EDGE('',*,*,#3175,.T.);
#4148=ORIENTED_EDGE('',*,*,#3172,.F.);
#4149=ORIENTED_EDGE('',*,*,#2996,.F.);
#4150=ORIENTED_EDGE('',*,*,#3176,.T.);
#4151=ORIENTED_EDGE('',*,*,#3177,.T.);
#4152=ORIENTED_EDGE('',*,*,#3174,.F.);
#4153=ORIENTED_EDGE('',*,*,#2995,.F.);
#4154=ORIENTED_EDGE('',*,*,#3178,.T.);
#4155=ORIENTED_EDGE('',*,*,#3179,.T.);
#4156=ORIENTED_EDGE('',*,*,#3176,.F.);
#4157=ORIENTED_EDGE('',*,*,#2994,.F.);
#4158=ORIENTED_EDGE('',*,*,#3180,.T.);
#4159=ORIENTED_EDGE('',*,*,#3181,.T.);
#4160=ORIENTED_EDGE('',*,*,#3178,.F.);
#4161=ORIENTED_EDGE('',*,*,#2993,.F.);
#4162=ORIENTED_EDGE('',*,*,#3182,.T.);
#4163=ORIENTED_EDGE('',*,*,#3183,.T.);
#4164=ORIENTED_EDGE('',*,*,#3180,.F.);
#4165=ORIENTED_EDGE('',*,*,#2992,.F.);
#4166=ORIENTED_EDGE('',*,*,#3184,.T.);
#4167=ORIENTED_EDGE('',*,*,#3185,.T.);
#4168=ORIENTED_EDGE('',*,*,#3182,.F.);
#4169=ORIENTED_EDGE('',*,*,#2991,.F.);
#4170=ORIENTED_EDGE('',*,*,#3186,.T.);
#4171=ORIENTED_EDGE('',*,*,#3187,.T.);
#4172=ORIENTED_EDGE('',*,*,#3184,.F.);
#4173=ORIENTED_EDGE('',*,*,#2990,.F.);
#4174=ORIENTED_EDGE('',*,*,#3188,.T.);
#4175=ORIENTED_EDGE('',*,*,#3189,.T.);
#4176=ORIENTED_EDGE('',*,*,#3186,.F.);
#4177=ORIENTED_EDGE('',*,*,#2989,.F.);
#4178=ORIENTED_EDGE('',*,*,#3190,.T.);
#4179=ORIENTED_EDGE('',*,*,#3191,.T.);
#4180=ORIENTED_EDGE('',*,*,#3188,.F.);
#4181=ORIENTED_EDGE('',*,*,#2988,.F.);
#4182=ORIENTED_EDGE('',*,*,#3118,.F.);
#4183=ORIENTED_EDGE('',*,*,#3121,.T.);
#4184=ORIENTED_EDGE('',*,*,#3192,.T.);
#4185=ORIENTED_EDGE('',*,*,#3190,.F.);
#4186=ORIENTED_EDGE('',*,*,#3192,.F.);
#4187=ORIENTED_EDGE('',*,*,#3120,.F.);
#4188=ORIENTED_EDGE('',*,*,#3173,.F.);
#4189=ORIENTED_EDGE('',*,*,#3175,.F.);
#4190=ORIENTED_EDGE('',*,*,#3177,.F.);
#4191=ORIENTED_EDGE('',*,*,#3179,.F.);
#4192=ORIENTED_EDGE('',*,*,#3181,.F.);
#4193=ORIENTED_EDGE('',*,*,#3183,.F.);
#4194=ORIENTED_EDGE('',*,*,#3185,.F.);
#4195=ORIENTED_EDGE('',*,*,#3187,.F.);
#4196=ORIENTED_EDGE('',*,*,#3189,.F.);
#4197=ORIENTED_EDGE('',*,*,#3191,.F.);
#4198=ORIENTED_EDGE('',*,*,#3050,.F.);
#4199=ORIENTED_EDGE('',*,*,#3193,.T.);
#4200=ORIENTED_EDGE('',*,*,#3194,.T.);
#4201=ORIENTED_EDGE('',*,*,#3195,.F.);
#4202=ORIENTED_EDGE('',*,*,#3057,.F.);
#4203=ORIENTED_EDGE('',*,*,#3196,.T.);
#4204=ORIENTED_EDGE('',*,*,#3197,.T.);
#4205=ORIENTED_EDGE('',*,*,#3193,.F.);
#4206=ORIENTED_EDGE('',*,*,#3056,.F.);
#4207=ORIENTED_EDGE('',*,*,#3198,.T.);
#4208=ORIENTED_EDGE('',*,*,#3199,.T.);
#4209=ORIENTED_EDGE('',*,*,#3196,.F.);
#4210=ORIENTED_EDGE('',*,*,#3055,.F.);
#4211=ORIENTED_EDGE('',*,*,#3200,.T.);
#4212=ORIENTED_EDGE('',*,*,#3201,.T.);
#4213=ORIENTED_EDGE('',*,*,#3198,.F.);
#4214=ORIENTED_EDGE('',*,*,#3054,.F.);
#4215=ORIENTED_EDGE('',*,*,#3202,.T.);
#4216=ORIENTED_EDGE('',*,*,#3203,.T.);
#4217=ORIENTED_EDGE('',*,*,#3200,.F.);
#4218=ORIENTED_EDGE('',*,*,#3053,.F.);
#4219=ORIENTED_EDGE('',*,*,#3204,.T.);
#4220=ORIENTED_EDGE('',*,*,#3205,.T.);
#4221=ORIENTED_EDGE('',*,*,#3202,.F.);
#4222=ORIENTED_EDGE('',*,*,#3052,.F.);
#4223=ORIENTED_EDGE('',*,*,#3206,.T.);
#4224=ORIENTED_EDGE('',*,*,#3207,.T.);
#4225=ORIENTED_EDGE('',*,*,#3204,.F.);
#4226=ORIENTED_EDGE('',*,*,#3051,.F.);
#4227=ORIENTED_EDGE('',*,*,#3195,.T.);
#4228=ORIENTED_EDGE('',*,*,#3208,.T.);
#4229=ORIENTED_EDGE('',*,*,#3206,.F.);
#4230=ORIENTED_EDGE('',*,*,#3208,.F.);
#4231=ORIENTED_EDGE('',*,*,#3194,.F.);
#4232=ORIENTED_EDGE('',*,*,#3197,.F.);
#4233=ORIENTED_EDGE('',*,*,#3199,.F.);
#4234=ORIENTED_EDGE('',*,*,#3201,.F.);
#4235=ORIENTED_EDGE('',*,*,#3203,.F.);
#4236=ORIENTED_EDGE('',*,*,#3205,.F.);
#4237=ORIENTED_EDGE('',*,*,#3207,.F.);
#4238=ORIENTED_EDGE('',*,*,#3209,.F.);
#4239=ORIENTED_EDGE('',*,*,#3210,.T.);
#4240=ORIENTED_EDGE('',*,*,#3211,.T.);
#4241=ORIENTED_EDGE('',*,*,#3212,.F.);
#4242=ORIENTED_EDGE('',*,*,#3213,.F.);
#4243=ORIENTED_EDGE('',*,*,#3214,.T.);
#4244=ORIENTED_EDGE('',*,*,#3215,.T.);
#4245=ORIENTED_EDGE('',*,*,#3210,.F.);
#4246=ORIENTED_EDGE('',*,*,#3216,.F.);
#4247=ORIENTED_EDGE('',*,*,#3217,.T.);
#4248=ORIENTED_EDGE('',*,*,#3218,.T.);
#4249=ORIENTED_EDGE('',*,*,#3214,.F.);
#4250=ORIENTED_EDGE('',*,*,#3219,.F.);
#4251=ORIENTED_EDGE('',*,*,#3212,.T.);
#4252=ORIENTED_EDGE('',*,*,#3220,.T.);
#4253=ORIENTED_EDGE('',*,*,#3217,.F.);
#4254=ORIENTED_EDGE('',*,*,#3220,.F.);
#4255=ORIENTED_EDGE('',*,*,#3211,.F.);
#4256=ORIENTED_EDGE('',*,*,#3215,.F.);
#4257=ORIENTED_EDGE('',*,*,#3218,.F.);
#4258=ORIENTED_EDGE('',*,*,#3221,.F.);
#4259=ORIENTED_EDGE('',*,*,#3222,.T.);
#4260=ORIENTED_EDGE('',*,*,#3223,.T.);
#4261=ORIENTED_EDGE('',*,*,#3224,.F.);
#4262=ORIENTED_EDGE('',*,*,#3225,.F.);
#4263=ORIENTED_EDGE('',*,*,#3226,.T.);
#4264=ORIENTED_EDGE('',*,*,#3227,.T.);
#4265=ORIENTED_EDGE('',*,*,#3222,.F.);
#4266=ORIENTED_EDGE('',*,*,#3228,.F.);
#4267=ORIENTED_EDGE('',*,*,#3229,.T.);
#4268=ORIENTED_EDGE('',*,*,#3230,.T.);
#4269=ORIENTED_EDGE('',*,*,#3226,.F.);
#4270=ORIENTED_EDGE('',*,*,#3231,.F.);
#4271=ORIENTED_EDGE('',*,*,#3224,.T.);
#4272=ORIENTED_EDGE('',*,*,#3232,.T.);
#4273=ORIENTED_EDGE('',*,*,#3229,.F.);
#4274=ORIENTED_EDGE('',*,*,#3232,.F.);
#4275=ORIENTED_EDGE('',*,*,#3223,.F.);
#4276=ORIENTED_EDGE('',*,*,#3227,.F.);
#4277=ORIENTED_EDGE('',*,*,#3230,.F.);
#4278=ORIENTED_EDGE('',*,*,#3058,.F.);
#4279=ORIENTED_EDGE('',*,*,#3233,.T.);
#4280=ORIENTED_EDGE('',*,*,#3234,.T.);
#4281=ORIENTED_EDGE('',*,*,#3235,.F.);
#4282=ORIENTED_EDGE('',*,*,#3065,.F.);
#4283=ORIENTED_EDGE('',*,*,#3236,.T.);
#4284=ORIENTED_EDGE('',*,*,#3237,.T.);
#4285=ORIENTED_EDGE('',*,*,#3233,.F.);
#4286=ORIENTED_EDGE('',*,*,#3064,.F.);
#4287=ORIENTED_EDGE('',*,*,#3238,.T.);
#4288=ORIENTED_EDGE('',*,*,#3239,.T.);
#4289=ORIENTED_EDGE('',*,*,#3236,.F.);
#4290=ORIENTED_EDGE('',*,*,#3063,.F.);
#4291=ORIENTED_EDGE('',*,*,#3240,.T.);
#4292=ORIENTED_EDGE('',*,*,#3241,.T.);
#4293=ORIENTED_EDGE('',*,*,#3238,.F.);
#4294=ORIENTED_EDGE('',*,*,#3062,.F.);
#4295=ORIENTED_EDGE('',*,*,#3242,.T.);
#4296=ORIENTED_EDGE('',*,*,#3243,.T.);
#4297=ORIENTED_EDGE('',*,*,#3240,.F.);
#4298=ORIENTED_EDGE('',*,*,#3061,.F.);
#4299=ORIENTED_EDGE('',*,*,#3244,.T.);
#4300=ORIENTED_EDGE('',*,*,#3245,.T.);
#4301=ORIENTED_EDGE('',*,*,#3242,.F.);
#4302=ORIENTED_EDGE('',*,*,#3060,.F.);
#4303=ORIENTED_EDGE('',*,*,#3246,.T.);
#4304=ORIENTED_EDGE('',*,*,#3247,.T.);
#4305=ORIENTED_EDGE('',*,*,#3244,.F.);
#4306=ORIENTED_EDGE('',*,*,#3059,.F.);
#4307=ORIENTED_EDGE('',*,*,#3235,.T.);
#4308=ORIENTED_EDGE('',*,*,#3248,.T.);
#4309=ORIENTED_EDGE('',*,*,#3246,.F.);
#4310=ORIENTED_EDGE('',*,*,#3248,.F.);
#4311=ORIENTED_EDGE('',*,*,#3234,.F.);
#4312=ORIENTED_EDGE('',*,*,#3237,.F.);
#4313=ORIENTED_EDGE('',*,*,#3239,.F.);
#4314=ORIENTED_EDGE('',*,*,#3241,.F.);
#4315=ORIENTED_EDGE('',*,*,#3243,.F.);
#4316=ORIENTED_EDGE('',*,*,#3245,.F.);
#4317=ORIENTED_EDGE('',*,*,#3247,.F.);
#4318=ORIENTED_EDGE('',*,*,#3034,.F.);
#4319=ORIENTED_EDGE('',*,*,#3249,.T.);
#4320=ORIENTED_EDGE('',*,*,#3250,.T.);
#4321=ORIENTED_EDGE('',*,*,#3251,.F.);
#4322=ORIENTED_EDGE('',*,*,#3033,.F.);
#4323=ORIENTED_EDGE('',*,*,#3252,.T.);
#4324=ORIENTED_EDGE('',*,*,#3253,.T.);
#4325=ORIENTED_EDGE('',*,*,#3249,.F.);
#4326=ORIENTED_EDGE('',*,*,#3032,.F.);
#4327=ORIENTED_EDGE('',*,*,#3254,.T.);
#4328=ORIENTED_EDGE('',*,*,#3255,.T.);
#4329=ORIENTED_EDGE('',*,*,#3252,.F.);
#4330=ORIENTED_EDGE('',*,*,#3031,.F.);
#4331=ORIENTED_EDGE('',*,*,#3256,.T.);
#4332=ORIENTED_EDGE('',*,*,#3257,.T.);
#4333=ORIENTED_EDGE('',*,*,#3254,.F.);
#4334=ORIENTED_EDGE('',*,*,#3030,.F.);
#4335=ORIENTED_EDGE('',*,*,#3258,.T.);
#4336=ORIENTED_EDGE('',*,*,#3259,.T.);
#4337=ORIENTED_EDGE('',*,*,#3256,.F.);
#4338=ORIENTED_EDGE('',*,*,#3029,.F.);
#4339=ORIENTED_EDGE('',*,*,#3260,.T.);
#4340=ORIENTED_EDGE('',*,*,#3261,.T.);
#4341=ORIENTED_EDGE('',*,*,#3258,.F.);
#4342=ORIENTED_EDGE('',*,*,#3028,.F.);
#4343=ORIENTED_EDGE('',*,*,#3262,.T.);
#4344=ORIENTED_EDGE('',*,*,#3263,.T.);
#4345=ORIENTED_EDGE('',*,*,#3260,.F.);
#4346=ORIENTED_EDGE('',*,*,#3027,.F.);
#4347=ORIENTED_EDGE('',*,*,#3264,.T.);
#4348=ORIENTED_EDGE('',*,*,#3265,.T.);
#4349=ORIENTED_EDGE('',*,*,#3262,.F.);
#4350=ORIENTED_EDGE('',*,*,#3026,.F.);
#4351=ORIENTED_EDGE('',*,*,#3266,.T.);
#4352=ORIENTED_EDGE('',*,*,#3267,.T.);
#4353=ORIENTED_EDGE('',*,*,#3264,.F.);
#4354=ORIENTED_EDGE('',*,*,#3025,.F.);
#4355=ORIENTED_EDGE('',*,*,#3268,.T.);
#4356=ORIENTED_EDGE('',*,*,#3269,.T.);
#4357=ORIENTED_EDGE('',*,*,#3266,.F.);
#4358=ORIENTED_EDGE('',*,*,#3024,.F.);
#4359=ORIENTED_EDGE('',*,*,#3270,.T.);
#4360=ORIENTED_EDGE('',*,*,#3271,.T.);
#4361=ORIENTED_EDGE('',*,*,#3268,.F.);
#4362=ORIENTED_EDGE('',*,*,#3023,.F.);
#4363=ORIENTED_EDGE('',*,*,#3272,.T.);
#4364=ORIENTED_EDGE('',*,*,#3273,.T.);
#4365=ORIENTED_EDGE('',*,*,#3270,.F.);
#4366=ORIENTED_EDGE('',*,*,#3022,.F.);
#4367=ORIENTED_EDGE('',*,*,#3274,.T.);
#4368=ORIENTED_EDGE('',*,*,#3275,.T.);
#4369=ORIENTED_EDGE('',*,*,#3272,.F.);
#4370=ORIENTED_EDGE('',*,*,#3021,.F.);
#4371=ORIENTED_EDGE('',*,*,#3276,.T.);
#4372=ORIENTED_EDGE('',*,*,#3277,.T.);
#4373=ORIENTED_EDGE('',*,*,#3274,.F.);
#4374=ORIENTED_EDGE('',*,*,#3020,.F.);
#4375=ORIENTED_EDGE('',*,*,#3278,.T.);
#4376=ORIENTED_EDGE('',*,*,#3279,.T.);
#4377=ORIENTED_EDGE('',*,*,#3276,.F.);
#4378=ORIENTED_EDGE('',*,*,#3019,.F.);
#4379=ORIENTED_EDGE('',*,*,#3280,.T.);
#4380=ORIENTED_EDGE('',*,*,#3281,.T.);
#4381=ORIENTED_EDGE('',*,*,#3278,.F.);
#4382=ORIENTED_EDGE('',*,*,#3018,.F.);
#4383=ORIENTED_EDGE('',*,*,#3282,.T.);
#4384=ORIENTED_EDGE('',*,*,#3283,.T.);
#4385=ORIENTED_EDGE('',*,*,#3280,.F.);
#4386=ORIENTED_EDGE('',*,*,#3017,.F.);
#4387=ORIENTED_EDGE('',*,*,#3284,.T.);
#4388=ORIENTED_EDGE('',*,*,#3285,.T.);
#4389=ORIENTED_EDGE('',*,*,#3282,.F.);
#4390=ORIENTED_EDGE('',*,*,#3016,.F.);
#4391=ORIENTED_EDGE('',*,*,#3286,.T.);
#4392=ORIENTED_EDGE('',*,*,#3287,.T.);
#4393=ORIENTED_EDGE('',*,*,#3284,.F.);
#4394=ORIENTED_EDGE('',*,*,#3015,.F.);
#4395=ORIENTED_EDGE('',*,*,#3288,.T.);
#4396=ORIENTED_EDGE('',*,*,#3289,.T.);
#4397=ORIENTED_EDGE('',*,*,#3286,.F.);
#4398=ORIENTED_EDGE('',*,*,#3014,.F.);
#4399=ORIENTED_EDGE('',*,*,#3290,.T.);
#4400=ORIENTED_EDGE('',*,*,#3291,.T.);
#4401=ORIENTED_EDGE('',*,*,#3288,.F.);
#4402=ORIENTED_EDGE('',*,*,#3013,.F.);
#4403=ORIENTED_EDGE('',*,*,#3292,.T.);
#4404=ORIENTED_EDGE('',*,*,#3293,.T.);
#4405=ORIENTED_EDGE('',*,*,#3290,.F.);
#4406=ORIENTED_EDGE('',*,*,#3012,.F.);
#4407=ORIENTED_EDGE('',*,*,#3294,.T.);
#4408=ORIENTED_EDGE('',*,*,#3295,.T.);
#4409=ORIENTED_EDGE('',*,*,#3292,.F.);
#4410=ORIENTED_EDGE('',*,*,#3011,.F.);
#4411=ORIENTED_EDGE('',*,*,#3296,.T.);
#4412=ORIENTED_EDGE('',*,*,#3297,.T.);
#4413=ORIENTED_EDGE('',*,*,#3294,.F.);
#4414=ORIENTED_EDGE('',*,*,#3010,.F.);
#4415=ORIENTED_EDGE('',*,*,#3298,.T.);
#4416=ORIENTED_EDGE('',*,*,#3299,.T.);
#4417=ORIENTED_EDGE('',*,*,#3296,.F.);
#4418=ORIENTED_EDGE('',*,*,#3009,.F.);
#4419=ORIENTED_EDGE('',*,*,#3300,.T.);
#4420=ORIENTED_EDGE('',*,*,#3301,.T.);
#4421=ORIENTED_EDGE('',*,*,#3298,.F.);
#4422=ORIENTED_EDGE('',*,*,#3008,.F.);
#4423=ORIENTED_EDGE('',*,*,#3302,.T.);
#4424=ORIENTED_EDGE('',*,*,#3303,.T.);
#4425=ORIENTED_EDGE('',*,*,#3300,.F.);
#4426=ORIENTED_EDGE('',*,*,#3007,.F.);
#4427=ORIENTED_EDGE('',*,*,#3304,.T.);
#4428=ORIENTED_EDGE('',*,*,#3305,.T.);
#4429=ORIENTED_EDGE('',*,*,#3302,.F.);
#4430=ORIENTED_EDGE('',*,*,#3006,.F.);
#4431=ORIENTED_EDGE('',*,*,#3306,.T.);
#4432=ORIENTED_EDGE('',*,*,#3307,.T.);
#4433=ORIENTED_EDGE('',*,*,#3304,.F.);
#4434=ORIENTED_EDGE('',*,*,#3005,.F.);
#4435=ORIENTED_EDGE('',*,*,#3308,.T.);
#4436=ORIENTED_EDGE('',*,*,#3309,.T.);
#4437=ORIENTED_EDGE('',*,*,#3306,.F.);
#4438=ORIENTED_EDGE('',*,*,#3004,.F.);
#4439=ORIENTED_EDGE('',*,*,#3310,.T.);
#4440=ORIENTED_EDGE('',*,*,#3311,.T.);
#4441=ORIENTED_EDGE('',*,*,#3308,.F.);
#4442=ORIENTED_EDGE('',*,*,#3003,.F.);
#4443=ORIENTED_EDGE('',*,*,#3312,.T.);
#4444=ORIENTED_EDGE('',*,*,#3313,.T.);
#4445=ORIENTED_EDGE('',*,*,#3310,.F.);
#4446=ORIENTED_EDGE('',*,*,#3002,.F.);
#4447=ORIENTED_EDGE('',*,*,#3314,.T.);
#4448=ORIENTED_EDGE('',*,*,#3315,.T.);
#4449=ORIENTED_EDGE('',*,*,#3312,.F.);
#4450=ORIENTED_EDGE('',*,*,#3001,.F.);
#4451=ORIENTED_EDGE('',*,*,#3316,.T.);
#4452=ORIENTED_EDGE('',*,*,#3317,.T.);
#4453=ORIENTED_EDGE('',*,*,#3314,.F.);
#4454=ORIENTED_EDGE('',*,*,#3000,.F.);
#4455=ORIENTED_EDGE('',*,*,#3123,.F.);
#4456=ORIENTED_EDGE('',*,*,#3135,.T.);
#4457=ORIENTED_EDGE('',*,*,#3318,.T.);
#4458=ORIENTED_EDGE('',*,*,#3316,.F.);
#4459=ORIENTED_EDGE('',*,*,#3036,.F.);
#4460=ORIENTED_EDGE('',*,*,#3319,.T.);
#4461=ORIENTED_EDGE('',*,*,#3320,.T.);
#4462=ORIENTED_EDGE('',*,*,#3142,.F.);
#4463=ORIENTED_EDGE('',*,*,#3131,.F.);
#4464=ORIENTED_EDGE('',*,*,#3035,.F.);
#4465=ORIENTED_EDGE('',*,*,#3251,.T.);
#4466=ORIENTED_EDGE('',*,*,#3321,.T.);
#4467=ORIENTED_EDGE('',*,*,#3319,.F.);
#4468=ORIENTED_EDGE('',*,*,#3321,.F.);
#4469=ORIENTED_EDGE('',*,*,#3250,.F.);
#4470=ORIENTED_EDGE('',*,*,#3253,.F.);
#4471=ORIENTED_EDGE('',*,*,#3255,.F.);
#4472=ORIENTED_EDGE('',*,*,#3257,.F.);
#4473=ORIENTED_EDGE('',*,*,#3259,.F.);
#4474=ORIENTED_EDGE('',*,*,#3261,.F.);
#4475=ORIENTED_EDGE('',*,*,#3263,.F.);
#4476=ORIENTED_EDGE('',*,*,#3265,.F.);
#4477=ORIENTED_EDGE('',*,*,#3267,.F.);
#4478=ORIENTED_EDGE('',*,*,#3269,.F.);
#4479=ORIENTED_EDGE('',*,*,#3271,.F.);
#4480=ORIENTED_EDGE('',*,*,#3273,.F.);
#4481=ORIENTED_EDGE('',*,*,#3275,.F.);
#4482=ORIENTED_EDGE('',*,*,#3277,.F.);
#4483=ORIENTED_EDGE('',*,*,#3279,.F.);
#4484=ORIENTED_EDGE('',*,*,#3281,.F.);
#4485=ORIENTED_EDGE('',*,*,#3283,.F.);
#4486=ORIENTED_EDGE('',*,*,#3285,.F.);
#4487=ORIENTED_EDGE('',*,*,#3287,.F.);
#4488=ORIENTED_EDGE('',*,*,#3289,.F.);
#4489=ORIENTED_EDGE('',*,*,#3291,.F.);
#4490=ORIENTED_EDGE('',*,*,#3293,.F.);
#4491=ORIENTED_EDGE('',*,*,#3295,.F.);
#4492=ORIENTED_EDGE('',*,*,#3297,.F.);
#4493=ORIENTED_EDGE('',*,*,#3299,.F.);
#4494=ORIENTED_EDGE('',*,*,#3301,.F.);
#4495=ORIENTED_EDGE('',*,*,#3303,.F.);
#4496=ORIENTED_EDGE('',*,*,#3305,.F.);
#4497=ORIENTED_EDGE('',*,*,#3307,.F.);
#4498=ORIENTED_EDGE('',*,*,#3309,.F.);
#4499=ORIENTED_EDGE('',*,*,#3311,.F.);
#4500=ORIENTED_EDGE('',*,*,#3313,.F.);
#4501=ORIENTED_EDGE('',*,*,#3315,.F.);
#4502=ORIENTED_EDGE('',*,*,#3317,.F.);
#4503=ORIENTED_EDGE('',*,*,#3318,.F.);
#4504=ORIENTED_EDGE('',*,*,#3134,.F.);
#4505=ORIENTED_EDGE('',*,*,#3137,.F.);
#4506=ORIENTED_EDGE('',*,*,#3139,.F.);
#4507=ORIENTED_EDGE('',*,*,#3141,.F.);
#4508=ORIENTED_EDGE('',*,*,#3143,.F.);
#4509=ORIENTED_EDGE('',*,*,#3320,.F.);
#4510=ORIENTED_EDGE('',*,*,#3066,.F.);
#4511=ORIENTED_EDGE('',*,*,#3322,.T.);
#4512=ORIENTED_EDGE('',*,*,#3323,.T.);
#4513=ORIENTED_EDGE('',*,*,#3324,.F.);
#4514=ORIENTED_EDGE('',*,*,#3073,.F.);
#4515=ORIENTED_EDGE('',*,*,#3325,.T.);
#4516=ORIENTED_EDGE('',*,*,#3326,.T.);
#4517=ORIENTED_EDGE('',*,*,#3322,.F.);
#4518=ORIENTED_EDGE('',*,*,#3072,.F.);
#4519=ORIENTED_EDGE('',*,*,#3327,.T.);
#4520=ORIENTED_EDGE('',*,*,#3328,.T.);
#4521=ORIENTED_EDGE('',*,*,#3325,.F.);
#4522=ORIENTED_EDGE('',*,*,#3071,.F.);
#4523=ORIENTED_EDGE('',*,*,#3329,.T.);
#4524=ORIENTED_EDGE('',*,*,#3330,.T.);
#4525=ORIENTED_EDGE('',*,*,#3327,.F.);
#4526=ORIENTED_EDGE('',*,*,#3070,.F.);
#4527=ORIENTED_EDGE('',*,*,#3331,.T.);
#4528=ORIENTED_EDGE('',*,*,#3332,.T.);
#4529=ORIENTED_EDGE('',*,*,#3329,.F.);
#4530=ORIENTED_EDGE('',*,*,#3069,.F.);
#4531=ORIENTED_EDGE('',*,*,#3333,.T.);
#4532=ORIENTED_EDGE('',*,*,#3334,.T.);
#4533=ORIENTED_EDGE('',*,*,#3331,.F.);
#4534=ORIENTED_EDGE('',*,*,#3068,.F.);
#4535=ORIENTED_EDGE('',*,*,#3335,.T.);
#4536=ORIENTED_EDGE('',*,*,#3336,.T.);
#4537=ORIENTED_EDGE('',*,*,#3333,.F.);
#4538=ORIENTED_EDGE('',*,*,#3067,.F.);
#4539=ORIENTED_EDGE('',*,*,#3324,.T.);
#4540=ORIENTED_EDGE('',*,*,#3337,.T.);
#4541=ORIENTED_EDGE('',*,*,#3335,.F.);
#4542=ORIENTED_EDGE('',*,*,#3337,.F.);
#4543=ORIENTED_EDGE('',*,*,#3323,.F.);
#4544=ORIENTED_EDGE('',*,*,#3326,.F.);
#4545=ORIENTED_EDGE('',*,*,#3328,.F.);
#4546=ORIENTED_EDGE('',*,*,#3330,.F.);
#4547=ORIENTED_EDGE('',*,*,#3332,.F.);
#4548=ORIENTED_EDGE('',*,*,#3334,.F.);
#4549=ORIENTED_EDGE('',*,*,#3336,.F.);
#4550=ORIENTED_EDGE('',*,*,#3338,.F.);
#4551=ORIENTED_EDGE('',*,*,#3339,.T.);
#4552=ORIENTED_EDGE('',*,*,#3340,.T.);
#4553=ORIENTED_EDGE('',*,*,#3341,.F.);
#4554=ORIENTED_EDGE('',*,*,#3342,.F.);
#4555=ORIENTED_EDGE('',*,*,#3343,.T.);
#4556=ORIENTED_EDGE('',*,*,#3344,.T.);
#4557=ORIENTED_EDGE('',*,*,#3339,.F.);
#4558=ORIENTED_EDGE('',*,*,#3345,.F.);
#4559=ORIENTED_EDGE('',*,*,#3346,.T.);
#4560=ORIENTED_EDGE('',*,*,#3347,.T.);
#4561=ORIENTED_EDGE('',*,*,#3343,.F.);
#4562=ORIENTED_EDGE('',*,*,#3348,.F.);
#4563=ORIENTED_EDGE('',*,*,#3341,.T.);
#4564=ORIENTED_EDGE('',*,*,#3349,.T.);
#4565=ORIENTED_EDGE('',*,*,#3346,.F.);
#4566=ORIENTED_EDGE('',*,*,#3349,.F.);
#4567=ORIENTED_EDGE('',*,*,#3340,.F.);
#4568=ORIENTED_EDGE('',*,*,#3344,.F.);
#4569=ORIENTED_EDGE('',*,*,#3347,.F.);
#4570=ORIENTED_EDGE('',*,*,#3350,.F.);
#4571=ORIENTED_EDGE('',*,*,#3351,.T.);
#4572=ORIENTED_EDGE('',*,*,#3352,.T.);
#4573=ORIENTED_EDGE('',*,*,#3353,.F.);
#4574=ORIENTED_EDGE('',*,*,#3354,.F.);
#4575=ORIENTED_EDGE('',*,*,#3355,.T.);
#4576=ORIENTED_EDGE('',*,*,#3356,.T.);
#4577=ORIENTED_EDGE('',*,*,#3351,.F.);
#4578=ORIENTED_EDGE('',*,*,#3357,.F.);
#4579=ORIENTED_EDGE('',*,*,#3358,.T.);
#4580=ORIENTED_EDGE('',*,*,#3359,.T.);
#4581=ORIENTED_EDGE('',*,*,#3355,.F.);
#4582=ORIENTED_EDGE('',*,*,#3360,.F.);
#4583=ORIENTED_EDGE('',*,*,#3361,.T.);
#4584=ORIENTED_EDGE('',*,*,#3362,.T.);
#4585=ORIENTED_EDGE('',*,*,#3358,.F.);
#4586=ORIENTED_EDGE('',*,*,#3363,.F.);
#4587=ORIENTED_EDGE('',*,*,#3364,.T.);
#4588=ORIENTED_EDGE('',*,*,#3365,.T.);
#4589=ORIENTED_EDGE('',*,*,#3361,.F.);
#4590=ORIENTED_EDGE('',*,*,#3366,.F.);
#4591=ORIENTED_EDGE('',*,*,#3367,.T.);
#4592=ORIENTED_EDGE('',*,*,#3368,.T.);
#4593=ORIENTED_EDGE('',*,*,#3364,.F.);
#4594=ORIENTED_EDGE('',*,*,#3369,.F.);
#4595=ORIENTED_EDGE('',*,*,#3370,.T.);
#4596=ORIENTED_EDGE('',*,*,#3371,.T.);
#4597=ORIENTED_EDGE('',*,*,#3367,.F.);
#4598=ORIENTED_EDGE('',*,*,#3372,.F.);
#4599=ORIENTED_EDGE('',*,*,#3373,.T.);
#4600=ORIENTED_EDGE('',*,*,#3374,.T.);
#4601=ORIENTED_EDGE('',*,*,#3370,.F.);
#4602=ORIENTED_EDGE('',*,*,#3375,.F.);
#4603=ORIENTED_EDGE('',*,*,#3376,.T.);
#4604=ORIENTED_EDGE('',*,*,#3377,.T.);
#4605=ORIENTED_EDGE('',*,*,#3373,.F.);
#4606=ORIENTED_EDGE('',*,*,#3378,.F.);
#4607=ORIENTED_EDGE('',*,*,#3353,.T.);
#4608=ORIENTED_EDGE('',*,*,#3379,.T.);
#4609=ORIENTED_EDGE('',*,*,#3376,.F.);
#4610=ORIENTED_EDGE('',*,*,#3380,.F.);
#4611=ORIENTED_EDGE('',*,*,#3381,.T.);
#4612=ORIENTED_EDGE('',*,*,#3382,.T.);
#4613=ORIENTED_EDGE('',*,*,#3383,.F.);
#4614=ORIENTED_EDGE('',*,*,#3384,.F.);
#4615=ORIENTED_EDGE('',*,*,#3385,.T.);
#4616=ORIENTED_EDGE('',*,*,#3386,.T.);
#4617=ORIENTED_EDGE('',*,*,#3381,.F.);
#4618=ORIENTED_EDGE('',*,*,#3387,.F.);
#4619=ORIENTED_EDGE('',*,*,#3388,.T.);
#4620=ORIENTED_EDGE('',*,*,#3389,.T.);
#4621=ORIENTED_EDGE('',*,*,#3385,.F.);
#4622=ORIENTED_EDGE('',*,*,#3390,.F.);
#4623=ORIENTED_EDGE('',*,*,#3391,.T.);
#4624=ORIENTED_EDGE('',*,*,#3392,.T.);
#4625=ORIENTED_EDGE('',*,*,#3388,.F.);
#4626=ORIENTED_EDGE('',*,*,#3393,.F.);
#4627=ORIENTED_EDGE('',*,*,#3394,.T.);
#4628=ORIENTED_EDGE('',*,*,#3395,.T.);
#4629=ORIENTED_EDGE('',*,*,#3391,.F.);
#4630=ORIENTED_EDGE('',*,*,#3396,.F.);
#4631=ORIENTED_EDGE('',*,*,#3383,.T.);
#4632=ORIENTED_EDGE('',*,*,#3397,.T.);
#4633=ORIENTED_EDGE('',*,*,#3394,.F.);
#4634=ORIENTED_EDGE('',*,*,#3398,.F.);
#4635=ORIENTED_EDGE('',*,*,#3399,.T.);
#4636=ORIENTED_EDGE('',*,*,#3400,.T.);
#4637=ORIENTED_EDGE('',*,*,#3401,.F.);
#4638=ORIENTED_EDGE('',*,*,#3402,.F.);
#4639=ORIENTED_EDGE('',*,*,#3403,.T.);
#4640=ORIENTED_EDGE('',*,*,#3404,.T.);
#4641=ORIENTED_EDGE('',*,*,#3399,.F.);
#4642=ORIENTED_EDGE('',*,*,#3405,.F.);
#4643=ORIENTED_EDGE('',*,*,#3406,.T.);
#4644=ORIENTED_EDGE('',*,*,#3407,.T.);
#4645=ORIENTED_EDGE('',*,*,#3403,.F.);
#4646=ORIENTED_EDGE('',*,*,#3408,.F.);
#4647=ORIENTED_EDGE('',*,*,#3409,.T.);
#4648=ORIENTED_EDGE('',*,*,#3410,.T.);
#4649=ORIENTED_EDGE('',*,*,#3406,.F.);
#4650=ORIENTED_EDGE('',*,*,#3411,.F.);
#4651=ORIENTED_EDGE('',*,*,#3412,.T.);
#4652=ORIENTED_EDGE('',*,*,#3413,.T.);
#4653=ORIENTED_EDGE('',*,*,#3409,.F.);
#4654=ORIENTED_EDGE('',*,*,#3414,.F.);
#4655=ORIENTED_EDGE('',*,*,#3401,.T.);
#4656=ORIENTED_EDGE('',*,*,#3415,.T.);
#4657=ORIENTED_EDGE('',*,*,#3412,.F.);
#4658=ORIENTED_EDGE('',*,*,#3416,.F.);
#4659=ORIENTED_EDGE('',*,*,#3417,.T.);
#4660=ORIENTED_EDGE('',*,*,#3418,.T.);
#4661=ORIENTED_EDGE('',*,*,#3419,.F.);
#4662=ORIENTED_EDGE('',*,*,#3420,.F.);
#4663=ORIENTED_EDGE('',*,*,#3421,.T.);
#4664=ORIENTED_EDGE('',*,*,#3422,.T.);
#4665=ORIENTED_EDGE('',*,*,#3417,.F.);
#4666=ORIENTED_EDGE('',*,*,#3423,.F.);
#4667=ORIENTED_EDGE('',*,*,#3424,.T.);
#4668=ORIENTED_EDGE('',*,*,#3425,.T.);
#4669=ORIENTED_EDGE('',*,*,#3421,.F.);
#4670=ORIENTED_EDGE('',*,*,#3426,.F.);
#4671=ORIENTED_EDGE('',*,*,#3427,.T.);
#4672=ORIENTED_EDGE('',*,*,#3428,.T.);
#4673=ORIENTED_EDGE('',*,*,#3424,.F.);
#4674=ORIENTED_EDGE('',*,*,#3429,.F.);
#4675=ORIENTED_EDGE('',*,*,#3430,.T.);
#4676=ORIENTED_EDGE('',*,*,#3431,.T.);
#4677=ORIENTED_EDGE('',*,*,#3427,.F.);
#4678=ORIENTED_EDGE('',*,*,#3432,.F.);
#4679=ORIENTED_EDGE('',*,*,#3433,.T.);
#4680=ORIENTED_EDGE('',*,*,#3434,.T.);
#4681=ORIENTED_EDGE('',*,*,#3430,.F.);
#4682=ORIENTED_EDGE('',*,*,#3435,.F.);
#4683=ORIENTED_EDGE('',*,*,#3436,.T.);
#4684=ORIENTED_EDGE('',*,*,#3437,.T.);
#4685=ORIENTED_EDGE('',*,*,#3433,.F.);
#4686=ORIENTED_EDGE('',*,*,#3438,.F.);
#4687=ORIENTED_EDGE('',*,*,#3419,.T.);
#4688=ORIENTED_EDGE('',*,*,#3439,.T.);
#4689=ORIENTED_EDGE('',*,*,#3436,.F.);
#4690=ORIENTED_EDGE('',*,*,#3440,.F.);
#4691=ORIENTED_EDGE('',*,*,#3441,.T.);
#4692=ORIENTED_EDGE('',*,*,#3442,.T.);
#4693=ORIENTED_EDGE('',*,*,#3443,.F.);
#4694=ORIENTED_EDGE('',*,*,#3444,.F.);
#4695=ORIENTED_EDGE('',*,*,#3445,.T.);
#4696=ORIENTED_EDGE('',*,*,#3446,.T.);
#4697=ORIENTED_EDGE('',*,*,#3441,.F.);
#4698=ORIENTED_EDGE('',*,*,#3447,.F.);
#4699=ORIENTED_EDGE('',*,*,#3448,.T.);
#4700=ORIENTED_EDGE('',*,*,#3449,.T.);
#4701=ORIENTED_EDGE('',*,*,#3445,.F.);
#4702=ORIENTED_EDGE('',*,*,#3450,.F.);
#4703=ORIENTED_EDGE('',*,*,#3451,.T.);
#4704=ORIENTED_EDGE('',*,*,#3452,.T.);
#4705=ORIENTED_EDGE('',*,*,#3448,.F.);
#4706=ORIENTED_EDGE('',*,*,#3453,.F.);
#4707=ORIENTED_EDGE('',*,*,#3454,.T.);
#4708=ORIENTED_EDGE('',*,*,#3455,.T.);
#4709=ORIENTED_EDGE('',*,*,#3451,.F.);
#4710=ORIENTED_EDGE('',*,*,#3456,.F.);
#4711=ORIENTED_EDGE('',*,*,#3457,.T.);
#4712=ORIENTED_EDGE('',*,*,#3458,.T.);
#4713=ORIENTED_EDGE('',*,*,#3454,.F.);
#4714=ORIENTED_EDGE('',*,*,#3459,.F.);
#4715=ORIENTED_EDGE('',*,*,#3443,.T.);
#4716=ORIENTED_EDGE('',*,*,#3460,.T.);
#4717=ORIENTED_EDGE('',*,*,#3457,.F.);
#4718=ORIENTED_EDGE('',*,*,#3461,.F.);
#4719=ORIENTED_EDGE('',*,*,#3462,.T.);
#4720=ORIENTED_EDGE('',*,*,#3463,.T.);
#4721=ORIENTED_EDGE('',*,*,#3464,.F.);
#4722=ORIENTED_EDGE('',*,*,#3465,.F.);
#4723=ORIENTED_EDGE('',*,*,#3466,.T.);
#4724=ORIENTED_EDGE('',*,*,#3467,.T.);
#4725=ORIENTED_EDGE('',*,*,#3462,.F.);
#4726=ORIENTED_EDGE('',*,*,#3468,.F.);
#4727=ORIENTED_EDGE('',*,*,#3469,.T.);
#4728=ORIENTED_EDGE('',*,*,#3470,.T.);
#4729=ORIENTED_EDGE('',*,*,#3466,.F.);
#4730=ORIENTED_EDGE('',*,*,#3471,.F.);
#4731=ORIENTED_EDGE('',*,*,#3472,.T.);
#4732=ORIENTED_EDGE('',*,*,#3473,.T.);
#4733=ORIENTED_EDGE('',*,*,#3469,.F.);
#4734=ORIENTED_EDGE('',*,*,#3474,.F.);
#4735=ORIENTED_EDGE('',*,*,#3475,.T.);
#4736=ORIENTED_EDGE('',*,*,#3476,.T.);
#4737=ORIENTED_EDGE('',*,*,#3472,.F.);
#4738=ORIENTED_EDGE('',*,*,#3477,.F.);
#4739=ORIENTED_EDGE('',*,*,#3478,.T.);
#4740=ORIENTED_EDGE('',*,*,#3479,.T.);
#4741=ORIENTED_EDGE('',*,*,#3475,.F.);
#4742=ORIENTED_EDGE('',*,*,#3480,.F.);
#4743=ORIENTED_EDGE('',*,*,#3481,.T.);
#4744=ORIENTED_EDGE('',*,*,#3482,.T.);
#4745=ORIENTED_EDGE('',*,*,#3478,.F.);
#4746=ORIENTED_EDGE('',*,*,#3483,.F.);
#4747=ORIENTED_EDGE('',*,*,#3484,.T.);
#4748=ORIENTED_EDGE('',*,*,#3485,.T.);
#4749=ORIENTED_EDGE('',*,*,#3481,.F.);
#4750=ORIENTED_EDGE('',*,*,#3486,.F.);
#4751=ORIENTED_EDGE('',*,*,#3487,.T.);
#4752=ORIENTED_EDGE('',*,*,#3488,.T.);
#4753=ORIENTED_EDGE('',*,*,#3484,.F.);
#4754=ORIENTED_EDGE('',*,*,#3489,.F.);
#4755=ORIENTED_EDGE('',*,*,#3490,.T.);
#4756=ORIENTED_EDGE('',*,*,#3491,.T.);
#4757=ORIENTED_EDGE('',*,*,#3487,.F.);
#4758=ORIENTED_EDGE('',*,*,#3492,.F.);
#4759=ORIENTED_EDGE('',*,*,#3493,.T.);
#4760=ORIENTED_EDGE('',*,*,#3494,.T.);
#4761=ORIENTED_EDGE('',*,*,#3490,.F.);
#4762=ORIENTED_EDGE('',*,*,#3495,.F.);
#4763=ORIENTED_EDGE('',*,*,#3464,.T.);
#4764=ORIENTED_EDGE('',*,*,#3496,.T.);
#4765=ORIENTED_EDGE('',*,*,#3493,.F.);
#4766=ORIENTED_EDGE('',*,*,#3497,.F.);
#4767=ORIENTED_EDGE('',*,*,#3498,.T.);
#4768=ORIENTED_EDGE('',*,*,#3499,.T.);
#4769=ORIENTED_EDGE('',*,*,#3500,.F.);
#4770=ORIENTED_EDGE('',*,*,#3501,.F.);
#4771=ORIENTED_EDGE('',*,*,#3502,.T.);
#4772=ORIENTED_EDGE('',*,*,#3503,.T.);
#4773=ORIENTED_EDGE('',*,*,#3498,.F.);
#4774=ORIENTED_EDGE('',*,*,#3504,.F.);
#4775=ORIENTED_EDGE('',*,*,#3505,.T.);
#4776=ORIENTED_EDGE('',*,*,#3506,.T.);
#4777=ORIENTED_EDGE('',*,*,#3502,.F.);
#4778=ORIENTED_EDGE('',*,*,#3507,.F.);
#4779=ORIENTED_EDGE('',*,*,#3508,.T.);
#4780=ORIENTED_EDGE('',*,*,#3509,.T.);
#4781=ORIENTED_EDGE('',*,*,#3505,.F.);
#4782=ORIENTED_EDGE('',*,*,#3510,.F.);
#4783=ORIENTED_EDGE('',*,*,#3511,.T.);
#4784=ORIENTED_EDGE('',*,*,#3512,.T.);
#4785=ORIENTED_EDGE('',*,*,#3508,.F.);
#4786=ORIENTED_EDGE('',*,*,#3513,.F.);
#4787=ORIENTED_EDGE('',*,*,#3500,.T.);
#4788=ORIENTED_EDGE('',*,*,#3514,.T.);
#4789=ORIENTED_EDGE('',*,*,#3511,.F.);
#4790=ORIENTED_EDGE('',*,*,#3515,.F.);
#4791=ORIENTED_EDGE('',*,*,#3516,.T.);
#4792=ORIENTED_EDGE('',*,*,#3517,.T.);
#4793=ORIENTED_EDGE('',*,*,#3518,.F.);
#4794=ORIENTED_EDGE('',*,*,#3519,.F.);
#4795=ORIENTED_EDGE('',*,*,#3520,.T.);
#4796=ORIENTED_EDGE('',*,*,#3521,.T.);
#4797=ORIENTED_EDGE('',*,*,#3516,.F.);
#4798=ORIENTED_EDGE('',*,*,#3522,.F.);
#4799=ORIENTED_EDGE('',*,*,#3523,.T.);
#4800=ORIENTED_EDGE('',*,*,#3524,.T.);
#4801=ORIENTED_EDGE('',*,*,#3520,.F.);
#4802=ORIENTED_EDGE('',*,*,#3525,.F.);
#4803=ORIENTED_EDGE('',*,*,#3526,.T.);
#4804=ORIENTED_EDGE('',*,*,#3527,.T.);
#4805=ORIENTED_EDGE('',*,*,#3523,.F.);
#4806=ORIENTED_EDGE('',*,*,#3528,.F.);
#4807=ORIENTED_EDGE('',*,*,#3529,.T.);
#4808=ORIENTED_EDGE('',*,*,#3530,.T.);
#4809=ORIENTED_EDGE('',*,*,#3526,.F.);
#4810=ORIENTED_EDGE('',*,*,#3531,.F.);
#4811=ORIENTED_EDGE('',*,*,#3518,.T.);
#4812=ORIENTED_EDGE('',*,*,#3532,.T.);
#4813=ORIENTED_EDGE('',*,*,#3529,.F.);
#4814=ORIENTED_EDGE('',*,*,#3533,.F.);
#4815=ORIENTED_EDGE('',*,*,#3534,.T.);
#4816=ORIENTED_EDGE('',*,*,#3535,.T.);
#4817=ORIENTED_EDGE('',*,*,#3536,.F.);
#4818=ORIENTED_EDGE('',*,*,#3537,.F.);
#4819=ORIENTED_EDGE('',*,*,#3538,.T.);
#4820=ORIENTED_EDGE('',*,*,#3539,.T.);
#4821=ORIENTED_EDGE('',*,*,#3534,.F.);
#4822=ORIENTED_EDGE('',*,*,#3540,.F.);
#4823=ORIENTED_EDGE('',*,*,#3541,.T.);
#4824=ORIENTED_EDGE('',*,*,#3542,.T.);
#4825=ORIENTED_EDGE('',*,*,#3538,.F.);
#4826=ORIENTED_EDGE('',*,*,#3543,.F.);
#4827=ORIENTED_EDGE('',*,*,#3544,.T.);
#4828=ORIENTED_EDGE('',*,*,#3545,.T.);
#4829=ORIENTED_EDGE('',*,*,#3541,.F.);
#4830=ORIENTED_EDGE('',*,*,#3546,.F.);
#4831=ORIENTED_EDGE('',*,*,#3547,.T.);
#4832=ORIENTED_EDGE('',*,*,#3548,.T.);
#4833=ORIENTED_EDGE('',*,*,#3544,.F.);
#4834=ORIENTED_EDGE('',*,*,#3549,.F.);
#4835=ORIENTED_EDGE('',*,*,#3550,.T.);
#4836=ORIENTED_EDGE('',*,*,#3551,.T.);
#4837=ORIENTED_EDGE('',*,*,#3547,.F.);
#4838=ORIENTED_EDGE('',*,*,#3552,.F.);
#4839=ORIENTED_EDGE('',*,*,#3553,.T.);
#4840=ORIENTED_EDGE('',*,*,#3554,.T.);
#4841=ORIENTED_EDGE('',*,*,#3550,.F.);
#4842=ORIENTED_EDGE('',*,*,#3555,.F.);
#4843=ORIENTED_EDGE('',*,*,#3556,.T.);
#4844=ORIENTED_EDGE('',*,*,#3557,.T.);
#4845=ORIENTED_EDGE('',*,*,#3553,.F.);
#4846=ORIENTED_EDGE('',*,*,#3558,.F.);
#4847=ORIENTED_EDGE('',*,*,#3559,.T.);
#4848=ORIENTED_EDGE('',*,*,#3560,.T.);
#4849=ORIENTED_EDGE('',*,*,#3556,.F.);
#4850=ORIENTED_EDGE('',*,*,#3561,.F.);
#4851=ORIENTED_EDGE('',*,*,#3562,.T.);
#4852=ORIENTED_EDGE('',*,*,#3563,.T.);
#4853=ORIENTED_EDGE('',*,*,#3559,.F.);
#4854=ORIENTED_EDGE('',*,*,#3564,.F.);
#4855=ORIENTED_EDGE('',*,*,#3536,.T.);
#4856=ORIENTED_EDGE('',*,*,#3565,.T.);
#4857=ORIENTED_EDGE('',*,*,#3562,.F.);
#4858=ORIENTED_EDGE('',*,*,#3566,.F.);
#4859=ORIENTED_EDGE('',*,*,#3567,.T.);
#4860=ORIENTED_EDGE('',*,*,#3568,.T.);
#4861=ORIENTED_EDGE('',*,*,#3569,.F.);
#4862=ORIENTED_EDGE('',*,*,#3570,.F.);
#4863=ORIENTED_EDGE('',*,*,#3571,.T.);
#4864=ORIENTED_EDGE('',*,*,#3572,.T.);
#4865=ORIENTED_EDGE('',*,*,#3567,.F.);
#4866=ORIENTED_EDGE('',*,*,#3573,.F.);
#4867=ORIENTED_EDGE('',*,*,#3574,.T.);
#4868=ORIENTED_EDGE('',*,*,#3575,.T.);
#4869=ORIENTED_EDGE('',*,*,#3571,.F.);
#4870=ORIENTED_EDGE('',*,*,#3576,.F.);
#4871=ORIENTED_EDGE('',*,*,#3577,.T.);
#4872=ORIENTED_EDGE('',*,*,#3578,.T.);
#4873=ORIENTED_EDGE('',*,*,#3574,.F.);
#4874=ORIENTED_EDGE('',*,*,#3579,.F.);
#4875=ORIENTED_EDGE('',*,*,#3580,.T.);
#4876=ORIENTED_EDGE('',*,*,#3581,.T.);
#4877=ORIENTED_EDGE('',*,*,#3577,.F.);
#4878=ORIENTED_EDGE('',*,*,#3582,.F.);
#4879=ORIENTED_EDGE('',*,*,#3583,.T.);
#4880=ORIENTED_EDGE('',*,*,#3584,.T.);
#4881=ORIENTED_EDGE('',*,*,#3580,.F.);
#4882=ORIENTED_EDGE('',*,*,#3585,.F.);
#4883=ORIENTED_EDGE('',*,*,#3586,.T.);
#4884=ORIENTED_EDGE('',*,*,#3587,.T.);
#4885=ORIENTED_EDGE('',*,*,#3583,.F.);
#4886=ORIENTED_EDGE('',*,*,#3588,.F.);
#4887=ORIENTED_EDGE('',*,*,#3589,.T.);
#4888=ORIENTED_EDGE('',*,*,#3590,.T.);
#4889=ORIENTED_EDGE('',*,*,#3586,.F.);
#4890=ORIENTED_EDGE('',*,*,#3591,.F.);
#4891=ORIENTED_EDGE('',*,*,#3592,.T.);
#4892=ORIENTED_EDGE('',*,*,#3593,.T.);
#4893=ORIENTED_EDGE('',*,*,#3589,.F.);
#4894=ORIENTED_EDGE('',*,*,#3594,.F.);
#4895=ORIENTED_EDGE('',*,*,#3595,.T.);
#4896=ORIENTED_EDGE('',*,*,#3596,.T.);
#4897=ORIENTED_EDGE('',*,*,#3592,.F.);
#4898=ORIENTED_EDGE('',*,*,#3597,.F.);
#4899=ORIENTED_EDGE('',*,*,#3598,.T.);
#4900=ORIENTED_EDGE('',*,*,#3599,.T.);
#4901=ORIENTED_EDGE('',*,*,#3595,.F.);
#4902=ORIENTED_EDGE('',*,*,#3600,.F.);
#4903=ORIENTED_EDGE('',*,*,#3601,.T.);
#4904=ORIENTED_EDGE('',*,*,#3602,.T.);
#4905=ORIENTED_EDGE('',*,*,#3598,.F.);
#4906=ORIENTED_EDGE('',*,*,#3603,.F.);
#4907=ORIENTED_EDGE('',*,*,#3604,.T.);
#4908=ORIENTED_EDGE('',*,*,#3605,.T.);
#4909=ORIENTED_EDGE('',*,*,#3601,.F.);
#4910=ORIENTED_EDGE('',*,*,#3606,.F.);
#4911=ORIENTED_EDGE('',*,*,#3607,.T.);
#4912=ORIENTED_EDGE('',*,*,#3608,.T.);
#4913=ORIENTED_EDGE('',*,*,#3604,.F.);
#4914=ORIENTED_EDGE('',*,*,#3609,.F.);
#4915=ORIENTED_EDGE('',*,*,#3610,.T.);
#4916=ORIENTED_EDGE('',*,*,#3611,.T.);
#4917=ORIENTED_EDGE('',*,*,#3607,.F.);
#4918=ORIENTED_EDGE('',*,*,#3612,.F.);
#4919=ORIENTED_EDGE('',*,*,#3613,.T.);
#4920=ORIENTED_EDGE('',*,*,#3614,.T.);
#4921=ORIENTED_EDGE('',*,*,#3610,.F.);
#4922=ORIENTED_EDGE('',*,*,#3615,.F.);
#4923=ORIENTED_EDGE('',*,*,#3569,.T.);
#4924=ORIENTED_EDGE('',*,*,#3616,.T.);
#4925=ORIENTED_EDGE('',*,*,#3613,.F.);
#4926=ORIENTED_EDGE('',*,*,#3074,.F.);
#4927=ORIENTED_EDGE('',*,*,#3617,.T.);
#4928=ORIENTED_EDGE('',*,*,#3618,.T.);
#4929=ORIENTED_EDGE('',*,*,#3619,.F.);
#4930=ORIENTED_EDGE('',*,*,#3115,.F.);
#4931=ORIENTED_EDGE('',*,*,#3620,.T.);
#4932=ORIENTED_EDGE('',*,*,#3621,.T.);
#4933=ORIENTED_EDGE('',*,*,#3617,.F.);
#4934=ORIENTED_EDGE('',*,*,#3114,.F.);
#4935=ORIENTED_EDGE('',*,*,#3622,.T.);
#4936=ORIENTED_EDGE('',*,*,#3623,.T.);
#4937=ORIENTED_EDGE('',*,*,#3620,.F.);
#4938=ORIENTED_EDGE('',*,*,#3113,.F.);
#4939=ORIENTED_EDGE('',*,*,#3624,.T.);
#4940=ORIENTED_EDGE('',*,*,#3625,.T.);
#4941=ORIENTED_EDGE('',*,*,#3622,.F.);
#4942=ORIENTED_EDGE('',*,*,#3112,.F.);
#4943=ORIENTED_EDGE('',*,*,#3626,.T.);
#4944=ORIENTED_EDGE('',*,*,#3627,.T.);
#4945=ORIENTED_EDGE('',*,*,#3624,.F.);
#4946=ORIENTED_EDGE('',*,*,#3111,.F.);
#4947=ORIENTED_EDGE('',*,*,#3628,.T.);
#4948=ORIENTED_EDGE('',*,*,#3629,.T.);
#4949=ORIENTED_EDGE('',*,*,#3626,.F.);
#4950=ORIENTED_EDGE('',*,*,#3110,.F.);
#4951=ORIENTED_EDGE('',*,*,#3630,.T.);
#4952=ORIENTED_EDGE('',*,*,#3631,.T.);
#4953=ORIENTED_EDGE('',*,*,#3628,.F.);
#4954=ORIENTED_EDGE('',*,*,#3109,.F.);
#4955=ORIENTED_EDGE('',*,*,#3632,.T.);
#4956=ORIENTED_EDGE('',*,*,#3633,.T.);
#4957=ORIENTED_EDGE('',*,*,#3630,.F.);
#4958=ORIENTED_EDGE('',*,*,#3108,.F.);
#4959=ORIENTED_EDGE('',*,*,#3634,.T.);
#4960=ORIENTED_EDGE('',*,*,#3635,.T.);
#4961=ORIENTED_EDGE('',*,*,#3632,.F.);
#4962=ORIENTED_EDGE('',*,*,#3107,.F.);
#4963=ORIENTED_EDGE('',*,*,#3636,.T.);
#4964=ORIENTED_EDGE('',*,*,#3637,.T.);
#4965=ORIENTED_EDGE('',*,*,#3634,.F.);
#4966=ORIENTED_EDGE('',*,*,#3106,.F.);
#4967=ORIENTED_EDGE('',*,*,#3638,.T.);
#4968=ORIENTED_EDGE('',*,*,#3639,.T.);
#4969=ORIENTED_EDGE('',*,*,#3636,.F.);
#4970=ORIENTED_EDGE('',*,*,#3105,.F.);
#4971=ORIENTED_EDGE('',*,*,#3640,.T.);
#4972=ORIENTED_EDGE('',*,*,#3641,.T.);
#4973=ORIENTED_EDGE('',*,*,#3638,.F.);
#4974=ORIENTED_EDGE('',*,*,#3104,.F.);
#4975=ORIENTED_EDGE('',*,*,#3642,.T.);
#4976=ORIENTED_EDGE('',*,*,#3643,.T.);
#4977=ORIENTED_EDGE('',*,*,#3640,.F.);
#4978=ORIENTED_EDGE('',*,*,#3103,.F.);
#4979=ORIENTED_EDGE('',*,*,#3644,.T.);
#4980=ORIENTED_EDGE('',*,*,#3645,.T.);
#4981=ORIENTED_EDGE('',*,*,#3642,.F.);
#4982=ORIENTED_EDGE('',*,*,#3102,.F.);
#4983=ORIENTED_EDGE('',*,*,#3646,.T.);
#4984=ORIENTED_EDGE('',*,*,#3647,.T.);
#4985=ORIENTED_EDGE('',*,*,#3644,.F.);
#4986=ORIENTED_EDGE('',*,*,#3101,.F.);
#4987=ORIENTED_EDGE('',*,*,#3648,.T.);
#4988=ORIENTED_EDGE('',*,*,#3649,.T.);
#4989=ORIENTED_EDGE('',*,*,#3646,.F.);
#4990=ORIENTED_EDGE('',*,*,#3100,.F.);
#4991=ORIENTED_EDGE('',*,*,#3650,.T.);
#4992=ORIENTED_EDGE('',*,*,#3651,.T.);
#4993=ORIENTED_EDGE('',*,*,#3648,.F.);
#4994=ORIENTED_EDGE('',*,*,#3099,.F.);
#4995=ORIENTED_EDGE('',*,*,#3652,.T.);
#4996=ORIENTED_EDGE('',*,*,#3653,.T.);
#4997=ORIENTED_EDGE('',*,*,#3650,.F.);
#4998=ORIENTED_EDGE('',*,*,#3098,.F.);
#4999=ORIENTED_EDGE('',*,*,#3654,.T.);
#5000=ORIENTED_EDGE('',*,*,#3655,.T.);
#5001=ORIENTED_EDGE('',*,*,#3652,.F.);
#5002=ORIENTED_EDGE('',*,*,#3097,.F.);
#5003=ORIENTED_EDGE('',*,*,#3656,.T.);
#5004=ORIENTED_EDGE('',*,*,#3657,.T.);
#5005=ORIENTED_EDGE('',*,*,#3654,.F.);
#5006=ORIENTED_EDGE('',*,*,#3096,.F.);
#5007=ORIENTED_EDGE('',*,*,#3658,.T.);
#5008=ORIENTED_EDGE('',*,*,#3659,.T.);
#5009=ORIENTED_EDGE('',*,*,#3656,.F.);
#5010=ORIENTED_EDGE('',*,*,#3095,.F.);
#5011=ORIENTED_EDGE('',*,*,#3660,.T.);
#5012=ORIENTED_EDGE('',*,*,#3661,.T.);
#5013=ORIENTED_EDGE('',*,*,#3658,.F.);
#5014=ORIENTED_EDGE('',*,*,#3094,.F.);
#5015=ORIENTED_EDGE('',*,*,#3662,.T.);
#5016=ORIENTED_EDGE('',*,*,#3663,.T.);
#5017=ORIENTED_EDGE('',*,*,#3660,.F.);
#5018=ORIENTED_EDGE('',*,*,#3093,.F.);
#5019=ORIENTED_EDGE('',*,*,#3664,.T.);
#5020=ORIENTED_EDGE('',*,*,#3665,.T.);
#5021=ORIENTED_EDGE('',*,*,#3662,.F.);
#5022=ORIENTED_EDGE('',*,*,#3092,.F.);
#5023=ORIENTED_EDGE('',*,*,#3666,.T.);
#5024=ORIENTED_EDGE('',*,*,#3667,.T.);
#5025=ORIENTED_EDGE('',*,*,#3664,.F.);
#5026=ORIENTED_EDGE('',*,*,#3091,.F.);
#5027=ORIENTED_EDGE('',*,*,#3668,.T.);
#5028=ORIENTED_EDGE('',*,*,#3669,.T.);
#5029=ORIENTED_EDGE('',*,*,#3666,.F.);
#5030=ORIENTED_EDGE('',*,*,#3090,.F.);
#5031=ORIENTED_EDGE('',*,*,#3670,.T.);
#5032=ORIENTED_EDGE('',*,*,#3671,.T.);
#5033=ORIENTED_EDGE('',*,*,#3668,.F.);
#5034=ORIENTED_EDGE('',*,*,#3089,.F.);
#5035=ORIENTED_EDGE('',*,*,#3672,.T.);
#5036=ORIENTED_EDGE('',*,*,#3673,.T.);
#5037=ORIENTED_EDGE('',*,*,#3670,.F.);
#5038=ORIENTED_EDGE('',*,*,#3088,.F.);
#5039=ORIENTED_EDGE('',*,*,#3674,.T.);
#5040=ORIENTED_EDGE('',*,*,#3675,.T.);
#5041=ORIENTED_EDGE('',*,*,#3672,.F.);
#5042=ORIENTED_EDGE('',*,*,#3087,.F.);
#5043=ORIENTED_EDGE('',*,*,#3676,.T.);
#5044=ORIENTED_EDGE('',*,*,#3677,.T.);
#5045=ORIENTED_EDGE('',*,*,#3674,.F.);
#5046=ORIENTED_EDGE('',*,*,#3086,.F.);
#5047=ORIENTED_EDGE('',*,*,#3678,.T.);
#5048=ORIENTED_EDGE('',*,*,#3679,.T.);
#5049=ORIENTED_EDGE('',*,*,#3676,.F.);
#5050=ORIENTED_EDGE('',*,*,#3085,.F.);
#5051=ORIENTED_EDGE('',*,*,#3680,.T.);
#5052=ORIENTED_EDGE('',*,*,#3681,.T.);
#5053=ORIENTED_EDGE('',*,*,#3678,.F.);
#5054=ORIENTED_EDGE('',*,*,#3084,.F.);
#5055=ORIENTED_EDGE('',*,*,#3682,.T.);
#5056=ORIENTED_EDGE('',*,*,#3683,.T.);
#5057=ORIENTED_EDGE('',*,*,#3680,.F.);
#5058=ORIENTED_EDGE('',*,*,#3083,.F.);
#5059=ORIENTED_EDGE('',*,*,#3684,.T.);
#5060=ORIENTED_EDGE('',*,*,#3685,.T.);
#5061=ORIENTED_EDGE('',*,*,#3682,.F.);
#5062=ORIENTED_EDGE('',*,*,#3082,.F.);
#5063=ORIENTED_EDGE('',*,*,#3686,.T.);
#5064=ORIENTED_EDGE('',*,*,#3687,.T.);
#5065=ORIENTED_EDGE('',*,*,#3684,.F.);
#5066=ORIENTED_EDGE('',*,*,#3081,.F.);
#5067=ORIENTED_EDGE('',*,*,#3688,.T.);
#5068=ORIENTED_EDGE('',*,*,#3689,.T.);
#5069=ORIENTED_EDGE('',*,*,#3686,.F.);
#5070=ORIENTED_EDGE('',*,*,#3080,.F.);
#5071=ORIENTED_EDGE('',*,*,#3690,.T.);
#5072=ORIENTED_EDGE('',*,*,#3691,.T.);
#5073=ORIENTED_EDGE('',*,*,#3688,.F.);
#5074=ORIENTED_EDGE('',*,*,#3079,.F.);
#5075=ORIENTED_EDGE('',*,*,#3692,.T.);
#5076=ORIENTED_EDGE('',*,*,#3693,.T.);
#5077=ORIENTED_EDGE('',*,*,#3690,.F.);
#5078=ORIENTED_EDGE('',*,*,#3078,.F.);
#5079=ORIENTED_EDGE('',*,*,#3694,.T.);
#5080=ORIENTED_EDGE('',*,*,#3695,.T.);
#5081=ORIENTED_EDGE('',*,*,#3692,.F.);
#5082=ORIENTED_EDGE('',*,*,#3077,.F.);
#5083=ORIENTED_EDGE('',*,*,#3696,.T.);
#5084=ORIENTED_EDGE('',*,*,#3697,.T.);
#5085=ORIENTED_EDGE('',*,*,#3694,.F.);
#5086=ORIENTED_EDGE('',*,*,#3076,.F.);
#5087=ORIENTED_EDGE('',*,*,#3698,.T.);
#5088=ORIENTED_EDGE('',*,*,#3699,.T.);
#5089=ORIENTED_EDGE('',*,*,#3696,.F.);
#5090=ORIENTED_EDGE('',*,*,#3075,.F.);
#5091=ORIENTED_EDGE('',*,*,#3619,.T.);
#5092=ORIENTED_EDGE('',*,*,#3700,.T.);
#5093=ORIENTED_EDGE('',*,*,#3698,.F.);
#5094=ORIENTED_EDGE('',*,*,#3700,.F.);
#5095=ORIENTED_EDGE('',*,*,#3618,.F.);
#5096=ORIENTED_EDGE('',*,*,#3621,.F.);
#5097=ORIENTED_EDGE('',*,*,#3623,.F.);
#5098=ORIENTED_EDGE('',*,*,#3625,.F.);
#5099=ORIENTED_EDGE('',*,*,#3627,.F.);
#5100=ORIENTED_EDGE('',*,*,#3629,.F.);
#5101=ORIENTED_EDGE('',*,*,#3631,.F.);
#5102=ORIENTED_EDGE('',*,*,#3633,.F.);
#5103=ORIENTED_EDGE('',*,*,#3635,.F.);
#5104=ORIENTED_EDGE('',*,*,#3637,.F.);
#5105=ORIENTED_EDGE('',*,*,#3639,.F.);
#5106=ORIENTED_EDGE('',*,*,#3641,.F.);
#5107=ORIENTED_EDGE('',*,*,#3643,.F.);
#5108=ORIENTED_EDGE('',*,*,#3645,.F.);
#5109=ORIENTED_EDGE('',*,*,#3647,.F.);
#5110=ORIENTED_EDGE('',*,*,#3649,.F.);
#5111=ORIENTED_EDGE('',*,*,#3651,.F.);
#5112=ORIENTED_EDGE('',*,*,#3653,.F.);
#5113=ORIENTED_EDGE('',*,*,#3655,.F.);
#5114=ORIENTED_EDGE('',*,*,#3657,.F.);
#5115=ORIENTED_EDGE('',*,*,#3659,.F.);
#5116=ORIENTED_EDGE('',*,*,#3661,.F.);
#5117=ORIENTED_EDGE('',*,*,#3663,.F.);
#5118=ORIENTED_EDGE('',*,*,#3665,.F.);
#5119=ORIENTED_EDGE('',*,*,#3667,.F.);
#5120=ORIENTED_EDGE('',*,*,#3669,.F.);
#5121=ORIENTED_EDGE('',*,*,#3671,.F.);
#5122=ORIENTED_EDGE('',*,*,#3673,.F.);
#5123=ORIENTED_EDGE('',*,*,#3675,.F.);
#5124=ORIENTED_EDGE('',*,*,#3677,.F.);
#5125=ORIENTED_EDGE('',*,*,#3679,.F.);
#5126=ORIENTED_EDGE('',*,*,#3681,.F.);
#5127=ORIENTED_EDGE('',*,*,#3683,.F.);
#5128=ORIENTED_EDGE('',*,*,#3685,.F.);
#5129=ORIENTED_EDGE('',*,*,#3687,.F.);
#5130=ORIENTED_EDGE('',*,*,#3689,.F.);
#5131=ORIENTED_EDGE('',*,*,#3691,.F.);
#5132=ORIENTED_EDGE('',*,*,#3693,.F.);
#5133=ORIENTED_EDGE('',*,*,#3695,.F.);
#5134=ORIENTED_EDGE('',*,*,#3697,.F.);
#5135=ORIENTED_EDGE('',*,*,#3699,.F.);
#5136=ORIENTED_EDGE('',*,*,#3616,.F.);
#5137=ORIENTED_EDGE('',*,*,#3568,.F.);
#5138=ORIENTED_EDGE('',*,*,#3572,.F.);
#5139=ORIENTED_EDGE('',*,*,#3575,.F.);
#5140=ORIENTED_EDGE('',*,*,#3578,.F.);
#5141=ORIENTED_EDGE('',*,*,#3581,.F.);
#5142=ORIENTED_EDGE('',*,*,#3584,.F.);
#5143=ORIENTED_EDGE('',*,*,#3587,.F.);
#5144=ORIENTED_EDGE('',*,*,#3590,.F.);
#5145=ORIENTED_EDGE('',*,*,#3593,.F.);
#5146=ORIENTED_EDGE('',*,*,#3596,.F.);
#5147=ORIENTED_EDGE('',*,*,#3599,.F.);
#5148=ORIENTED_EDGE('',*,*,#3602,.F.);
#5149=ORIENTED_EDGE('',*,*,#3605,.F.);
#5150=ORIENTED_EDGE('',*,*,#3608,.F.);
#5151=ORIENTED_EDGE('',*,*,#3611,.F.);
#5152=ORIENTED_EDGE('',*,*,#3614,.F.);
#5153=ORIENTED_EDGE('',*,*,#3565,.F.);
#5154=ORIENTED_EDGE('',*,*,#3535,.F.);
#5155=ORIENTED_EDGE('',*,*,#3539,.F.);
#5156=ORIENTED_EDGE('',*,*,#3542,.F.);
#5157=ORIENTED_EDGE('',*,*,#3545,.F.);
#5158=ORIENTED_EDGE('',*,*,#3548,.F.);
#5159=ORIENTED_EDGE('',*,*,#3551,.F.);
#5160=ORIENTED_EDGE('',*,*,#3554,.F.);
#5161=ORIENTED_EDGE('',*,*,#3557,.F.);
#5162=ORIENTED_EDGE('',*,*,#3560,.F.);
#5163=ORIENTED_EDGE('',*,*,#3563,.F.);
#5164=ORIENTED_EDGE('',*,*,#3532,.F.);
#5165=ORIENTED_EDGE('',*,*,#3517,.F.);
#5166=ORIENTED_EDGE('',*,*,#3521,.F.);
#5167=ORIENTED_EDGE('',*,*,#3524,.F.);
#5168=ORIENTED_EDGE('',*,*,#3527,.F.);
#5169=ORIENTED_EDGE('',*,*,#3530,.F.);
#5170=ORIENTED_EDGE('',*,*,#3514,.F.);
#5171=ORIENTED_EDGE('',*,*,#3499,.F.);
#5172=ORIENTED_EDGE('',*,*,#3503,.F.);
#5173=ORIENTED_EDGE('',*,*,#3506,.F.);
#5174=ORIENTED_EDGE('',*,*,#3509,.F.);
#5175=ORIENTED_EDGE('',*,*,#3512,.F.);
#5176=ORIENTED_EDGE('',*,*,#3496,.F.);
#5177=ORIENTED_EDGE('',*,*,#3463,.F.);
#5178=ORIENTED_EDGE('',*,*,#3467,.F.);
#5179=ORIENTED_EDGE('',*,*,#3470,.F.);
#5180=ORIENTED_EDGE('',*,*,#3473,.F.);
#5181=ORIENTED_EDGE('',*,*,#3476,.F.);
#5182=ORIENTED_EDGE('',*,*,#3479,.F.);
#5183=ORIENTED_EDGE('',*,*,#3482,.F.);
#5184=ORIENTED_EDGE('',*,*,#3485,.F.);
#5185=ORIENTED_EDGE('',*,*,#3488,.F.);
#5186=ORIENTED_EDGE('',*,*,#3491,.F.);
#5187=ORIENTED_EDGE('',*,*,#3494,.F.);
#5188=ORIENTED_EDGE('',*,*,#3460,.F.);
#5189=ORIENTED_EDGE('',*,*,#3442,.F.);
#5190=ORIENTED_EDGE('',*,*,#3446,.F.);
#5191=ORIENTED_EDGE('',*,*,#3449,.F.);
#5192=ORIENTED_EDGE('',*,*,#3452,.F.);
#5193=ORIENTED_EDGE('',*,*,#3455,.F.);
#5194=ORIENTED_EDGE('',*,*,#3458,.F.);
#5195=ORIENTED_EDGE('',*,*,#3439,.F.);
#5196=ORIENTED_EDGE('',*,*,#3418,.F.);
#5197=ORIENTED_EDGE('',*,*,#3422,.F.);
#5198=ORIENTED_EDGE('',*,*,#3425,.F.);
#5199=ORIENTED_EDGE('',*,*,#3428,.F.);
#5200=ORIENTED_EDGE('',*,*,#3431,.F.);
#5201=ORIENTED_EDGE('',*,*,#3434,.F.);
#5202=ORIENTED_EDGE('',*,*,#3437,.F.);
#5203=ORIENTED_EDGE('',*,*,#3415,.F.);
#5204=ORIENTED_EDGE('',*,*,#3400,.F.);
#5205=ORIENTED_EDGE('',*,*,#3404,.F.);
#5206=ORIENTED_EDGE('',*,*,#3407,.F.);
#5207=ORIENTED_EDGE('',*,*,#3410,.F.);
#5208=ORIENTED_EDGE('',*,*,#3413,.F.);
#5209=ORIENTED_EDGE('',*,*,#3397,.F.);
#5210=ORIENTED_EDGE('',*,*,#3382,.F.);
#5211=ORIENTED_EDGE('',*,*,#3386,.F.);
#5212=ORIENTED_EDGE('',*,*,#3389,.F.);
#5213=ORIENTED_EDGE('',*,*,#3392,.F.);
#5214=ORIENTED_EDGE('',*,*,#3395,.F.);
#5215=ORIENTED_EDGE('',*,*,#3379,.F.);
#5216=ORIENTED_EDGE('',*,*,#3352,.F.);
#5217=ORIENTED_EDGE('',*,*,#3356,.F.);
#5218=ORIENTED_EDGE('',*,*,#3359,.F.);
#5219=ORIENTED_EDGE('',*,*,#3362,.F.);
#5220=ORIENTED_EDGE('',*,*,#3365,.F.);
#5221=ORIENTED_EDGE('',*,*,#3368,.F.);
#5222=ORIENTED_EDGE('',*,*,#3371,.F.);
#5223=ORIENTED_EDGE('',*,*,#3374,.F.);
#5224=ORIENTED_EDGE('',*,*,#3377,.F.);
#5225=ORIENTED_EDGE('',*,*,#3566,.T.);
#5226=ORIENTED_EDGE('',*,*,#3615,.T.);
#5227=ORIENTED_EDGE('',*,*,#3612,.T.);
#5228=ORIENTED_EDGE('',*,*,#3609,.T.);
#5229=ORIENTED_EDGE('',*,*,#3606,.T.);
#5230=ORIENTED_EDGE('',*,*,#3603,.T.);
#5231=ORIENTED_EDGE('',*,*,#3600,.T.);
#5232=ORIENTED_EDGE('',*,*,#3597,.T.);
#5233=ORIENTED_EDGE('',*,*,#3594,.T.);
#5234=ORIENTED_EDGE('',*,*,#3591,.T.);
#5235=ORIENTED_EDGE('',*,*,#3588,.T.);
#5236=ORIENTED_EDGE('',*,*,#3585,.T.);
#5237=ORIENTED_EDGE('',*,*,#3582,.T.);
#5238=ORIENTED_EDGE('',*,*,#3579,.T.);
#5239=ORIENTED_EDGE('',*,*,#3576,.T.);
#5240=ORIENTED_EDGE('',*,*,#3573,.T.);
#5241=ORIENTED_EDGE('',*,*,#3570,.T.);
#5242=ORIENTED_EDGE('',*,*,#3533,.T.);
#5243=ORIENTED_EDGE('',*,*,#3564,.T.);
#5244=ORIENTED_EDGE('',*,*,#3561,.T.);
#5245=ORIENTED_EDGE('',*,*,#3558,.T.);
#5246=ORIENTED_EDGE('',*,*,#3555,.T.);
#5247=ORIENTED_EDGE('',*,*,#3552,.T.);
#5248=ORIENTED_EDGE('',*,*,#3549,.T.);
#5249=ORIENTED_EDGE('',*,*,#3546,.T.);
#5250=ORIENTED_EDGE('',*,*,#3543,.T.);
#5251=ORIENTED_EDGE('',*,*,#3540,.T.);
#5252=ORIENTED_EDGE('',*,*,#3537,.T.);
#5253=ORIENTED_EDGE('',*,*,#3338,.T.);
#5254=ORIENTED_EDGE('',*,*,#3348,.T.);
#5255=ORIENTED_EDGE('',*,*,#3345,.T.);
#5256=ORIENTED_EDGE('',*,*,#3342,.T.);
#5257=ORIENTED_EDGE('',*,*,#3515,.T.);
#5258=ORIENTED_EDGE('',*,*,#3531,.T.);
#5259=ORIENTED_EDGE('',*,*,#3528,.T.);
#5260=ORIENTED_EDGE('',*,*,#3525,.T.);
#5261=ORIENTED_EDGE('',*,*,#3522,.T.);
#5262=ORIENTED_EDGE('',*,*,#3519,.T.);
#5263=ORIENTED_EDGE('',*,*,#3497,.T.);
#5264=ORIENTED_EDGE('',*,*,#3513,.T.);
#5265=ORIENTED_EDGE('',*,*,#3510,.T.);
#5266=ORIENTED_EDGE('',*,*,#3507,.T.);
#5267=ORIENTED_EDGE('',*,*,#3504,.T.);
#5268=ORIENTED_EDGE('',*,*,#3501,.T.);
#5269=ORIENTED_EDGE('',*,*,#3461,.T.);
#5270=ORIENTED_EDGE('',*,*,#3495,.T.);
#5271=ORIENTED_EDGE('',*,*,#3492,.T.);
#5272=ORIENTED_EDGE('',*,*,#3489,.T.);
#5273=ORIENTED_EDGE('',*,*,#3486,.T.);
#5274=ORIENTED_EDGE('',*,*,#3483,.T.);
#5275=ORIENTED_EDGE('',*,*,#3480,.T.);
#5276=ORIENTED_EDGE('',*,*,#3477,.T.);
#5277=ORIENTED_EDGE('',*,*,#3474,.T.);
#5278=ORIENTED_EDGE('',*,*,#3471,.T.);
#5279=ORIENTED_EDGE('',*,*,#3468,.T.);
#5280=ORIENTED_EDGE('',*,*,#3465,.T.);
#5281=ORIENTED_EDGE('',*,*,#3440,.T.);
#5282=ORIENTED_EDGE('',*,*,#3459,.T.);
#5283=ORIENTED_EDGE('',*,*,#3456,.T.);
#5284=ORIENTED_EDGE('',*,*,#3453,.T.);
#5285=ORIENTED_EDGE('',*,*,#3450,.T.);
#5286=ORIENTED_EDGE('',*,*,#3447,.T.);
#5287=ORIENTED_EDGE('',*,*,#3444,.T.);
#5288=ORIENTED_EDGE('',*,*,#3144,.T.);
#5289=ORIENTED_EDGE('',*,*,#3154,.T.);
#5290=ORIENTED_EDGE('',*,*,#3151,.T.);
#5291=ORIENTED_EDGE('',*,*,#3148,.T.);
#5292=ORIENTED_EDGE('',*,*,#3416,.T.);
#5293=ORIENTED_EDGE('',*,*,#3438,.T.);
#5294=ORIENTED_EDGE('',*,*,#3435,.T.);
#5295=ORIENTED_EDGE('',*,*,#3432,.T.);
#5296=ORIENTED_EDGE('',*,*,#3429,.T.);
#5297=ORIENTED_EDGE('',*,*,#3426,.T.);
#5298=ORIENTED_EDGE('',*,*,#3423,.T.);
#5299=ORIENTED_EDGE('',*,*,#3420,.T.);
#5300=ORIENTED_EDGE('',*,*,#3398,.T.);
#5301=ORIENTED_EDGE('',*,*,#3414,.T.);
#5302=ORIENTED_EDGE('',*,*,#3411,.T.);
#5303=ORIENTED_EDGE('',*,*,#3408,.T.);
#5304=ORIENTED_EDGE('',*,*,#3405,.T.);
#5305=ORIENTED_EDGE('',*,*,#3402,.T.);
#5306=ORIENTED_EDGE('',*,*,#3209,.T.);
#5307=ORIENTED_EDGE('',*,*,#3219,.T.);
#5308=ORIENTED_EDGE('',*,*,#3216,.T.);
#5309=ORIENTED_EDGE('',*,*,#3213,.T.);
#5310=ORIENTED_EDGE('',*,*,#3380,.T.);
#5311=ORIENTED_EDGE('',*,*,#3396,.T.);
#5312=ORIENTED_EDGE('',*,*,#3393,.T.);
#5313=ORIENTED_EDGE('',*,*,#3390,.T.);
#5314=ORIENTED_EDGE('',*,*,#3387,.T.);
#5315=ORIENTED_EDGE('',*,*,#3384,.T.);
#5316=ORIENTED_EDGE('',*,*,#3221,.T.);
#5317=ORIENTED_EDGE('',*,*,#3231,.T.);
#5318=ORIENTED_EDGE('',*,*,#3228,.T.);
#5319=ORIENTED_EDGE('',*,*,#3225,.T.);
#5320=ORIENTED_EDGE('',*,*,#2961,.F.);
#5321=ORIENTED_EDGE('',*,*,#3701,.T.);
#5322=ORIENTED_EDGE('',*,*,#2899,.T.);
#5323=ORIENTED_EDGE('',*,*,#3702,.T.);
#5324=ORIENTED_EDGE('',*,*,#2959,.F.);
#5325=ORIENTED_EDGE('',*,*,#3702,.F.);
#5326=ORIENTED_EDGE('',*,*,#2898,.F.);
#5327=ORIENTED_EDGE('',*,*,#3703,.F.);
#5328=ORIENTED_EDGE('',*,*,#2956,.F.);
#5329=ORIENTED_EDGE('',*,*,#3703,.T.);
#5330=ORIENTED_EDGE('',*,*,#2897,.T.);
#5331=ORIENTED_EDGE('',*,*,#2987,.T.);
#5332=ORIENTED_EDGE('',*,*,#2948,.F.);
#5333=ORIENTED_EDGE('',*,*,#2966,.F.);
#5334=ORIENTED_EDGE('',*,*,#2982,.F.);
#5335=ORIENTED_EDGE('',*,*,#2902,.F.);
#5336=ORIENTED_EDGE('',*,*,#2942,.F.);
#5337=ORIENTED_EDGE('',*,*,#2949,.F.);
#5338=ORIENTED_EDGE('',*,*,#2900,.F.);
#5339=ORIENTED_EDGE('',*,*,#3701,.F.);
#5340=ORIENTED_EDGE('',*,*,#3704,.F.);
#5341=ORIENTED_EDGE('',*,*,#2928,.F.);
#5342=ORIENTED_EDGE('',*,*,#2887,.T.);
#5343=ORIENTED_EDGE('',*,*,#2881,.F.);
#5344=ORIENTED_EDGE('',*,*,#3705,.F.);
#5345=ORIENTED_EDGE('',*,*,#2929,.F.);
#5346=ORIENTED_EDGE('',*,*,#3704,.T.);
#5347=ORIENTED_EDGE('',*,*,#2880,.F.);
#5348=ORIENTED_EDGE('',*,*,#2884,.F.);
#5349=ORIENTED_EDGE('',*,*,#2930,.F.);
#5350=ORIENTED_EDGE('',*,*,#3705,.T.);
#5351=ORIENTED_EDGE('',*,*,#2879,.F.);
#5352=ORIENTED_EDGE('',*,*,#2893,.T.);
#5353=ORIENTED_EDGE('',*,*,#2915,.F.);
#5354=ORIENTED_EDGE('',*,*,#2921,.T.);
#5355=ORIENTED_EDGE('',*,*,#2923,.F.);
#5356=ORIENTED_EDGE('',*,*,#3350,.T.);
#5357=ORIENTED_EDGE('',*,*,#3378,.T.);
#5358=ORIENTED_EDGE('',*,*,#3375,.T.);
#5359=ORIENTED_EDGE('',*,*,#3372,.T.);
#5360=ORIENTED_EDGE('',*,*,#3369,.T.);
#5361=ORIENTED_EDGE('',*,*,#3366,.T.);
#5362=ORIENTED_EDGE('',*,*,#3363,.T.);
#5363=ORIENTED_EDGE('',*,*,#3360,.T.);
#5364=ORIENTED_EDGE('',*,*,#3357,.T.);
#5365=ORIENTED_EDGE('',*,*,#3354,.T.);
#5366=PLANE('',#5983);
#5367=PLANE('',#5984);
#5368=PLANE('',#5985);
#5369=PLANE('',#5986);
#5370=PLANE('',#5991);
#5371=PLANE('',#5997);
#5372=PLANE('',#6001);
#5373=PLANE('',#6005);
#5374=PLANE('',#6008);
#5375=PLANE('',#6013);
#5376=PLANE('',#6014);
#5377=PLANE('',#6015);
#5378=PLANE('',#6016);
#5379=PLANE('',#6017);
#5380=PLANE('',#6018);
#5381=PLANE('',#6019);
#5382=PLANE('',#6020);
#5383=PLANE('',#6021);
#5384=PLANE('',#6022);
#5385=PLANE('',#6023);
#5386=PLANE('',#6024);
#5387=PLANE('',#6025);
#5388=PLANE('',#6026);
#5389=PLANE('',#6027);
#5390=PLANE('',#6028);
#5391=PLANE('',#6029);
#5392=PLANE('',#6030);
#5393=PLANE('',#6031);
#5394=PLANE('',#6032);
#5395=PLANE('',#6033);
#5396=PLANE('',#6034);
#5397=PLANE('',#6035);
#5398=PLANE('',#6036);
#5399=PLANE('',#6037);
#5400=PLANE('',#6038);
#5401=PLANE('',#6039);
#5402=PLANE('',#6040);
#5403=PLANE('',#6041);
#5404=PLANE('',#6042);
#5405=PLANE('',#6043);
#5406=PLANE('',#6044);
#5407=PLANE('',#6045);
#5408=PLANE('',#6046);
#5409=PLANE('',#6047);
#5410=PLANE('',#6048);
#5411=PLANE('',#6049);
#5412=PLANE('',#6050);
#5413=PLANE('',#6051);
#5414=PLANE('',#6052);
#5415=PLANE('',#6053);
#5416=PLANE('',#6054);
#5417=PLANE('',#6055);
#5418=PLANE('',#6056);
#5419=PLANE('',#6057);
#5420=PLANE('',#6058);
#5421=PLANE('',#6059);
#5422=PLANE('',#6060);
#5423=PLANE('',#6061);
#5424=PLANE('',#6062);
#5425=PLANE('',#6063);
#5426=PLANE('',#6064);
#5427=PLANE('',#6065);
#5428=PLANE('',#6066);
#5429=PLANE('',#6067);
#5430=PLANE('',#6068);
#5431=PLANE('',#6069);
#5432=PLANE('',#6070);
#5433=PLANE('',#6071);
#5434=PLANE('',#6072);
#5435=PLANE('',#6073);
#5436=PLANE('',#6074);
#5437=PLANE('',#6075);
#5438=PLANE('',#6076);
#5439=PLANE('',#6077);
#5440=PLANE('',#6078);
#5441=PLANE('',#6079);
#5442=PLANE('',#6080);
#5443=PLANE('',#6081);
#5444=PLANE('',#6082);
#5445=PLANE('',#6083);
#5446=PLANE('',#6084);
#5447=PLANE('',#6085);
#5448=PLANE('',#6086);
#5449=PLANE('',#6087);
#5450=PLANE('',#6088);
#5451=PLANE('',#6089);
#5452=PLANE('',#6090);
#5453=PLANE('',#6091);
#5454=PLANE('',#6092);
#5455=PLANE('',#6093);
#5456=PLANE('',#6094);
#5457=PLANE('',#6095);
#5458=PLANE('',#6096);
#5459=PLANE('',#6097);
#5460=PLANE('',#6098);
#5461=PLANE('',#6099);
#5462=PLANE('',#6100);
#5463=PLANE('',#6101);
#5464=PLANE('',#6102);
#5465=PLANE('',#6103);
#5466=PLANE('',#6104);
#5467=PLANE('',#6105);
#5468=PLANE('',#6106);
#5469=PLANE('',#6107);
#5470=PLANE('',#6108);
#5471=PLANE('',#6109);
#5472=PLANE('',#6110);
#5473=PLANE('',#6111);
#5474=PLANE('',#6112);
#5475=PLANE('',#6113);
#5476=PLANE('',#6114);
#5477=PLANE('',#6115);
#5478=PLANE('',#6116);
#5479=PLANE('',#6117);
#5480=PLANE('',#6118);
#5481=PLANE('',#6119);
#5482=PLANE('',#6120);
#5483=PLANE('',#6121);
#5484=PLANE('',#6122);
#5485=PLANE('',#6123);
#5486=PLANE('',#6124);
#5487=PLANE('',#6125);
#5488=PLANE('',#6126);
#5489=PLANE('',#6127);
#5490=PLANE('',#6128);
#5491=PLANE('',#6129);
#5492=PLANE('',#6130);
#5493=PLANE('',#6131);
#5494=PLANE('',#6132);
#5495=PLANE('',#6133);
#5496=PLANE('',#6134);
#5497=PLANE('',#6135);
#5498=PLANE('',#6136);
#5499=PLANE('',#6137);
#5500=PLANE('',#6138);
#5501=PLANE('',#6139);
#5502=PLANE('',#6140);
#5503=PLANE('',#6141);
#5504=PLANE('',#6142);
#5505=PLANE('',#6143);
#5506=PLANE('',#6144);
#5507=PLANE('',#6145);
#5508=PLANE('',#6146);
#5509=PLANE('',#6147);
#5510=PLANE('',#6148);
#5511=PLANE('',#6149);
#5512=PLANE('',#6150);
#5513=PLANE('',#6151);
#5514=PLANE('',#6152);
#5515=PLANE('',#6153);
#5516=PLANE('',#6154);
#5517=PLANE('',#6155);
#5518=PLANE('',#6156);
#5519=PLANE('',#6157);
#5520=PLANE('',#6158);
#5521=PLANE('',#6159);
#5522=PLANE('',#6160);
#5523=PLANE('',#6161);
#5524=PLANE('',#6162);
#5525=PLANE('',#6163);
#5526=PLANE('',#6164);
#5527=PLANE('',#6165);
#5528=PLANE('',#6166);
#5529=PLANE('',#6167);
#5530=PLANE('',#6168);
#5531=PLANE('',#6169);
#5532=PLANE('',#6170);
#5533=PLANE('',#6171);
#5534=PLANE('',#6172);
#5535=PLANE('',#6173);
#5536=PLANE('',#6174);
#5537=PLANE('',#6175);
#5538=PLANE('',#6176);
#5539=PLANE('',#6177);
#5540=PLANE('',#6178);
#5541=PLANE('',#6179);
#5542=PLANE('',#6180);
#5543=PLANE('',#6181);
#5544=PLANE('',#6182);
#5545=PLANE('',#6183);
#5546=PLANE('',#6184);
#5547=PLANE('',#6185);
#5548=PLANE('',#6186);
#5549=PLANE('',#6187);
#5550=PLANE('',#6188);
#5551=PLANE('',#6189);
#5552=PLANE('',#6190);
#5553=PLANE('',#6191);
#5554=PLANE('',#6192);
#5555=PLANE('',#6193);
#5556=PLANE('',#6194);
#5557=PLANE('',#6195);
#5558=PLANE('',#6196);
#5559=PLANE('',#6197);
#5560=PLANE('',#6198);
#5561=PLANE('',#6199);
#5562=PLANE('',#6200);
#5563=PLANE('',#6201);
#5564=PLANE('',#6202);
#5565=PLANE('',#6203);
#5566=PLANE('',#6204);
#5567=PLANE('',#6205);
#5568=PLANE('',#6206);
#5569=PLANE('',#6207);
#5570=PLANE('',#6208);
#5571=PLANE('',#6209);
#5572=PLANE('',#6210);
#5573=PLANE('',#6211);
#5574=PLANE('',#6212);
#5575=PLANE('',#6213);
#5576=PLANE('',#6214);
#5577=PLANE('',#6215);
#5578=PLANE('',#6216);
#5579=PLANE('',#6217);
#5580=PLANE('',#6218);
#5581=PLANE('',#6219);
#5582=PLANE('',#6220);
#5583=PLANE('',#6221);
#5584=PLANE('',#6222);
#5585=PLANE('',#6223);
#5586=PLANE('',#6224);
#5587=PLANE('',#6225);
#5588=PLANE('',#6226);
#5589=PLANE('',#6227);
#5590=PLANE('',#6228);
#5591=PLANE('',#6229);
#5592=PLANE('',#6230);
#5593=PLANE('',#6231);
#5594=PLANE('',#6232);
#5595=PLANE('',#6233);
#5596=PLANE('',#6234);
#5597=PLANE('',#6235);
#5598=PLANE('',#6236);
#5599=PLANE('',#6237);
#5600=PLANE('',#6238);
#5601=PLANE('',#6239);
#5602=PLANE('',#6240);
#5603=PLANE('',#6241);
#5604=PLANE('',#6242);
#5605=PLANE('',#6243);
#5606=PLANE('',#6244);
#5607=PLANE('',#6245);
#5608=PLANE('',#6246);
#5609=PLANE('',#6247);
#5610=PLANE('',#6248);
#5611=PLANE('',#6249);
#5612=PLANE('',#6250);
#5613=PLANE('',#6251);
#5614=PLANE('',#6252);
#5615=PLANE('',#6253);
#5616=PLANE('',#6254);
#5617=PLANE('',#6255);
#5618=PLANE('',#6256);
#5619=PLANE('',#6257);
#5620=PLANE('',#6258);
#5621=PLANE('',#6259);
#5622=PLANE('',#6260);
#5623=PLANE('',#6261);
#5624=PLANE('',#6262);
#5625=PLANE('',#6263);
#5626=PLANE('',#6264);
#5627=PLANE('',#6265);
#5628=PLANE('',#6266);
#5629=PLANE('',#6267);
#5630=PLANE('',#6268);
#5631=PLANE('',#6269);
#5632=PLANE('',#6270);
#5633=PLANE('',#6271);
#5634=PLANE('',#6272);
#5635=PLANE('',#6273);
#5636=PLANE('',#6274);
#5637=PLANE('',#6275);
#5638=PLANE('',#6276);
#5639=PLANE('',#6277);
#5640=PLANE('',#6278);
#5641=PLANE('',#6279);
#5642=PLANE('',#6280);
#5643=PLANE('',#6281);
#5644=PLANE('',#6282);
#5645=PLANE('',#6283);
#5646=PLANE('',#6284);
#5647=PLANE('',#6285);
#5648=PLANE('',#6286);
#5649=PLANE('',#6287);
#5650=PLANE('',#6288);
#5651=PLANE('',#6289);
#5652=PLANE('',#6290);
#5653=PLANE('',#6291);
#5654=PLANE('',#6292);
#5655=PLANE('',#6293);
#5656=PLANE('',#6294);
#5657=PLANE('',#6295);
#5658=PLANE('',#6296);
#5659=PLANE('',#6297);
#5660=PLANE('',#6298);
#5661=PLANE('',#6299);
#5662=PLANE('',#6300);
#5663=PLANE('',#6301);
#5664=PLANE('',#6302);
#5665=ADVANCED_FACE('',(#64),#5366,.T.);
#5666=ADVANCED_FACE('',(#65),#5367,.T.);
#5667=ADVANCED_FACE('',(#66),#5368,.T.);
#5668=ADVANCED_FACE('',(#67),#5369,.T.);
#5669=ADVANCED_FACE('',(#68),#59,.F.);
#5670=ADVANCED_FACE('',(#69,#15),#5370,.T.);
#5671=ADVANCED_FACE('',(#70),#5371,.T.);
#5672=ADVANCED_FACE('',(#71),#60,.F.);
#5673=ADVANCED_FACE('',(#72,#16,#17),#5372,.T.);
#5674=ADVANCED_FACE('',(#73),#5373,.T.);
#5675=ADVANCED_FACE('',(#74),#61,.F.);
#5676=ADVANCED_FACE('',(#75),#5374,.T.);
#5677=ADVANCED_FACE('',(#76),#62,.F.);
#5678=ADVANCED_FACE('',(#77),#63,.F.);
#5679=ADVANCED_FACE('',(#78),#5375,.T.);
#5680=ADVANCED_FACE('',(#79),#5376,.T.);
#5681=ADVANCED_FACE('',(#80),#5377,.T.);
#5682=ADVANCED_FACE('',(#81),#5378,.T.);
#5683=ADVANCED_FACE('',(#82),#5379,.T.);
#5684=ADVANCED_FACE('',(#83),#5380,.T.);
#5685=ADVANCED_FACE('',(#84),#5381,.T.);
#5686=ADVANCED_FACE('',(#85),#5382,.T.);
#5687=ADVANCED_FACE('',(#86),#5383,.T.);
#5688=ADVANCED_FACE('',(#87),#5384,.T.);
#5689=ADVANCED_FACE('',(#88),#5385,.T.);
#5690=ADVANCED_FACE('',(#89),#5386,.T.);
#5691=ADVANCED_FACE('',(#90),#5387,.T.);
#5692=ADVANCED_FACE('',(#91),#5388,.T.);
#5693=ADVANCED_FACE('',(#92),#5389,.T.);
#5694=ADVANCED_FACE('',(#93),#5390,.T.);
#5695=ADVANCED_FACE('',(#94),#5391,.T.);
#5696=ADVANCED_FACE('',(#95),#5392,.T.);
#5697=ADVANCED_FACE('',(#96),#5393,.T.);
#5698=ADVANCED_FACE('',(#97),#5394,.T.);
#5699=ADVANCED_FACE('',(#98,#18,#19,#20,#21,#22,#23,#24,#25,#26,#27,#28),
#5395,.T.);
#5700=ADVANCED_FACE('',(#99),#5396,.T.);
#5701=ADVANCED_FACE('',(#100),#5397,.T.);
#5702=ADVANCED_FACE('',(#101),#5398,.T.);
#5703=ADVANCED_FACE('',(#102),#5399,.T.);
#5704=ADVANCED_FACE('',(#103),#5400,.T.);
#5705=ADVANCED_FACE('',(#104),#5401,.T.);
#5706=ADVANCED_FACE('',(#105),#5402,.T.);
#5707=ADVANCED_FACE('',(#106),#5403,.T.);
#5708=ADVANCED_FACE('',(#107),#5404,.T.);
#5709=ADVANCED_FACE('',(#108),#5405,.T.);
#5710=ADVANCED_FACE('',(#109),#5406,.T.);
#5711=ADVANCED_FACE('',(#110),#5407,.T.);
#5712=ADVANCED_FACE('',(#111),#5408,.T.);
#5713=ADVANCED_FACE('',(#112),#5409,.T.);
#5714=ADVANCED_FACE('',(#113),#5410,.T.);
#5715=ADVANCED_FACE('',(#114),#5411,.T.);
#5716=ADVANCED_FACE('',(#115),#5412,.T.);
#5717=ADVANCED_FACE('',(#116),#5413,.T.);
#5718=ADVANCED_FACE('',(#117),#5414,.T.);
#5719=ADVANCED_FACE('',(#118),#5415,.T.);
#5720=ADVANCED_FACE('',(#119),#5416,.T.);
#5721=ADVANCED_FACE('',(#120),#5417,.T.);
#5722=ADVANCED_FACE('',(#121),#5418,.T.);
#5723=ADVANCED_FACE('',(#122),#5419,.T.);
#5724=ADVANCED_FACE('',(#123),#5420,.T.);
#5725=ADVANCED_FACE('',(#124),#5421,.T.);
#5726=ADVANCED_FACE('',(#125),#5422,.T.);
#5727=ADVANCED_FACE('',(#126),#5423,.T.);
#5728=ADVANCED_FACE('',(#127),#5424,.T.);
#5729=ADVANCED_FACE('',(#128),#5425,.T.);
#5730=ADVANCED_FACE('',(#129),#5426,.T.);
#5731=ADVANCED_FACE('',(#130),#5427,.T.);
#5732=ADVANCED_FACE('',(#131),#5428,.T.);
#5733=ADVANCED_FACE('',(#132),#5429,.T.);
#5734=ADVANCED_FACE('',(#133),#5430,.T.);
#5735=ADVANCED_FACE('',(#134),#5431,.T.);
#5736=ADVANCED_FACE('',(#135),#5432,.T.);
#5737=ADVANCED_FACE('',(#136),#5433,.T.);
#5738=ADVANCED_FACE('',(#137),#5434,.T.);
#5739=ADVANCED_FACE('',(#138),#5435,.T.);
#5740=ADVANCED_FACE('',(#139),#5436,.T.);
#5741=ADVANCED_FACE('',(#140),#5437,.T.);
#5742=ADVANCED_FACE('',(#141),#5438,.T.);
#5743=ADVANCED_FACE('',(#142),#5439,.T.);
#5744=ADVANCED_FACE('',(#143),#5440,.T.);
#5745=ADVANCED_FACE('',(#144),#5441,.T.);
#5746=ADVANCED_FACE('',(#145),#5442,.T.);
#5747=ADVANCED_FACE('',(#146),#5443,.T.);
#5748=ADVANCED_FACE('',(#147),#5444,.T.);
#5749=ADVANCED_FACE('',(#148),#5445,.T.);
#5750=ADVANCED_FACE('',(#149),#5446,.T.);
#5751=ADVANCED_FACE('',(#150),#5447,.T.);
#5752=ADVANCED_FACE('',(#151),#5448,.T.);
#5753=ADVANCED_FACE('',(#152),#5449,.T.);
#5754=ADVANCED_FACE('',(#153),#5450,.T.);
#5755=ADVANCED_FACE('',(#154),#5451,.T.);
#5756=ADVANCED_FACE('',(#155),#5452,.T.);
#5757=ADVANCED_FACE('',(#156),#5453,.T.);
#5758=ADVANCED_FACE('',(#157),#5454,.T.);
#5759=ADVANCED_FACE('',(#158),#5455,.T.);
#5760=ADVANCED_FACE('',(#159),#5456,.T.);
#5761=ADVANCED_FACE('',(#160),#5457,.T.);
#5762=ADVANCED_FACE('',(#161),#5458,.T.);
#5763=ADVANCED_FACE('',(#162),#5459,.T.);
#5764=ADVANCED_FACE('',(#163),#5460,.T.);
#5765=ADVANCED_FACE('',(#164),#5461,.T.);
#5766=ADVANCED_FACE('',(#165),#5462,.T.);
#5767=ADVANCED_FACE('',(#166),#5463,.T.);
#5768=ADVANCED_FACE('',(#167),#5464,.T.);
#5769=ADVANCED_FACE('',(#168),#5465,.T.);
#5770=ADVANCED_FACE('',(#169),#5466,.T.);
#5771=ADVANCED_FACE('',(#170),#5467,.T.);
#5772=ADVANCED_FACE('',(#171),#5468,.T.);
#5773=ADVANCED_FACE('',(#172),#5469,.T.);
#5774=ADVANCED_FACE('',(#173),#5470,.T.);
#5775=ADVANCED_FACE('',(#174),#5471,.T.);
#5776=ADVANCED_FACE('',(#175),#5472,.T.);
#5777=ADVANCED_FACE('',(#176),#5473,.T.);
#5778=ADVANCED_FACE('',(#177),#5474,.T.);
#5779=ADVANCED_FACE('',(#178),#5475,.T.);
#5780=ADVANCED_FACE('',(#179),#5476,.T.);
#5781=ADVANCED_FACE('',(#180),#5477,.T.);
#5782=ADVANCED_FACE('',(#181),#5478,.T.);
#5783=ADVANCED_FACE('',(#182),#5479,.T.);
#5784=ADVANCED_FACE('',(#183),#5480,.T.);
#5785=ADVANCED_FACE('',(#184),#5481,.T.);
#5786=ADVANCED_FACE('',(#185),#5482,.T.);
#5787=ADVANCED_FACE('',(#186),#5483,.T.);
#5788=ADVANCED_FACE('',(#187),#5484,.T.);
#5789=ADVANCED_FACE('',(#188),#5485,.T.);
#5790=ADVANCED_FACE('',(#189),#5486,.T.);
#5791=ADVANCED_FACE('',(#190),#5487,.T.);
#5792=ADVANCED_FACE('',(#191),#5488,.T.);
#5793=ADVANCED_FACE('',(#192),#5489,.T.);
#5794=ADVANCED_FACE('',(#193),#5490,.T.);
#5795=ADVANCED_FACE('',(#194),#5491,.T.);
#5796=ADVANCED_FACE('',(#195),#5492,.T.);
#5797=ADVANCED_FACE('',(#196),#5493,.T.);
#5798=ADVANCED_FACE('',(#197),#5494,.T.);
#5799=ADVANCED_FACE('',(#198),#5495,.T.);
#5800=ADVANCED_FACE('',(#199),#5496,.T.);
#5801=ADVANCED_FACE('',(#200),#5497,.T.);
#5802=ADVANCED_FACE('',(#201),#5498,.T.);
#5803=ADVANCED_FACE('',(#202),#5499,.T.);
#5804=ADVANCED_FACE('',(#203),#5500,.T.);
#5805=ADVANCED_FACE('',(#204),#5501,.T.);
#5806=ADVANCED_FACE('',(#205),#5502,.T.);
#5807=ADVANCED_FACE('',(#206),#5503,.T.);
#5808=ADVANCED_FACE('',(#207),#5504,.T.);
#5809=ADVANCED_FACE('',(#208),#5505,.T.);
#5810=ADVANCED_FACE('',(#209),#5506,.T.);
#5811=ADVANCED_FACE('',(#210),#5507,.T.);
#5812=ADVANCED_FACE('',(#211),#5508,.T.);
#5813=ADVANCED_FACE('',(#212),#5509,.T.);
#5814=ADVANCED_FACE('',(#213),#5510,.T.);
#5815=ADVANCED_FACE('',(#214),#5511,.T.);
#5816=ADVANCED_FACE('',(#215),#5512,.T.);
#5817=ADVANCED_FACE('',(#216),#5513,.T.);
#5818=ADVANCED_FACE('',(#217),#5514,.T.);
#5819=ADVANCED_FACE('',(#218),#5515,.T.);
#5820=ADVANCED_FACE('',(#219),#5516,.T.);
#5821=ADVANCED_FACE('',(#220),#5517,.T.);
#5822=ADVANCED_FACE('',(#221),#5518,.T.);
#5823=ADVANCED_FACE('',(#222),#5519,.T.);
#5824=ADVANCED_FACE('',(#223),#5520,.T.);
#5825=ADVANCED_FACE('',(#224),#5521,.T.);
#5826=ADVANCED_FACE('',(#225),#5522,.T.);
#5827=ADVANCED_FACE('',(#226),#5523,.T.);
#5828=ADVANCED_FACE('',(#227),#5524,.T.);
#5829=ADVANCED_FACE('',(#228),#5525,.T.);
#5830=ADVANCED_FACE('',(#229),#5526,.T.);
#5831=ADVANCED_FACE('',(#230),#5527,.T.);
#5832=ADVANCED_FACE('',(#231),#5528,.T.);
#5833=ADVANCED_FACE('',(#232),#5529,.T.);
#5834=ADVANCED_FACE('',(#233),#5530,.T.);
#5835=ADVANCED_FACE('',(#234),#5531,.T.);
#5836=ADVANCED_FACE('',(#235),#5532,.T.);
#5837=ADVANCED_FACE('',(#236),#5533,.T.);
#5838=ADVANCED_FACE('',(#237),#5534,.T.);
#5839=ADVANCED_FACE('',(#238),#5535,.T.);
#5840=ADVANCED_FACE('',(#239),#5536,.T.);
#5841=ADVANCED_FACE('',(#240),#5537,.T.);
#5842=ADVANCED_FACE('',(#241),#5538,.T.);
#5843=ADVANCED_FACE('',(#242),#5539,.T.);
#5844=ADVANCED_FACE('',(#243),#5540,.T.);
#5845=ADVANCED_FACE('',(#244),#5541,.T.);
#5846=ADVANCED_FACE('',(#245),#5542,.T.);
#5847=ADVANCED_FACE('',(#246),#5543,.T.);
#5848=ADVANCED_FACE('',(#247),#5544,.T.);
#5849=ADVANCED_FACE('',(#248),#5545,.T.);
#5850=ADVANCED_FACE('',(#249),#5546,.T.);
#5851=ADVANCED_FACE('',(#250),#5547,.T.);
#5852=ADVANCED_FACE('',(#251),#5548,.T.);
#5853=ADVANCED_FACE('',(#252),#5549,.T.);
#5854=ADVANCED_FACE('',(#253),#5550,.T.);
#5855=ADVANCED_FACE('',(#254),#5551,.T.);
#5856=ADVANCED_FACE('',(#255),#5552,.T.);
#5857=ADVANCED_FACE('',(#256),#5553,.T.);
#5858=ADVANCED_FACE('',(#257),#5554,.T.);
#5859=ADVANCED_FACE('',(#258),#5555,.T.);
#5860=ADVANCED_FACE('',(#259),#5556,.T.);
#5861=ADVANCED_FACE('',(#260),#5557,.T.);
#5862=ADVANCED_FACE('',(#261),#5558,.T.);
#5863=ADVANCED_FACE('',(#262),#5559,.T.);
#5864=ADVANCED_FACE('',(#263),#5560,.T.);
#5865=ADVANCED_FACE('',(#264),#5561,.T.);
#5866=ADVANCED_FACE('',(#265),#5562,.T.);
#5867=ADVANCED_FACE('',(#266),#5563,.T.);
#5868=ADVANCED_FACE('',(#267),#5564,.T.);
#5869=ADVANCED_FACE('',(#268),#5565,.T.);
#5870=ADVANCED_FACE('',(#269),#5566,.T.);
#5871=ADVANCED_FACE('',(#270),#5567,.T.);
#5872=ADVANCED_FACE('',(#271),#5568,.T.);
#5873=ADVANCED_FACE('',(#272),#5569,.T.);
#5874=ADVANCED_FACE('',(#273),#5570,.T.);
#5875=ADVANCED_FACE('',(#274),#5571,.T.);
#5876=ADVANCED_FACE('',(#275),#5572,.T.);
#5877=ADVANCED_FACE('',(#276),#5573,.T.);
#5878=ADVANCED_FACE('',(#277),#5574,.T.);
#5879=ADVANCED_FACE('',(#278),#5575,.T.);
#5880=ADVANCED_FACE('',(#279),#5576,.T.);
#5881=ADVANCED_FACE('',(#280),#5577,.T.);
#5882=ADVANCED_FACE('',(#281),#5578,.T.);
#5883=ADVANCED_FACE('',(#282),#5579,.T.);
#5884=ADVANCED_FACE('',(#283),#5580,.T.);
#5885=ADVANCED_FACE('',(#284),#5581,.T.);
#5886=ADVANCED_FACE('',(#285),#5582,.T.);
#5887=ADVANCED_FACE('',(#286),#5583,.T.);
#5888=ADVANCED_FACE('',(#287),#5584,.T.);
#5889=ADVANCED_FACE('',(#288),#5585,.T.);
#5890=ADVANCED_FACE('',(#289),#5586,.T.);
#5891=ADVANCED_FACE('',(#290),#5587,.T.);
#5892=ADVANCED_FACE('',(#291),#5588,.T.);
#5893=ADVANCED_FACE('',(#292),#5589,.T.);
#5894=ADVANCED_FACE('',(#293),#5590,.T.);
#5895=ADVANCED_FACE('',(#294),#5591,.T.);
#5896=ADVANCED_FACE('',(#295),#5592,.T.);
#5897=ADVANCED_FACE('',(#296),#5593,.T.);
#5898=ADVANCED_FACE('',(#297),#5594,.T.);
#5899=ADVANCED_FACE('',(#298),#5595,.T.);
#5900=ADVANCED_FACE('',(#299),#5596,.T.);
#5901=ADVANCED_FACE('',(#300),#5597,.T.);
#5902=ADVANCED_FACE('',(#301),#5598,.T.);
#5903=ADVANCED_FACE('',(#302),#5599,.T.);
#5904=ADVANCED_FACE('',(#303),#5600,.T.);
#5905=ADVANCED_FACE('',(#304),#5601,.T.);
#5906=ADVANCED_FACE('',(#305),#5602,.T.);
#5907=ADVANCED_FACE('',(#306),#5603,.T.);
#5908=ADVANCED_FACE('',(#307),#5604,.T.);
#5909=ADVANCED_FACE('',(#308),#5605,.T.);
#5910=ADVANCED_FACE('',(#309),#5606,.T.);
#5911=ADVANCED_FACE('',(#310),#5607,.T.);
#5912=ADVANCED_FACE('',(#311),#5608,.T.);
#5913=ADVANCED_FACE('',(#312),#5609,.T.);
#5914=ADVANCED_FACE('',(#313),#5610,.T.);
#5915=ADVANCED_FACE('',(#314),#5611,.T.);
#5916=ADVANCED_FACE('',(#315),#5612,.T.);
#5917=ADVANCED_FACE('',(#316),#5613,.T.);
#5918=ADVANCED_FACE('',(#317),#5614,.T.);
#5919=ADVANCED_FACE('',(#318),#5615,.T.);
#5920=ADVANCED_FACE('',(#319),#5616,.T.);
#5921=ADVANCED_FACE('',(#320),#5617,.T.);
#5922=ADVANCED_FACE('',(#321),#5618,.T.);
#5923=ADVANCED_FACE('',(#322),#5619,.T.);
#5924=ADVANCED_FACE('',(#323),#5620,.T.);
#5925=ADVANCED_FACE('',(#324),#5621,.T.);
#5926=ADVANCED_FACE('',(#325),#5622,.T.);
#5927=ADVANCED_FACE('',(#326),#5623,.T.);
#5928=ADVANCED_FACE('',(#327),#5624,.T.);
#5929=ADVANCED_FACE('',(#328),#5625,.T.);
#5930=ADVANCED_FACE('',(#329),#5626,.T.);
#5931=ADVANCED_FACE('',(#330),#5627,.T.);
#5932=ADVANCED_FACE('',(#331),#5628,.T.);
#5933=ADVANCED_FACE('',(#332),#5629,.T.);
#5934=ADVANCED_FACE('',(#333),#5630,.T.);
#5935=ADVANCED_FACE('',(#334),#5631,.T.);
#5936=ADVANCED_FACE('',(#335),#5632,.T.);
#5937=ADVANCED_FACE('',(#336),#5633,.T.);
#5938=ADVANCED_FACE('',(#337),#5634,.T.);
#5939=ADVANCED_FACE('',(#338),#5635,.T.);
#5940=ADVANCED_FACE('',(#339),#5636,.T.);
#5941=ADVANCED_FACE('',(#340),#5637,.T.);
#5942=ADVANCED_FACE('',(#341),#5638,.T.);
#5943=ADVANCED_FACE('',(#342),#5639,.T.);
#5944=ADVANCED_FACE('',(#343),#5640,.T.);
#5945=ADVANCED_FACE('',(#344),#5641,.T.);
#5946=ADVANCED_FACE('',(#345),#5642,.T.);
#5947=ADVANCED_FACE('',(#346),#5643,.T.);
#5948=ADVANCED_FACE('',(#347),#5644,.T.);
#5949=ADVANCED_FACE('',(#348,#29,#30,#31,#32,#33,#34,#35,#36,#37,#38),#5645,
 .T.);
#5950=ADVANCED_FACE('',(#349),#5646,.T.);
#5951=ADVANCED_FACE('',(#350,#39),#5647,.T.);
#5952=ADVANCED_FACE('',(#351),#5648,.T.);
#5953=ADVANCED_FACE('',(#352),#5649,.T.);
#5954=ADVANCED_FACE('',(#353),#5650,.T.);
#5955=ADVANCED_FACE('',(#354,#40),#5651,.T.);
#5956=ADVANCED_FACE('',(#355),#5652,.T.);
#5957=ADVANCED_FACE('',(#356,#41),#5653,.T.);
#5958=ADVANCED_FACE('',(#357,#42),#5654,.T.);
#5959=ADVANCED_FACE('',(#358),#5655,.T.);
#5960=ADVANCED_FACE('',(#359),#5656,.T.);
#5961=ADVANCED_FACE('',(#360),#5657,.T.);
#5962=ADVANCED_FACE('',(#361),#5658,.T.);
#5963=ADVANCED_FACE('',(#362),#5659,.T.);
#5964=ADVANCED_FACE('',(#363),#5660,.T.);
#5965=ADVANCED_FACE('',(#364),#5661,.T.);
#5966=ADVANCED_FACE('',(#365),#5662,.T.);
#5967=ADVANCED_FACE('',(#366),#5663,.T.);
#5968=ADVANCED_FACE('',(#367),#5664,.T.);
#5969=CLOSED_SHELL('',(#5665,#5666,#5667,#5668,#5669,#5670,#5671,#5672,
#5673,#5674,#5675,#5676,#5677,#5678,#5679,#5680,#5681,#5682,#5683,#5684,
#5685,#5686,#5687,#5688,#5689,#5690,#5691,#5692,#5693,#5694,#5695,#5696,
#5697,#5698,#5699,#5700,#5701,#5702,#5703,#5704,#5705,#5706,#5707,#5708,
#5709,#5710,#5711,#5712,#5713,#5714,#5715,#5716,#5717,#5718,#5719,#5720,
#5721,#5722,#5723,#5724,#5725,#5726,#5727,#5728,#5729,#5730,#5731,#5732,
#5733,#5734,#5735,#5736,#5737,#5738,#5739,#5740,#5741,#5742,#5743,#5744,
#5745,#5746,#5747,#5748,#5749,#5750,#5751,#5752,#5753,#5754,#5755,#5756,
#5757,#5758,#5759,#5760,#5761,#5762,#5763,#5764,#5765,#5766,#5767,#5768,
#5769,#5770,#5771,#5772,#5773,#5774,#5775,#5776,#5777,#5778,#5779,#5780,
#5781,#5782,#5783,#5784,#5785,#5786,#5787,#5788,#5789,#5790,#5791,#5792,
#5793,#5794,#5795,#5796,#5797,#5798,#5799,#5800,#5801,#5802,#5803,#5804,
#5805,#5806,#5807,#5808,#5809,#5810,#5811,#5812,#5813,#5814,#5815,#5816,
#5817,#5818,#5819,#5820,#5821,#5822,#5823,#5824,#5825,#5826,#5827,#5828,
#5829,#5830,#5831,#5832,#5833,#5834,#5835,#5836,#5837,#5838,#5839,#5840,
#5841,#5842,#5843,#5844,#5845,#5846,#5847,#5848,#5849,#5850,#5851,#5852,
#5853,#5854,#5855,#5856,#5857,#5858,#5859,#5860,#5861,#5862,#5863,#5864,
#5865,#5866,#5867,#5868,#5869,#5870,#5871,#5872,#5873,#5874,#5875,#5876,
#5877,#5878,#5879,#5880,#5881,#5882,#5883,#5884,#5885,#5886,#5887,#5888,
#5889,#5890,#5891,#5892,#5893,#5894,#5895,#5896,#5897,#5898,#5899,#5900,
#5901,#5902,#5903,#5904,#5905,#5906,#5907,#5908,#5909,#5910,#5911,#5912,
#5913,#5914,#5915,#5916,#5917,#5918,#5919,#5920,#5921,#5922,#5923,#5924,
#5925,#5926,#5927,#5928,#5929,#5930,#5931,#5932,#5933,#5934,#5935,#5936,
#5937,#5938,#5939,#5940,#5941,#5942,#5943,#5944,#5945,#5946,#5947,#5948,
#5949,#5950,#5951,#5952,#5953,#5954,#5955,#5956,#5957,#5958,#5959,#5960,
#5961,#5962,#5963,#5964,#5965,#5966,#5967,#5968));
#5970=DERIVED_UNIT_ELEMENT(#5972,1.);
#5971=DERIVED_UNIT_ELEMENT(#9447,-3.);
#5972=(
MASS_UNIT()
NAMED_UNIT(*)
SI_UNIT(.KILO.,.GRAM.)
);
#5973=DERIVED_UNIT((#5970,#5971));
#5974=MEASURE_REPRESENTATION_ITEM('density measure',
POSITIVE_RATIO_MEASURE(7850.),#5973);
#5975=PROPERTY_DEFINITION_REPRESENTATION(#5980,#5977);
#5976=PROPERTY_DEFINITION_REPRESENTATION(#5981,#5978);
#5977=REPRESENTATION('material name',(#5979),#9444);
#5978=REPRESENTATION('density',(#5974),#9444);
#5979=DESCRIPTIVE_REPRESENTATION_ITEM('\X2\94A2\X0\','\X2\94A2\X0\');
#5980=PROPERTY_DEFINITION('material property','material name',#9454);
#5981=PROPERTY_DEFINITION('material property','density of part',#9454);
#5982=AXIS2_PLACEMENT_3D('',#7759,#6303,#6304);
#5983=AXIS2_PLACEMENT_3D('',#7760,#6305,#6306);
#5984=AXIS2_PLACEMENT_3D('',#7773,#6313,#6314);
#5985=AXIS2_PLACEMENT_3D('',#7779,#6318,#6319);
#5986=AXIS2_PLACEMENT_3D('',#7783,#6322,#6323);
#5987=AXIS2_PLACEMENT_3D('',#7787,#6326,#6327);
#5988=AXIS2_PLACEMENT_3D('',#7789,#6328,#6329);
#5989=AXIS2_PLACEMENT_3D('',#7795,#6332,#6333);
#5990=AXIS2_PLACEMENT_3D('',#7798,#6335,#6336);
#5991=AXIS2_PLACEMENT_3D('',#7799,#6337,#6338);
#5992=AXIS2_PLACEMENT_3D('',#7827,#6352,#6353);
#5993=AXIS2_PLACEMENT_3D('',#7829,#6354,#6355);
#5994=AXIS2_PLACEMENT_3D('',#7833,#6357,#6358);
#5995=AXIS2_PLACEMENT_3D('',#7835,#6359,#6360);
#5996=AXIS2_PLACEMENT_3D('',#7839,#6362,#6363);
#5997=AXIS2_PLACEMENT_3D('',#7841,#6365,#6366);
#5998=AXIS2_PLACEMENT_3D('',#7845,#6369,#6370);
#5999=AXIS2_PLACEMENT_3D('',#7847,#6371,#6372);
#6000=AXIS2_PLACEMENT_3D('',#7851,#6374,#6375);
#6001=AXIS2_PLACEMENT_3D('',#7854,#6378,#6379);
#6002=AXIS2_PLACEMENT_3D('',#7859,#6382,#6383);
#6003=AXIS2_PLACEMENT_3D('',#7862,#6385,#6386);
#6004=AXIS2_PLACEMENT_3D('',#7869,#6390,#6391);
#6005=AXIS2_PLACEMENT_3D('',#7870,#6392,#6393);
#6006=AXIS2_PLACEMENT_3D('',#7872,#6395,#6396);
#6007=AXIS2_PLACEMENT_3D('',#7874,#6397,#6398);
#6008=AXIS2_PLACEMENT_3D('',#7877,#6401,#6402);
#6009=AXIS2_PLACEMENT_3D('',#7879,#6404,#6405);
#6010=AXIS2_PLACEMENT_3D('',#7881,#6406,#6407);
#6011=AXIS2_PLACEMENT_3D('',#7883,#6409,#6410);
#6012=AXIS2_PLACEMENT_3D('',#7886,#6412,#6413);
#6013=AXIS2_PLACEMENT_3D('',#7887,#6414,#6415);
#6014=AXIS2_PLACEMENT_3D('',#7888,#6416,#6417);
#6015=AXIS2_PLACEMENT_3D('',#7899,#6423,#6424);
#6016=AXIS2_PLACEMENT_3D('',#7906,#6429,#6430);
#6017=AXIS2_PLACEMENT_3D('',#7915,#6435,#6436);
#6018=AXIS2_PLACEMENT_3D('',#7921,#6440,#6441);
#6019=AXIS2_PLACEMENT_3D('',#7927,#6445,#6446);
#6020=AXIS2_PLACEMENT_3D('',#7930,#6449,#6450);
#6021=AXIS2_PLACEMENT_3D('',#7934,#6453,#6454);
#6022=AXIS2_PLACEMENT_3D('',#7940,#6458,#6459);
#6023=AXIS2_PLACEMENT_3D('',#7946,#6463,#6464);
#6024=AXIS2_PLACEMENT_3D('',#7952,#6468,#6469);
#6025=AXIS2_PLACEMENT_3D('',#7958,#6473,#6474);
#6026=AXIS2_PLACEMENT_3D('',#7964,#6478,#6479);
#6027=AXIS2_PLACEMENT_3D('',#7967,#6482,#6483);
#6028=AXIS2_PLACEMENT_3D('',#7970,#6486,#6487);
#6029=AXIS2_PLACEMENT_3D('',#7972,#6489,#6490);
#6030=AXIS2_PLACEMENT_3D('',#7974,#6492,#6493);
#6031=AXIS2_PLACEMENT_3D('',#7976,#6495,#6496);
#6032=AXIS2_PLACEMENT_3D('',#7978,#6498,#6499);
#6033=AXIS2_PLACEMENT_3D('',#7980,#6501,#6502);
#6034=AXIS2_PLACEMENT_3D('',#8237,#6631,#6632);
#6035=AXIS2_PLACEMENT_3D('',#8243,#6636,#6637);
#6036=AXIS2_PLACEMENT_3D('',#8249,#6641,#6642);
#6037=AXIS2_PLACEMENT_3D('',#8255,#6646,#6647);
#6038=AXIS2_PLACEMENT_3D('',#8259,#6650,#6651);
#6039=AXIS2_PLACEMENT_3D('',#8263,#6654,#6655);
#6040=AXIS2_PLACEMENT_3D('',#8267,#6658,#6659);
#6041=AXIS2_PLACEMENT_3D('',#8271,#6662,#6663);
#6042=AXIS2_PLACEMENT_3D('',#8277,#6667,#6668);
#6043=AXIS2_PLACEMENT_3D('',#8281,#6671,#6672);
#6044=AXIS2_PLACEMENT_3D('',#8285,#6675,#6676);
#6045=AXIS2_PLACEMENT_3D('',#8289,#6679,#6680);
#6046=AXIS2_PLACEMENT_3D('',#8293,#6683,#6684);
#6047=AXIS2_PLACEMENT_3D('',#8302,#6689,#6690);
#6048=AXIS2_PLACEMENT_3D('',#8308,#6694,#6695);
#6049=AXIS2_PLACEMENT_3D('',#8314,#6699,#6700);
#6050=AXIS2_PLACEMENT_3D('',#8317,#6703,#6704);
#6051=AXIS2_PLACEMENT_3D('',#8318,#6705,#6706);
#6052=AXIS2_PLACEMENT_3D('',#8324,#6710,#6711);
#6053=AXIS2_PLACEMENT_3D('',#8328,#6714,#6715);
#6054=AXIS2_PLACEMENT_3D('',#8332,#6718,#6719);
#6055=AXIS2_PLACEMENT_3D('',#8336,#6722,#6723);
#6056=AXIS2_PLACEMENT_3D('',#8340,#6726,#6727);
#6057=AXIS2_PLACEMENT_3D('',#8344,#6730,#6731);
#6058=AXIS2_PLACEMENT_3D('',#8348,#6734,#6735);
#6059=AXIS2_PLACEMENT_3D('',#8350,#6737,#6738);
#6060=AXIS2_PLACEMENT_3D('',#8351,#6739,#6740);
#6061=AXIS2_PLACEMENT_3D('',#8355,#6743,#6744);
#6062=AXIS2_PLACEMENT_3D('',#8359,#6747,#6748);
#6063=AXIS2_PLACEMENT_3D('',#8363,#6751,#6752);
#6064=AXIS2_PLACEMENT_3D('',#8367,#6755,#6756);
#6065=AXIS2_PLACEMENT_3D('',#8371,#6759,#6760);
#6066=AXIS2_PLACEMENT_3D('',#8375,#6763,#6764);
#6067=AXIS2_PLACEMENT_3D('',#8379,#6767,#6768);
#6068=AXIS2_PLACEMENT_3D('',#8383,#6771,#6772);
#6069=AXIS2_PLACEMENT_3D('',#8387,#6775,#6776);
#6070=AXIS2_PLACEMENT_3D('',#8391,#6779,#6780);
#6071=AXIS2_PLACEMENT_3D('',#8393,#6782,#6783);
#6072=AXIS2_PLACEMENT_3D('',#8394,#6784,#6785);
#6073=AXIS2_PLACEMENT_3D('',#8400,#6789,#6790);
#6074=AXIS2_PLACEMENT_3D('',#8404,#6793,#6794);
#6075=AXIS2_PLACEMENT_3D('',#8408,#6797,#6798);
#6076=AXIS2_PLACEMENT_3D('',#8412,#6801,#6802);
#6077=AXIS2_PLACEMENT_3D('',#8416,#6805,#6806);
#6078=AXIS2_PLACEMENT_3D('',#8420,#6809,#6810);
#6079=AXIS2_PLACEMENT_3D('',#8424,#6813,#6814);
#6080=AXIS2_PLACEMENT_3D('',#8426,#6816,#6817);
#6081=AXIS2_PLACEMENT_3D('',#8427,#6818,#6819);
#6082=AXIS2_PLACEMENT_3D('',#8436,#6824,#6825);
#6083=AXIS2_PLACEMENT_3D('',#8442,#6829,#6830);
#6084=AXIS2_PLACEMENT_3D('',#8448,#6834,#6835);
#6085=AXIS2_PLACEMENT_3D('',#8451,#6838,#6839);
#6086=AXIS2_PLACEMENT_3D('',#8452,#6840,#6841);
#6087=AXIS2_PLACEMENT_3D('',#8461,#6846,#6847);
#6088=AXIS2_PLACEMENT_3D('',#8467,#6851,#6852);
#6089=AXIS2_PLACEMENT_3D('',#8473,#6856,#6857);
#6090=AXIS2_PLACEMENT_3D('',#8476,#6860,#6861);
#6091=AXIS2_PLACEMENT_3D('',#8477,#6862,#6863);
#6092=AXIS2_PLACEMENT_3D('',#8483,#6867,#6868);
#6093=AXIS2_PLACEMENT_3D('',#8487,#6871,#6872);
#6094=AXIS2_PLACEMENT_3D('',#8491,#6875,#6876);
#6095=AXIS2_PLACEMENT_3D('',#8495,#6879,#6880);
#6096=AXIS2_PLACEMENT_3D('',#8499,#6883,#6884);
#6097=AXIS2_PLACEMENT_3D('',#8503,#6887,#6888);
#6098=AXIS2_PLACEMENT_3D('',#8507,#6891,#6892);
#6099=AXIS2_PLACEMENT_3D('',#8509,#6894,#6895);
#6100=AXIS2_PLACEMENT_3D('',#8510,#6896,#6897);
#6101=AXIS2_PLACEMENT_3D('',#8516,#6901,#6902);
#6102=AXIS2_PLACEMENT_3D('',#8520,#6905,#6906);
#6103=AXIS2_PLACEMENT_3D('',#8524,#6909,#6910);
#6104=AXIS2_PLACEMENT_3D('',#8528,#6913,#6914);
#6105=AXIS2_PLACEMENT_3D('',#8532,#6917,#6918);
#6106=AXIS2_PLACEMENT_3D('',#8536,#6921,#6922);
#6107=AXIS2_PLACEMENT_3D('',#8540,#6925,#6926);
#6108=AXIS2_PLACEMENT_3D('',#8544,#6929,#6930);
#6109=AXIS2_PLACEMENT_3D('',#8548,#6933,#6934);
#6110=AXIS2_PLACEMENT_3D('',#8552,#6937,#6938);
#6111=AXIS2_PLACEMENT_3D('',#8556,#6941,#6942);
#6112=AXIS2_PLACEMENT_3D('',#8560,#6945,#6946);
#6113=AXIS2_PLACEMENT_3D('',#8564,#6949,#6950);
#6114=AXIS2_PLACEMENT_3D('',#8568,#6953,#6954);
#6115=AXIS2_PLACEMENT_3D('',#8572,#6957,#6958);
#6116=AXIS2_PLACEMENT_3D('',#8576,#6961,#6962);
#6117=AXIS2_PLACEMENT_3D('',#8580,#6965,#6966);
#6118=AXIS2_PLACEMENT_3D('',#8584,#6969,#6970);
#6119=AXIS2_PLACEMENT_3D('',#8588,#6973,#6974);
#6120=AXIS2_PLACEMENT_3D('',#8592,#6977,#6978);
#6121=AXIS2_PLACEMENT_3D('',#8596,#6981,#6982);
#6122=AXIS2_PLACEMENT_3D('',#8600,#6985,#6986);
#6123=AXIS2_PLACEMENT_3D('',#8604,#6989,#6990);
#6124=AXIS2_PLACEMENT_3D('',#8608,#6993,#6994);
#6125=AXIS2_PLACEMENT_3D('',#8612,#6997,#6998);
#6126=AXIS2_PLACEMENT_3D('',#8616,#7001,#7002);
#6127=AXIS2_PLACEMENT_3D('',#8620,#7005,#7006);
#6128=AXIS2_PLACEMENT_3D('',#8624,#7009,#7010);
#6129=AXIS2_PLACEMENT_3D('',#8628,#7013,#7014);
#6130=AXIS2_PLACEMENT_3D('',#8632,#7017,#7018);
#6131=AXIS2_PLACEMENT_3D('',#8636,#7021,#7022);
#6132=AXIS2_PLACEMENT_3D('',#8640,#7025,#7026);
#6133=AXIS2_PLACEMENT_3D('',#8644,#7029,#7030);
#6134=AXIS2_PLACEMENT_3D('',#8648,#7033,#7034);
#6135=AXIS2_PLACEMENT_3D('',#8650,#7036,#7037);
#6136=AXIS2_PLACEMENT_3D('',#8654,#7040,#7041);
#6137=AXIS2_PLACEMENT_3D('',#8656,#7043,#7044);
#6138=AXIS2_PLACEMENT_3D('',#8657,#7045,#7046);
#6139=AXIS2_PLACEMENT_3D('',#8663,#7050,#7051);
#6140=AXIS2_PLACEMENT_3D('',#8667,#7054,#7055);
#6141=AXIS2_PLACEMENT_3D('',#8671,#7058,#7059);
#6142=AXIS2_PLACEMENT_3D('',#8675,#7062,#7063);
#6143=AXIS2_PLACEMENT_3D('',#8679,#7066,#7067);
#6144=AXIS2_PLACEMENT_3D('',#8683,#7070,#7071);
#6145=AXIS2_PLACEMENT_3D('',#8687,#7074,#7075);
#6146=AXIS2_PLACEMENT_3D('',#8689,#7077,#7078);
#6147=AXIS2_PLACEMENT_3D('',#8690,#7079,#7080);
#6148=AXIS2_PLACEMENT_3D('',#8699,#7085,#7086);
#6149=AXIS2_PLACEMENT_3D('',#8705,#7090,#7091);
#6150=AXIS2_PLACEMENT_3D('',#8711,#7095,#7096);
#6151=AXIS2_PLACEMENT_3D('',#8714,#7099,#7100);
#6152=AXIS2_PLACEMENT_3D('',#8715,#7101,#7102);
#6153=AXIS2_PLACEMENT_3D('',#8724,#7107,#7108);
#6154=AXIS2_PLACEMENT_3D('',#8730,#7112,#7113);
#6155=AXIS2_PLACEMENT_3D('',#8736,#7117,#7118);
#6156=AXIS2_PLACEMENT_3D('',#8742,#7122,#7123);
#6157=AXIS2_PLACEMENT_3D('',#8748,#7127,#7128);
#6158=AXIS2_PLACEMENT_3D('',#8754,#7132,#7133);
#6159=AXIS2_PLACEMENT_3D('',#8760,#7137,#7138);
#6160=AXIS2_PLACEMENT_3D('',#8766,#7142,#7143);
#6161=AXIS2_PLACEMENT_3D('',#8772,#7147,#7148);
#6162=AXIS2_PLACEMENT_3D('',#8775,#7151,#7152);
#6163=AXIS2_PLACEMENT_3D('',#8784,#7157,#7158);
#6164=AXIS2_PLACEMENT_3D('',#8790,#7162,#7163);
#6165=AXIS2_PLACEMENT_3D('',#8796,#7167,#7168);
#6166=AXIS2_PLACEMENT_3D('',#8802,#7172,#7173);
#6167=AXIS2_PLACEMENT_3D('',#8808,#7177,#7178);
#6168=AXIS2_PLACEMENT_3D('',#8811,#7181,#7182);
#6169=AXIS2_PLACEMENT_3D('',#8820,#7187,#7188);
#6170=AXIS2_PLACEMENT_3D('',#8826,#7192,#7193);
#6171=AXIS2_PLACEMENT_3D('',#8832,#7197,#7198);
#6172=AXIS2_PLACEMENT_3D('',#8838,#7202,#7203);
#6173=AXIS2_PLACEMENT_3D('',#8844,#7207,#7208);
#6174=AXIS2_PLACEMENT_3D('',#8847,#7211,#7212);
#6175=AXIS2_PLACEMENT_3D('',#8856,#7217,#7218);
#6176=AXIS2_PLACEMENT_3D('',#8862,#7222,#7223);
#6177=AXIS2_PLACEMENT_3D('',#8868,#7227,#7228);
#6178=AXIS2_PLACEMENT_3D('',#8874,#7232,#7233);
#6179=AXIS2_PLACEMENT_3D('',#8880,#7237,#7238);
#6180=AXIS2_PLACEMENT_3D('',#8886,#7242,#7243);
#6181=AXIS2_PLACEMENT_3D('',#8892,#7247,#7248);
#6182=AXIS2_PLACEMENT_3D('',#8895,#7251,#7252);
#6183=AXIS2_PLACEMENT_3D('',#8904,#7257,#7258);
#6184=AXIS2_PLACEMENT_3D('',#8910,#7262,#7263);
#6185=AXIS2_PLACEMENT_3D('',#8916,#7267,#7268);
#6186=AXIS2_PLACEMENT_3D('',#8922,#7272,#7273);
#6187=AXIS2_PLACEMENT_3D('',#8928,#7277,#7278);
#6188=AXIS2_PLACEMENT_3D('',#8934,#7282,#7283);
#6189=AXIS2_PLACEMENT_3D('',#8937,#7286,#7287);
#6190=AXIS2_PLACEMENT_3D('',#8946,#7292,#7293);
#6191=AXIS2_PLACEMENT_3D('',#8952,#7297,#7298);
#6192=AXIS2_PLACEMENT_3D('',#8958,#7302,#7303);
#6193=AXIS2_PLACEMENT_3D('',#8964,#7307,#7308);
#6194=AXIS2_PLACEMENT_3D('',#8970,#7312,#7313);
#6195=AXIS2_PLACEMENT_3D('',#8976,#7317,#7318);
#6196=AXIS2_PLACEMENT_3D('',#8982,#7322,#7323);
#6197=AXIS2_PLACEMENT_3D('',#8988,#7327,#7328);
#6198=AXIS2_PLACEMENT_3D('',#8994,#7332,#7333);
#6199=AXIS2_PLACEMENT_3D('',#9000,#7337,#7338);
#6200=AXIS2_PLACEMENT_3D('',#9006,#7342,#7343);
#6201=AXIS2_PLACEMENT_3D('',#9009,#7346,#7347);
#6202=AXIS2_PLACEMENT_3D('',#9018,#7352,#7353);
#6203=AXIS2_PLACEMENT_3D('',#9024,#7357,#7358);
#6204=AXIS2_PLACEMENT_3D('',#9030,#7362,#7363);
#6205=AXIS2_PLACEMENT_3D('',#9036,#7367,#7368);
#6206=AXIS2_PLACEMENT_3D('',#9042,#7372,#7373);
#6207=AXIS2_PLACEMENT_3D('',#9045,#7376,#7377);
#6208=AXIS2_PLACEMENT_3D('',#9054,#7382,#7383);
#6209=AXIS2_PLACEMENT_3D('',#9060,#7387,#7388);
#6210=AXIS2_PLACEMENT_3D('',#9066,#7392,#7393);
#6211=AXIS2_PLACEMENT_3D('',#9072,#7397,#7398);
#6212=AXIS2_PLACEMENT_3D('',#9078,#7402,#7403);
#6213=AXIS2_PLACEMENT_3D('',#9081,#7406,#7407);
#6214=AXIS2_PLACEMENT_3D('',#9090,#7412,#7413);
#6215=AXIS2_PLACEMENT_3D('',#9096,#7417,#7418);
#6216=AXIS2_PLACEMENT_3D('',#9102,#7422,#7423);
#6217=AXIS2_PLACEMENT_3D('',#9108,#7427,#7428);
#6218=AXIS2_PLACEMENT_3D('',#9114,#7432,#7433);
#6219=AXIS2_PLACEMENT_3D('',#9120,#7437,#7438);
#6220=AXIS2_PLACEMENT_3D('',#9126,#7442,#7443);
#6221=AXIS2_PLACEMENT_3D('',#9132,#7447,#7448);
#6222=AXIS2_PLACEMENT_3D('',#9138,#7452,#7453);
#6223=AXIS2_PLACEMENT_3D('',#9144,#7457,#7458);
#6224=AXIS2_PLACEMENT_3D('',#9147,#7461,#7462);
#6225=AXIS2_PLACEMENT_3D('',#9156,#7467,#7468);
#6226=AXIS2_PLACEMENT_3D('',#9162,#7472,#7473);
#6227=AXIS2_PLACEMENT_3D('',#9168,#7477,#7478);
#6228=AXIS2_PLACEMENT_3D('',#9174,#7482,#7483);
#6229=AXIS2_PLACEMENT_3D('',#9180,#7487,#7488);
#6230=AXIS2_PLACEMENT_3D('',#9186,#7492,#7493);
#6231=AXIS2_PLACEMENT_3D('',#9192,#7497,#7498);
#6232=AXIS2_PLACEMENT_3D('',#9198,#7502,#7503);
#6233=AXIS2_PLACEMENT_3D('',#9204,#7507,#7508);
#6234=AXIS2_PLACEMENT_3D('',#9210,#7512,#7513);
#6235=AXIS2_PLACEMENT_3D('',#9216,#7517,#7518);
#6236=AXIS2_PLACEMENT_3D('',#9222,#7522,#7523);
#6237=AXIS2_PLACEMENT_3D('',#9228,#7527,#7528);
#6238=AXIS2_PLACEMENT_3D('',#9234,#7532,#7533);
#6239=AXIS2_PLACEMENT_3D('',#9240,#7537,#7538);
#6240=AXIS2_PLACEMENT_3D('',#9246,#7542,#7543);
#6241=AXIS2_PLACEMENT_3D('',#9249,#7546,#7547);
#6242=AXIS2_PLACEMENT_3D('',#9255,#7551,#7552);
#6243=AXIS2_PLACEMENT_3D('',#9259,#7555,#7556);
#6244=AXIS2_PLACEMENT_3D('',#9263,#7559,#7560);
#6245=AXIS2_PLACEMENT_3D('',#9267,#7563,#7564);
#6246=AXIS2_PLACEMENT_3D('',#9271,#7567,#7568);
#6247=AXIS2_PLACEMENT_3D('',#9275,#7571,#7572);
#6248=AXIS2_PLACEMENT_3D('',#9279,#7575,#7576);
#6249=AXIS2_PLACEMENT_3D('',#9283,#7579,#7580);
#6250=AXIS2_PLACEMENT_3D('',#9287,#7583,#7584);
#6251=AXIS2_PLACEMENT_3D('',#9291,#7587,#7588);
#6252=AXIS2_PLACEMENT_3D('',#9295,#7591,#7592);
#6253=AXIS2_PLACEMENT_3D('',#9299,#7595,#7596);
#6254=AXIS2_PLACEMENT_3D('',#9303,#7599,#7600);
#6255=AXIS2_PLACEMENT_3D('',#9307,#7603,#7604);
#6256=AXIS2_PLACEMENT_3D('',#9311,#7607,#7608);
#6257=AXIS2_PLACEMENT_3D('',#9315,#7611,#7612);
#6258=AXIS2_PLACEMENT_3D('',#9319,#7615,#7616);
#6259=AXIS2_PLACEMENT_3D('',#9323,#7619,#7620);
#6260=AXIS2_PLACEMENT_3D('',#9327,#7623,#7624);
#6261=AXIS2_PLACEMENT_3D('',#9331,#7627,#7628);
#6262=AXIS2_PLACEMENT_3D('',#9335,#7631,#7632);
#6263=AXIS2_PLACEMENT_3D('',#9339,#7635,#7636);
#6264=AXIS2_PLACEMENT_3D('',#9343,#7639,#7640);
#6265=AXIS2_PLACEMENT_3D('',#9347,#7643,#7644);
#6266=AXIS2_PLACEMENT_3D('',#9351,#7647,#7648);
#6267=AXIS2_PLACEMENT_3D('',#9355,#7651,#7652);
#6268=AXIS2_PLACEMENT_3D('',#9359,#7655,#7656);
#6269=AXIS2_PLACEMENT_3D('',#9363,#7659,#7660);
#6270=AXIS2_PLACEMENT_3D('',#9367,#7663,#7664);
#6271=AXIS2_PLACEMENT_3D('',#9371,#7667,#7668);
#6272=AXIS2_PLACEMENT_3D('',#9375,#7671,#7672);
#6273=AXIS2_PLACEMENT_3D('',#9379,#7675,#7676);
#6274=AXIS2_PLACEMENT_3D('',#9383,#7679,#7680);
#6275=AXIS2_PLACEMENT_3D('',#9387,#7683,#7684);
#6276=AXIS2_PLACEMENT_3D('',#9391,#7687,#7688);
#6277=AXIS2_PLACEMENT_3D('',#9395,#7691,#7692);
#6278=AXIS2_PLACEMENT_3D('',#9399,#7695,#7696);
#6279=AXIS2_PLACEMENT_3D('',#9403,#7699,#7700);
#6280=AXIS2_PLACEMENT_3D('',#9407,#7703,#7704);
#6281=AXIS2_PLACEMENT_3D('',#9411,#7707,#7708);
#6282=AXIS2_PLACEMENT_3D('',#9415,#7711,#7712);
#6283=AXIS2_PLACEMENT_3D('',#9417,#7714,#7715);
#6284=AXIS2_PLACEMENT_3D('',#9418,#7716,#7717);
#6285=AXIS2_PLACEMENT_3D('',#9419,#7718,#7719);
#6286=AXIS2_PLACEMENT_3D('',#9420,#7720,#7721);
#6287=AXIS2_PLACEMENT_3D('',#9421,#7722,#7723);
#6288=AXIS2_PLACEMENT_3D('',#9422,#7724,#7725);
#6289=AXIS2_PLACEMENT_3D('',#9423,#7726,#7727);
#6290=AXIS2_PLACEMENT_3D('',#9424,#7728,#7729);
#6291=AXIS2_PLACEMENT_3D('',#9425,#7730,#7731);
#6292=AXIS2_PLACEMENT_3D('',#9426,#7732,#7733);
#6293=AXIS2_PLACEMENT_3D('',#9427,#7734,#7735);
#6294=AXIS2_PLACEMENT_3D('',#9430,#7738,#7739);
#6295=AXIS2_PLACEMENT_3D('',#9432,#7741,#7742);
#6296=AXIS2_PLACEMENT_3D('',#9433,#7743,#7744);
#6297=AXIS2_PLACEMENT_3D('',#9434,#7745,#7746);
#6298=AXIS2_PLACEMENT_3D('',#9435,#7747,#7748);
#6299=AXIS2_PLACEMENT_3D('',#9437,#7750,#7751);
#6300=AXIS2_PLACEMENT_3D('',#9439,#7753,#7754);
#6301=AXIS2_PLACEMENT_3D('',#9440,#7755,#7756);
#6302=AXIS2_PLACEMENT_3D('',#9441,#7757,#7758);
#6303=DIRECTION('axis',(0.,0.,1.));
#6304=DIRECTION('refdir',(1.,0.,0.));
#6305=DIRECTION('center_axis',(0.,0.,-1.));
#6306=DIRECTION('ref_axis',(-1.,0.,0.));
#6307=DIRECTION('',(1.,0.,0.));
#6308=DIRECTION('',(0.,-1.,0.));
#6309=DIRECTION('',(-1.,0.,0.));
#6310=DIRECTION('',(0.,-1.,0.));
#6311=DIRECTION('',(-1.,0.,0.));
#6312=DIRECTION('',(0.,1.,0.));
#6313=DIRECTION('center_axis',(0.,-1.,0.));
#6314=DIRECTION('ref_axis',(0.,0.,-1.));
#6315=DIRECTION('',(0.,0.,-1.));
#6316=DIRECTION('',(1.,0.,0.));
#6317=DIRECTION('',(0.,0.,-1.));
#6318=DIRECTION('center_axis',(1.,0.,0.));
#6319=DIRECTION('ref_axis',(0.,0.,-1.));
#6320=DIRECTION('',(0.,0.,-1.));
#6321=DIRECTION('',(0.,1.,0.));
#6322=DIRECTION('center_axis',(0.,1.,0.));
#6323=DIRECTION('ref_axis',(0.,0.,1.));
#6324=DIRECTION('',(0.,0.,-1.));
#6325=DIRECTION('',(-1.,0.,0.));
#6326=DIRECTION('center_axis',(0.,0.,-1.));
#6327=DIRECTION('ref_axis',(1.,0.,0.));
#6328=DIRECTION('center_axis',(0.,0.,-1.));
#6329=DIRECTION('ref_axis',(1.,0.,0.));
#6330=DIRECTION('',(0.,0.,-1.));
#6331=DIRECTION('',(0.,0.,1.));
#6332=DIRECTION('center_axis',(0.,0.,1.));
#6333=DIRECTION('ref_axis',(1.,0.,0.));
#6334=DIRECTION('',(0.,0.,-1.));
#6335=DIRECTION('center_axis',(0.,0.,1.));
#6336=DIRECTION('ref_axis',(1.,0.,0.));
#6337=DIRECTION('center_axis',(0.,0.,-1.));
#6338=DIRECTION('ref_axis',(-1.,0.,0.));
#6339=DIRECTION('',(0.707106781186573,-0.707106781186522,0.));
#6340=DIRECTION('',(0.,-1.,0.));
#6341=DIRECTION('',(-0.707106781186548,-0.707106781186548,0.));
#6342=DIRECTION('',(-1.,0.,0.));
#6343=DIRECTION('',(-0.707106781186533,0.707106781186562,0.));
#6344=DIRECTION('',(0.,1.,0.));
#6345=DIRECTION('',(-0.707106781186548,-0.707106781186547,0.));
#6346=DIRECTION('',(1.,0.,0.));
#6347=DIRECTION('',(0.707106781186562,-0.707106781186533,0.));
#6348=DIRECTION('',(0.,-1.,0.));
#6349=DIRECTION('',(-0.707106781186537,-0.707106781186559,0.));
#6350=DIRECTION('',(0.,-1.,0.));
#6351=DIRECTION('',(-1.,0.,0.));
#6352=DIRECTION('center_axis',(0.,0.,1.));
#6353=DIRECTION('ref_axis',(1.,0.,0.));
#6354=DIRECTION('center_axis',(0.,0.,1.));
#6355=DIRECTION('ref_axis',(1.,0.,0.));
#6356=DIRECTION('',(0.,-1.,0.));
#6357=DIRECTION('center_axis',(0.,0.,1.));
#6358=DIRECTION('ref_axis',(1.,0.,0.));
#6359=DIRECTION('center_axis',(0.,0.,1.));
#6360=DIRECTION('ref_axis',(1.,0.,0.));
#6361=DIRECTION('',(1.,0.,0.));
#6362=DIRECTION('center_axis',(0.,0.,1.));
#6363=DIRECTION('ref_axis',(1.,0.,0.));
#6364=DIRECTION('',(0.,1.,0.));
#6365=DIRECTION('center_axis',(0.,-1.,0.));
#6366=DIRECTION('ref_axis',(0.,0.,-1.));
#6367=DIRECTION('',(1.,0.,0.));
#6368=DIRECTION('',(0.,0.,-1.));
#6369=DIRECTION('center_axis',(0.,0.,-1.));
#6370=DIRECTION('ref_axis',(1.,0.,0.));
#6371=DIRECTION('center_axis',(0.,0.,-1.));
#6372=DIRECTION('ref_axis',(1.,0.,0.));
#6373=DIRECTION('',(0.,0.,-1.));
#6374=DIRECTION('center_axis',(0.,0.,1.));
#6375=DIRECTION('ref_axis',(1.,0.,0.));
#6376=DIRECTION('',(0.,0.,1.));
#6377=DIRECTION('',(0.,0.,-1.));
#6378=DIRECTION('center_axis',(0.,0.,-1.));
#6379=DIRECTION('ref_axis',(-1.,0.,0.));
#6380=DIRECTION('',(0.,-1.,0.));
#6381=DIRECTION('',(-1.,0.,0.));
#6382=DIRECTION('center_axis',(0.,0.,1.));
#6383=DIRECTION('ref_axis',(1.,0.,0.));
#6384=DIRECTION('',(0.,1.,0.));
#6385=DIRECTION('center_axis',(0.,0.,1.));
#6386=DIRECTION('ref_axis',(1.,0.,0.));
#6387=DIRECTION('',(0.,-1.,0.));
#6388=DIRECTION('',(1.,0.,0.));
#6389=DIRECTION('',(0.,1.,0.));
#6390=DIRECTION('center_axis',(0.,0.,1.));
#6391=DIRECTION('ref_axis',(1.,-1.25068999833817E-32,0.));
#6392=DIRECTION('center_axis',(0.,1.,0.));
#6393=DIRECTION('ref_axis',(0.,0.,1.));
#6394=DIRECTION('',(0.,0.,1.));
#6395=DIRECTION('center_axis',(0.,0.,-1.));
#6396=DIRECTION('ref_axis',(1.,0.,0.));
#6397=DIRECTION('center_axis',(0.,0.,-1.));
#6398=DIRECTION('ref_axis',(1.,0.,0.));
#6399=DIRECTION('',(0.,0.,-1.));
#6400=DIRECTION('',(0.,0.,-1.));
#6401=DIRECTION('center_axis',(1.,0.,0.));
#6402=DIRECTION('ref_axis',(0.,0.,-1.));
#6403=DIRECTION('',(0.,0.,1.));
#6404=DIRECTION('center_axis',(0.,0.,-1.));
#6405=DIRECTION('ref_axis',(1.,0.,0.));
#6406=DIRECTION('center_axis',(0.,0.,-1.));
#6407=DIRECTION('ref_axis',(1.,0.,0.));
#6408=DIRECTION('',(0.,0.,-1.));
#6409=DIRECTION('center_axis',(0.,0.,1.));
#6410=DIRECTION('ref_axis',(1.,-1.25068999833817E-32,0.));
#6411=DIRECTION('',(0.,0.,1.));
#6412=DIRECTION('center_axis',(-6.94105813500675E-17,3.4713949782537E-17,
1.));
#6413=DIRECTION('ref_axis',(1.,-1.25068999833817E-32,6.94105813500675E-17));
#6414=DIRECTION('center_axis',(6.94105813500675E-17,-3.4713949782537E-17,
-1.));
#6415=DIRECTION('ref_axis',(1.,-1.25068999833817E-32,6.94105813500675E-17));
#6416=DIRECTION('center_axis',(-0.707106781186548,0.,0.707106781186547));
#6417=DIRECTION('ref_axis',(0.707106781186547,0.,0.707106781186548));
#6418=DIRECTION('',(0.577350269189626,0.577350269189626,0.577350269189626));
#6419=DIRECTION('',(0.,-1.,0.));
#6420=DIRECTION('',(-0.678598344545847,-0.281084637714821,-0.678598344545847));
#6421=DIRECTION('',(0.,1.,0.));
#6422=DIRECTION('',(0.678598344545848,-0.281084637714814,0.678598344545848));
#6423=DIRECTION('center_axis',(-0.707106781186547,0.707106781186548,0.));
#6424=DIRECTION('ref_axis',(0.,0.,1.));
#6425=DIRECTION('',(-0.707106781186548,-0.707106781186547,-1.96261557335472E-15));
#6426=DIRECTION('',(-0.577350269189626,-0.577350269189626,0.577350269189626));
#6427=DIRECTION('',(0.,0.,-1.));
#6428=DIRECTION('',(0.,0.,1.));
#6429=DIRECTION('center_axis',(0.707106781186529,0.,0.707106781186566));
#6430=DIRECTION('ref_axis',(0.707106781186566,0.,-0.707106781186529));
#6431=DIRECTION('',(0.,-1.,0.));
#6432=DIRECTION('',(0.678598344545849,-0.28108463771482,-0.678598344545845));
#6433=DIRECTION('',(0.,1.,0.));
#6434=DIRECTION('',(0.678598344545848,0.281084637714823,-0.678598344545845));
#6435=DIRECTION('center_axis',(0.500000000000015,-0.500000000000017,0.707106781186526));
#6436=DIRECTION('ref_axis',(0.81649658092771,0.,-0.577350269189649));
#6437=DIRECTION('',(-0.707106781186546,-0.707106781186549,0.));
#6438=DIRECTION('',(0.281084637714821,-0.678598344545847,-0.678598344545847));
#6439=DIRECTION('',(0.707106781186548,0.707106781186548,0.));
#6440=DIRECTION('center_axis',(0.,-0.707106781186524,0.707106781186571));
#6441=DIRECTION('ref_axis',(1.,0.,0.));
#6442=DIRECTION('',(-1.,0.,0.));
#6443=DIRECTION('',(-0.281084637714822,-0.678598344545847,-0.678598344545846));
#6444=DIRECTION('',(1.,0.,0.));
#6445=DIRECTION('center_axis',(-0.499999999999994,-0.500000000000017,0.70710678118654));
#6446=DIRECTION('ref_axis',(0.816496580927726,0.,0.577350269189625));
#6447=DIRECTION('',(-0.707106781186547,0.707106781186548,0.));
#6448=DIRECTION('',(0.707106781186547,-0.707106781186548,0.));
#6449=DIRECTION('center_axis',(-0.500000000000002,0.500000000000001,0.707106781186545));
#6450=DIRECTION('ref_axis',(0.816496580927724,0.,0.577350269189629));
#6451=DIRECTION('',(0.707106781186546,0.707106781186549,0.));
#6452=DIRECTION('',(-0.281084637714816,0.678598344545848,-0.678598344545848));
#6453=DIRECTION('center_axis',(0.,0.707106781186548,0.707106781186547));
#6454=DIRECTION('ref_axis',(1.,0.,0.));
#6455=DIRECTION('',(1.,0.,0.));
#6456=DIRECTION('',(0.281084637714821,0.678598344545847,-0.678598344545847));
#6457=DIRECTION('',(-1.,0.,0.));
#6458=DIRECTION('center_axis',(0.499999999999997,0.500000000000001,0.707106781186549));
#6459=DIRECTION('ref_axis',(0.816496580927728,0.,-0.577350269189623));
#6460=DIRECTION('',(-0.707106781186548,0.707106781186547,0.));
#6461=DIRECTION('',(0.707106781186543,-0.707106781186552,0.));
#6462=DIRECTION('',(0.678598344545848,0.281084637714825,-0.678598344545844));
#6463=DIRECTION('center_axis',(0.707106781186529,0.,0.707106781186566));
#6464=DIRECTION('ref_axis',(0.707106781186566,0.,-0.707106781186529));
#6465=DIRECTION('',(0.,1.,0.));
#6466=DIRECTION('',(0.,-1.,0.));
#6467=DIRECTION('',(0.678598344545851,-0.28108463771481,-0.678598344545847));
#6468=DIRECTION('center_axis',(0.500000000000016,-0.499999999999998,0.707106781186538));
#6469=DIRECTION('ref_axis',(0.816496580927714,0.,-0.577350269189643));
#6470=DIRECTION('',(0.70710678118654,0.707106781186556,0.));
#6471=DIRECTION('',(-0.707106781186537,-0.707106781186558,0.));
#6472=DIRECTION('',(0.678598344545848,-0.281084637714811,-0.67859834454585));
#6473=DIRECTION('center_axis',(0.70710678118656,2.51135662925485E-16,0.707106781186535));
#6474=DIRECTION('ref_axis',(0.707106781186535,0.,-0.70710678118656));
#6475=DIRECTION('',(0.,1.,0.));
#6476=DIRECTION('',(0.,-1.,0.));
#6477=DIRECTION('',(0.678598344545845,0.281084637714824,-0.678598344545848));
#6478=DIRECTION('center_axis',(0.500000000000018,0.49999999999998,0.707106781186549));
#6479=DIRECTION('ref_axis',(0.816496580927716,0.,-0.577350269189639));
#6480=DIRECTION('',(-0.70710678118655,0.707106781186545,0.));
#6481=DIRECTION('',(0.707106781186548,-0.707106781186548,0.));
#6482=DIRECTION('center_axis',(0.707106781186533,0.707106781186562,0.));
#6483=DIRECTION('ref_axis',(0.,0.,-1.));
#6484=DIRECTION('',(0.,0.,-1.));
#6485=DIRECTION('',(0.,0.,1.));
#6486=DIRECTION('center_axis',(1.,0.,0.));
#6487=DIRECTION('ref_axis',(0.,0.,-1.));
#6488=DIRECTION('',(0.,0.,-1.));
#6489=DIRECTION('center_axis',(0.707106781186559,-0.707106781186537,0.));
#6490=DIRECTION('ref_axis',(0.,0.,-1.));
#6491=DIRECTION('',(0.,0.,-1.));
#6492=DIRECTION('center_axis',(1.,0.,0.));
#6493=DIRECTION('ref_axis',(0.,0.,-1.));
#6494=DIRECTION('',(0.,0.,-1.));
#6495=DIRECTION('center_axis',(0.707106781186522,0.707106781186573,0.));
#6496=DIRECTION('ref_axis',(0.,0.,-1.));
#6497=DIRECTION('',(0.,0.,1.));
#6498=DIRECTION('center_axis',(1.,0.,0.));
#6499=DIRECTION('ref_axis',(0.,0.,-1.));
#6500=DIRECTION('',(0.,0.,1.));
#6501=DIRECTION('center_axis',(0.,0.,1.));
#6502=DIRECTION('ref_axis',(1.,0.,0.));
#6503=DIRECTION('',(0.,-1.,0.));
#6504=DIRECTION('',(-0.682993922580066,-0.730424056092552,0.));
#6505=DIRECTION('',(-1.,0.,0.));
#6506=DIRECTION('',(0.,1.,0.));
#6507=DIRECTION('',(-0.730424056092553,0.682993922580065,0.));
#6508=DIRECTION('',(-1.,2.25933850496173E-15,0.));
#6509=DIRECTION('',(-0.747134985340699,-0.664672335575924,0.));
#6510=DIRECTION('',(0.,-1.,0.));
#6511=DIRECTION('',(-1.,0.,0.));
#6512=DIRECTION('',(-0.719189923256865,0.6948135392217,0.));
#6513=DIRECTION('',(0.,1.,0.));
#6514=DIRECTION('',(-1.,1.60733152973527E-15,0.));
#6515=DIRECTION('',(0.,-1.,0.));
#6516=DIRECTION('',(-1.,4.7327757121983E-15,0.));
#6517=DIRECTION('',(-0.694813539221696,-0.719189923256868,0.));
#6518=DIRECTION('',(-0.999926168784856,0.0121514188159401,0.));
#6519=DIRECTION('',(-0.709222727579547,-0.704984484002753,0.));
#6520=DIRECTION('',(-3.61204797980917E-15,-1.,0.));
#6521=DIRECTION('',(-1.,0.,0.));
#6522=DIRECTION('',(-0.709222727579538,-0.704984484002762,0.));
#6523=DIRECTION('',(-3.50226090577286E-15,-1.,0.));
#6524=DIRECTION('',(0.704984484002758,-0.709222727579542,0.));
#6525=DIRECTION('',(1.,0.,0.));
#6526=DIRECTION('',(0.,-1.,0.));
#6527=DIRECTION('',(0.699767468876092,-0.714370694739606,0.));
#6528=DIRECTION('',(1.,0.,0.));
#6529=DIRECTION('',(0.714370694739646,0.699767468876051,0.));
#6530=DIRECTION('',(1.,0.,0.));
#6531=DIRECTION('',(0.,-1.,0.));
#6532=DIRECTION('',(0.578345533218023,-0.815791912320023,0.));
#6533=DIRECTION('',(1.,0.,0.));
#6534=DIRECTION('',(0.539666114720429,0.841879138963876,0.));
#6535=DIRECTION('',(0.,1.,0.));
#6536=DIRECTION('',(1.,0.,0.));
#6537=DIRECTION('',(0.699767468876091,-0.714370694739607,0.));
#6538=DIRECTION('',(1.,0.,0.));
#6539=DIRECTION('',(0.714370694739628,0.69976746887607,0.));
#6540=DIRECTION('',(0.,1.,0.));
#6541=DIRECTION('',(1.,0.,0.));
#6542=DIRECTION('',(0.714370694739672,0.699767468876025,0.));
#6543=DIRECTION('',(0.,1.,0.));
#6544=DIRECTION('',(-0.699767468876081,0.714370694739617,0.));
#6545=DIRECTION('',(-1.,0.,0.));
#6546=DIRECTION('',(0.0339635716393193,0.99942307147749,0.));
#6547=DIRECTION('',(-0.69976746887606,0.714370694739638,0.));
#6548=DIRECTION('',(-1.,0.,0.));
#6549=DIRECTION('',(-0.718596172851976,0.695427595341523,0.));
#6550=DIRECTION('',(-1.,0.,0.));
#6551=DIRECTION('',(0.,1.,0.));
#6552=DIRECTION('',(-1.,6.11005684308619E-16,0.));
#6553=DIRECTION('',(0.,1.,0.));
#6554=DIRECTION('',(1.,-2.25825226587467E-15,0.));
#6555=DIRECTION('',(-1.00409876491834E-15,-1.,0.));
#6556=DIRECTION('',(-1.,6.86059587548994E-16,0.));
#6557=DIRECTION('',(0.,-1.,0.));
#6558=DIRECTION('',(-0.700749049975961,-0.713407855968652,0.));
#6559=DIRECTION('',(-1.,0.,0.));
#6560=DIRECTION('',(-0.713407855968759,0.700749049975851,0.));
#6561=DIRECTION('',(0.,1.,0.));
#6562=DIRECTION('',(0.717726759089917,0.696324851837333,0.));
#6563=DIRECTION('',(1.,0.,0.));
#6564=DIRECTION('',(0.713407855968751,-0.70074904997586,0.));
#6565=DIRECTION('',(0.,1.,0.));
#6566=DIRECTION('',(0.535052081184491,0.844819075554136,0.));
#6567=DIRECTION('',(1.,0.,0.));
#6568=DIRECTION('',(0.600000000000004,-0.799999999999997,0.));
#6569=DIRECTION('',(0.,-1.,0.));
#6570=DIRECTION('',(-0.543228849234632,-0.83958466955943,0.));
#6571=DIRECTION('',(-1.,0.,0.));
#6572=DIRECTION('',(-0.510126950102245,0.860099119159752,0.));
#6573=DIRECTION('',(-0.714370694739617,-0.699767468876081,0.));
#6574=DIRECTION('',(-1.,0.,0.));
#6575=DIRECTION('',(-0.699767468876134,0.714370694739565,0.));
#6576=DIRECTION('',(0.,1.,0.));
#6577=DIRECTION('',(0.710516640921007,0.703680398316116,0.));
#6578=DIRECTION('',(1.,0.,0.));
#6579=DIRECTION('',(0.699767468876009,-0.714370694739688,0.));
#6580=DIRECTION('',(0.,-1.,0.));
#6581=DIRECTION('',(1.,0.,0.));
#6582=DIRECTION('',(0.704984484002771,-0.709222727579529,0.));
#6583=DIRECTION('',(0.,-1.,0.));
#6584=DIRECTION('',(-0.7092227275795,-0.7049844840028,0.));
#6585=DIRECTION('',(-1.,0.,0.));
#6586=DIRECTION('',(-0.704984484002696,0.709222727579603,0.));
#6587=DIRECTION('',(3.99868042927577E-15,1.,0.));
#6588=DIRECTION('',(0.628807591935049,0.777560938013765,0.));
#6589=DIRECTION('',(1.,0.,0.));
#6590=DIRECTION('',(0.700749049975869,0.713407855968742,0.));
#6591=DIRECTION('',(0.,1.,0.));
#6592=DIRECTION('',(1.,0.,0.));
#6593=DIRECTION('',(0.700749049975881,0.71340785596873,0.));
#6594=DIRECTION('',(1.,0.,0.));
#6595=DIRECTION('',(0.713407855968704,-0.700749049975907,0.));
#6596=DIRECTION('',(1.,0.,0.));
#6597=DIRECTION('',(0.713407855968726,-0.700749049975885,0.));
#6598=DIRECTION('',(0.,-1.,0.));
#6599=DIRECTION('',(-1.,0.,0.));
#6600=DIRECTION('',(-0.700749049975899,-0.713407855968712,0.));
#6601=DIRECTION('',(0.,-1.,0.));
#6602=DIRECTION('',(0.713407855968724,-0.700749049975887,0.));
#6603=DIRECTION('',(1.,0.,0.));
#6604=DIRECTION('',(0.,-1.,0.));
#6605=DIRECTION('',(-0.711120534898173,-0.703070113748363,0.));
#6606=DIRECTION('',(-1.,0.,0.));
#6607=DIRECTION('',(-0.703070113748354,0.711120534898182,0.));
#6608=DIRECTION('',(-1.,0.,0.));
#6609=DIRECTION('',(-0.537082888144437,0.843529472669704,0.));
#6610=DIRECTION('',(-1.,0.,0.));
#6611=DIRECTION('',(-0.536304480879227,-0.84402458719451,0.));
#6612=DIRECTION('',(-1.,0.,0.));
#6613=DIRECTION('',(-0.714370694739628,-0.69976746887607,0.));
#6614=DIRECTION('',(-1.,0.,0.));
#6615=DIRECTION('',(-0.699767468876097,0.714370694739601,0.));
#6616=DIRECTION('',(0.,1.,0.));
#6617=DIRECTION('',(1.,0.,0.));
#6618=DIRECTION('',(0.714370694739612,0.699767468876086,0.));
#6619=DIRECTION('',(3.77344669678761E-15,1.,0.));
#6620=DIRECTION('',(-0.699767468876095,0.714370694739603,0.));
#6621=DIRECTION('',(-1.,0.,0.));
#6622=DIRECTION('',(0.,1.,0.));
#6623=DIRECTION('',(0.709222727579529,0.704984484002771,0.));
#6624=DIRECTION('',(1.,0.,0.));
#6625=DIRECTION('',(0.717701425434052,0.6963509631859,0.));
#6626=DIRECTION('',(1.,0.,0.));
#6627=DIRECTION('',(0.713407855968716,-0.700749049975895,0.));
#6628=DIRECTION('',(0.999904323412308,-0.0138327156182553,0.));
#6629=DIRECTION('',(0.,-1.,0.));
#6630=DIRECTION('',(0.713407855968752,-0.700749049975858,0.));
#6631=DIRECTION('center_axis',(-5.22617054099047E-16,-0.707106781186547,
0.707106781186548));
#6632=DIRECTION('ref_axis',(1.,0.,7.39092125834345E-16));
#6633=DIRECTION('',(0.,-0.707106781186555,-0.70710678118654));
#6634=DIRECTION('',(1.,-1.52273513343341E-15,0.));
#6635=DIRECTION('',(0.,0.707106781186547,0.707106781186548));
#6636=DIRECTION('center_axis',(-1.52041808743065E-15,-1.,0.));
#6637=DIRECTION('ref_axis',(0.,0.,-1.));
#6638=DIRECTION('',(0.,0.,-1.));
#6639=DIRECTION('',(1.,-1.52273513343341E-15,0.));
#6640=DIRECTION('',(0.,0.,-1.));
#6641=DIRECTION('center_axis',(-4.70995125292899E-16,-0.707106781186548,
0.707106781186547));
#6642=DIRECTION('ref_axis',(1.,0.,6.66087694000833E-16));
#6643=DIRECTION('',(1.,-7.10449620647697E-16,0.));
#6644=DIRECTION('',(0.,0.707106781186555,0.70710678118654));
#6645=DIRECTION('',(0.577350269189617,-0.57735026918963,-0.57735026918963));
#6646=DIRECTION('center_axis',(0.707106781186554,-5.93858413794175E-16,
0.707106781186541));
#6647=DIRECTION('ref_axis',(0.707106781186541,0.,-0.707106781186554));
#6648=DIRECTION('',(0.577350269189622,0.577350269189629,-0.577350269189626));
#6649=DIRECTION('',(1.2490009027033E-15,1.,0.));
#6650=DIRECTION('center_axis',(6.52944945225274E-16,0.707106781186604,0.707106781186491));
#6651=DIRECTION('ref_axis',(1.,0.,-9.23403597020614E-16));
#6652=DIRECTION('',(-1.,2.41676169760124E-15,0.));
#6653=DIRECTION('',(-0.577350269189707,0.577350269189584,-0.577350269189586));
#6654=DIRECTION('center_axis',(-0.707106781186577,2.01796548376652E-16,
0.707106781186519));
#6655=DIRECTION('ref_axis',(0.707106781186519,0.,0.707106781186577));
#6656=DIRECTION('',(-6.10622663543835E-15,-1.,0.));
#6657=DIRECTION('',(-0.577350269189631,-0.577350269189623,-0.577350269189623));
#6658=DIRECTION('center_axis',(-4.71901328512943E-16,-0.707106781186547,
0.707106781186548));
#6659=DIRECTION('ref_axis',(1.,0.,6.67369258884885E-16));
#6660=DIRECTION('',(0.,-0.707106781186547,-0.707106781186548));
#6661=DIRECTION('',(1.,-7.11867178496439E-16,0.));
#6662=DIRECTION('center_axis',(-7.0944077044362E-16,-1.,0.));
#6663=DIRECTION('ref_axis',(0.,0.,-1.));
#6664=DIRECTION('',(0.,0.,-1.));
#6665=DIRECTION('',(1.,-7.10449620647697E-16,0.));
#6666=DIRECTION('',(0.,0.,-1.));
#6667=DIRECTION('center_axis',(1.,-1.24744160070243E-15,0.));
#6668=DIRECTION('ref_axis',(0.,0.,-1.));
#6669=DIRECTION('',(0.,0.,-1.));
#6670=DIRECTION('',(1.2490009027033E-15,1.,0.));
#6671=DIRECTION('center_axis',(2.41561857153553E-15,1.,0.));
#6672=DIRECTION('ref_axis',(0.,0.,1.));
#6673=DIRECTION('',(0.,0.,-1.));
#6674=DIRECTION('',(-1.,2.41676169760124E-15,0.));
#6675=DIRECTION('center_axis',(-1.,6.09860338121184E-15,0.));
#6676=DIRECTION('ref_axis',(0.,0.,1.));
#6677=DIRECTION('',(0.,0.,-1.));
#6678=DIRECTION('',(-6.10622663543835E-15,-1.,0.));
#6679=DIRECTION('center_axis',(-7.10854301234607E-16,-1.,0.));
#6680=DIRECTION('ref_axis',(0.,0.,-1.));
#6681=DIRECTION('',(0.,0.,-1.));
#6682=DIRECTION('',(1.,-7.11867178496439E-16,0.));
#6683=DIRECTION('center_axis',(0.,-1.,0.));
#6684=DIRECTION('ref_axis',(0.,0.,-1.));
#6685=DIRECTION('',(1.,0.,0.));
#6686=DIRECTION('',(0.,0.,-1.));
#6687=DIRECTION('',(1.,0.,0.));
#6688=DIRECTION('',(0.,0.,-1.));
#6689=DIRECTION('center_axis',(1.,0.,0.));
#6690=DIRECTION('ref_axis',(0.,0.,-1.));
#6691=DIRECTION('',(0.,1.,0.));
#6692=DIRECTION('',(0.,0.,-1.));
#6693=DIRECTION('',(0.,1.,0.));
#6694=DIRECTION('center_axis',(0.,1.,0.));
#6695=DIRECTION('ref_axis',(0.,0.,1.));
#6696=DIRECTION('',(-1.,0.,0.));
#6697=DIRECTION('',(0.,0.,-1.));
#6698=DIRECTION('',(-1.,0.,0.));
#6699=DIRECTION('center_axis',(-1.,0.,0.));
#6700=DIRECTION('ref_axis',(0.,0.,1.));
#6701=DIRECTION('',(0.,-1.,0.));
#6702=DIRECTION('',(0.,-1.,0.));
#6703=DIRECTION('center_axis',(0.,0.,1.));
#6704=DIRECTION('ref_axis',(1.,0.,0.));
#6705=DIRECTION('center_axis',(-1.,0.,0.));
#6706=DIRECTION('ref_axis',(0.,0.,1.));
#6707=DIRECTION('',(0.,0.,-1.));
#6708=DIRECTION('',(0.,-1.,0.));
#6709=DIRECTION('',(0.,0.,-1.));
#6710=DIRECTION('center_axis',(-0.700749049975812,-0.713407855968798,0.));
#6711=DIRECTION('ref_axis',(0.,0.,1.));
#6712=DIRECTION('',(0.,0.,-1.));
#6713=DIRECTION('',(0.713407855968751,-0.70074904997586,0.));
#6714=DIRECTION('center_axis',(0.,-1.,0.));
#6715=DIRECTION('ref_axis',(0.,0.,-1.));
#6716=DIRECTION('',(0.,0.,-1.));
#6717=DIRECTION('',(1.,0.,0.));
#6718=DIRECTION('center_axis',(0.696324851837385,-0.717726759089867,0.));
#6719=DIRECTION('ref_axis',(0.,0.,-1.));
#6720=DIRECTION('',(0.,0.,-1.));
#6721=DIRECTION('',(0.717726759089917,0.696324851837333,0.));
#6722=DIRECTION('center_axis',(1.,0.,0.));
#6723=DIRECTION('ref_axis',(0.,0.,-1.));
#6724=DIRECTION('',(0.,0.,-1.));
#6725=DIRECTION('',(0.,1.,0.));
#6726=DIRECTION('center_axis',(0.700749049975807,0.713407855968803,0.));
#6727=DIRECTION('ref_axis',(0.,0.,-1.));
#6728=DIRECTION('',(0.,0.,-1.));
#6729=DIRECTION('',(-0.713407855968759,0.700749049975851,0.));
#6730=DIRECTION('center_axis',(0.,1.,0.));
#6731=DIRECTION('ref_axis',(0.,0.,1.));
#6732=DIRECTION('',(0.,0.,-1.));
#6733=DIRECTION('',(-1.,0.,0.));
#6734=DIRECTION('center_axis',(-0.71340785596882,0.70074904997579,0.));
#6735=DIRECTION('ref_axis',(0.,0.,1.));
#6736=DIRECTION('',(-0.700749049975961,-0.713407855968652,0.));
#6737=DIRECTION('center_axis',(0.,0.,1.));
#6738=DIRECTION('ref_axis',(1.,0.,0.));
#6739=DIRECTION('center_axis',(1.,0.,0.));
#6740=DIRECTION('ref_axis',(0.,0.,-1.));
#6741=DIRECTION('',(0.,0.,-1.));
#6742=DIRECTION('',(0.,1.,0.));
#6743=DIRECTION('center_axis',(0.69481353922168,0.719189923256884,0.));
#6744=DIRECTION('ref_axis',(0.,0.,-1.));
#6745=DIRECTION('',(0.,0.,-1.));
#6746=DIRECTION('',(-0.719189923256865,0.6948135392217,0.));
#6747=DIRECTION('center_axis',(0.,1.,0.));
#6748=DIRECTION('ref_axis',(0.,0.,1.));
#6749=DIRECTION('',(0.,0.,-1.));
#6750=DIRECTION('',(-1.,0.,0.));
#6751=DIRECTION('center_axis',(-1.,0.,0.));
#6752=DIRECTION('ref_axis',(0.,0.,1.));
#6753=DIRECTION('',(0.,0.,-1.));
#6754=DIRECTION('',(0.,-1.,0.));
#6755=DIRECTION('center_axis',(-0.664672335575959,0.747134985340668,0.));
#6756=DIRECTION('ref_axis',(0.,0.,1.));
#6757=DIRECTION('',(0.,0.,-1.));
#6758=DIRECTION('',(-0.747134985340699,-0.664672335575924,0.));
#6759=DIRECTION('center_axis',(2.2479021274966E-15,1.,0.));
#6760=DIRECTION('ref_axis',(0.,0.,1.));
#6761=DIRECTION('',(0.,0.,-1.));
#6762=DIRECTION('',(-1.,2.25933850496173E-15,0.));
#6763=DIRECTION('center_axis',(0.682993922580042,0.730424056092574,0.));
#6764=DIRECTION('ref_axis',(0.,0.,-1.));
#6765=DIRECTION('',(0.,0.,-1.));
#6766=DIRECTION('',(-0.730424056092548,0.68299392258007,0.));
#6767=DIRECTION('center_axis',(1.,0.,0.));
#6768=DIRECTION('ref_axis',(0.,0.,-1.));
#6769=DIRECTION('',(0.,0.,-1.));
#6770=DIRECTION('',(0.,1.,0.));
#6771=DIRECTION('center_axis',(0.,1.,0.));
#6772=DIRECTION('ref_axis',(0.,0.,1.));
#6773=DIRECTION('',(0.,0.,-1.));
#6774=DIRECTION('',(-1.,0.,0.));
#6775=DIRECTION('center_axis',(-0.730424056092567,0.682993922580049,0.));
#6776=DIRECTION('ref_axis',(0.,0.,1.));
#6777=DIRECTION('',(0.,0.,-1.));
#6778=DIRECTION('',(-0.682993922580066,-0.730424056092552,0.));
#6779=DIRECTION('center_axis',(-1.,0.,0.));
#6780=DIRECTION('ref_axis',(0.,0.,1.));
#6781=DIRECTION('',(0.,-1.,0.));
#6782=DIRECTION('center_axis',(0.,0.,1.));
#6783=DIRECTION('ref_axis',(1.,0.,0.));
#6784=DIRECTION('center_axis',(1.,0.,0.));
#6785=DIRECTION('ref_axis',(0.,0.,-1.));
#6786=DIRECTION('',(0.,0.,-1.));
#6787=DIRECTION('',(0.,1.,0.));
#6788=DIRECTION('',(0.,0.,-1.));
#6789=DIRECTION('center_axis',(0.860099119159817,0.510126950102135,0.));
#6790=DIRECTION('ref_axis',(0.,0.,-1.));
#6791=DIRECTION('',(0.,0.,-1.));
#6792=DIRECTION('',(-0.510126950102245,0.860099119159752,0.));
#6793=DIRECTION('center_axis',(0.,1.,0.));
#6794=DIRECTION('ref_axis',(0.,0.,1.));
#6795=DIRECTION('',(0.,0.,-1.));
#6796=DIRECTION('',(-1.,0.,0.));
#6797=DIRECTION('center_axis',(-0.839584669559348,0.543228849234759,0.));
#6798=DIRECTION('ref_axis',(0.,0.,1.));
#6799=DIRECTION('',(0.,0.,-1.));
#6800=DIRECTION('',(-0.543228849234632,-0.83958466955943,0.));
#6801=DIRECTION('center_axis',(-1.,0.,0.));
#6802=DIRECTION('ref_axis',(0.,0.,1.));
#6803=DIRECTION('',(0.,0.,-1.));
#6804=DIRECTION('',(0.,-1.,0.));
#6805=DIRECTION('center_axis',(-0.8,-0.6,0.));
#6806=DIRECTION('ref_axis',(0.,0.,1.));
#6807=DIRECTION('',(0.,0.,-1.));
#6808=DIRECTION('',(0.600000000000004,-0.799999999999997,0.));
#6809=DIRECTION('center_axis',(0.,-1.,0.));
#6810=DIRECTION('ref_axis',(0.,0.,-1.));
#6811=DIRECTION('',(0.,0.,-1.));
#6812=DIRECTION('',(1.,0.,0.));
#6813=DIRECTION('center_axis',(0.844819075554257,-0.535052081184299,0.));
#6814=DIRECTION('ref_axis',(0.,0.,-1.));
#6815=DIRECTION('',(0.535052081184491,0.844819075554136,0.));
#6816=DIRECTION('center_axis',(0.,0.,1.));
#6817=DIRECTION('ref_axis',(1.,0.,0.));
#6818=DIRECTION('center_axis',(0.,1.,0.));
#6819=DIRECTION('ref_axis',(0.,0.,1.));
#6820=DIRECTION('',(-1.,0.,0.));
#6821=DIRECTION('',(0.,0.,-1.));
#6822=DIRECTION('',(-1.,0.,0.));
#6823=DIRECTION('',(0.,0.,-1.));
#6824=DIRECTION('center_axis',(-1.,0.,0.));
#6825=DIRECTION('ref_axis',(0.,0.,1.));
#6826=DIRECTION('',(0.,-1.,0.));
#6827=DIRECTION('',(0.,0.,-1.));
#6828=DIRECTION('',(0.,-1.,0.));
#6829=DIRECTION('center_axis',(0.,-1.,0.));
#6830=DIRECTION('ref_axis',(0.,0.,-1.));
#6831=DIRECTION('',(1.,0.,0.));
#6832=DIRECTION('',(0.,0.,-1.));
#6833=DIRECTION('',(1.,0.,0.));
#6834=DIRECTION('center_axis',(1.,0.,0.));
#6835=DIRECTION('ref_axis',(0.,0.,-1.));
#6836=DIRECTION('',(0.,1.,0.));
#6837=DIRECTION('',(0.,1.,0.));
#6838=DIRECTION('center_axis',(0.,0.,1.));
#6839=DIRECTION('ref_axis',(1.,0.,0.));
#6840=DIRECTION('center_axis',(-1.,0.,0.));
#6841=DIRECTION('ref_axis',(0.,0.,1.));
#6842=DIRECTION('',(0.,-1.,0.));
#6843=DIRECTION('',(0.,0.,-1.));
#6844=DIRECTION('',(0.,-1.,0.));
#6845=DIRECTION('',(0.,0.,-1.));
#6846=DIRECTION('center_axis',(0.,-1.,0.));
#6847=DIRECTION('ref_axis',(0.,0.,-1.));
#6848=DIRECTION('',(1.,0.,0.));
#6849=DIRECTION('',(0.,0.,-1.));
#6850=DIRECTION('',(1.,0.,0.));
#6851=DIRECTION('center_axis',(1.,0.,0.));
#6852=DIRECTION('ref_axis',(0.,0.,-1.));
#6853=DIRECTION('',(0.,1.,0.));
#6854=DIRECTION('',(0.,0.,-1.));
#6855=DIRECTION('',(0.,1.,0.));
#6856=DIRECTION('center_axis',(0.,1.,0.));
#6857=DIRECTION('ref_axis',(0.,0.,1.));
#6858=DIRECTION('',(-1.,0.,0.));
#6859=DIRECTION('',(-1.,0.,0.));
#6860=DIRECTION('center_axis',(0.,0.,1.));
#6861=DIRECTION('ref_axis',(1.,0.,0.));
#6862=DIRECTION('center_axis',(-0.699767468876056,0.714370694739641,0.));
#6863=DIRECTION('ref_axis',(0.,0.,1.));
#6864=DIRECTION('',(0.,0.,-1.));
#6865=DIRECTION('',(-0.714370694739617,-0.699767468876081,0.));
#6866=DIRECTION('',(0.,0.,-1.));
#6867=DIRECTION('center_axis',(-1.,0.,0.));
#6868=DIRECTION('ref_axis',(0.,0.,1.));
#6869=DIRECTION('',(0.,0.,-1.));
#6870=DIRECTION('',(0.,-1.,0.));
#6871=DIRECTION('center_axis',(-0.714370694739608,-0.69976746887609,0.));
#6872=DIRECTION('ref_axis',(0.,0.,1.));
#6873=DIRECTION('',(0.,0.,-1.));
#6874=DIRECTION('',(0.699767468876009,-0.714370694739688,0.));
#6875=DIRECTION('center_axis',(0.,-1.,0.));
#6876=DIRECTION('ref_axis',(0.,0.,-1.));
#6877=DIRECTION('',(0.,0.,-1.));
#6878=DIRECTION('',(1.,0.,0.));
#6879=DIRECTION('center_axis',(0.703680398316236,-0.710516640920889,0.));
#6880=DIRECTION('ref_axis',(0.,0.,-1.));
#6881=DIRECTION('',(0.,0.,-1.));
#6882=DIRECTION('',(0.710516640920891,0.703680398316234,0.));
#6883=DIRECTION('center_axis',(1.,0.,0.));
#6884=DIRECTION('ref_axis',(0.,0.,-1.));
#6885=DIRECTION('',(0.,0.,-1.));
#6886=DIRECTION('',(0.,1.,0.));
#6887=DIRECTION('center_axis',(0.714370694739605,0.699767468876093,0.));
#6888=DIRECTION('ref_axis',(0.,0.,-1.));
#6889=DIRECTION('',(0.,0.,-1.));
#6890=DIRECTION('',(-0.699767468876134,0.714370694739565,0.));
#6891=DIRECTION('center_axis',(0.,1.,0.));
#6892=DIRECTION('ref_axis',(0.,0.,1.));
#6893=DIRECTION('',(-1.,0.,0.));
#6894=DIRECTION('center_axis',(0.,0.,1.));
#6895=DIRECTION('ref_axis',(1.,0.,0.));
#6896=DIRECTION('center_axis',(0.695427595341532,0.718596172851968,0.));
#6897=DIRECTION('ref_axis',(0.,0.,-1.));
#6898=DIRECTION('',(0.,0.,-1.));
#6899=DIRECTION('',(-0.718596172851976,0.695427595341523,0.));
#6900=DIRECTION('',(0.,0.,-1.));
#6901=DIRECTION('center_axis',(0.,1.,0.));
#6902=DIRECTION('ref_axis',(0.,0.,1.));
#6903=DIRECTION('',(0.,0.,-1.));
#6904=DIRECTION('',(-1.,0.,0.));
#6905=DIRECTION('center_axis',(0.714370694739624,0.699767468876074,0.));
#6906=DIRECTION('ref_axis',(0.,0.,-1.));
#6907=DIRECTION('',(0.,0.,-1.));
#6908=DIRECTION('',(-0.69976746887606,0.714370694739638,0.));
#6909=DIRECTION('center_axis',(0.99942307147749,-0.0339635716393235,0.));
#6910=DIRECTION('ref_axis',(0.,0.,-1.));
#6911=DIRECTION('',(0.,0.,-1.));
#6912=DIRECTION('',(0.0339635716393193,0.99942307147749,0.));
#6913=DIRECTION('center_axis',(0.,1.,0.));
#6914=DIRECTION('ref_axis',(0.,0.,1.));
#6915=DIRECTION('',(0.,0.,-1.));
#6916=DIRECTION('',(-1.,0.,0.));
#6917=DIRECTION('center_axis',(0.714370694739626,0.699767468876072,0.));
#6918=DIRECTION('ref_axis',(0.,0.,-1.));
#6919=DIRECTION('',(0.,0.,-1.));
#6920=DIRECTION('',(-0.699767468876081,0.714370694739617,0.));
#6921=DIRECTION('center_axis',(1.,0.,0.));
#6922=DIRECTION('ref_axis',(0.,0.,-1.));
#6923=DIRECTION('',(0.,0.,-1.));
#6924=DIRECTION('',(0.,1.,0.));
#6925=DIRECTION('center_axis',(0.699767468876069,-0.714370694739628,0.));
#6926=DIRECTION('ref_axis',(0.,0.,-1.));
#6927=DIRECTION('',(0.,0.,-1.));
#6928=DIRECTION('',(0.714370694739672,0.699767468876025,0.));
#6929=DIRECTION('center_axis',(0.,-1.,0.));
#6930=DIRECTION('ref_axis',(0.,0.,-1.));
#6931=DIRECTION('',(0.,0.,-1.));
#6932=DIRECTION('',(1.,0.,0.));
#6933=DIRECTION('center_axis',(1.,0.,0.));
#6934=DIRECTION('ref_axis',(0.,0.,-1.));
#6935=DIRECTION('',(0.,0.,-1.));
#6936=DIRECTION('',(0.,1.,0.));
#6937=DIRECTION('center_axis',(0.699767468876061,-0.714370694739636,0.));
#6938=DIRECTION('ref_axis',(0.,0.,-1.));
#6939=DIRECTION('',(0.,0.,-1.));
#6940=DIRECTION('',(0.714370694739628,0.69976746887607,0.));
#6941=DIRECTION('center_axis',(0.,-1.,0.));
#6942=DIRECTION('ref_axis',(0.,0.,-1.));
#6943=DIRECTION('',(0.,0.,-1.));
#6944=DIRECTION('',(1.,0.,0.));
#6945=DIRECTION('center_axis',(-0.714370694739615,-0.699767468876083,0.));
#6946=DIRECTION('ref_axis',(0.,0.,1.));
#6947=DIRECTION('',(0.,0.,-1.));
#6948=DIRECTION('',(0.699767468876091,-0.714370694739607,0.));
#6949=DIRECTION('center_axis',(0.,-1.,0.));
#6950=DIRECTION('ref_axis',(0.,0.,-1.));
#6951=DIRECTION('',(0.,0.,-1.));
#6952=DIRECTION('',(1.,0.,0.));
#6953=DIRECTION('center_axis',(1.,0.,0.));
#6954=DIRECTION('ref_axis',(0.,0.,-1.));
#6955=DIRECTION('',(0.,0.,-1.));
#6956=DIRECTION('',(0.,1.,0.));
#6957=DIRECTION('center_axis',(0.84187913896389,-0.539666114720407,0.));
#6958=DIRECTION('ref_axis',(0.,0.,-1.));
#6959=DIRECTION('',(0.,0.,-1.));
#6960=DIRECTION('',(0.539666114720429,0.841879138963876,0.));
#6961=DIRECTION('center_axis',(0.,-1.,0.));
#6962=DIRECTION('ref_axis',(0.,0.,-1.));
#6963=DIRECTION('',(0.,0.,-1.));
#6964=DIRECTION('',(1.,0.,0.));
#6965=DIRECTION('center_axis',(-0.81579191232006,-0.578345533217972,0.));
#6966=DIRECTION('ref_axis',(0.,0.,1.));
#6967=DIRECTION('',(0.,0.,-1.));
#6968=DIRECTION('',(0.578345533218023,-0.815791912320023,0.));
#6969=DIRECTION('center_axis',(-1.,0.,0.));
#6970=DIRECTION('ref_axis',(0.,0.,1.));
#6971=DIRECTION('',(0.,0.,-1.));
#6972=DIRECTION('',(0.,-1.,0.));
#6973=DIRECTION('center_axis',(0.,-1.,0.));
#6974=DIRECTION('ref_axis',(0.,0.,-1.));
#6975=DIRECTION('',(0.,0.,-1.));
#6976=DIRECTION('',(1.,0.,0.));
#6977=DIRECTION('center_axis',(0.699767468876073,-0.714370694739625,0.));
#6978=DIRECTION('ref_axis',(0.,0.,-1.));
#6979=DIRECTION('',(0.,0.,-1.));
#6980=DIRECTION('',(0.714370694739646,0.699767468876051,0.));
#6981=DIRECTION('center_axis',(0.,-1.,0.));
#6982=DIRECTION('ref_axis',(0.,0.,-1.));
#6983=DIRECTION('',(0.,0.,-1.));
#6984=DIRECTION('',(1.,0.,0.));
#6985=DIRECTION('center_axis',(-0.714370694739605,-0.699767468876094,0.));
#6986=DIRECTION('ref_axis',(0.,0.,1.));
#6987=DIRECTION('',(0.,0.,-1.));
#6988=DIRECTION('',(0.699767468876092,-0.714370694739606,0.));
#6989=DIRECTION('center_axis',(-1.,0.,0.));
#6990=DIRECTION('ref_axis',(0.,0.,1.));
#6991=DIRECTION('',(0.,0.,-1.));
#6992=DIRECTION('',(0.,-1.,0.));
#6993=DIRECTION('center_axis',(0.,-1.,0.));
#6994=DIRECTION('ref_axis',(0.,0.,-1.));
#6995=DIRECTION('',(0.,0.,-1.));
#6996=DIRECTION('',(1.,0.,0.));
#6997=DIRECTION('center_axis',(-0.709222727579552,-0.704984484002748,0.));
#6998=DIRECTION('ref_axis',(0.,0.,1.));
#6999=DIRECTION('',(0.,0.,-1.));
#7000=DIRECTION('',(0.704984484002752,-0.709222727579547,0.));
#7001=DIRECTION('center_axis',(-1.,0.,0.));
#7002=DIRECTION('ref_axis',(0.,0.,1.));
#7003=DIRECTION('',(0.,0.,-1.));
#7004=DIRECTION('',(0.,-1.,0.));
#7005=DIRECTION('center_axis',(-0.704984484002724,0.709222727579575,0.));
#7006=DIRECTION('ref_axis',(0.,0.,1.));
#7007=DIRECTION('',(0.,0.,-1.));
#7008=DIRECTION('',(-0.709222727579538,-0.704984484002762,0.));
#7009=DIRECTION('center_axis',(0.,1.,0.));
#7010=DIRECTION('ref_axis',(0.,0.,1.));
#7011=DIRECTION('',(0.,0.,-1.));
#7012=DIRECTION('',(-1.,0.,0.));
#7013=DIRECTION('center_axis',(-1.,0.,0.));
#7014=DIRECTION('ref_axis',(0.,0.,1.));
#7015=DIRECTION('',(0.,0.,-1.));
#7016=DIRECTION('',(0.,-1.,0.));
#7017=DIRECTION('center_axis',(-0.704984484002762,0.709222727579538,0.));
#7018=DIRECTION('ref_axis',(0.,0.,1.));
#7019=DIRECTION('',(0.,0.,-1.));
#7020=DIRECTION('',(-0.709222727579547,-0.704984484002753,0.));
#7021=DIRECTION('center_axis',(0.012151418815952,0.999926168784856,0.));
#7022=DIRECTION('ref_axis',(0.,0.,1.));
#7023=DIRECTION('',(0.,0.,-1.));
#7024=DIRECTION('',(-0.999926168784856,0.0121514188159401,0.));
#7025=DIRECTION('center_axis',(-0.719189923256859,0.694813539221706,0.));
#7026=DIRECTION('ref_axis',(0.,0.,1.));
#7027=DIRECTION('',(0.,0.,-1.));
#7028=DIRECTION('',(-0.694813539221696,-0.719189923256868,0.));
#7029=DIRECTION('center_axis',(0.,1.,0.));
#7030=DIRECTION('ref_axis',(0.,0.,1.));
#7031=DIRECTION('',(0.,0.,-1.));
#7032=DIRECTION('',(-1.,0.,0.));
#7033=DIRECTION('center_axis',(-1.,0.,0.));
#7034=DIRECTION('ref_axis',(0.,0.,1.));
#7035=DIRECTION('',(0.,-1.,0.));
#7036=DIRECTION('center_axis',(1.,0.,0.));
#7037=DIRECTION('ref_axis',(0.,0.,-1.));
#7038=DIRECTION('',(0.,0.,-1.));
#7039=DIRECTION('',(0.,1.,0.));
#7040=DIRECTION('center_axis',(0.,1.,0.));
#7041=DIRECTION('ref_axis',(0.,0.,1.));
#7042=DIRECTION('',(-1.,0.,0.));
#7043=DIRECTION('center_axis',(0.,0.,1.));
#7044=DIRECTION('ref_axis',(1.,0.,0.));
#7045=DIRECTION('center_axis',(0.,-1.,0.));
#7046=DIRECTION('ref_axis',(0.,0.,-1.));
#7047=DIRECTION('',(0.,0.,-1.));
#7048=DIRECTION('',(1.,0.,0.));
#7049=DIRECTION('',(0.,0.,-1.));
#7050=DIRECTION('center_axis',(0.777560938013881,-0.628807591934905,0.));
#7051=DIRECTION('ref_axis',(0.,0.,-1.));
#7052=DIRECTION('',(0.,0.,-1.));
#7053=DIRECTION('',(0.628807591935036,0.777560938013775,0.));
#7054=DIRECTION('center_axis',(1.,-3.96507810766901E-15,0.));
#7055=DIRECTION('ref_axis',(0.,0.,-1.));
#7056=DIRECTION('',(0.,0.,-1.));
#7057=DIRECTION('',(3.99868042927577E-15,1.,0.));
#7058=DIRECTION('center_axis',(0.709222727579613,0.704984484002686,0.));
#7059=DIRECTION('ref_axis',(0.,0.,-1.));
#7060=DIRECTION('',(0.,0.,-1.));
#7061=DIRECTION('',(-0.704984484002696,0.709222727579603,0.));
#7062=DIRECTION('center_axis',(0.,1.,0.));
#7063=DIRECTION('ref_axis',(0.,0.,1.));
#7064=DIRECTION('',(0.,0.,-1.));
#7065=DIRECTION('',(-1.,0.,0.));
#7066=DIRECTION('center_axis',(-0.704984484002737,0.709222727579563,0.));
#7067=DIRECTION('ref_axis',(0.,0.,1.));
#7068=DIRECTION('',(0.,0.,-1.));
#7069=DIRECTION('',(-0.7092227275795,-0.7049844840028,0.));
#7070=DIRECTION('center_axis',(-1.,0.,0.));
#7071=DIRECTION('ref_axis',(0.,0.,1.));
#7072=DIRECTION('',(0.,0.,-1.));
#7073=DIRECTION('',(0.,-1.,0.));
#7074=DIRECTION('center_axis',(-0.709222727579534,-0.704984484002766,0.));
#7075=DIRECTION('ref_axis',(0.,0.,1.));
#7076=DIRECTION('',(0.704984484002771,-0.709222727579529,0.));
#7077=DIRECTION('center_axis',(0.,0.,1.));
#7078=DIRECTION('ref_axis',(1.,0.,0.));
#7079=DIRECTION('center_axis',(0.,-1.,0.));
#7080=DIRECTION('ref_axis',(0.,0.,-1.));
#7081=DIRECTION('',(1.,0.,0.));
#7082=DIRECTION('',(0.,0.,-1.));
#7083=DIRECTION('',(1.,0.,0.));
#7084=DIRECTION('',(0.,0.,-1.));
#7085=DIRECTION('center_axis',(1.,0.,0.));
#7086=DIRECTION('ref_axis',(0.,0.,-1.));
#7087=DIRECTION('',(0.,1.,0.));
#7088=DIRECTION('',(0.,0.,-1.));
#7089=DIRECTION('',(0.,1.,0.));
#7090=DIRECTION('center_axis',(0.,1.,0.));
#7091=DIRECTION('ref_axis',(0.,0.,1.));
#7092=DIRECTION('',(-1.,0.,0.));
#7093=DIRECTION('',(0.,0.,-1.));
#7094=DIRECTION('',(-1.,0.,0.));
#7095=DIRECTION('center_axis',(-1.,0.,0.));
#7096=DIRECTION('ref_axis',(0.,0.,1.));
#7097=DIRECTION('',(0.,-1.,0.));
#7098=DIRECTION('',(0.,-1.,0.));
#7099=DIRECTION('center_axis',(0.,0.,1.));
#7100=DIRECTION('ref_axis',(1.,0.,0.));
#7101=DIRECTION('center_axis',(0.,-1.,0.));
#7102=DIRECTION('ref_axis',(0.,0.,-1.));
#7103=DIRECTION('',(1.,0.,0.));
#7104=DIRECTION('',(0.,0.,-1.));
#7105=DIRECTION('',(1.,0.,0.));
#7106=DIRECTION('',(0.,0.,-1.));
#7107=DIRECTION('center_axis',(-1.,0.,0.));
#7108=DIRECTION('ref_axis',(0.,0.,1.));
#7109=DIRECTION('',(0.,-1.,0.));
#7110=DIRECTION('',(0.,0.,-1.));
#7111=DIRECTION('',(0.,-1.,0.));
#7112=DIRECTION('center_axis',(0.,1.,0.));
#7113=DIRECTION('ref_axis',(0.,0.,1.));
#7114=DIRECTION('',(-1.,0.,0.));
#7115=DIRECTION('',(0.,0.,-1.));
#7116=DIRECTION('',(-1.,0.,0.));
#7117=DIRECTION('center_axis',(0.0264178126237265,0.999650988683639,0.));
#7118=DIRECTION('ref_axis',(0.,0.,1.));
#7119=DIRECTION('',(-0.999650988683684,0.0264178126220462,0.));
#7120=DIRECTION('',(0.,0.,-1.));
#7121=DIRECTION('',(-0.999650988683684,0.0264178126220462,0.));
#7122=DIRECTION('center_axis',(0.717043805440011,0.697028106377432,0.));
#7123=DIRECTION('ref_axis',(0.,0.,-1.));
#7124=DIRECTION('',(-0.697028106377408,0.717043805440034,0.));
#7125=DIRECTION('',(0.,0.,-1.));
#7126=DIRECTION('',(-0.697028106377408,0.717043805440034,0.));
#7127=DIRECTION('center_axis',(0.,1.,0.));
#7128=DIRECTION('ref_axis',(0.,0.,1.));
#7129=DIRECTION('',(-1.,0.,0.));
#7130=DIRECTION('',(0.,0.,-1.));
#7131=DIRECTION('',(-1.,0.,0.));
#7132=DIRECTION('center_axis',(1.,0.,0.));
#7133=DIRECTION('ref_axis',(0.,0.,-1.));
#7134=DIRECTION('',(0.,1.,0.));
#7135=DIRECTION('',(0.,0.,-1.));
#7136=DIRECTION('',(0.,1.,0.));
#7137=DIRECTION('center_axis',(0.,-1.,0.));
#7138=DIRECTION('ref_axis',(0.,0.,-1.));
#7139=DIRECTION('',(1.,0.,0.));
#7140=DIRECTION('',(0.,0.,-1.));
#7141=DIRECTION('',(1.,0.,0.));
#7142=DIRECTION('center_axis',(0.0349134598098852,-0.999390339318979,0.));
#7143=DIRECTION('ref_axis',(0.,0.,-1.));
#7144=DIRECTION('',(0.999390339318978,0.0349134598098928,0.));
#7145=DIRECTION('',(0.,0.,-1.));
#7146=DIRECTION('',(0.999390339318978,0.0349134598098928,0.));
#7147=DIRECTION('center_axis',(-0.717043805439996,-0.697028106377446,0.));
#7148=DIRECTION('ref_axis',(0.,0.,1.));
#7149=DIRECTION('',(0.697028106377423,-0.717043805440019,0.));
#7150=DIRECTION('',(0.697028106377423,-0.717043805440019,0.));
#7151=DIRECTION('center_axis',(0.707106781186549,-0.707106781186547,0.));
#7152=DIRECTION('ref_axis',(0.,0.,-1.));
#7153=DIRECTION('',(0.707106781186545,0.70710678118655,0.));
#7154=DIRECTION('',(0.,0.,-1.));
#7155=DIRECTION('',(0.707106781186545,0.70710678118655,0.));
#7156=DIRECTION('',(0.,0.,-1.));
#7157=DIRECTION('center_axis',(0.,-1.,0.));
#7158=DIRECTION('ref_axis',(0.,0.,-1.));
#7159=DIRECTION('',(1.,0.,0.));
#7160=DIRECTION('',(0.,0.,-1.));
#7161=DIRECTION('',(1.,0.,0.));
#7162=DIRECTION('center_axis',(-1.,0.,0.));
#7163=DIRECTION('ref_axis',(0.,0.,1.));
#7164=DIRECTION('',(0.,-1.,0.));
#7165=DIRECTION('',(0.,0.,-1.));
#7166=DIRECTION('',(0.,-1.,0.));
#7167=DIRECTION('center_axis',(-0.707106781186546,0.707106781186549,0.));
#7168=DIRECTION('ref_axis',(0.,0.,1.));
#7169=DIRECTION('',(-0.707106781186548,-0.707106781186547,0.));
#7170=DIRECTION('',(0.,0.,-1.));
#7171=DIRECTION('',(-0.707106781186548,-0.707106781186547,0.));
#7172=DIRECTION('center_axis',(0.,1.,0.));
#7173=DIRECTION('ref_axis',(0.,0.,1.));
#7174=DIRECTION('',(-1.,0.,0.));
#7175=DIRECTION('',(0.,0.,-1.));
#7176=DIRECTION('',(-1.,0.,0.));
#7177=DIRECTION('center_axis',(1.,0.,0.));
#7178=DIRECTION('ref_axis',(0.,0.,-1.));
#7179=DIRECTION('',(0.,1.,0.));
#7180=DIRECTION('',(0.,1.,0.));
#7181=DIRECTION('center_axis',(-0.707106781186546,0.707106781186549,0.));
#7182=DIRECTION('ref_axis',(0.,0.,1.));
#7183=DIRECTION('',(-0.707106781186548,-0.707106781186548,0.));
#7184=DIRECTION('',(0.,0.,-1.));
#7185=DIRECTION('',(-0.707106781186548,-0.707106781186548,0.));
#7186=DIRECTION('',(0.,0.,-1.));
#7187=DIRECTION('center_axis',(0.,1.,0.));
#7188=DIRECTION('ref_axis',(0.,0.,1.));
#7189=DIRECTION('',(-1.,0.,0.));
#7190=DIRECTION('',(0.,0.,-1.));
#7191=DIRECTION('',(-1.,0.,0.));
#7192=DIRECTION('center_axis',(1.,0.,0.));
#7193=DIRECTION('ref_axis',(0.,0.,-1.));
#7194=DIRECTION('',(0.,1.,0.));
#7195=DIRECTION('',(0.,0.,-1.));
#7196=DIRECTION('',(0.,1.,0.));
#7197=DIRECTION('center_axis',(0.707106781186506,-0.707106781186589,0.));
#7198=DIRECTION('ref_axis',(0.,0.,-1.));
#7199=DIRECTION('',(0.707106781186506,0.707106781186589,0.));
#7200=DIRECTION('',(0.,0.,-1.));
#7201=DIRECTION('',(0.707106781186506,0.707106781186589,0.));
#7202=DIRECTION('center_axis',(0.,-1.,0.));
#7203=DIRECTION('ref_axis',(0.,0.,-1.));
#7204=DIRECTION('',(1.,0.,0.));
#7205=DIRECTION('',(0.,0.,-1.));
#7206=DIRECTION('',(1.,0.,0.));
#7207=DIRECTION('center_axis',(-1.,0.,0.));
#7208=DIRECTION('ref_axis',(0.,0.,1.));
#7209=DIRECTION('',(0.,-1.,0.));
#7210=DIRECTION('',(0.,-1.,0.));
#7211=DIRECTION('center_axis',(1.,0.,0.));
#7212=DIRECTION('ref_axis',(0.,0.,-1.));
#7213=DIRECTION('',(0.,1.,0.));
#7214=DIRECTION('',(0.,0.,-1.));
#7215=DIRECTION('',(0.,1.,0.));
#7216=DIRECTION('',(0.,0.,-1.));
#7217=DIRECTION('center_axis',(0.,-1.,0.));
#7218=DIRECTION('ref_axis',(0.,0.,-1.));
#7219=DIRECTION('',(1.,0.,0.));
#7220=DIRECTION('',(0.,0.,-1.));
#7221=DIRECTION('',(1.,0.,0.));
#7222=DIRECTION('center_axis',(0.713742737042205,-0.700407956350799,0.));
#7223=DIRECTION('ref_axis',(0.,0.,-1.));
#7224=DIRECTION('',(0.70040795635083,0.713742737042174,0.));
#7225=DIRECTION('',(0.,0.,-1.));
#7226=DIRECTION('',(0.70040795635083,0.713742737042174,0.));
#7227=DIRECTION('center_axis',(0.,-1.,0.));
#7228=DIRECTION('ref_axis',(0.,0.,-1.));
#7229=DIRECTION('',(1.,0.,0.));
#7230=DIRECTION('',(0.,0.,-1.));
#7231=DIRECTION('',(1.,0.,0.));
#7232=DIRECTION('center_axis',(-1.,0.,0.));
#7233=DIRECTION('ref_axis',(0.,0.,1.));
#7234=DIRECTION('',(0.,-1.,0.));
#7235=DIRECTION('',(0.,0.,-1.));
#7236=DIRECTION('',(0.,-1.,0.));
#7237=DIRECTION('center_axis',(0.,1.,0.));
#7238=DIRECTION('ref_axis',(0.,0.,1.));
#7239=DIRECTION('',(-1.,0.,0.));
#7240=DIRECTION('',(0.,0.,-1.));
#7241=DIRECTION('',(-1.,0.,0.));
#7242=DIRECTION('center_axis',(-0.703612723719933,0.71058365800194,0.));
#7243=DIRECTION('ref_axis',(0.,0.,1.));
#7244=DIRECTION('',(-0.710583658001957,-0.703612723719915,0.));
#7245=DIRECTION('',(0.,0.,-1.));
#7246=DIRECTION('',(-0.710583658001957,-0.703612723719915,0.));
#7247=DIRECTION('center_axis',(0.,1.,0.));
#7248=DIRECTION('ref_axis',(0.,0.,1.));
#7249=DIRECTION('',(-1.,0.,0.));
#7250=DIRECTION('',(-1.,0.,0.));
#7251=DIRECTION('center_axis',(1.,0.,0.));
#7252=DIRECTION('ref_axis',(0.,0.,-1.));
#7253=DIRECTION('',(0.,1.,0.));
#7254=DIRECTION('',(0.,0.,-1.));
#7255=DIRECTION('',(0.,1.,0.));
#7256=DIRECTION('',(0.,0.,-1.));
#7257=DIRECTION('center_axis',(0.,1.,0.));
#7258=DIRECTION('ref_axis',(0.,0.,1.));
#7259=DIRECTION('',(-1.,0.,0.));
#7260=DIRECTION('',(0.,0.,-1.));
#7261=DIRECTION('',(-1.,0.,0.));
#7262=DIRECTION('center_axis',(1.,0.,0.));
#7263=DIRECTION('ref_axis',(0.,0.,-1.));
#7264=DIRECTION('',(0.,1.,0.));
#7265=DIRECTION('',(0.,0.,-1.));
#7266=DIRECTION('',(0.,1.,0.));
#7267=DIRECTION('center_axis',(0.701849698306149,-0.712325066937538,0.));
#7268=DIRECTION('ref_axis',(0.,0.,-1.));
#7269=DIRECTION('',(0.712325066937548,0.701849698306139,0.));
#7270=DIRECTION('',(0.,0.,-1.));
#7271=DIRECTION('',(0.712325066937548,0.701849698306139,0.));
#7272=DIRECTION('center_axis',(-4.18705521512145E-14,-1.,0.));
#7273=DIRECTION('ref_axis',(0.,0.,-1.));
#7274=DIRECTION('',(1.,-4.22092466959904E-14,0.));
#7275=DIRECTION('',(0.,0.,-1.));
#7276=DIRECTION('',(1.,-4.22092466959904E-14,0.));
#7277=DIRECTION('center_axis',(-1.,0.,0.));
#7278=DIRECTION('ref_axis',(0.,0.,1.));
#7279=DIRECTION('',(0.,-1.,0.));
#7280=DIRECTION('',(0.,0.,-1.));
#7281=DIRECTION('',(0.,-1.,0.));
#7282=DIRECTION('center_axis',(0.,1.,0.));
#7283=DIRECTION('ref_axis',(0.,0.,1.));
#7284=DIRECTION('',(-1.,0.,0.));
#7285=DIRECTION('',(-1.,0.,0.));
#7286=DIRECTION('center_axis',(-0.751897375561424,-0.659280165501619,0.));
#7287=DIRECTION('ref_axis',(0.,0.,1.));
#7288=DIRECTION('',(0.659280165501596,-0.751897375561445,0.));
#7289=DIRECTION('',(0.,0.,-1.));
#7290=DIRECTION('',(0.659280165501596,-0.751897375561445,0.));
#7291=DIRECTION('',(0.,0.,-1.));
#7292=DIRECTION('center_axis',(0.745004307214175,-0.66705965417819,0.));
#7293=DIRECTION('ref_axis',(0.,0.,-1.));
#7294=DIRECTION('',(0.667059654178236,0.745004307214134,0.));
#7295=DIRECTION('',(0.,0.,-1.));
#7296=DIRECTION('',(0.667059654178236,0.745004307214134,0.));
#7297=DIRECTION('center_axis',(-0.700749049975901,-0.71340785596871,0.));
#7298=DIRECTION('ref_axis',(0.,0.,1.));
#7299=DIRECTION('',(0.713407855968697,-0.700749049975915,0.));
#7300=DIRECTION('',(0.,0.,-1.));
#7301=DIRECTION('',(0.713407855968697,-0.700749049975915,0.));
#7302=DIRECTION('center_axis',(-0.745004307214156,0.667059654178212,0.));
#7303=DIRECTION('ref_axis',(0.,0.,1.));
#7304=DIRECTION('',(-0.66705965417819,-0.745004307214176,0.));
#7305=DIRECTION('',(0.,0.,-1.));
#7306=DIRECTION('',(-0.66705965417819,-0.745004307214176,0.));
#7307=DIRECTION('center_axis',(-0.768632274511303,-0.639690883614564,0.));
#7308=DIRECTION('ref_axis',(0.,0.,1.));
#7309=DIRECTION('',(0.639690883614545,-0.768632274511319,0.));
#7310=DIRECTION('',(0.,0.,-1.));
#7311=DIRECTION('',(0.639690883614545,-0.768632274511319,0.));
#7312=DIRECTION('center_axis',(-0.659280165501654,0.751897375561394,0.));
#7313=DIRECTION('ref_axis',(0.,0.,1.));
#7314=DIRECTION('',(-0.751897375561462,-0.659280165501576,0.));
#7315=DIRECTION('',(0.,0.,-1.));
#7316=DIRECTION('',(-0.751897375561462,-0.659280165501576,0.));
#7317=DIRECTION('center_axis',(0.751897375561435,0.659280165501608,0.));
#7318=DIRECTION('ref_axis',(0.,0.,-1.));
#7319=DIRECTION('',(-0.659280165501631,0.751897375561414,0.));
#7320=DIRECTION('',(0.,0.,-1.));
#7321=DIRECTION('',(-0.659280165501631,0.751897375561414,0.));
#7322=DIRECTION('center_axis',(-0.747672889032023,0.664067203682359,0.));
#7323=DIRECTION('ref_axis',(0.,0.,1.));
#7324=DIRECTION('',(-0.664067203682383,-0.747672889032002,0.));
#7325=DIRECTION('',(0.,0.,-1.));
#7326=DIRECTION('',(-0.664067203682383,-0.747672889032002,0.));
#7327=DIRECTION('center_axis',(0.717726759089854,0.696324851837399,0.));
#7328=DIRECTION('ref_axis',(0.,0.,-1.));
#7329=DIRECTION('',(-0.696324851837378,0.717726759089874,0.));
#7330=DIRECTION('',(0.,0.,-1.));
#7331=DIRECTION('',(-0.696324851837378,0.717726759089874,0.));
#7332=DIRECTION('center_axis',(0.764094490490975,-0.645104340088747,0.));
#7333=DIRECTION('ref_axis',(0.,0.,-1.));
#7334=DIRECTION('',(0.645104340088736,0.764094490490984,0.));
#7335=DIRECTION('',(0.,0.,-1.));
#7336=DIRECTION('',(0.645104340088736,0.764094490490984,0.));
#7337=DIRECTION('center_axis',(0.751897375561431,0.659280165501611,0.));
#7338=DIRECTION('ref_axis',(0.,0.,-1.));
#7339=DIRECTION('',(-0.659280165501611,0.751897375561432,0.));
#7340=DIRECTION('',(0.,0.,-1.));
#7341=DIRECTION('',(-0.659280165501611,0.751897375561432,0.));
#7342=DIRECTION('center_axis',(0.693824675445701,-0.720143957651988,0.));
#7343=DIRECTION('ref_axis',(0.,0.,-1.));
#7344=DIRECTION('',(0.72014395765196,0.69382467544573,0.));
#7345=DIRECTION('',(0.72014395765196,0.69382467544573,0.));
#7346=DIRECTION('center_axis',(-0.999952579565115,-0.00973851226180242,
0.));
#7347=DIRECTION('ref_axis',(0.,0.,1.));
#7348=DIRECTION('',(0.00973851226195598,-0.999952579565113,0.));
#7349=DIRECTION('',(0.,0.,-1.));
#7350=DIRECTION('',(0.00973851226195598,-0.999952579565113,0.));
#7351=DIRECTION('',(0.,0.,-1.));
#7352=DIRECTION('center_axis',(0.,1.,0.));
#7353=DIRECTION('ref_axis',(0.,0.,1.));
#7354=DIRECTION('',(-1.,0.,0.));
#7355=DIRECTION('',(0.,0.,-1.));
#7356=DIRECTION('',(-1.,0.,0.));
#7357=DIRECTION('center_axis',(-0.704984484002792,0.709222727579508,0.));
#7358=DIRECTION('ref_axis',(0.,0.,1.));
#7359=DIRECTION('',(-0.709222727579532,-0.704984484002768,0.));
#7360=DIRECTION('',(0.,0.,-1.));
#7361=DIRECTION('',(-0.709222727579532,-0.704984484002768,0.));
#7362=DIRECTION('center_axis',(0.709222727579648,0.704984484002651,0.));
#7363=DIRECTION('ref_axis',(0.,0.,-1.));
#7364=DIRECTION('',(-0.704984484002807,0.709222727579493,0.));
#7365=DIRECTION('',(0.,0.,-1.));
#7366=DIRECTION('',(-0.704984484002807,0.709222727579493,0.));
#7367=DIRECTION('center_axis',(0.690809658151709,-0.723036663112127,0.));
#7368=DIRECTION('ref_axis',(0.,0.,-1.));
#7369=DIRECTION('',(0.723036663112083,0.690809658151755,0.));
#7370=DIRECTION('',(0.,0.,-1.));
#7371=DIRECTION('',(0.723036663112083,0.690809658151755,0.));
#7372=DIRECTION('center_axis',(0.,-1.,0.));
#7373=DIRECTION('ref_axis',(0.,0.,-1.));
#7374=DIRECTION('',(1.,0.,0.));
#7375=DIRECTION('',(1.,0.,0.));
#7376=DIRECTION('center_axis',(0.709222727579533,0.704984484002767,0.));
#7377=DIRECTION('ref_axis',(0.,0.,-1.));
#7378=DIRECTION('',(-0.70498448400277,0.70922272757953,0.));
#7379=DIRECTION('',(0.,0.,-1.));
#7380=DIRECTION('',(-0.70498448400277,0.70922272757953,0.));
#7381=DIRECTION('',(0.,0.,-1.));
#7382=DIRECTION('center_axis',(0.,1.,0.));
#7383=DIRECTION('ref_axis',(0.,0.,1.));
#7384=DIRECTION('',(-1.,0.,0.));
#7385=DIRECTION('',(0.,0.,-1.));
#7386=DIRECTION('',(-1.,0.,0.));
#7387=DIRECTION('center_axis',(1.,0.,0.));
#7388=DIRECTION('ref_axis',(0.,0.,-1.));
#7389=DIRECTION('',(0.,1.,0.));
#7390=DIRECTION('',(0.,0.,-1.));
#7391=DIRECTION('',(0.,1.,0.));
#7392=DIRECTION('center_axis',(0.,-1.,0.));
#7393=DIRECTION('ref_axis',(0.,0.,-1.));
#7394=DIRECTION('',(1.,0.,0.));
#7395=DIRECTION('',(0.,0.,-1.));
#7396=DIRECTION('',(1.,0.,0.));
#7397=DIRECTION('center_axis',(-0.709222727579538,-0.704984484002761,0.));
#7398=DIRECTION('ref_axis',(0.,0.,1.));
#7399=DIRECTION('',(0.704984484002773,-0.709222727579527,0.));
#7400=DIRECTION('',(0.,0.,-1.));
#7401=DIRECTION('',(0.704984484002768,-0.709222727579532,0.));
#7402=DIRECTION('center_axis',(-0.706973002426856,0.707240534641191,0.));
#7403=DIRECTION('ref_axis',(0.,0.,1.));
#7404=DIRECTION('',(-0.707240534641302,-0.706973002426744,0.));
#7405=DIRECTION('',(-0.707240534641302,-0.706973002426744,0.));
#7406=DIRECTION('center_axis',(1.,0.,0.));
#7407=DIRECTION('ref_axis',(0.,0.,-1.));
#7408=DIRECTION('',(0.,1.,0.));
#7409=DIRECTION('',(0.,0.,-1.));
#7410=DIRECTION('',(0.,1.,0.));
#7411=DIRECTION('',(0.,0.,-1.));
#7412=DIRECTION('center_axis',(0.,-1.,0.));
#7413=DIRECTION('ref_axis',(0.,0.,-1.));
#7414=DIRECTION('',(1.,0.,0.));
#7415=DIRECTION('',(0.,0.,-1.));
#7416=DIRECTION('',(1.,0.,0.));
#7417=DIRECTION('center_axis',(-1.,0.,0.));
#7418=DIRECTION('ref_axis',(0.,0.,1.));
#7419=DIRECTION('',(0.,-1.,0.));
#7420=DIRECTION('',(0.,0.,-1.));
#7421=DIRECTION('',(0.,-1.,0.));
#7422=DIRECTION('center_axis',(-0.704668857283912,0.709536328579577,0.));
#7423=DIRECTION('ref_axis',(0.,0.,1.));
#7424=DIRECTION('',(-0.709536328579623,-0.704668857283866,0.));
#7425=DIRECTION('',(0.,0.,-1.));
#7426=DIRECTION('',(-0.709536328579623,-0.704668857283866,0.));
#7427=DIRECTION('center_axis',(0.,1.,0.));
#7428=DIRECTION('ref_axis',(0.,0.,1.));
#7429=DIRECTION('',(-1.,0.,0.));
#7430=DIRECTION('',(0.,0.,-1.));
#7431=DIRECTION('',(-1.,0.,0.));
#7432=DIRECTION('center_axis',(1.,0.,0.));
#7433=DIRECTION('ref_axis',(0.,0.,-1.));
#7434=DIRECTION('',(0.,1.,0.));
#7435=DIRECTION('',(0.,0.,-1.));
#7436=DIRECTION('',(0.,1.,0.));
#7437=DIRECTION('center_axis',(0.712917250153306,-0.7012481689344,0.));
#7438=DIRECTION('ref_axis',(0.,0.,-1.));
#7439=DIRECTION('',(0.701248168934409,0.712917250153297,0.));
#7440=DIRECTION('',(0.,0.,-1.));
#7441=DIRECTION('',(0.701248168934409,0.712917250153297,0.));
#7442=DIRECTION('center_axis',(0.858315020278712,0.513123109949215,0.));
#7443=DIRECTION('ref_axis',(0.,0.,-1.));
#7444=DIRECTION('',(-0.513123109949214,0.858315020278713,0.));
#7445=DIRECTION('',(0.,0.,-1.));
#7446=DIRECTION('',(-0.513123109949214,0.858315020278713,0.));
#7447=DIRECTION('center_axis',(0.513123109949266,-0.858315020278682,0.));
#7448=DIRECTION('ref_axis',(0.,0.,-1.));
#7449=DIRECTION('',(0.858315020278683,0.513123109949263,0.));
#7450=DIRECTION('',(0.,0.,-1.));
#7451=DIRECTION('',(0.858315020278683,0.513123109949263,0.));
#7452=DIRECTION('center_axis',(-0.858315020278704,-0.513123109949229,0.));
#7453=DIRECTION('ref_axis',(0.,0.,1.));
#7454=DIRECTION('',(0.51312310994921,-0.858315020278715,0.));
#7455=DIRECTION('',(0.,0.,-1.));
#7456=DIRECTION('',(0.51312310994921,-0.858315020278715,0.));
#7457=DIRECTION('center_axis',(0.,-1.,0.));
#7458=DIRECTION('ref_axis',(0.,0.,-1.));
#7459=DIRECTION('',(1.,0.,0.));
#7460=DIRECTION('',(1.,0.,0.));
#7461=DIRECTION('center_axis',(0.,1.,0.));
#7462=DIRECTION('ref_axis',(0.,0.,1.));
#7463=DIRECTION('',(-1.,0.,0.));
#7464=DIRECTION('',(0.,0.,-1.));
#7465=DIRECTION('',(-1.,0.,0.));
#7466=DIRECTION('',(0.,0.,-1.));
#7467=DIRECTION('center_axis',(1.,0.,0.));
#7468=DIRECTION('ref_axis',(0.,0.,-1.));
#7469=DIRECTION('',(0.,1.,0.));
#7470=DIRECTION('',(0.,0.,-1.));
#7471=DIRECTION('',(0.,1.,0.));
#7472=DIRECTION('center_axis',(0.,-1.,0.));
#7473=DIRECTION('ref_axis',(0.,0.,-1.));
#7474=DIRECTION('',(1.,0.,0.));
#7475=DIRECTION('',(0.,0.,-1.));
#7476=DIRECTION('',(1.,0.,0.));
#7477=DIRECTION('center_axis',(1.,0.,0.));
#7478=DIRECTION('ref_axis',(0.,0.,-1.));
#7479=DIRECTION('',(0.,1.,0.));
#7480=DIRECTION('',(0.,0.,-1.));
#7481=DIRECTION('',(0.,1.,0.));
#7482=DIRECTION('center_axis',(0.,1.,0.));
#7483=DIRECTION('ref_axis',(0.,0.,1.));
#7484=DIRECTION('',(-1.,0.,0.));
#7485=DIRECTION('',(0.,0.,-1.));
#7486=DIRECTION('',(-1.,0.,0.));
#7487=DIRECTION('center_axis',(1.,0.,0.));
#7488=DIRECTION('ref_axis',(0.,0.,-1.));
#7489=DIRECTION('',(0.,1.,0.));
#7490=DIRECTION('',(0.,0.,-1.));
#7491=DIRECTION('',(0.,1.,0.));
#7492=DIRECTION('center_axis',(0.53434799368865,0.845264586766129,0.));
#7493=DIRECTION('ref_axis',(0.,0.,-1.));
#7494=DIRECTION('',(-0.845264586766256,0.534347993688449,0.));
#7495=DIRECTION('',(0.,0.,-1.));
#7496=DIRECTION('',(-0.845264586766256,0.534347993688449,0.));
#7497=DIRECTION('center_axis',(1.,0.,0.));
#7498=DIRECTION('ref_axis',(0.,0.,-1.));
#7499=DIRECTION('',(0.,1.,0.));
#7500=DIRECTION('',(0.,0.,-1.));
#7501=DIRECTION('',(0.,1.,0.));
#7502=DIRECTION('center_axis',(0.0859307301611468,-0.996301113927899,0.));
#7503=DIRECTION('ref_axis',(0.,0.,-1.));
#7504=DIRECTION('',(0.996301113927884,0.0859307301613186,0.));
#7505=DIRECTION('',(0.,0.,-1.));
#7506=DIRECTION('',(0.996301113927884,0.0859307301613186,0.));
#7507=DIRECTION('center_axis',(0.,-1.,0.));
#7508=DIRECTION('ref_axis',(0.,0.,-1.));
#7509=DIRECTION('',(1.,0.,0.));
#7510=DIRECTION('',(0.,0.,-1.));
#7511=DIRECTION('',(1.,0.,0.));
#7512=DIRECTION('center_axis',(-1.,0.,0.));
#7513=DIRECTION('ref_axis',(0.,0.,1.));
#7514=DIRECTION('',(0.,-1.,0.));
#7515=DIRECTION('',(0.,0.,-1.));
#7516=DIRECTION('',(0.,-1.,0.));
#7517=DIRECTION('center_axis',(0.,-1.,0.));
#7518=DIRECTION('ref_axis',(0.,0.,-1.));
#7519=DIRECTION('',(1.,0.,0.));
#7520=DIRECTION('',(0.,0.,-1.));
#7521=DIRECTION('',(1.,0.,0.));
#7522=DIRECTION('center_axis',(-1.,0.,0.));
#7523=DIRECTION('ref_axis',(0.,0.,1.));
#7524=DIRECTION('',(0.,-1.,0.));
#7525=DIRECTION('',(0.,0.,-1.));
#7526=DIRECTION('',(0.,-1.,0.));
#7527=DIRECTION('center_axis',(0.,1.,0.));
#7528=DIRECTION('ref_axis',(0.,0.,1.));
#7529=DIRECTION('',(-1.,0.,0.));
#7530=DIRECTION('',(0.,0.,-1.));
#7531=DIRECTION('',(-1.,0.,0.));
#7532=DIRECTION('center_axis',(-1.,0.,0.));
#7533=DIRECTION('ref_axis',(0.,0.,1.));
#7534=DIRECTION('',(0.,-1.,0.));
#7535=DIRECTION('',(0.,0.,-1.));
#7536=DIRECTION('',(0.,-1.,0.));
#7537=DIRECTION('center_axis',(0.,1.,0.));
#7538=DIRECTION('ref_axis',(0.,0.,1.));
#7539=DIRECTION('',(-1.,0.,0.));
#7540=DIRECTION('',(0.,0.,-1.));
#7541=DIRECTION('',(-1.,0.,0.));
#7542=DIRECTION('center_axis',(1.,0.,0.));
#7543=DIRECTION('ref_axis',(0.,0.,-1.));
#7544=DIRECTION('',(0.,1.,0.));
#7545=DIRECTION('',(0.,1.,0.));
#7546=DIRECTION('center_axis',(0.,-1.,0.));
#7547=DIRECTION('ref_axis',(0.,0.,-1.));
#7548=DIRECTION('',(0.,0.,-1.));
#7549=DIRECTION('',(1.,0.,0.));
#7550=DIRECTION('',(0.,0.,-1.));
#7551=DIRECTION('center_axis',(-0.70074904997589,-0.713407855968721,0.));
#7552=DIRECTION('ref_axis',(0.,0.,1.));
#7553=DIRECTION('',(0.,0.,-1.));
#7554=DIRECTION('',(0.713407855968752,-0.700749049975858,0.));
#7555=DIRECTION('center_axis',(-1.,0.,0.));
#7556=DIRECTION('ref_axis',(0.,0.,1.));
#7557=DIRECTION('',(0.,0.,-1.));
#7558=DIRECTION('',(0.,-1.,0.));
#7559=DIRECTION('center_axis',(-0.0138327156182673,-0.999904323412308,0.));
#7560=DIRECTION('ref_axis',(0.,0.,-1.));
#7561=DIRECTION('',(0.,0.,-1.));
#7562=DIRECTION('',(0.999904323412308,-0.0138327156182553,0.));
#7563=DIRECTION('center_axis',(-0.700749049975899,-0.713407855968712,0.));
#7564=DIRECTION('ref_axis',(0.,0.,1.));
#7565=DIRECTION('',(0.,0.,-1.));
#7566=DIRECTION('',(0.713407855968716,-0.700749049975895,0.));
#7567=DIRECTION('center_axis',(0.,-1.,0.));
#7568=DIRECTION('ref_axis',(0.,0.,-1.));
#7569=DIRECTION('',(0.,0.,-1.));
#7570=DIRECTION('',(1.,0.,0.));
#7571=DIRECTION('center_axis',(0.696350963185936,-0.717701425434017,0.));
#7572=DIRECTION('ref_axis',(0.,0.,-1.));
#7573=DIRECTION('',(0.,0.,-1.));
#7574=DIRECTION('',(0.717701425434052,0.6963509631859,0.));
#7575=DIRECTION('center_axis',(0.,-1.,0.));
#7576=DIRECTION('ref_axis',(0.,0.,-1.));
#7577=DIRECTION('',(0.,0.,-1.));
#7578=DIRECTION('',(1.,0.,0.));
#7579=DIRECTION('center_axis',(0.704984484002757,-0.709222727579543,0.));
#7580=DIRECTION('ref_axis',(0.,0.,-1.));
#7581=DIRECTION('',(0.,0.,-1.));
#7582=DIRECTION('',(0.709222727579529,0.704984484002771,0.));
#7583=DIRECTION('center_axis',(1.,0.,0.));
#7584=DIRECTION('ref_axis',(0.,0.,-1.));
#7585=DIRECTION('',(0.,0.,-1.));
#7586=DIRECTION('',(0.,1.,0.));
#7587=DIRECTION('center_axis',(0.,1.,0.));
#7588=DIRECTION('ref_axis',(0.,0.,1.));
#7589=DIRECTION('',(0.,0.,-1.));
#7590=DIRECTION('',(-1.,0.,0.));
#7591=DIRECTION('center_axis',(0.714370694739603,0.699767468876095,3.30462830590574E-15));
#7592=DIRECTION('ref_axis',(4.62592926927149E-15,0.,-1.));
#7593=DIRECTION('',(0.,0.,-1.));
#7594=DIRECTION('',(-0.699767468876095,0.714370694739603,0.));
#7595=DIRECTION('center_axis',(1.,-3.74663797481009E-15,0.));
#7596=DIRECTION('ref_axis',(0.,0.,-1.));
#7597=DIRECTION('',(0.,0.,-1.));
#7598=DIRECTION('',(3.77344669678761E-15,1.,0.));
#7599=DIRECTION('center_axis',(0.69976746887607,-0.714370694739628,0.));
#7600=DIRECTION('ref_axis',(0.,0.,-1.));
#7601=DIRECTION('',(0.,0.,-1.));
#7602=DIRECTION('',(0.714370694739612,0.699767468876086,0.));
#7603=DIRECTION('center_axis',(0.,-1.,0.));
#7604=DIRECTION('ref_axis',(0.,0.,-1.));
#7605=DIRECTION('',(0.,0.,-1.));
#7606=DIRECTION('',(1.,0.,0.));
#7607=DIRECTION('center_axis',(1.,0.,0.));
#7608=DIRECTION('ref_axis',(0.,0.,-1.));
#7609=DIRECTION('',(0.,0.,-1.));
#7610=DIRECTION('',(0.,1.,0.));
#7611=DIRECTION('center_axis',(0.714370694739601,0.699767468876098,0.));
#7612=DIRECTION('ref_axis',(0.,0.,-1.));
#7613=DIRECTION('',(0.,0.,-1.));
#7614=DIRECTION('',(-0.699767468876097,0.714370694739601,0.));
#7615=DIRECTION('center_axis',(0.,1.,0.));
#7616=DIRECTION('ref_axis',(0.,0.,1.));
#7617=DIRECTION('',(0.,0.,-1.));
#7618=DIRECTION('',(-1.,0.,0.));
#7619=DIRECTION('center_axis',(-0.699767468876091,0.714370694739608,0.));
#7620=DIRECTION('ref_axis',(0.,0.,1.));
#7621=DIRECTION('',(0.,0.,-1.));
#7622=DIRECTION('',(-0.714370694739628,-0.69976746887607,0.));
#7623=DIRECTION('center_axis',(0.,1.,0.));
#7624=DIRECTION('ref_axis',(0.,0.,1.));
#7625=DIRECTION('',(0.,0.,-1.));
#7626=DIRECTION('',(-1.,0.,0.));
#7627=DIRECTION('center_axis',(-0.844024587194535,0.536304480879187,0.));
#7628=DIRECTION('ref_axis',(0.,0.,1.));
#7629=DIRECTION('',(0.,0.,-1.));
#7630=DIRECTION('',(-0.536304480879227,-0.84402458719451,0.));
#7631=DIRECTION('center_axis',(0.,1.,0.));
#7632=DIRECTION('ref_axis',(0.,0.,1.));
#7633=DIRECTION('',(0.,0.,-1.));
#7634=DIRECTION('',(-1.,0.,0.));
#7635=DIRECTION('center_axis',(0.843529472669701,0.537082888144442,0.));
#7636=DIRECTION('ref_axis',(0.,0.,-1.));
#7637=DIRECTION('',(0.,0.,-1.));
#7638=DIRECTION('',(-0.537082888144437,0.843529472669704,0.));
#7639=DIRECTION('center_axis',(0.,1.,0.));
#7640=DIRECTION('ref_axis',(0.,0.,1.));
#7641=DIRECTION('',(0.,0.,-1.));
#7642=DIRECTION('',(-1.,0.,0.));
#7643=DIRECTION('center_axis',(0.711120534898154,0.703070113748382,0.));
#7644=DIRECTION('ref_axis',(0.,0.,-1.));
#7645=DIRECTION('',(0.,0.,-1.));
#7646=DIRECTION('',(-0.703070113748354,0.711120534898182,0.));
#7647=DIRECTION('center_axis',(0.,1.,0.));
#7648=DIRECTION('ref_axis',(0.,0.,1.));
#7649=DIRECTION('',(0.,0.,-1.));
#7650=DIRECTION('',(-1.,0.,0.));
#7651=DIRECTION('center_axis',(-0.703070113748359,0.711120534898177,0.));
#7652=DIRECTION('ref_axis',(0.,0.,1.));
#7653=DIRECTION('',(0.,0.,-1.));
#7654=DIRECTION('',(-0.711120534898173,-0.703070113748363,0.));
#7655=DIRECTION('center_axis',(-1.,0.,0.));
#7656=DIRECTION('ref_axis',(0.,0.,1.));
#7657=DIRECTION('',(0.,0.,-1.));
#7658=DIRECTION('',(0.,-1.,0.));
#7659=DIRECTION('center_axis',(0.,-1.,0.));
#7660=DIRECTION('ref_axis',(0.,0.,-1.));
#7661=DIRECTION('',(0.,0.,-1.));
#7662=DIRECTION('',(1.,0.,0.));
#7663=DIRECTION('center_axis',(-0.700749049975915,-0.713407855968697,0.));
#7664=DIRECTION('ref_axis',(0.,0.,1.));
#7665=DIRECTION('',(0.,0.,-1.));
#7666=DIRECTION('',(0.713407855968724,-0.700749049975887,0.));
#7667=DIRECTION('center_axis',(-1.,0.,0.));
#7668=DIRECTION('ref_axis',(0.,0.,1.));
#7669=DIRECTION('',(0.,0.,-1.));
#7670=DIRECTION('',(0.,-1.,0.));
#7671=DIRECTION('center_axis',(-0.713407855968683,0.700749049975929,-3.41665102121329E-14));
#7672=DIRECTION('ref_axis',(-4.78919736112813E-14,0.,1.));
#7673=DIRECTION('',(0.,0.,-1.));
#7674=DIRECTION('',(-0.700749049975899,-0.713407855968712,0.));
#7675=DIRECTION('center_axis',(0.,1.,0.));
#7676=DIRECTION('ref_axis',(0.,0.,1.));
#7677=DIRECTION('',(0.,0.,-1.));
#7678=DIRECTION('',(-1.,0.,0.));
#7679=DIRECTION('center_axis',(-1.,0.,0.));
#7680=DIRECTION('ref_axis',(0.,0.,1.));
#7681=DIRECTION('',(0.,0.,-1.));
#7682=DIRECTION('',(0.,-1.,0.));
#7683=DIRECTION('center_axis',(-0.700749049975875,-0.713407855968736,0.));
#7684=DIRECTION('ref_axis',(0.,0.,1.));
#7685=DIRECTION('',(0.,0.,-1.));
#7686=DIRECTION('',(0.713407855968726,-0.700749049975885,0.));
#7687=DIRECTION('center_axis',(0.,-1.,0.));
#7688=DIRECTION('ref_axis',(0.,0.,-1.));
#7689=DIRECTION('',(0.,0.,-1.));
#7690=DIRECTION('',(1.,0.,0.));
#7691=DIRECTION('center_axis',(-0.700749049975907,-0.713407855968704,0.));
#7692=DIRECTION('ref_axis',(0.,0.,1.));
#7693=DIRECTION('',(0.,0.,-1.));
#7694=DIRECTION('',(0.713407855968707,-0.700749049975904,0.));
#7695=DIRECTION('center_axis',(0.,-1.,0.));
#7696=DIRECTION('ref_axis',(0.,0.,-1.));
#7697=DIRECTION('',(0.,0.,-1.));
#7698=DIRECTION('',(1.,0.,0.));
#7699=DIRECTION('center_axis',(0.713407855968716,-0.700749049975895,0.));
#7700=DIRECTION('ref_axis',(0.,0.,-1.));
#7701=DIRECTION('',(0.,0.,-1.));
#7702=DIRECTION('',(0.700749049975881,0.71340785596873,0.));
#7703=DIRECTION('center_axis',(0.,-1.,0.));
#7704=DIRECTION('ref_axis',(0.,0.,-1.));
#7705=DIRECTION('',(0.,0.,-1.));
#7706=DIRECTION('',(1.,0.,0.));
#7707=DIRECTION('center_axis',(1.,0.,0.));
#7708=DIRECTION('ref_axis',(0.,0.,-1.));
#7709=DIRECTION('',(0.,0.,-1.));
#7710=DIRECTION('',(0.,1.,0.));
#7711=DIRECTION('center_axis',(0.71340785596871,-0.700749049975901,0.));
#7712=DIRECTION('ref_axis',(0.,0.,-1.));
#7713=DIRECTION('',(0.700749049975869,0.713407855968742,0.));
#7714=DIRECTION('center_axis',(0.,0.,1.));
#7715=DIRECTION('ref_axis',(1.,0.,0.));
#7716=DIRECTION('center_axis',(0.,0.,1.));
#7717=DIRECTION('ref_axis',(1.,0.,0.));
#7718=DIRECTION('center_axis',(0.,0.,1.));
#7719=DIRECTION('ref_axis',(1.,0.,0.));
#7720=DIRECTION('center_axis',(0.,0.,1.));
#7721=DIRECTION('ref_axis',(1.,0.,0.));
#7722=DIRECTION('center_axis',(0.,0.,1.));
#7723=DIRECTION('ref_axis',(1.,0.,0.));
#7724=DIRECTION('center_axis',(0.,0.,1.));
#7725=DIRECTION('ref_axis',(1.,0.,0.));
#7726=DIRECTION('center_axis',(0.,0.,1.));
#7727=DIRECTION('ref_axis',(1.,0.,0.));
#7728=DIRECTION('center_axis',(0.,0.,1.));
#7729=DIRECTION('ref_axis',(1.,0.,0.));
#7730=DIRECTION('center_axis',(0.,0.,1.));
#7731=DIRECTION('ref_axis',(1.,0.,0.));
#7732=DIRECTION('center_axis',(0.,0.,1.));
#7733=DIRECTION('ref_axis',(1.,0.,0.));
#7734=DIRECTION('center_axis',(-0.707106781186562,-0.707106781186533,0.));
#7735=DIRECTION('ref_axis',(0.,0.,1.));
#7736=DIRECTION('',(0.,0.,-1.));
#7737=DIRECTION('',(0.,0.,1.));
#7738=DIRECTION('center_axis',(0.,-1.,0.));
#7739=DIRECTION('ref_axis',(0.,0.,-1.));
#7740=DIRECTION('',(0.,0.,-1.));
#7741=DIRECTION('center_axis',(0.707106781186548,-0.707106781186548,0.));
#7742=DIRECTION('ref_axis',(0.,0.,-1.));
#7743=DIRECTION('center_axis',(0.,1.,0.));
#7744=DIRECTION('ref_axis',(0.,0.,1.));
#7745=DIRECTION('center_axis',(-1.,0.,0.));
#7746=DIRECTION('ref_axis',(0.,0.,1.));
#7747=DIRECTION('center_axis',(-1.,0.,0.));
#7748=DIRECTION('ref_axis',(0.,0.,1.));
#7749=DIRECTION('',(0.,0.,-1.));
#7750=DIRECTION('center_axis',(0.,-1.,0.));
#7751=DIRECTION('ref_axis',(0.,0.,-1.));
#7752=DIRECTION('',(0.,0.,-1.));
#7753=DIRECTION('center_axis',(1.,0.,0.));
#7754=DIRECTION('ref_axis',(0.,0.,-1.));
#7755=DIRECTION('center_axis',(-1.,0.,0.));
#7756=DIRECTION('ref_axis',(0.,0.,1.));
#7757=DIRECTION('center_axis',(0.,0.,1.));
#7758=DIRECTION('ref_axis',(1.,0.,0.));
#7759=CARTESIAN_POINT('',(0.,0.,0.));
#7760=CARTESIAN_POINT('Origin',(20.9221603694761,-24.8999231945098,-4.7));
#7761=CARTESIAN_POINT('',(6.54126641460874,-2.60826081036527,-4.7));
#7762=CARTESIAN_POINT('',(35.3030543243434,-2.60826081036527,-4.7));
#7763=CARTESIAN_POINT('',(20.9221603694761,-2.60826081036527,-4.7));
#7764=CARTESIAN_POINT('',(35.3030543243434,-19.0578102214787,-4.7));
#7765=CARTESIAN_POINT('',(35.3030543243434,-17.8664793552159,-4.7));
#7766=CARTESIAN_POINT('',(23.1902043034326,-19.0578102214787,-4.7));
#7767=CARTESIAN_POINT('',(25.084394841682,-19.0578102214787,-4.7));
#7768=CARTESIAN_POINT('',(23.1902043034326,-24.8899231945098,-4.7));
#7769=CARTESIAN_POINT('',(23.1902043034326,-23.436894951252,-4.7));
#7770=CARTESIAN_POINT('',(6.54126641460874,-24.8899231945098,-4.7));
#7771=CARTESIAN_POINT('',(17.8939478642484,-24.8899231945098,-4.7));
#7772=CARTESIAN_POINT('',(6.54126641460874,-19.3245075984737,-4.7));
#7773=CARTESIAN_POINT('Origin',(29.246629313888,-19.0578102214787,0.01));
#7774=CARTESIAN_POINT('',(35.3030543243434,-19.0578102214787,0.));
#7775=CARTESIAN_POINT('',(35.3030543243434,-19.0578102214787,-4.5));
#7776=CARTESIAN_POINT('',(23.1902043034326,-19.0578102214787,0.));
#7777=CARTESIAN_POINT('',(23.1902043034326,-19.0578102214787,0.));
#7778=CARTESIAN_POINT('',(23.1902043034326,-19.0578102214787,0.));
#7779=CARTESIAN_POINT('Origin',(35.3030543243434,-10.833035515922,0.01));
#7780=CARTESIAN_POINT('',(35.3030543243434,-2.60826081036527,0.));
#7781=CARTESIAN_POINT('',(35.3030543243434,-2.60826081036527,-4.5));
#7782=CARTESIAN_POINT('',(35.3030543243434,-19.0578102214787,0.));
#7783=CARTESIAN_POINT('Origin',(20.9221603694761,-2.60826081036527,0.01));
#7784=CARTESIAN_POINT('',(6.54126641460874,-2.60826081036527,0.));
#7785=CARTESIAN_POINT('',(6.54126641460874,-2.60826081036527,-4.5));
#7786=CARTESIAN_POINT('',(35.3030543243434,-2.60826081036527,0.));
#7787=CARTESIAN_POINT('Origin',(45.1,0.,-7.));
#7788=CARTESIAN_POINT('',(43.85,1.53080849893419E-16,3.));
#7789=CARTESIAN_POINT('Origin',(45.1,0.,3.));
#7790=CARTESIAN_POINT('',(43.85,0.,0.));
#7791=CARTESIAN_POINT('',(43.85,1.53080849893419E-16,-7.));
#7792=CARTESIAN_POINT('',(43.85,0.,-3.));
#7793=CARTESIAN_POINT('',(43.85,0.,-7.));
#7794=CARTESIAN_POINT('',(45.1,-1.25,-3.));
#7795=CARTESIAN_POINT('Origin',(45.1,0.,-3.));
#7796=CARTESIAN_POINT('',(45.1,-1.25,0.));
#7797=CARTESIAN_POINT('',(45.1,-1.25,-7.));
#7798=CARTESIAN_POINT('Origin',(45.1,0.,0.));
#7799=CARTESIAN_POINT('Origin',(22.55,-35.61,-3.));
#7800=CARTESIAN_POINT('',(46.3000000000001,-17.8000000000001,-3.));
#7801=CARTESIAN_POINT('',(47.6,-19.1,-3.));
#7802=CARTESIAN_POINT('',(45.1399999999996,-16.6399999999997,-3.));
#7803=CARTESIAN_POINT('',(47.6,-34.1,-3.));
#7804=CARTESIAN_POINT('',(47.6,-31.105,-3.));
#7805=CARTESIAN_POINT('',(46.1,-35.6,-3.));
#7806=CARTESIAN_POINT('',(40.2064644660941,-41.4935355339059,-3.));
#7807=CARTESIAN_POINT('',(-1.,-35.6,-3.));
#7808=CARTESIAN_POINT('',(22.55,-35.6,-3.));
#7809=CARTESIAN_POINT('',(-2.5,-34.1,-3.));
#7810=CARTESIAN_POINT('',(4.89353553390571,-41.493535533906,-3.));
#7811=CARTESIAN_POINT('',(-2.5,1.20710678118655,-3.));
#7812=CARTESIAN_POINT('',(-2.5,-26.205,-3.));
#7813=CARTESIAN_POINT('',(-1.20710678118655,2.5,-3.));
#7814=CARTESIAN_POINT('',(-5.6220889244992,-1.91498214331264,-3.));
#7815=CARTESIAN_POINT('',(46.1,2.5,-3.));
#7816=CARTESIAN_POINT('',(22.675,2.5,-3.));
#7817=CARTESIAN_POINT('',(47.6,1.,-3.));
#7818=CARTESIAN_POINT('',(50.4935355339057,-1.89353553390557,-3.));
#7819=CARTESIAN_POINT('',(47.6,-2.50000000000011,-3.));
#7820=CARTESIAN_POINT('',(47.6,-18.18,-3.));
#7821=CARTESIAN_POINT('',(46.3000000000001,-3.80000000000005,-3.));
#7822=CARTESIAN_POINT('',(32.7350000000003,-17.3650000000003,-3.));
#7823=CARTESIAN_POINT('',(46.3000000000001,-23.205,-3.));
#7824=CARTESIAN_POINT('',(1.25,0.,-3.));
#7825=CARTESIAN_POINT('',(22.55,0.,-3.));
#7826=CARTESIAN_POINT('',(-1.25,1.53080849893419E-16,-3.));
#7827=CARTESIAN_POINT('Origin',(0.,0.,-3.));
#7828=CARTESIAN_POINT('',(0.,-1.25,-3.));
#7829=CARTESIAN_POINT('Origin',(0.,0.,-3.));
#7830=CARTESIAN_POINT('',(0.,-31.85,-3.));
#7831=CARTESIAN_POINT('',(0.,-26.08,-3.));
#7832=CARTESIAN_POINT('',(-1.25,-33.1,-3.));
#7833=CARTESIAN_POINT('Origin',(0.,-33.1,-3.));
#7834=CARTESIAN_POINT('',(1.25,-33.1,-3.));
#7835=CARTESIAN_POINT('Origin',(0.,-33.1,-3.));
#7836=CARTESIAN_POINT('',(43.85,-33.1,-3.));
#7837=CARTESIAN_POINT('',(22.55,-33.1,-3.));
#7838=CARTESIAN_POINT('',(45.1,-31.85,-3.));
#7839=CARTESIAN_POINT('Origin',(45.1,-33.1,-3.));
#7840=CARTESIAN_POINT('',(45.1,-26.08,-3.));
#7841=CARTESIAN_POINT('Origin',(22.55,0.,0.0100000000000011));
#7842=CARTESIAN_POINT('',(1.25,0.,0.));
#7843=CARTESIAN_POINT('',(1.1,0.,0.));
#7844=CARTESIAN_POINT('',(1.25,0.,-7.));
#7845=CARTESIAN_POINT('Origin',(45.1,-33.1,-7.));
#7846=CARTESIAN_POINT('',(43.85,-33.1,3.));
#7847=CARTESIAN_POINT('Origin',(45.1,-33.1,3.));
#7848=CARTESIAN_POINT('',(43.85,-33.1,0.));
#7849=CARTESIAN_POINT('',(43.85,-33.1,-7.));
#7850=CARTESIAN_POINT('',(45.1,-31.85,0.));
#7851=CARTESIAN_POINT('Origin',(45.1,-33.1,0.));
#7852=CARTESIAN_POINT('',(45.1,-31.85,-7.));
#7853=CARTESIAN_POINT('',(43.85,-33.1,-7.));
#7854=CARTESIAN_POINT('Origin',(22.55,-33.11,0.));
#7855=CARTESIAN_POINT('',(45.1,-1.1,0.));
#7856=CARTESIAN_POINT('',(1.25,-33.1,0.));
#7857=CARTESIAN_POINT('',(44.,-33.1,0.));
#7858=CARTESIAN_POINT('',(0.,-31.85,0.));
#7859=CARTESIAN_POINT('Origin',(0.,-33.1,0.));
#7860=CARTESIAN_POINT('',(0.,-1.25,0.));
#7861=CARTESIAN_POINT('',(0.,-32.,0.));
#7862=CARTESIAN_POINT('Origin',(0.,0.,0.));
#7863=CARTESIAN_POINT('',(6.54126641460874,-24.8899231945098,0.));
#7864=CARTESIAN_POINT('',(6.54126641460874,-2.60826081036527,0.));
#7865=CARTESIAN_POINT('',(23.1902043034326,-24.8899231945098,0.));
#7866=CARTESIAN_POINT('',(6.54126641460874,-24.8899231945098,0.));
#7867=CARTESIAN_POINT('',(23.1902043034326,-24.8899231945098,0.));
#7868=CARTESIAN_POINT('',(33.6660337820683,-24.424015843404,9.64186986789872E-16));
#7869=CARTESIAN_POINT('Origin',(39.1660337820683,-24.424015843404,0.));
#7870=CARTESIAN_POINT('Origin',(22.55,-33.1,0.01));
#7871=CARTESIAN_POINT('',(1.25,-33.1,-7.));
#7872=CARTESIAN_POINT('Origin',(0.,-33.1,-7.));
#7873=CARTESIAN_POINT('',(-1.25,-33.1,3.));
#7874=CARTESIAN_POINT('Origin',(0.,-33.1,3.));
#7875=CARTESIAN_POINT('',(-1.25,-33.1,-7.));
#7876=CARTESIAN_POINT('',(0.,-31.85,-7.));
#7877=CARTESIAN_POINT('Origin',(0.,-16.55,0.0100000000000011));
#7878=CARTESIAN_POINT('',(0.,-1.25,-7.));
#7879=CARTESIAN_POINT('Origin',(0.,0.,-7.));
#7880=CARTESIAN_POINT('',(-1.25,1.53080849893419E-16,3.));
#7881=CARTESIAN_POINT('Origin',(0.,0.,3.));
#7882=CARTESIAN_POINT('',(-1.25,1.53080849893419E-16,-7.));
#7883=CARTESIAN_POINT('Origin',(39.1660337820683,-24.424015843404,1.34594518421524E-15));
#7884=CARTESIAN_POINT('',(33.6660337820683,-24.424015843404,1.5));
#7885=CARTESIAN_POINT('',(33.6660337820683,-24.424015843404,1.34594518421524E-15));
#7886=CARTESIAN_POINT('Origin',(39.1660337820683,-24.424015843404,1.5));
#7887=CARTESIAN_POINT('Origin',(39.1660337820683,-24.424015843404,1.5));
#7888=CARTESIAN_POINT('Origin',(-2.,-34.11,2.5));
#7889=CARTESIAN_POINT('',(-2.5,1.20710678118655,2.));
#7890=CARTESIAN_POINT('',(-2.29289321881345,1.4142135623731,2.20710678118654));
#7891=CARTESIAN_POINT('',(-9.00639261633281,-5.29928583514625,-4.50639261633281));
#7892=CARTESIAN_POINT('',(-2.5,-34.1,2.));
#7893=CARTESIAN_POINT('',(-2.5,0.5,2.));
#7894=CARTESIAN_POINT('',(-1.5,-33.6857864376269,3.));
#7895=CARTESIAN_POINT('',(-1.5,-33.6857864376269,3.));
#7896=CARTESIAN_POINT('',(-1.5,1.0857864376269,3.));
#7897=CARTESIAN_POINT('',(-1.5,-33.6857864376269,3.));
#7898=CARTESIAN_POINT('',(1.68453551810378,-0.233291363830472,6.18453551810378));
#7899=CARTESIAN_POINT('Origin',(-2.86062445840514,0.846482322781407,-2.));
#7900=CARTESIAN_POINT('',(-1.41421356237309,2.29289321881346,2.20710678118654));
#7901=CARTESIAN_POINT('',(-2.73793683467289,0.969169946513664,2.20710678118654));
#7902=CARTESIAN_POINT('',(-1.20710678118655,2.5,2.));
#7903=CARTESIAN_POINT('',(2.57388143400105,6.2809882151876,-1.7809882151876));
#7904=CARTESIAN_POINT('',(-1.20710678118655,2.5,-4.005));
#7905=CARTESIAN_POINT('',(-2.5,1.20710678118655,-4.005));
#7906=CARTESIAN_POINT('Origin',(47.1,-34.11,2.5));
#7907=CARTESIAN_POINT('',(46.6,-19.5142135623731,3.));
#7908=CARTESIAN_POINT('',(46.6,-33.6857864376269,3.));
#7909=CARTESIAN_POINT('',(46.6,-19.5142135623731,3.));
#7910=CARTESIAN_POINT('',(47.6,-34.1,2.));
#7911=CARTESIAN_POINT('',(46.6,-33.6857864376269,3.));
#7912=CARTESIAN_POINT('',(47.6,-19.1,2.));
#7913=CARTESIAN_POINT('',(47.6,-34.1,2.));
#7914=CARTESIAN_POINT('',(46.6,-19.5142135623731,3.));
#7915=CARTESIAN_POINT('Origin',(46.2233398008009,-35.6086602540378,1.90666186610657));
#7916=CARTESIAN_POINT('',(45.6857864376269,-34.6,3.));
#7917=CARTESIAN_POINT('',(46.6,-33.6857864376269,3.));
#7918=CARTESIAN_POINT('',(46.1,-35.6,2.));
#7919=CARTESIAN_POINT('',(45.6857864376269,-34.6,3.));
#7920=CARTESIAN_POINT('',(46.1,-35.6,2.));
#7921=CARTESIAN_POINT('Origin',(22.55,-35.6070710678119,1.99292893218814));
#7922=CARTESIAN_POINT('',(-0.585786437626903,-34.6,3.));
#7923=CARTESIAN_POINT('',(45.6857864376269,-34.6,3.));
#7924=CARTESIAN_POINT('',(-1.,-35.6,2.));
#7925=CARTESIAN_POINT('',(-0.585786437626902,-34.6,3.));
#7926=CARTESIAN_POINT('',(-0.999999999999999,-35.6,2.));
#7927=CARTESIAN_POINT('Origin',(-1.12333980080084,-35.6086602540378,1.90666186610657));
#7928=CARTESIAN_POINT('',(-0.585786437626903,-34.6,3.));
#7929=CARTESIAN_POINT('',(-2.5,-34.1,2.));
#7930=CARTESIAN_POINT('Origin',(-1.85051782428377,0.327126183589067,3.28860027976906));
#7931=CARTESIAN_POINT('',(-1.08578643762691,1.5,3.));
#7932=CARTESIAN_POINT('',(-4.68874112898715,-2.10295469136025,3.));
#7933=CARTESIAN_POINT('',(-0.0316734943686003,-1.04485376388728,5.54485376388728));
#7934=CARTESIAN_POINT('Origin',(22.8,1.49292893218813,3.00707106781187));
#7935=CARTESIAN_POINT('',(45.6857864376269,1.5,3.));
#7936=CARTESIAN_POINT('',(-0.0857864376269069,1.5,3.));
#7937=CARTESIAN_POINT('',(46.1,2.5,2.));
#7938=CARTESIAN_POINT('',(45.6857864376269,1.5,3.));
#7939=CARTESIAN_POINT('',(46.1,2.5,2.));
#7940=CARTESIAN_POINT('Origin',(46.8671844909504,0.57712618358905,2.81719575897803));
#7941=CARTESIAN_POINT('',(47.6,0.999999999999999,2.));
#7942=CARTESIAN_POINT('',(47.6,0.999999999999997,2.));
#7943=CARTESIAN_POINT('',(46.6,0.585786437626896,3.));
#7944=CARTESIAN_POINT('',(45.6857864376269,1.5,3.));
#7945=CARTESIAN_POINT('',(46.6,0.585786437626896,3.));
#7946=CARTESIAN_POINT('Origin',(47.1,-2.51000000000011,2.5));
#7947=CARTESIAN_POINT('',(47.6,-2.50000000000011,2.));
#7948=CARTESIAN_POINT('',(47.6,-2.50000000000011,2.));
#7949=CARTESIAN_POINT('',(46.6,-2.08578643762703,3.));
#7950=CARTESIAN_POINT('',(46.6,0.585786437626896,3.));
#7951=CARTESIAN_POINT('',(46.6,-2.08578643762703,3.));
#7952=CARTESIAN_POINT('Origin',(46.1614109882586,-3.80866025403789,2.09187350564339));
#7953=CARTESIAN_POINT('',(46.3000000000001,-3.80000000000005,2.));
#7954=CARTESIAN_POINT('',(46.3000000000001,-3.80000000000005,2.));
#7955=CARTESIAN_POINT('',(45.3000000000001,-3.38578643762697,3.));
#7956=CARTESIAN_POINT('',(46.6,-2.08578643762703,3.));
#7957=CARTESIAN_POINT('',(45.3000000000001,-3.38578643762697,3.));
#7958=CARTESIAN_POINT('Origin',(45.8000000000001,-18.2242135623732,2.5));
#7959=CARTESIAN_POINT('',(46.3000000000001,-17.8000000000001,2.));
#7960=CARTESIAN_POINT('',(46.3000000000001,-17.8000000000001,2.));
#7961=CARTESIAN_POINT('',(45.3000000000001,-18.2142135623732,3.));
#7962=CARTESIAN_POINT('',(45.3000000000001,-3.38578643762697,3.));
#7963=CARTESIAN_POINT('',(45.3000000000001,-18.2142135623732,3.));
#7964=CARTESIAN_POINT('Origin',(46.7385890117415,-19.522873816411,2.90812649435661));
#7965=CARTESIAN_POINT('',(47.6,-19.1,2.));
#7966=CARTESIAN_POINT('',(45.3000000000001,-18.2142135623732,3.));
#7967=CARTESIAN_POINT('Origin',(47.6070710678119,0.99292893218813,-2.));
#7968=CARTESIAN_POINT('',(47.6,0.999999999999999,2.));
#7969=CARTESIAN_POINT('',(46.1,2.5,-6.));
#7970=CARTESIAN_POINT('Origin',(47.6,-0.750000000000055,-6.01));
#7971=CARTESIAN_POINT('',(47.6,-2.50000000000011,2.));
#7972=CARTESIAN_POINT('Origin',(46.9500000000001,-3.15000000000005,2.01));
#7973=CARTESIAN_POINT('',(46.3000000000001,-3.80000000000005,2.));
#7974=CARTESIAN_POINT('Origin',(46.3000000000001,-10.8000000000001,2.01));
#7975=CARTESIAN_POINT('',(46.3000000000001,-17.8000000000001,2.));
#7976=CARTESIAN_POINT('Origin',(46.9500000000001,-18.4500000000001,2.01));
#7977=CARTESIAN_POINT('',(47.6,-19.1,-6.));
#7978=CARTESIAN_POINT('Origin',(47.6,-26.6,-6.01));
#7979=CARTESIAN_POINT('',(47.6,-34.1,-6.));
#7980=CARTESIAN_POINT('Origin',(22.55,-34.61,3.));
#7981=CARTESIAN_POINT('',(28.9714914546461,-7.16329578468457,3.));
#7982=CARTESIAN_POINT('',(28.9714914546461,-9.05635310325105,3.));
#7983=CARTESIAN_POINT('',(28.9714914546461,-7.16329578468457,3.));
#7984=CARTESIAN_POINT('',(27.5380128462856,-10.5893788371921,3.));
#7985=CARTESIAN_POINT('',(28.9714914546461,-9.05635310325105,3.));
#7986=CARTESIAN_POINT('',(25.0095158565386,-10.5893788371921,3.));
#7987=CARTESIAN_POINT('',(27.5380128462856,-10.5893788371921,3.));
#7988=CARTESIAN_POINT('',(25.0095158565386,-10.4101940111471,3.));
#7989=CARTESIAN_POINT('',(25.0095158565386,-10.5893788371921,3.));
#7990=CARTESIAN_POINT('',(24.3814011461044,-9.8228659702216,3.));
#7991=CARTESIAN_POINT('',(25.0095158565386,-10.4101940111471,3.));
#7992=CARTESIAN_POINT('',(20.4502575049475,-9.82286597022159,3.));
#7993=CARTESIAN_POINT('',(24.3814011461044,-9.8228659702216,3.));
#7994=CARTESIAN_POINT('',(19.7941020056035,-10.4066003914535,3.));
#7995=CARTESIAN_POINT('',(20.4502575049475,-9.82286597022159,3.));
#7996=CARTESIAN_POINT('',(19.7941020056035,-10.5893788371921,3.));
#7997=CARTESIAN_POINT('',(19.7941020056035,-10.4066003914535,3.));
#7998=CARTESIAN_POINT('',(17.3422145761298,-10.5893788371921,3.));
#7999=CARTESIAN_POINT('',(19.7941020056035,-10.5893788371921,3.));
#8000=CARTESIAN_POINT('',(15.8477288222088,-9.14554751750968,3.));
#8001=CARTESIAN_POINT('',(17.3422145761298,-10.5893788371921,3.));
#8002=CARTESIAN_POINT('',(15.8477288222088,-7.16329578468455,3.));
#8003=CARTESIAN_POINT('',(15.8477288222088,-9.14554751750968,3.));
#8004=CARTESIAN_POINT('',(28.9714914546461,-7.16329578468457,3.));
#8005=CARTESIAN_POINT('',(15.3264359431514,-7.16329578468455,3.));
#8006=CARTESIAN_POINT('',(15.3264359431514,-8.76078372582446,3.));
#8007=CARTESIAN_POINT('',(15.3264359431514,-7.16329578468455,3.));
#8008=CARTESIAN_POINT('',(12.9806179873931,-8.76078372582446,3.));
#8009=CARTESIAN_POINT('',(15.3264359431514,-8.76078372582447,3.));
#8010=CARTESIAN_POINT('',(11.6725595978863,-10.1147331808375,3.));
#8011=CARTESIAN_POINT('',(12.9806179873931,-8.76078372582446,3.));
#8012=CARTESIAN_POINT('',(4.74209164898518,-10.0305119440437,3.));
#8013=CARTESIAN_POINT('',(11.6725595978863,-10.1147331808375,3.));
#8014=CARTESIAN_POINT('',(3.02238645859028,-11.7399403494545,3.));
#8015=CARTESIAN_POINT('',(4.74209164898518,-10.0305119440437,3.));
#8016=CARTESIAN_POINT('',(3.02238645859028,-14.5062400435561,3.));
#8017=CARTESIAN_POINT('',(3.02238645859029,-11.7399403494545,3.));
#8018=CARTESIAN_POINT('',(2.84715463370978,-14.5062400435561,3.));
#8019=CARTESIAN_POINT('',(3.02238645859028,-14.5062400435561,3.));
#8020=CARTESIAN_POINT('',(2.26209284093822,-15.08780556599,3.));
#8021=CARTESIAN_POINT('',(2.84715463370978,-14.5062400435561,3.));
#8022=CARTESIAN_POINT('',(2.26209284093822,-17.9408218004905,3.));
#8023=CARTESIAN_POINT('',(2.26209284093822,-15.08780556599,3.));
#8024=CARTESIAN_POINT('',(2.88444673324724,-18.5669171756923,3.));
#8025=CARTESIAN_POINT('',(2.26209284093821,-17.9408218004905,3.));
#8026=CARTESIAN_POINT('',(3.00032164116606,-18.5669171756923,3.));
#8027=CARTESIAN_POINT('',(2.88444673324724,-18.5669171756923,3.));
#8028=CARTESIAN_POINT('',(3.00032164116606,-20.542993569745,3.));
#8029=CARTESIAN_POINT('',(3.00032164116606,-18.5669171756923,3.));
#8030=CARTESIAN_POINT('',(4.66811628928151,-22.2455928965911,3.));
#8031=CARTESIAN_POINT('',(3.00032164116606,-20.542993569745,3.));
#8032=CARTESIAN_POINT('',(13.4231424726083,-22.2455928965911,3.));
#8033=CARTESIAN_POINT('',(4.66811628928151,-22.2455928965911,3.));
#8034=CARTESIAN_POINT('',(14.6316704854785,-21.0617697150702,3.));
#8035=CARTESIAN_POINT('',(13.4231424726083,-22.2455928965911,3.));
#8036=CARTESIAN_POINT('',(20.6828407410094,-21.0617697150702,3.));
#8037=CARTESIAN_POINT('',(14.6316704854785,-21.0617697150702,3.));
#8038=CARTESIAN_POINT('',(20.6828407410094,-21.2349705939419,3.));
#8039=CARTESIAN_POINT('',(20.6828407410094,-21.0617697150702,3.));
#8040=CARTESIAN_POINT('',(21.1260207177118,-21.8601031832511,3.));
#8041=CARTESIAN_POINT('',(20.6828407410094,-21.2349705939419,3.));
#8042=CARTESIAN_POINT('',(23.7453804637832,-21.8601031832511,3.));
#8043=CARTESIAN_POINT('',(21.1260207177118,-21.8601031832511,3.));
#8044=CARTESIAN_POINT('',(24.1496026468189,-21.2295165777154,3.));
#8045=CARTESIAN_POINT('',(23.7453804637832,-21.8601031832511,3.));
#8046=CARTESIAN_POINT('',(24.1496026468189,-20.9627299369119,3.));
#8047=CARTESIAN_POINT('',(24.1496026468189,-21.2295165777154,3.));
#8048=CARTESIAN_POINT('',(30.0835842937831,-20.9627299369119,3.));
#8049=CARTESIAN_POINT('',(24.1496026468189,-20.9627299369119,3.));
#8050=CARTESIAN_POINT('',(31.3595185553456,-22.265291266804,3.));
#8051=CARTESIAN_POINT('',(30.0835842937831,-20.9627299369119,3.));
#8052=CARTESIAN_POINT('',(40.0972995896901,-22.265291266804,3.));
#8053=CARTESIAN_POINT('',(31.3595185553456,-22.265291266804,3.));
#8054=CARTESIAN_POINT('',(41.7954502782301,-20.6018543175561,3.));
#8055=CARTESIAN_POINT('',(40.0972995896901,-22.265291266804,3.));
#8056=CARTESIAN_POINT('',(41.7954502782301,-18.5578504811592,3.));
#8057=CARTESIAN_POINT('',(41.7954502782301,-20.6018543175561,3.));
#8058=CARTESIAN_POINT('',(41.9252431552249,-18.5578504811592,3.));
#8059=CARTESIAN_POINT('',(41.7954502782301,-18.5578504811592,3.));
#8060=CARTESIAN_POINT('',(42.5254729528021,-17.9698906316197,3.));
#8061=CARTESIAN_POINT('',(41.9252431552249,-18.5578504811592,3.));
#8062=CARTESIAN_POINT('',(42.5254729528021,-15.1289796691645,3.));
#8063=CARTESIAN_POINT('',(42.5254729528021,-17.9698906316197,3.));
#8064=CARTESIAN_POINT('',(41.9512209486219,-14.5427437816336,3.));
#8065=CARTESIAN_POINT('',(42.5254729528021,-15.1289796691645,3.));
#8066=CARTESIAN_POINT('',(41.7650685777156,-14.5427437816336,3.));
#8067=CARTESIAN_POINT('',(41.9512209486219,-14.5427437816336,3.));
#8068=CARTESIAN_POINT('',(41.8581447631687,-11.8038537692754,3.));
#8069=CARTESIAN_POINT('',(41.7650685777156,-14.5427437816336,3.));
#8070=CARTESIAN_POINT('',(40.1218193619724,-10.0312935427491,3.));
#8071=CARTESIAN_POINT('',(41.8581447631687,-11.8038537692754,3.));
#8072=CARTESIAN_POINT('',(33.1126518787986,-10.0312935427491,3.));
#8073=CARTESIAN_POINT('',(40.1218193619724,-10.0312935427491,3.));
#8074=CARTESIAN_POINT('',(31.8583580964832,-8.81744000185764,3.));
#8075=CARTESIAN_POINT('',(33.1126518787986,-10.0312935427491,3.));
#8076=CARTESIAN_POINT('',(29.4891365076651,-8.81744000185764,3.));
#8077=CARTESIAN_POINT('',(31.8583580964832,-8.81744000185764,3.));
#8078=CARTESIAN_POINT('',(29.4891365076651,-7.16329578468457,3.));
#8079=CARTESIAN_POINT('',(29.4891365076651,-8.81744000185764,3.));
#8080=CARTESIAN_POINT('',(44.0254729528021,-7.16329578468458,3.));
#8081=CARTESIAN_POINT('',(44.0254729528021,-7.16329578468458,3.));
#8082=CARTESIAN_POINT('',(44.0254729528021,-24.1632957846846,3.));
#8083=CARTESIAN_POINT('',(44.0254729528021,-24.1632957846846,3.));
#8084=CARTESIAN_POINT('',(0.762092840938213,-24.1632957846845,3.));
#8085=CARTESIAN_POINT('',(0.762092840938213,-24.1632957846845,3.));
#8086=CARTESIAN_POINT('',(0.762092840938231,-7.16329578468454,3.));
#8087=CARTESIAN_POINT('',(0.762092840938231,-7.16329578468454,3.));
#8088=CARTESIAN_POINT('',(15.3264359431514,-7.16329578468455,3.));
#8089=CARTESIAN_POINT('',(24.4871330174302,-10.6313395752718,3.));
#8090=CARTESIAN_POINT('',(24.4871330174302,-11.0721049870157,3.));
#8091=CARTESIAN_POINT('',(24.4871330174302,-10.6313395752718,3.));
#8092=CARTESIAN_POINT('',(24.1980728782294,-11.3663869045728,3.));
#8093=CARTESIAN_POINT('',(24.4871330174302,-11.0721049870157,3.));
#8094=CARTESIAN_POINT('',(20.6255544049806,-11.3663869045728,3.));
#8095=CARTESIAN_POINT('',(24.1980728782294,-11.3663869045728,3.));
#8096=CARTESIAN_POINT('',(20.3039781101069,-11.0505167031976,3.));
#8097=CARTESIAN_POINT('',(20.6255544049806,-11.3663869045728,3.));
#8098=CARTESIAN_POINT('',(20.3039781101069,-10.6495646677903,3.));
#8099=CARTESIAN_POINT('',(20.3039781101069,-11.0505167031976,3.));
#8100=CARTESIAN_POINT('',(20.6441798371192,-10.3195074222488,3.));
#8101=CARTESIAN_POINT('',(20.3039781101069,-10.6495646677903,3.));
#8102=CARTESIAN_POINT('',(24.1696677169522,-10.3195074222488,3.));
#8103=CARTESIAN_POINT('',(20.6441798371192,-10.3195074222488,3.));
#8104=CARTESIAN_POINT('',(24.1696677169522,-10.3195074222488,3.));
#8105=CARTESIAN_POINT('',(21.2431777033645,-21.0617697150702,3.));
#8106=CARTESIAN_POINT('',(21.2431777033645,-20.6090898847748,3.));
#8107=CARTESIAN_POINT('',(21.2431777033645,-21.0617697150702,3.));
#8108=CARTESIAN_POINT('',(21.442364344852,-20.2945846613736,3.));
#8109=CARTESIAN_POINT('',(21.2431777033645,-20.6090898847748,3.));
#8110=CARTESIAN_POINT('',(23.4185054985564,-20.2945846613736,3.));
#8111=CARTESIAN_POINT('',(21.442364344852,-20.2945846613736,3.));
#8112=CARTESIAN_POINT('',(23.6229338937672,-20.567155854988,3.));
#8113=CARTESIAN_POINT('',(23.4185054985564,-20.2945846613736,3.));
#8114=CARTESIAN_POINT('',(23.6229338937672,-21.0617697150702,3.));
#8115=CARTESIAN_POINT('',(23.6229338937672,-20.567155854988,3.));
#8116=CARTESIAN_POINT('',(23.4342307597265,-21.3534189134911,3.));
#8117=CARTESIAN_POINT('',(23.6229338937672,-21.0617697150702,3.));
#8118=CARTESIAN_POINT('',(21.4161555762352,-21.3534189134911,3.));
#8119=CARTESIAN_POINT('',(23.4342307597265,-21.3534189134911,3.));
#8120=CARTESIAN_POINT('',(21.4161555762352,-21.3534189134911,3.));
#8121=CARTESIAN_POINT('',(42.0336512939424,-17.7163995941753,3.));
#8122=CARTESIAN_POINT('',(41.7215095744945,-18.0221604863243,3.));
#8123=CARTESIAN_POINT('',(42.0336512939424,-17.7163995941753,3.));
#8124=CARTESIAN_POINT('',(41.2980136438512,-18.0221604863243,3.));
#8125=CARTESIAN_POINT('',(41.7215095744945,-18.0221604863243,3.));
#8126=CARTESIAN_POINT('',(40.9985031415924,-17.7163995941753,3.));
#8127=CARTESIAN_POINT('',(41.2980136438512,-18.0221604863243,3.));
#8128=CARTESIAN_POINT('',(40.9985031415924,-15.3488765540644,3.));
#8129=CARTESIAN_POINT('',(40.9985031415924,-17.7163995941753,3.));
#8130=CARTESIAN_POINT('',(41.3031270845426,-15.0471835532727,3.));
#8131=CARTESIAN_POINT('',(40.9985031415924,-15.3488765540644,3.));
#8132=CARTESIAN_POINT('',(41.7224292212361,-15.0471835532727,3.));
#8133=CARTESIAN_POINT('',(41.3031270845426,-15.0471835532727,3.));
#8134=CARTESIAN_POINT('',(42.0336512939424,-15.3649004209268,3.));
#8135=CARTESIAN_POINT('',(41.7224292212361,-15.0471835532727,3.));
#8136=CARTESIAN_POINT('',(42.0336512939424,-15.3649004209268,3.));
#8137=CARTESIAN_POINT('',(3.06251136216234,-15.0151248574416,3.));
#8138=CARTESIAN_POINT('',(3.48706733656147,-15.0151248574416,3.));
#8139=CARTESIAN_POINT('',(3.06251136216234,-15.0151248574416,3.));
#8140=CARTESIAN_POINT('',(3.83482490016848,-15.3649730787775,3.));
#8141=CARTESIAN_POINT('',(3.48706733656147,-15.0151248574416,3.));
#8142=CARTESIAN_POINT('',(3.83482490016847,-17.7262180082474,3.));
#8143=CARTESIAN_POINT('',(3.83482490016848,-15.3649730787775,3.));
#8144=CARTESIAN_POINT('',(3.52046416670592,-18.0387001536338,3.));
#8145=CARTESIAN_POINT('',(3.83482490016847,-17.7262180082474,3.));
#8146=CARTESIAN_POINT('',(3.09890187425369,-18.0387001536338,3.));
#8147=CARTESIAN_POINT('',(3.52046416670592,-18.0387001536338,3.));
#8148=CARTESIAN_POINT('',(2.78293843480952,-17.7208371971816,3.));
#8149=CARTESIAN_POINT('',(3.09890187425369,-18.0387001536338,3.));
#8150=CARTESIAN_POINT('',(2.78293843480953,-15.3608347223094,3.));
#8151=CARTESIAN_POINT('',(2.78293843480952,-17.7208371971816,3.));
#8152=CARTESIAN_POINT('',(2.78293843480952,-15.3608347223094,3.));
#8153=CARTESIAN_POINT('',(20.4654992813227,-11.918091010857,3.));
#8154=CARTESIAN_POINT('',(24.412587812894,-11.918091010857,3.));
#8155=CARTESIAN_POINT('',(20.4654992813227,-11.918091010857,3.));
#8156=CARTESIAN_POINT('',(25.044697170502,-11.2745628012013,3.));
#8157=CARTESIAN_POINT('',(24.412587812894,-11.918091010857,3.));
#8158=CARTESIAN_POINT('',(25.044697170502,-11.1404452706379,3.));
#8159=CARTESIAN_POINT('',(25.044697170502,-11.2745628012013,3.));
#8160=CARTESIAN_POINT('',(27.7225903350646,-11.1404452706379,3.));
#8161=CARTESIAN_POINT('',(25.044697170502,-11.1404452706379,3.));
#8162=CARTESIAN_POINT('',(29.5040160366036,-9.32683868730215,3.));
#8163=CARTESIAN_POINT('',(27.7225903350646,-11.1404452706379,3.));
#8164=CARTESIAN_POINT('',(31.5912256423376,-9.32683868730215,3.));
#8165=CARTESIAN_POINT('',(29.5040160366036,-9.32683868730215,3.));
#8166=CARTESIAN_POINT('',(32.9181820434627,-10.6302493936298,3.));
#8167=CARTESIAN_POINT('',(31.5912256423376,-9.32683868730215,3.));
#8168=CARTESIAN_POINT('',(39.8120151052877,-10.6302493936298,3.));
#8169=CARTESIAN_POINT('',(32.9181820434627,-10.6302493936298,3.));
#8170=CARTESIAN_POINT('',(41.2565359949858,-12.0491385082608,3.));
#8171=CARTESIAN_POINT('',(39.8120151052877,-10.6302493936298,3.));
#8172=CARTESIAN_POINT('',(41.2565359949858,-14.5440223573837,3.));
#8173=CARTESIAN_POINT('',(41.2565359949858,-12.0491385082608,3.));
#8174=CARTESIAN_POINT('',(41.1050838732326,-14.5440223573837,3.));
#8175=CARTESIAN_POINT('',(41.2565359949858,-14.5440223573837,3.));
#8176=CARTESIAN_POINT('',(40.4730752797308,-15.187447982662,3.));
#8177=CARTESIAN_POINT('',(41.1050838732326,-14.5440223573837,3.));
#8178=CARTESIAN_POINT('',(40.4730752797308,-17.9231423231056,3.));
#8179=CARTESIAN_POINT('',(40.4730752797308,-15.187447982662,3.));
#8180=CARTESIAN_POINT('',(41.1050838732326,-18.543936470195,3.));
#8181=CARTESIAN_POINT('',(40.4730752797308,-17.9231423231056,3.));
#8182=CARTESIAN_POINT('',(41.2476477206592,-18.543936470195,3.));
#8183=CARTESIAN_POINT('',(41.1050838732326,-18.543936470195,3.));
#8184=CARTESIAN_POINT('',(41.2476477206592,-20.3651538465285,3.));
#8185=CARTESIAN_POINT('',(41.2476477206592,-18.543936470195,3.));
#8186=CARTESIAN_POINT('',(39.836289772466,-21.7605341575723,3.));
#8187=CARTESIAN_POINT('',(41.2476477206592,-20.3651538465285,3.));
#8188=CARTESIAN_POINT('',(31.6175112989135,-21.7605341575723,3.));
#8189=CARTESIAN_POINT('',(39.836289772466,-21.7605341575723,3.));
#8190=CARTESIAN_POINT('',(30.3192482612461,-20.4474055126033,3.));
#8191=CARTESIAN_POINT('',(31.6175112989135,-21.7605341575723,3.));
#8192=CARTESIAN_POINT('',(24.1648868384106,-20.4474055126033,3.));
#8193=CARTESIAN_POINT('',(30.3192482612461,-20.4474055126033,3.));
#8194=CARTESIAN_POINT('',(23.7399627872421,-19.7800300129943,3.));
#8195=CARTESIAN_POINT('',(24.1648868384106,-20.4474055126033,3.));
#8196=CARTESIAN_POINT('',(21.1560530907725,-19.7800300129943,3.));
#8197=CARTESIAN_POINT('',(23.7399627872421,-19.7800300129943,3.));
#8198=CARTESIAN_POINT('',(20.7052126230724,-20.4895531536873,3.));
#8199=CARTESIAN_POINT('',(21.1560530907725,-19.7800300129943,3.));
#8200=CARTESIAN_POINT('',(14.4779912394365,-20.4895531536873,3.));
#8201=CARTESIAN_POINT('',(20.7052126230724,-20.4895531536873,3.));
#8202=CARTESIAN_POINT('',(13.1716833908859,-21.7691573472585,3.));
#8203=CARTESIAN_POINT('',(14.4779912394365,-20.4895531536873,3.));
#8204=CARTESIAN_POINT('',(4.90122414553613,-21.7691573472585,3.));
#8205=CARTESIAN_POINT('',(13.1716833908859,-21.7691573472585,3.));
#8206=CARTESIAN_POINT('',(3.5153698361817,-20.3543820828818,3.));
#8207=CARTESIAN_POINT('',(4.90122414553613,-21.7691573472585,3.));
#8208=CARTESIAN_POINT('',(3.5153698361817,-18.5381381691392,3.));
#8209=CARTESIAN_POINT('',(3.5153698361817,-20.3543820828818,3.));
#8210=CARTESIAN_POINT('',(3.70533915364495,-18.5381381691392,3.));
#8211=CARTESIAN_POINT('',(3.5153698361817,-18.5381381691392,3.));
#8212=CARTESIAN_POINT('',(4.35996481502069,-17.8968944206268,3.));
#8213=CARTESIAN_POINT('',(3.70533915364495,-18.5381381691392,3.));
#8214=CARTESIAN_POINT('',(4.3599648150207,-15.1018055850225,3.));
#8215=CARTESIAN_POINT('',(4.35996481502069,-17.8968944206268,3.));
#8216=CARTESIAN_POINT('',(3.72407251699491,-14.4526430518601,3.));
#8217=CARTESIAN_POINT('',(4.35996481502069,-15.1018055850225,3.));
#8218=CARTESIAN_POINT('',(3.54007979287961,-14.4526430518601,3.));
#8219=CARTESIAN_POINT('',(3.72407251699491,-14.4526430518601,3.));
#8220=CARTESIAN_POINT('',(3.54007979287961,-11.9892338242215,3.));
#8221=CARTESIAN_POINT('',(3.54007979287961,-14.4526430518601,3.));
#8222=CARTESIAN_POINT('',(4.98324929355758,-10.5546885591025,3.));
#8223=CARTESIAN_POINT('',(3.54007979287961,-11.9892338242215,3.));
#8224=CARTESIAN_POINT('',(11.9695512035409,-10.5546885591025,3.));
#8225=CARTESIAN_POINT('',(4.98324929355758,-10.5546885591025,3.));
#8226=CARTESIAN_POINT('',(13.2175646202415,-9.34380153283973,3.));
#8227=CARTESIAN_POINT('',(11.9695512035409,-10.5546885591025,3.));
#8228=CARTESIAN_POINT('',(15.3168725433821,-9.34380153283973,3.));
#8229=CARTESIAN_POINT('',(13.2175646202415,-9.34380153283973,3.));
#8230=CARTESIAN_POINT('',(17.1076844543819,-11.102837033808,3.));
#8231=CARTESIAN_POINT('',(15.3168725433821,-9.34380153283973,3.));
#8232=CARTESIAN_POINT('',(19.826213457646,-11.1404452706379,3.));
#8233=CARTESIAN_POINT('',(17.1076844543819,-11.102837033808,3.));
#8234=CARTESIAN_POINT('',(19.826213457646,-11.2901487617544,3.));
#8235=CARTESIAN_POINT('',(19.826213457646,-11.1404452706379,3.));
#8236=CARTESIAN_POINT('',(19.826213457646,-11.2901487617544,3.));
#8237=CARTESIAN_POINT('Origin',(22.4096101384275,-7.67036685249644,2.49292893218812));
#8238=CARTESIAN_POINT('',(15.8477288222088,-7.66329578468456,2.5));
#8239=CARTESIAN_POINT('',(15.8477288222088,-7.16329578468455,3.));
#8240=CARTESIAN_POINT('',(28.9714914546461,-7.66329578468457,2.5));
#8241=CARTESIAN_POINT('',(15.8477288222088,-7.66329578468455,2.5));
#8242=CARTESIAN_POINT('',(28.9714914546461,-7.66329578468457,2.5));
#8243=CARTESIAN_POINT('Origin',(22.4096101384275,-7.66329578468456,2.51));
#8244=CARTESIAN_POINT('',(15.8477288222088,-7.66329578468456,2.));
#8245=CARTESIAN_POINT('',(15.8477288222088,-7.66329578468456,2.5));
#8246=CARTESIAN_POINT('',(28.9714914546461,-7.66329578468457,2.));
#8247=CARTESIAN_POINT('',(15.8477288222088,-7.66329578468455,2.));
#8248=CARTESIAN_POINT('',(28.9714914546461,-7.66329578468457,2.5));
#8249=CARTESIAN_POINT('Origin',(8.04426439204482,-7.67036685249642,2.49292893218812));
#8250=CARTESIAN_POINT('',(1.26209284093822,-7.66329578468454,2.5));
#8251=CARTESIAN_POINT('',(15.3264359431514,-7.66329578468456,2.5));
#8252=CARTESIAN_POINT('',(1.26209284093822,-7.66329578468454,2.5));
#8253=CARTESIAN_POINT('',(15.3264359431514,-7.66329578468456,2.5));
#8254=CARTESIAN_POINT('',(0.762092840938231,-7.16329578468454,3.));
#8255=CARTESIAN_POINT('Origin',(1.01209284093821,-24.1732957846845,2.75));
#8256=CARTESIAN_POINT('',(1.26209284093821,-23.6632957846845,2.5));
#8257=CARTESIAN_POINT('',(0.762092840938213,-24.1632957846845,3.));
#8258=CARTESIAN_POINT('',(1.26209284093821,-23.6632957846845,2.5));
#8259=CARTESIAN_POINT('Origin',(22.3937828968702,-24.1703668524964,3.00707106781189));
#8260=CARTESIAN_POINT('',(43.525472952802,-23.6632957846846,2.5));
#8261=CARTESIAN_POINT('',(43.525472952802,-23.6632957846846,2.5));
#8262=CARTESIAN_POINT('',(44.0254729528021,-24.1632957846846,3.));
#8263=CARTESIAN_POINT('Origin',(43.7754729528021,-24.1732957846846,2.75));
#8264=CARTESIAN_POINT('',(43.5254729528021,-7.66329578468458,2.5));
#8265=CARTESIAN_POINT('',(43.5254729528021,-7.66329578468458,2.5));
#8266=CARTESIAN_POINT('',(44.0254729528021,-7.16329578468458,3.));
#8267=CARTESIAN_POINT('Origin',(36.7573047302336,-7.67036685249645,2.49292893218812));
#8268=CARTESIAN_POINT('',(29.4891365076651,-7.66329578468457,2.5));
#8269=CARTESIAN_POINT('',(29.4891365076651,-7.16329578468457,3.));
#8270=CARTESIAN_POINT('',(29.4891365076651,-7.66329578468457,2.5));
#8271=CARTESIAN_POINT('Origin',(8.29426439204481,-7.66329578468455,2.51));
#8272=CARTESIAN_POINT('',(1.26209284093822,-7.66329578468454,2.));
#8273=CARTESIAN_POINT('',(1.26209284093822,-7.66329578468454,2.5));
#8274=CARTESIAN_POINT('',(15.3264359431514,-7.66329578468456,2.));
#8275=CARTESIAN_POINT('',(1.26209284093822,-7.66329578468454,2.));
#8276=CARTESIAN_POINT('',(15.3264359431514,-7.66329578468456,2.5));
#8277=CARTESIAN_POINT('Origin',(1.26209284093822,-15.6632957846845,2.51));
#8278=CARTESIAN_POINT('',(1.26209284093821,-23.6632957846845,2.));
#8279=CARTESIAN_POINT('',(1.26209284093821,-23.6632957846845,2.5));
#8280=CARTESIAN_POINT('',(1.26209284093821,-23.6632957846845,2.));
#8281=CARTESIAN_POINT('Origin',(22.3937828968701,-23.6632957846845,2.51));
#8282=CARTESIAN_POINT('',(43.525472952802,-23.6632957846846,2.));
#8283=CARTESIAN_POINT('',(43.525472952802,-23.6632957846846,2.5));
#8284=CARTESIAN_POINT('',(43.525472952802,-23.6632957846846,2.));
#8285=CARTESIAN_POINT('Origin',(43.525472952802,-15.6632957846846,2.51));
#8286=CARTESIAN_POINT('',(43.5254729528021,-7.66329578468458,2.));
#8287=CARTESIAN_POINT('',(43.5254729528021,-7.66329578468458,2.5));
#8288=CARTESIAN_POINT('',(43.5254729528021,-7.66329578468458,2.));
#8289=CARTESIAN_POINT('Origin',(36.5073047302336,-7.66329578468458,2.51));
#8290=CARTESIAN_POINT('',(29.4891365076651,-7.66329578468457,2.));
#8291=CARTESIAN_POINT('',(29.4891365076651,-7.66329578468457,2.5));
#8292=CARTESIAN_POINT('',(29.4891365076651,-7.66329578468457,2.));
#8293=CARTESIAN_POINT('Origin',(25.4560914782884,-16.5450117327779,3.01));
#8294=CARTESIAN_POINT('',(25.1028819245808,-16.5450117327779,3.));
#8295=CARTESIAN_POINT('',(25.8093010319959,-16.5450117327779,3.));
#8296=CARTESIAN_POINT('',(25.1028819245808,-16.5450117327779,3.));
#8297=CARTESIAN_POINT('',(25.1028819245808,-16.5450117327779,2.));
#8298=CARTESIAN_POINT('',(25.1028819245808,-16.5450117327779,3.));
#8299=CARTESIAN_POINT('',(25.8093010319959,-16.5450117327779,2.));
#8300=CARTESIAN_POINT('',(25.1028819245808,-16.5450117327779,2.));
#8301=CARTESIAN_POINT('',(25.8093010319959,-16.5450117327779,3.));
#8302=CARTESIAN_POINT('Origin',(25.1028819245808,-17.0622114364211,3.01));
#8303=CARTESIAN_POINT('',(25.1028819245808,-17.5794111400643,3.));
#8304=CARTESIAN_POINT('',(25.1028819245808,-17.5794111400643,3.));
#8305=CARTESIAN_POINT('',(25.1028819245808,-17.5794111400643,2.));
#8306=CARTESIAN_POINT('',(25.1028819245808,-17.5794111400643,3.));
#8307=CARTESIAN_POINT('',(25.1028819245808,-17.5794111400643,2.));
#8308=CARTESIAN_POINT('Origin',(25.4560914782884,-17.5794111400643,3.01));
#8309=CARTESIAN_POINT('',(25.8093010319959,-17.5794111400643,3.));
#8310=CARTESIAN_POINT('',(25.8093010319959,-17.5794111400643,3.));
#8311=CARTESIAN_POINT('',(25.8093010319959,-17.5794111400643,2.));
#8312=CARTESIAN_POINT('',(25.8093010319959,-17.5794111400643,3.));
#8313=CARTESIAN_POINT('',(25.8093010319959,-17.5794111400643,2.));
#8314=CARTESIAN_POINT('Origin',(25.8093010319959,-17.0622114364211,3.01));
#8315=CARTESIAN_POINT('',(25.8093010319959,-16.5450117327779,3.));
#8316=CARTESIAN_POINT('',(25.8093010319959,-16.5450117327779,2.));
#8317=CARTESIAN_POINT('Origin',(25.4560914782884,-17.5894111400643,2.));
#8318=CARTESIAN_POINT('Origin',(24.4871330174302,-10.8517222811438,3.01));
#8319=CARTESIAN_POINT('',(24.4871330174302,-10.6313395752718,2.));
#8320=CARTESIAN_POINT('',(24.4871330174302,-10.6313395752718,3.));
#8321=CARTESIAN_POINT('',(24.4871330174302,-11.0721049870157,2.));
#8322=CARTESIAN_POINT('',(24.4871330174302,-10.6313395752718,2.));
#8323=CARTESIAN_POINT('',(24.4871330174302,-11.0721049870157,3.));
#8324=CARTESIAN_POINT('Origin',(24.3284003671912,-10.4754234987603,3.01));
#8325=CARTESIAN_POINT('',(24.1696677169522,-10.3195074222488,2.));
#8326=CARTESIAN_POINT('',(24.1696677169522,-10.3195074222488,3.));
#8327=CARTESIAN_POINT('',(24.1696677169522,-10.3195074222488,2.));
#8328=CARTESIAN_POINT('Origin',(22.4069237770357,-10.3195074222488,3.01));
#8329=CARTESIAN_POINT('',(20.6441798371192,-10.3195074222488,2.));
#8330=CARTESIAN_POINT('',(20.6441798371192,-10.3195074222488,3.));
#8331=CARTESIAN_POINT('',(20.6441798371192,-10.3195074222488,2.));
#8332=CARTESIAN_POINT('Origin',(20.4740789736131,-10.4845360450195,3.01));
#8333=CARTESIAN_POINT('',(20.3039781101069,-10.6495646677903,2.));
#8334=CARTESIAN_POINT('',(20.3039781101069,-10.6495646677903,3.));
#8335=CARTESIAN_POINT('',(20.3039781101069,-10.6495646677903,2.));
#8336=CARTESIAN_POINT('Origin',(20.3039781101069,-10.850040685494,3.01));
#8337=CARTESIAN_POINT('',(20.3039781101069,-11.0505167031976,2.));
#8338=CARTESIAN_POINT('',(20.3039781101069,-11.0505167031976,3.));
#8339=CARTESIAN_POINT('',(20.3039781101069,-11.0505167031976,2.));
#8340=CARTESIAN_POINT('Origin',(20.4647662575437,-11.2084518038853,3.01));
#8341=CARTESIAN_POINT('',(20.6255544049806,-11.3663869045728,2.));
#8342=CARTESIAN_POINT('',(20.6255544049806,-11.3663869045728,3.));
#8343=CARTESIAN_POINT('',(20.6255544049806,-11.3663869045728,2.));
#8344=CARTESIAN_POINT('Origin',(22.411813641605,-11.3663869045728,3.01));
#8345=CARTESIAN_POINT('',(24.1980728782294,-11.3663869045728,2.));
#8346=CARTESIAN_POINT('',(24.1980728782294,-11.3663869045728,3.));
#8347=CARTESIAN_POINT('',(24.1980728782294,-11.3663869045728,2.));
#8348=CARTESIAN_POINT('Origin',(24.3426029478298,-11.2192459457943,3.01));
#8349=CARTESIAN_POINT('',(24.4871330174302,-11.0721049870157,2.));
#8350=CARTESIAN_POINT('Origin',(22.3955555637685,-11.3763869045728,2.));
#8351=CARTESIAN_POINT('Origin',(15.8477288222088,-8.15442165109712,3.01));
#8352=CARTESIAN_POINT('',(15.8477288222088,-9.14554751750968,2.));
#8353=CARTESIAN_POINT('',(15.8477288222088,-9.14554751750968,3.));
#8354=CARTESIAN_POINT('',(15.8477288222088,-9.14554751750968,2.));
#8355=CARTESIAN_POINT('Origin',(16.5949716991693,-9.86746317735088,3.01));
#8356=CARTESIAN_POINT('',(17.3422145761298,-10.5893788371921,2.));
#8357=CARTESIAN_POINT('',(17.3422145761298,-10.5893788371921,3.));
#8358=CARTESIAN_POINT('',(17.3422145761298,-10.5893788371921,2.));
#8359=CARTESIAN_POINT('Origin',(18.5681582908667,-10.5893788371921,3.01));
#8360=CARTESIAN_POINT('',(19.7941020056035,-10.5893788371921,2.));
#8361=CARTESIAN_POINT('',(19.7941020056035,-10.5893788371921,3.));
#8362=CARTESIAN_POINT('',(19.7941020056035,-10.5893788371921,2.));
#8363=CARTESIAN_POINT('Origin',(19.7941020056035,-10.4979896143228,3.01));
#8364=CARTESIAN_POINT('',(19.7941020056035,-10.4066003914535,2.));
#8365=CARTESIAN_POINT('',(19.7941020056035,-10.4066003914535,3.));
#8366=CARTESIAN_POINT('',(19.7941020056035,-10.4066003914535,2.));
#8367=CARTESIAN_POINT('Origin',(20.1221797552755,-10.1147331808376,3.01));
#8368=CARTESIAN_POINT('',(20.4502575049475,-9.82286597022159,2.));
#8369=CARTESIAN_POINT('',(20.4502575049475,-9.82286597022159,3.));
#8370=CARTESIAN_POINT('',(20.4502575049475,-9.82286597022159,2.));
#8371=CARTESIAN_POINT('Origin',(22.415829325526,-9.8228659702216,3.01));
#8372=CARTESIAN_POINT('',(24.3814011461044,-9.8228659702216,2.));
#8373=CARTESIAN_POINT('',(24.3814011461044,-9.8228659702216,3.));
#8374=CARTESIAN_POINT('',(24.3814011461044,-9.8228659702216,2.));
#8375=CARTESIAN_POINT('Origin',(24.6954585013215,-10.1165299906843,3.01));
#8376=CARTESIAN_POINT('',(25.0095158565386,-10.4101940111471,2.));
#8377=CARTESIAN_POINT('',(25.0095158565386,-10.4101940111471,3.));
#8378=CARTESIAN_POINT('',(25.0095158565386,-10.4101940111471,2.));
#8379=CARTESIAN_POINT('Origin',(25.0095158565386,-10.4997864241696,3.01));
#8380=CARTESIAN_POINT('',(25.0095158565386,-10.5893788371921,2.));
#8381=CARTESIAN_POINT('',(25.0095158565386,-10.5893788371921,3.));
#8382=CARTESIAN_POINT('',(25.0095158565386,-10.5893788371921,2.));
#8383=CARTESIAN_POINT('Origin',(26.2737643514121,-10.5893788371921,3.01));
#8384=CARTESIAN_POINT('',(27.5380128462856,-10.5893788371921,2.));
#8385=CARTESIAN_POINT('',(27.5380128462856,-10.5893788371921,3.));
#8386=CARTESIAN_POINT('',(27.5380128462856,-10.5893788371921,2.));
#8387=CARTESIAN_POINT('Origin',(28.2547521504659,-9.82286597022162,3.01));
#8388=CARTESIAN_POINT('',(28.9714914546461,-9.05635310325105,2.));
#8389=CARTESIAN_POINT('',(28.9714914546461,-9.05635310325105,3.));
#8390=CARTESIAN_POINT('',(28.9714914546461,-9.05635310325105,2.));
#8391=CARTESIAN_POINT('Origin',(28.9714914546461,-8.10982444396781,3.01));
#8392=CARTESIAN_POINT('',(28.9714914546461,-7.66329578468457,2.));
#8393=CARTESIAN_POINT('Origin',(22.4096101384275,-10.5993788371921,2.));
#8394=CARTESIAN_POINT('Origin',(21.2431777033645,-20.8354297999225,3.01));
#8395=CARTESIAN_POINT('',(21.2431777033645,-21.0617697150702,2.));
#8396=CARTESIAN_POINT('',(21.2431777033645,-21.0617697150702,3.));
#8397=CARTESIAN_POINT('',(21.2431777033645,-20.6090898847748,2.));
#8398=CARTESIAN_POINT('',(21.2431777033645,-21.0617697150702,2.));
#8399=CARTESIAN_POINT('',(21.2431777033645,-20.6090898847748,3.));
#8400=CARTESIAN_POINT('Origin',(21.3296666397999,-21.2075943142807,3.01));
#8401=CARTESIAN_POINT('',(21.4161555762352,-21.3534189134911,2.));
#8402=CARTESIAN_POINT('',(21.4161555762352,-21.3534189134911,3.));
#8403=CARTESIAN_POINT('',(21.4161555762352,-21.3534189134911,2.));
#8404=CARTESIAN_POINT('Origin',(22.4251931679809,-21.3534189134911,3.01));
#8405=CARTESIAN_POINT('',(23.4342307597265,-21.3534189134911,2.));
#8406=CARTESIAN_POINT('',(23.4342307597265,-21.3534189134911,3.));
#8407=CARTESIAN_POINT('',(23.4342307597265,-21.3534189134911,2.));
#8408=CARTESIAN_POINT('Origin',(23.5285823267468,-21.2075943142806,3.01));
#8409=CARTESIAN_POINT('',(23.6229338937672,-21.0617697150702,2.));
#8410=CARTESIAN_POINT('',(23.6229338937672,-21.0617697150702,3.));
#8411=CARTESIAN_POINT('',(23.6229338937672,-21.0617697150702,2.));
#8412=CARTESIAN_POINT('Origin',(23.6229338937672,-20.8144627850291,3.01));
#8413=CARTESIAN_POINT('',(23.6229338937672,-20.567155854988,2.));
#8414=CARTESIAN_POINT('',(23.6229338937672,-20.567155854988,3.));
#8415=CARTESIAN_POINT('',(23.6229338937672,-20.567155854988,2.));
#8416=CARTESIAN_POINT('Origin',(23.5207196961618,-20.4308702581808,3.01));
#8417=CARTESIAN_POINT('',(23.4185054985564,-20.2945846613736,2.));
#8418=CARTESIAN_POINT('',(23.4185054985564,-20.2945846613736,3.));
#8419=CARTESIAN_POINT('',(23.4185054985564,-20.2945846613736,2.));
#8420=CARTESIAN_POINT('Origin',(22.4304349217042,-20.2945846613736,3.01));
#8421=CARTESIAN_POINT('',(21.442364344852,-20.2945846613736,2.));
#8422=CARTESIAN_POINT('',(21.442364344852,-20.2945846613736,3.));
#8423=CARTESIAN_POINT('',(21.442364344852,-20.2945846613736,2.));
#8424=CARTESIAN_POINT('Origin',(21.3427710241083,-20.4518372730741,3.01));
#8425=CARTESIAN_POINT('',(21.2431777033645,-20.6090898847748,2.));
#8426=CARTESIAN_POINT('Origin',(22.4330557985659,-21.363418913491,2.));
#8427=CARTESIAN_POINT('Origin',(21.5054153405821,-17.5928699299472,3.01));
#8428=CARTESIAN_POINT('',(21.8848895185034,-17.5928699299472,3.));
#8429=CARTESIAN_POINT('',(21.1259411626608,-17.5928699299472,3.));
#8430=CARTESIAN_POINT('',(21.8848895185034,-17.5928699299472,3.));
#8431=CARTESIAN_POINT('',(21.8848895185034,-17.5928699299472,2.));
#8432=CARTESIAN_POINT('',(21.8848895185034,-17.5928699299472,3.));
#8433=CARTESIAN_POINT('',(21.1259411626608,-17.5928699299472,2.));
#8434=CARTESIAN_POINT('',(21.8848895185034,-17.5928699299472,2.));
#8435=CARTESIAN_POINT('',(21.1259411626608,-17.5928699299472,3.));
#8436=CARTESIAN_POINT('Origin',(21.8848895185034,-17.0654008226365,3.01));
#8437=CARTESIAN_POINT('',(21.8848895185034,-16.5379317153259,3.));
#8438=CARTESIAN_POINT('',(21.8848895185034,-16.5379317153259,3.));
#8439=CARTESIAN_POINT('',(21.8848895185034,-16.5379317153259,2.));
#8440=CARTESIAN_POINT('',(21.8848895185034,-16.5379317153259,3.));
#8441=CARTESIAN_POINT('',(21.8848895185034,-16.5379317153259,2.));
#8442=CARTESIAN_POINT('Origin',(21.5054153405821,-16.5379317153259,3.01));
#8443=CARTESIAN_POINT('',(21.1259411626608,-16.5379317153259,3.));
#8444=CARTESIAN_POINT('',(21.1259411626608,-16.5379317153259,3.));
#8445=CARTESIAN_POINT('',(21.1259411626608,-16.5379317153259,2.));
#8446=CARTESIAN_POINT('',(21.1259411626608,-16.5379317153259,3.));
#8447=CARTESIAN_POINT('',(21.1259411626608,-16.5379317153259,2.));
#8448=CARTESIAN_POINT('Origin',(21.1259411626608,-17.0654008226365,3.01));
#8449=CARTESIAN_POINT('',(21.1259411626608,-17.5928699299472,3.));
#8450=CARTESIAN_POINT('',(21.1259411626608,-17.5928699299472,2.));
#8451=CARTESIAN_POINT('Origin',(21.5054153405821,-17.6028699299472,2.));
#8452=CARTESIAN_POINT('Origin',(29.7030172544697,-17.0622194037471,3.01));
#8453=CARTESIAN_POINT('',(29.7030172544697,-16.5379348059632,3.));
#8454=CARTESIAN_POINT('',(29.7030172544697,-17.5865040015309,3.));
#8455=CARTESIAN_POINT('',(29.7030172544697,-16.5379348059632,3.));
#8456=CARTESIAN_POINT('',(29.7030172544697,-16.5379348059632,2.));
#8457=CARTESIAN_POINT('',(29.7030172544697,-16.5379348059632,3.));
#8458=CARTESIAN_POINT('',(29.7030172544697,-17.5865040015309,2.));
#8459=CARTESIAN_POINT('',(29.7030172544697,-16.5379348059632,2.));
#8460=CARTESIAN_POINT('',(29.7030172544697,-17.5865040015309,3.));
#8461=CARTESIAN_POINT('Origin',(29.3422709715909,-16.5379348059632,3.01));
#8462=CARTESIAN_POINT('',(28.9815246887121,-16.5379348059632,3.));
#8463=CARTESIAN_POINT('',(28.9815246887121,-16.5379348059632,3.));
#8464=CARTESIAN_POINT('',(28.9815246887121,-16.5379348059632,2.));
#8465=CARTESIAN_POINT('',(28.9815246887121,-16.5379348059632,3.));
#8466=CARTESIAN_POINT('',(28.9815246887121,-16.5379348059632,2.));
#8467=CARTESIAN_POINT('Origin',(28.9815246887121,-17.0622194037471,3.01));
#8468=CARTESIAN_POINT('',(28.9815246887121,-17.5865040015309,3.));
#8469=CARTESIAN_POINT('',(28.9815246887121,-17.5865040015309,3.));
#8470=CARTESIAN_POINT('',(28.9815246887121,-17.5865040015309,2.));
#8471=CARTESIAN_POINT('',(28.9815246887121,-17.5865040015309,3.));
#8472=CARTESIAN_POINT('',(28.9815246887121,-17.5865040015309,2.));
#8473=CARTESIAN_POINT('Origin',(29.3422709715909,-17.5865040015309,3.01));
#8474=CARTESIAN_POINT('',(29.7030172544697,-17.5865040015309,3.));
#8475=CARTESIAN_POINT('',(29.7030172544697,-17.5865040015309,2.));
#8476=CARTESIAN_POINT('Origin',(29.3422709715909,-17.5965040015309,2.));
#8477=CARTESIAN_POINT('Origin',(41.8775804342185,-17.8692800402499,3.01));
#8478=CARTESIAN_POINT('',(42.0336512939424,-17.7163995941753,2.));
#8479=CARTESIAN_POINT('',(42.0336512939424,-17.7163995941753,3.));
#8480=CARTESIAN_POINT('',(41.7215095744945,-18.0221604863243,2.));
#8481=CARTESIAN_POINT('',(42.0336512939424,-17.7163995941753,2.));
#8482=CARTESIAN_POINT('',(41.7215095744945,-18.0221604863243,3.));
#8483=CARTESIAN_POINT('Origin',(42.0336512939424,-16.5406500075511,3.01));
#8484=CARTESIAN_POINT('',(42.0336512939424,-15.3649004209268,2.));
#8485=CARTESIAN_POINT('',(42.0336512939424,-15.3649004209268,3.));
#8486=CARTESIAN_POINT('',(42.0336512939424,-15.3649004209268,2.));
#8487=CARTESIAN_POINT('Origin',(41.8780402575893,-15.2060419870998,3.01));
#8488=CARTESIAN_POINT('',(41.7224292212361,-15.0471835532727,2.));
#8489=CARTESIAN_POINT('',(41.7224292212361,-15.0471835532727,3.));
#8490=CARTESIAN_POINT('',(41.7224292212361,-15.0471835532727,2.));
#8491=CARTESIAN_POINT('Origin',(41.5127781528894,-15.0471835532727,3.01));
#8492=CARTESIAN_POINT('',(41.3031270845426,-15.0471835532727,2.));
#8493=CARTESIAN_POINT('',(41.3031270845426,-15.0471835532727,3.));
#8494=CARTESIAN_POINT('',(41.3031270845426,-15.0471835532727,2.));
#8495=CARTESIAN_POINT('Origin',(41.1508151130675,-15.1980300536686,3.01));
#8496=CARTESIAN_POINT('',(40.9985031415924,-15.3488765540644,2.));
#8497=CARTESIAN_POINT('',(40.9985031415924,-15.3488765540644,3.));
#8498=CARTESIAN_POINT('',(40.9985031415924,-15.3488765540644,2.));
#8499=CARTESIAN_POINT('Origin',(40.9985031415924,-16.5326380741199,3.01));
#8500=CARTESIAN_POINT('',(40.9985031415924,-17.7163995941753,2.));
#8501=CARTESIAN_POINT('',(40.9985031415924,-17.7163995941753,3.));
#8502=CARTESIAN_POINT('',(40.9985031415924,-17.7163995941753,2.));
#8503=CARTESIAN_POINT('Origin',(41.1482583927218,-17.8692800402498,3.01));
#8504=CARTESIAN_POINT('',(41.2980136438512,-18.0221604863243,2.));
#8505=CARTESIAN_POINT('',(41.2980136438512,-18.0221604863243,3.));
#8506=CARTESIAN_POINT('',(41.2980136438512,-18.0221604863243,2.));
#8507=CARTESIAN_POINT('Origin',(41.5097616091728,-18.0221604863243,3.01));
#8508=CARTESIAN_POINT('',(41.7215095744945,-18.0221604863243,2.));
#8509=CARTESIAN_POINT('Origin',(41.5160772177674,-18.0321604863243,2.));
#8510=CARTESIAN_POINT('Origin',(32.4855049876409,-9.42436677230336,3.01));
#8511=CARTESIAN_POINT('',(33.1126518787986,-10.0312935427491,2.));
#8512=CARTESIAN_POINT('',(33.1126518787986,-10.0312935427491,3.));
#8513=CARTESIAN_POINT('',(31.8583580964832,-8.81744000185764,2.));
#8514=CARTESIAN_POINT('',(33.1126518787986,-10.0312935427491,2.));
#8515=CARTESIAN_POINT('',(31.8583580964832,-8.81744000185764,3.));
#8516=CARTESIAN_POINT('Origin',(36.6172356203855,-10.0312935427491,3.01));
#8517=CARTESIAN_POINT('',(40.1218193619724,-10.0312935427491,2.));
#8518=CARTESIAN_POINT('',(40.1218193619724,-10.0312935427491,3.));
#8519=CARTESIAN_POINT('',(40.1218193619724,-10.0312935427491,2.));
#8520=CARTESIAN_POINT('Origin',(40.9899820625706,-10.9175736560122,3.01));
#8521=CARTESIAN_POINT('',(41.8581447631687,-11.8038537692754,2.));
#8522=CARTESIAN_POINT('',(41.8581447631687,-11.8038537692754,3.));
#8523=CARTESIAN_POINT('',(41.8581447631687,-11.8038537692754,2.));
#8524=CARTESIAN_POINT('Origin',(41.8116066704422,-13.1732987754545,3.01));
#8525=CARTESIAN_POINT('',(41.7650685777156,-14.5427437816336,2.));
#8526=CARTESIAN_POINT('',(41.7650685777156,-14.5427437816336,3.));
#8527=CARTESIAN_POINT('',(41.7650685777156,-14.5427437816336,2.));
#8528=CARTESIAN_POINT('Origin',(41.8581447631687,-14.5427437816336,3.01));
#8529=CARTESIAN_POINT('',(41.9512209486219,-14.5427437816336,2.));
#8530=CARTESIAN_POINT('',(41.9512209486219,-14.5427437816336,3.));
#8531=CARTESIAN_POINT('',(41.9512209486219,-14.5427437816336,2.));
#8532=CARTESIAN_POINT('Origin',(42.238346950712,-14.8358617253991,3.01));
#8533=CARTESIAN_POINT('',(42.5254729528021,-15.1289796691645,2.));
#8534=CARTESIAN_POINT('',(42.5254729528021,-15.1289796691645,3.));
#8535=CARTESIAN_POINT('',(42.5254729528021,-15.1289796691645,2.));
#8536=CARTESIAN_POINT('Origin',(42.5254729528021,-16.5494351503921,3.01));
#8537=CARTESIAN_POINT('',(42.5254729528021,-17.9698906316197,2.));
#8538=CARTESIAN_POINT('',(42.5254729528021,-17.9698906316197,3.));
#8539=CARTESIAN_POINT('',(42.5254729528021,-17.9698906316197,2.));
#8540=CARTESIAN_POINT('Origin',(42.2253580540135,-18.2638705563895,3.01));
#8541=CARTESIAN_POINT('',(41.9252431552249,-18.5578504811592,2.));
#8542=CARTESIAN_POINT('',(41.9252431552249,-18.5578504811592,3.));
#8543=CARTESIAN_POINT('',(41.9252431552249,-18.5578504811592,2.));
#8544=CARTESIAN_POINT('Origin',(41.8603467167275,-18.5578504811592,3.01));
#8545=CARTESIAN_POINT('',(41.7954502782301,-18.5578504811592,2.));
#8546=CARTESIAN_POINT('',(41.7954502782301,-18.5578504811592,3.));
#8547=CARTESIAN_POINT('',(41.7954502782301,-18.5578504811592,2.));
#8548=CARTESIAN_POINT('Origin',(41.7954502782301,-19.5798523993577,3.01));
#8549=CARTESIAN_POINT('',(41.7954502782301,-20.6018543175561,2.));
#8550=CARTESIAN_POINT('',(41.7954502782301,-20.6018543175561,3.));
#8551=CARTESIAN_POINT('',(41.7954502782301,-20.6018543175561,2.));
#8552=CARTESIAN_POINT('Origin',(40.9463749339601,-21.43357279218,3.01));
#8553=CARTESIAN_POINT('',(40.0972995896901,-22.265291266804,2.));
#8554=CARTESIAN_POINT('',(40.0972995896901,-22.265291266804,3.));
#8555=CARTESIAN_POINT('',(40.0972995896901,-22.265291266804,2.));
#8556=CARTESIAN_POINT('Origin',(35.7284090725179,-22.265291266804,3.01));
#8557=CARTESIAN_POINT('',(31.3595185553456,-22.265291266804,2.));
#8558=CARTESIAN_POINT('',(31.3595185553456,-22.265291266804,3.));
#8559=CARTESIAN_POINT('',(31.3595185553456,-22.265291266804,2.));
#8560=CARTESIAN_POINT('Origin',(30.7215514245644,-21.614010601858,3.01));
#8561=CARTESIAN_POINT('',(30.0835842937831,-20.9627299369119,2.));
#8562=CARTESIAN_POINT('',(30.0835842937831,-20.9627299369119,3.));
#8563=CARTESIAN_POINT('',(30.0835842937831,-20.9627299369119,2.));
#8564=CARTESIAN_POINT('Origin',(27.116593470301,-20.9627299369119,3.01));
#8565=CARTESIAN_POINT('',(24.1496026468189,-20.9627299369119,2.));
#8566=CARTESIAN_POINT('',(24.1496026468189,-20.9627299369119,3.));
#8567=CARTESIAN_POINT('',(24.1496026468189,-20.9627299369119,2.));
#8568=CARTESIAN_POINT('Origin',(24.1496026468189,-21.0961232573136,3.01));
#8569=CARTESIAN_POINT('',(24.1496026468189,-21.2295165777154,2.));
#8570=CARTESIAN_POINT('',(24.1496026468189,-21.2295165777154,3.));
#8571=CARTESIAN_POINT('',(24.1496026468189,-21.2295165777154,2.));
#8572=CARTESIAN_POINT('Origin',(23.9474915553011,-21.5448098804833,3.01));
#8573=CARTESIAN_POINT('',(23.7453804637832,-21.8601031832511,2.));
#8574=CARTESIAN_POINT('',(23.7453804637832,-21.8601031832511,3.));
#8575=CARTESIAN_POINT('',(23.7453804637832,-21.8601031832511,2.));
#8576=CARTESIAN_POINT('Origin',(22.4357005907475,-21.8601031832511,3.01));
#8577=CARTESIAN_POINT('',(21.1260207177118,-21.8601031832511,2.));
#8578=CARTESIAN_POINT('',(21.1260207177118,-21.8601031832511,3.));
#8579=CARTESIAN_POINT('',(21.1260207177118,-21.8601031832511,2.));
#8580=CARTESIAN_POINT('Origin',(20.9044307293605,-21.5475368885965,3.01));
#8581=CARTESIAN_POINT('',(20.6828407410094,-21.2349705939419,2.));
#8582=CARTESIAN_POINT('',(20.6828407410094,-21.2349705939419,3.));
#8583=CARTESIAN_POINT('',(20.6828407410094,-21.2349705939419,2.));
#8584=CARTESIAN_POINT('Origin',(20.6828407410094,-21.1483701545061,3.01));
#8585=CARTESIAN_POINT('',(20.6828407410094,-21.0617697150702,2.));
#8586=CARTESIAN_POINT('',(20.6828407410094,-21.0617697150702,3.));
#8587=CARTESIAN_POINT('',(20.6828407410094,-21.0617697150702,2.));
#8588=CARTESIAN_POINT('Origin',(17.657255613244,-21.0617697150702,3.01));
#8589=CARTESIAN_POINT('',(14.6316704854785,-21.0617697150702,2.));
#8590=CARTESIAN_POINT('',(14.6316704854785,-21.0617697150702,3.));
#8591=CARTESIAN_POINT('',(14.6316704854785,-21.0617697150702,2.));
#8592=CARTESIAN_POINT('Origin',(14.0274064790434,-21.6536813058307,3.01));
#8593=CARTESIAN_POINT('',(13.4231424726083,-22.2455928965911,2.));
#8594=CARTESIAN_POINT('',(13.4231424726083,-22.2455928965911,3.));
#8595=CARTESIAN_POINT('',(13.4231424726083,-22.2455928965911,2.));
#8596=CARTESIAN_POINT('Origin',(9.0456293809449,-22.2455928965911,3.01));
#8597=CARTESIAN_POINT('',(4.66811628928151,-22.2455928965911,2.));
#8598=CARTESIAN_POINT('',(4.66811628928151,-22.2455928965911,3.));
#8599=CARTESIAN_POINT('',(4.66811628928151,-22.2455928965911,2.));
#8600=CARTESIAN_POINT('Origin',(3.83421896522379,-21.3942932331681,3.01));
#8601=CARTESIAN_POINT('',(3.00032164116606,-20.542993569745,2.));
#8602=CARTESIAN_POINT('',(3.00032164116606,-20.542993569745,3.));
#8603=CARTESIAN_POINT('',(3.00032164116606,-20.542993569745,2.));
#8604=CARTESIAN_POINT('Origin',(3.00032164116606,-19.5549553727186,3.01));
#8605=CARTESIAN_POINT('',(3.00032164116606,-18.5669171756923,2.));
#8606=CARTESIAN_POINT('',(3.00032164116606,-18.5669171756923,3.));
#8607=CARTESIAN_POINT('',(3.00032164116606,-18.5669171756923,2.));
#8608=CARTESIAN_POINT('Origin',(2.94238418720665,-18.5669171756923,3.01));
#8609=CARTESIAN_POINT('',(2.88444673324724,-18.5669171756923,2.));
#8610=CARTESIAN_POINT('',(2.88444673324724,-18.5669171756923,3.));
#8611=CARTESIAN_POINT('',(2.88444673324724,-18.5669171756923,2.));
#8612=CARTESIAN_POINT('Origin',(2.57326978709273,-18.2538694880914,3.01));
#8613=CARTESIAN_POINT('',(2.26209284093822,-17.9408218004905,2.));
#8614=CARTESIAN_POINT('',(2.26209284093822,-17.9408218004905,3.));
#8615=CARTESIAN_POINT('',(2.26209284093822,-17.9408218004905,2.));
#8616=CARTESIAN_POINT('Origin',(2.26209284093822,-16.5143136832403,3.01));
#8617=CARTESIAN_POINT('',(2.26209284093822,-15.08780556599,2.));
#8618=CARTESIAN_POINT('',(2.26209284093822,-15.08780556599,3.));
#8619=CARTESIAN_POINT('',(2.26209284093822,-15.08780556599,2.));
#8620=CARTESIAN_POINT('Origin',(2.554623737324,-14.7970228047731,3.01));
#8621=CARTESIAN_POINT('',(2.84715463370978,-14.5062400435561,2.));
#8622=CARTESIAN_POINT('',(2.84715463370978,-14.5062400435561,3.));
#8623=CARTESIAN_POINT('',(2.84715463370978,-14.5062400435561,2.));
#8624=CARTESIAN_POINT('Origin',(2.93477054615003,-14.5062400435561,3.01));
#8625=CARTESIAN_POINT('',(3.02238645859028,-14.5062400435561,2.));
#8626=CARTESIAN_POINT('',(3.02238645859028,-14.5062400435561,3.));
#8627=CARTESIAN_POINT('',(3.02238645859028,-14.5062400435561,2.));
#8628=CARTESIAN_POINT('Origin',(3.02238645859028,-13.1230901965053,3.01));
#8629=CARTESIAN_POINT('',(3.02238645859028,-11.7399403494545,2.));
#8630=CARTESIAN_POINT('',(3.02238645859028,-11.7399403494545,3.));
#8631=CARTESIAN_POINT('',(3.02238645859028,-11.7399403494545,2.));
#8632=CARTESIAN_POINT('Origin',(3.88223905378773,-10.8852261467491,3.01));
#8633=CARTESIAN_POINT('',(4.74209164898518,-10.0305119440437,2.));
#8634=CARTESIAN_POINT('',(4.74209164898518,-10.0305119440437,3.));
#8635=CARTESIAN_POINT('',(4.74209164898518,-10.0305119440437,2.));
#8636=CARTESIAN_POINT('Origin',(8.20732562343571,-10.0726225624406,3.01));
#8637=CARTESIAN_POINT('',(11.6725595978863,-10.1147331808375,2.));
#8638=CARTESIAN_POINT('',(11.6725595978863,-10.1147331808375,3.));
#8639=CARTESIAN_POINT('',(11.6725595978863,-10.1147331808375,2.));
#8640=CARTESIAN_POINT('Origin',(12.3265887926398,-9.437758453331,3.01));
#8641=CARTESIAN_POINT('',(12.9806179873931,-8.76078372582446,2.));
#8642=CARTESIAN_POINT('',(12.9806179873931,-8.76078372582446,3.));
#8643=CARTESIAN_POINT('',(12.9806179873931,-8.76078372582446,2.));
#8644=CARTESIAN_POINT('Origin',(14.1535269652722,-8.76078372582446,3.01));
#8645=CARTESIAN_POINT('',(15.3264359431514,-8.76078372582446,2.));
#8646=CARTESIAN_POINT('',(15.3264359431514,-8.76078372582446,3.));
#8647=CARTESIAN_POINT('',(15.3264359431514,-8.76078372582446,2.));
#8648=CARTESIAN_POINT('Origin',(15.3264359431514,-7.96203975525451,3.01));
#8649=CARTESIAN_POINT('',(15.3264359431514,-7.66329578468456,2.));
#8650=CARTESIAN_POINT('Origin',(29.4891365076651,-7.99036789327111,3.01));
#8651=CARTESIAN_POINT('',(29.4891365076651,-8.81744000185764,2.));
#8652=CARTESIAN_POINT('',(29.4891365076651,-8.81744000185764,3.));
#8653=CARTESIAN_POINT('',(29.4891365076651,-8.81744000185764,2.));
#8654=CARTESIAN_POINT('Origin',(30.6737473020742,-8.81744000185764,3.01));
#8655=CARTESIAN_POINT('',(31.8583580964832,-8.81744000185764,2.));
#8656=CARTESIAN_POINT('Origin',(22.3937828968702,-23.6732957846846,2.));
#8657=CARTESIAN_POINT('Origin',(3.2747893493619,-15.0151248574416,3.01));
#8658=CARTESIAN_POINT('',(3.06251136216234,-15.0151248574416,2.));
#8659=CARTESIAN_POINT('',(3.06251136216234,-15.0151248574416,3.));
#8660=CARTESIAN_POINT('',(3.48706733656147,-15.0151248574416,2.));
#8661=CARTESIAN_POINT('',(3.06251136216234,-15.0151248574416,2.));
#8662=CARTESIAN_POINT('',(3.48706733656147,-15.0151248574416,3.));
#8663=CARTESIAN_POINT('Origin',(2.92272489848594,-15.1879797898755,3.01));
#8664=CARTESIAN_POINT('',(2.78293843480953,-15.3608347223094,2.));
#8665=CARTESIAN_POINT('',(2.78293843480953,-15.3608347223094,3.));
#8666=CARTESIAN_POINT('',(2.78293843480953,-15.3608347223094,2.));
#8667=CARTESIAN_POINT('Origin',(2.78293843480953,-16.5408359597455,3.01));
#8668=CARTESIAN_POINT('',(2.78293843480952,-17.7208371971816,2.));
#8669=CARTESIAN_POINT('',(2.78293843480952,-17.7208371971816,3.));
#8670=CARTESIAN_POINT('',(2.78293843480952,-17.7208371971816,2.));
#8671=CARTESIAN_POINT('Origin',(2.94092015453161,-17.8797686754077,3.01));
#8672=CARTESIAN_POINT('',(3.09890187425369,-18.0387001536338,2.));
#8673=CARTESIAN_POINT('',(3.09890187425369,-18.0387001536338,3.));
#8674=CARTESIAN_POINT('',(3.09890187425369,-18.0387001536338,2.));
#8675=CARTESIAN_POINT('Origin',(3.30968302047981,-18.0387001536338,3.01));
#8676=CARTESIAN_POINT('',(3.52046416670592,-18.0387001536338,2.));
#8677=CARTESIAN_POINT('',(3.52046416670592,-18.0387001536338,3.));
#8678=CARTESIAN_POINT('',(3.52046416670592,-18.0387001536338,2.));
#8679=CARTESIAN_POINT('Origin',(3.6776445334372,-17.8824590809406,3.01));
#8680=CARTESIAN_POINT('',(3.83482490016847,-17.7262180082474,2.));
#8681=CARTESIAN_POINT('',(3.83482490016847,-17.7262180082474,3.));
#8682=CARTESIAN_POINT('',(3.83482490016847,-17.7262180082474,2.));
#8683=CARTESIAN_POINT('Origin',(3.83482490016848,-16.5455955435125,3.01));
#8684=CARTESIAN_POINT('',(3.83482490016848,-15.3649730787775,2.));
#8685=CARTESIAN_POINT('',(3.83482490016848,-15.3649730787775,3.));
#8686=CARTESIAN_POINT('',(3.83482490016848,-15.3649730787775,2.));
#8687=CARTESIAN_POINT('Origin',(3.66094611836497,-15.1900489681096,3.01));
#8688=CARTESIAN_POINT('',(3.48706733656147,-15.0151248574416,2.));
#8689=CARTESIAN_POINT('Origin',(3.308881667489,-18.0487001536338,2.));
#8690=CARTESIAN_POINT('Origin',(17.1073096184739,-14.4735921874339,3.01));
#8691=CARTESIAN_POINT('',(16.3066191030599,-14.4735921874339,3.));
#8692=CARTESIAN_POINT('',(17.9080001338879,-14.4735921874339,3.));
#8693=CARTESIAN_POINT('',(16.3066191030599,-14.4735921874339,3.));
#8694=CARTESIAN_POINT('',(16.3066191030599,-14.4735921874339,2.));
#8695=CARTESIAN_POINT('',(16.3066191030599,-14.4735921874339,3.));
#8696=CARTESIAN_POINT('',(17.9080001338879,-14.4735921874339,2.));
#8697=CARTESIAN_POINT('',(16.3066191030599,-14.4735921874339,2.));
#8698=CARTESIAN_POINT('',(17.9080001338879,-14.4735921874339,3.));
#8699=CARTESIAN_POINT('Origin',(16.3066191030599,-15.0352139707575,3.01));
#8700=CARTESIAN_POINT('',(16.3066191030599,-15.596835754081,3.));
#8701=CARTESIAN_POINT('',(16.3066191030599,-15.596835754081,3.));
#8702=CARTESIAN_POINT('',(16.3066191030599,-15.596835754081,2.));
#8703=CARTESIAN_POINT('',(16.3066191030599,-15.596835754081,3.));
#8704=CARTESIAN_POINT('',(16.3066191030599,-15.596835754081,2.));
#8705=CARTESIAN_POINT('Origin',(17.1073096184739,-15.596835754081,3.01));
#8706=CARTESIAN_POINT('',(17.9080001338879,-15.596835754081,3.));
#8707=CARTESIAN_POINT('',(17.9080001338879,-15.596835754081,3.));
#8708=CARTESIAN_POINT('',(17.9080001338879,-15.596835754081,2.));
#8709=CARTESIAN_POINT('',(17.9080001338879,-15.596835754081,3.));
#8710=CARTESIAN_POINT('',(17.9080001338879,-15.596835754081,2.));
#8711=CARTESIAN_POINT('Origin',(17.9080001338879,-15.0352139707575,3.01));
#8712=CARTESIAN_POINT('',(17.9080001338879,-14.4735921874339,3.));
#8713=CARTESIAN_POINT('',(17.9080001338879,-14.4735921874339,2.));
#8714=CARTESIAN_POINT('Origin',(17.1073096184739,-15.606835754081,2.));
#8715=CARTESIAN_POINT('Origin',(30.7962689658229,-11.106520846264,3.01));
#8716=CARTESIAN_POINT('',(30.1406824715271,-11.106520846264,3.));
#8717=CARTESIAN_POINT('',(31.4518554601188,-11.106520846264,3.));
#8718=CARTESIAN_POINT('',(30.1406824715271,-11.106520846264,3.));
#8719=CARTESIAN_POINT('',(30.1406824715271,-11.106520846264,2.));
#8720=CARTESIAN_POINT('',(30.1406824715271,-11.106520846264,3.));
#8721=CARTESIAN_POINT('',(31.4518554601188,-11.106520846264,2.));
#8722=CARTESIAN_POINT('',(30.1406824715271,-11.106520846264,2.));
#8723=CARTESIAN_POINT('',(31.4518554601188,-11.106520846264,3.));
#8724=CARTESIAN_POINT('Origin',(30.1406824715271,-10.9725531713427,3.01));
#8725=CARTESIAN_POINT('',(30.1406824715271,-10.8385854964214,3.));
#8726=CARTESIAN_POINT('',(30.1406824715271,-10.8385854964214,3.));
#8727=CARTESIAN_POINT('',(30.1406824715271,-10.8385854964214,2.));
#8728=CARTESIAN_POINT('',(30.1406824715271,-10.8385854964214,3.));
#8729=CARTESIAN_POINT('',(30.1406824715271,-10.8385854964214,2.));
#8730=CARTESIAN_POINT('Origin',(30.7962689658229,-10.8385854964214,3.01));
#8731=CARTESIAN_POINT('',(31.4518554601188,-10.8385854964214,3.));
#8732=CARTESIAN_POINT('',(31.4518554601188,-10.8385854964214,3.));
#8733=CARTESIAN_POINT('',(31.4518554601188,-10.8385854964214,2.));
#8734=CARTESIAN_POINT('',(31.4518554601188,-10.8385854964214,3.));
#8735=CARTESIAN_POINT('',(31.4518554601188,-10.8385854964214,2.));
#8736=CARTESIAN_POINT('Origin',(31.4962858772483,-10.8397596606525,3.01));
#8737=CARTESIAN_POINT('',(31.5407162943778,-10.8409338248835,3.));
#8738=CARTESIAN_POINT('',(31.5407162943778,-10.8409338248835,3.));
#8739=CARTESIAN_POINT('',(31.5407162943778,-10.8409338248835,2.));
#8740=CARTESIAN_POINT('',(31.5407162943778,-10.8409338248835,3.));
#8741=CARTESIAN_POINT('',(31.5407162943778,-10.8409338248835,2.));
#8742=CARTESIAN_POINT('Origin',(31.9551964232554,-11.2673160699758,3.01));
#8743=CARTESIAN_POINT('',(32.3696765521329,-11.6936983150681,3.));
#8744=CARTESIAN_POINT('',(32.3696765521329,-11.6936983150681,3.));
#8745=CARTESIAN_POINT('',(32.3696765521329,-11.6936983150681,2.));
#8746=CARTESIAN_POINT('',(32.3696765521329,-11.6936983150681,3.));
#8747=CARTESIAN_POINT('',(32.3696765521329,-11.6936983150681,2.));
#8748=CARTESIAN_POINT('Origin',(35.6228107518713,-11.6936983150681,3.01));
#8749=CARTESIAN_POINT('',(38.8759449516096,-11.6936983150681,3.));
#8750=CARTESIAN_POINT('',(38.8759449516096,-11.6936983150681,3.));
#8751=CARTESIAN_POINT('',(38.8759449516096,-11.6936983150681,2.));
#8752=CARTESIAN_POINT('',(38.8759449516096,-11.6936983150681,3.));
#8753=CARTESIAN_POINT('',(38.8759449516096,-11.6936983150681,2.));
#8754=CARTESIAN_POINT('Origin',(38.8759449516096,-11.8102786960103,3.01));
#8755=CARTESIAN_POINT('',(38.8759449516096,-11.9268590769524,3.));
#8756=CARTESIAN_POINT('',(38.8759449516096,-11.9268590769524,3.));
#8757=CARTESIAN_POINT('',(38.8759449516096,-11.9268590769524,2.));
#8758=CARTESIAN_POINT('',(38.8759449516096,-11.9268590769524,3.));
#8759=CARTESIAN_POINT('',(38.8759449516096,-11.9268590769524,2.));
#8760=CARTESIAN_POINT('Origin',(35.6228107518713,-11.9268590769524,3.01));
#8761=CARTESIAN_POINT('',(32.3696765521329,-11.9268590769524,3.));
#8762=CARTESIAN_POINT('',(32.3696765521329,-11.9268590769524,3.));
#8763=CARTESIAN_POINT('',(32.3696765521329,-11.9268590769524,2.));
#8764=CARTESIAN_POINT('',(32.3696765521329,-11.9268590769524,3.));
#8765=CARTESIAN_POINT('',(32.3696765521329,-11.9268590769524,2.));
#8766=CARTESIAN_POINT('Origin',(32.3114625063799,-11.9288927705622,3.01));
#8767=CARTESIAN_POINT('',(32.2532484606269,-11.930926464172,3.));
#8768=CARTESIAN_POINT('',(32.2532484606269,-11.930926464172,3.));
#8769=CARTESIAN_POINT('',(32.2532484606269,-11.930926464172,2.));
#8770=CARTESIAN_POINT('',(32.2532484606269,-11.930926464172,3.));
#8771=CARTESIAN_POINT('',(32.2532484606269,-11.930926464172,2.));
#8772=CARTESIAN_POINT('Origin',(31.8525519603729,-11.518723655218,3.01));
#8773=CARTESIAN_POINT('',(31.4518554601188,-11.106520846264,3.));
#8774=CARTESIAN_POINT('',(31.4518554601188,-11.106520846264,2.));
#8775=CARTESIAN_POINT('Origin',(30.5688083333789,-18.1348383515067,3.01));
#8776=CARTESIAN_POINT('',(30.1455326948011,-18.5581139900845,3.));
#8777=CARTESIAN_POINT('',(30.9920839719567,-17.7115627129289,3.));
#8778=CARTESIAN_POINT('',(30.1455326948011,-18.5581139900845,3.));
#8779=CARTESIAN_POINT('',(30.1455326948011,-18.5581139900845,2.));
#8780=CARTESIAN_POINT('',(30.1455326948011,-18.5581139900845,3.));
#8781=CARTESIAN_POINT('',(30.9920839719567,-17.7115627129289,2.));
#8782=CARTESIAN_POINT('',(30.1455326948011,-18.5581139900845,2.));
#8783=CARTESIAN_POINT('',(30.9920839719567,-17.7115627129289,3.));
#8784=CARTESIAN_POINT('Origin',(28.9189953330131,-18.5581139900845,3.01));
#8785=CARTESIAN_POINT('',(27.6924579712251,-18.5581139900845,3.));
#8786=CARTESIAN_POINT('',(27.6924579712251,-18.5581139900845,3.));
#8787=CARTESIAN_POINT('',(27.6924579712251,-18.5581139900845,2.));
#8788=CARTESIAN_POINT('',(27.6924579712251,-18.5581139900845,3.));
#8789=CARTESIAN_POINT('',(27.6924579712251,-18.5581139900845,2.));
#8790=CARTESIAN_POINT('Origin',(27.6924579712251,-17.4806850918864,3.01));
#8791=CARTESIAN_POINT('',(27.6924579712251,-16.4032561936884,3.));
#8792=CARTESIAN_POINT('',(27.6924579712251,-16.4032561936884,3.));
#8793=CARTESIAN_POINT('',(27.6924579712251,-16.4032561936884,2.));
#8794=CARTESIAN_POINT('',(27.6924579712251,-16.4032561936884,3.));
#8795=CARTESIAN_POINT('',(27.6924579712251,-16.4032561936884,2.));
#8796=CARTESIAN_POINT('Origin',(28.1109236593645,-15.984790505549,3.01));
#8797=CARTESIAN_POINT('',(28.529389347504,-15.5663248174095,3.));
#8798=CARTESIAN_POINT('',(28.529389347504,-15.5663248174095,3.));
#8799=CARTESIAN_POINT('',(28.529389347504,-15.5663248174095,2.));
#8800=CARTESIAN_POINT('',(28.529389347504,-15.5663248174095,3.));
#8801=CARTESIAN_POINT('',(28.529389347504,-15.5663248174095,2.));
#8802=CARTESIAN_POINT('Origin',(29.7607366597304,-15.5663248174095,3.01));
#8803=CARTESIAN_POINT('',(30.9920839719567,-15.5663248174095,3.));
#8804=CARTESIAN_POINT('',(30.9920839719567,-15.5663248174095,3.));
#8805=CARTESIAN_POINT('',(30.9920839719567,-15.5663248174095,2.));
#8806=CARTESIAN_POINT('',(30.9920839719567,-15.5663248174095,3.));
#8807=CARTESIAN_POINT('',(30.9920839719567,-15.5663248174095,2.));
#8808=CARTESIAN_POINT('Origin',(30.9920839719567,-16.6389437651692,3.01));
#8809=CARTESIAN_POINT('',(30.9920839719567,-17.7115627129289,3.));
#8810=CARTESIAN_POINT('',(30.9920839719567,-17.7115627129289,2.));
#8811=CARTESIAN_POINT('Origin',(20.2721242623378,-15.9952836408984,3.01));
#8812=CARTESIAN_POINT('',(20.6933405998305,-15.5740673034057,3.));
#8813=CARTESIAN_POINT('',(19.8509079248451,-16.4164999783911,3.));
#8814=CARTESIAN_POINT('',(20.6933405998305,-15.5740673034057,3.));
#8815=CARTESIAN_POINT('',(20.6933405998305,-15.5740673034057,2.));
#8816=CARTESIAN_POINT('',(20.6933405998305,-15.5740673034057,3.));
#8817=CARTESIAN_POINT('',(19.8509079248451,-16.4164999783911,2.));
#8818=CARTESIAN_POINT('',(20.6933405998305,-15.5740673034057,2.));
#8819=CARTESIAN_POINT('',(19.8509079248451,-16.4164999783911,3.));
#8820=CARTESIAN_POINT('Origin',(21.9266316780748,-15.5740673034057,3.01));
#8821=CARTESIAN_POINT('',(23.1599227563191,-15.5740673034057,3.));
#8822=CARTESIAN_POINT('',(23.1599227563191,-15.5740673034057,3.));
#8823=CARTESIAN_POINT('',(23.1599227563191,-15.5740673034057,2.));
#8824=CARTESIAN_POINT('',(23.1599227563191,-15.5740673034057,3.));
#8825=CARTESIAN_POINT('',(23.1599227563191,-15.5740673034057,2.));
#8826=CARTESIAN_POINT('Origin',(23.1599227563191,-16.6479792269231,3.01));
#8827=CARTESIAN_POINT('',(23.1599227563191,-17.7218911504404,3.));
#8828=CARTESIAN_POINT('',(23.1599227563191,-17.7218911504404,3.));
#8829=CARTESIAN_POINT('',(23.1599227563191,-17.7218911504404,2.));
#8830=CARTESIAN_POINT('',(23.1599227563191,-17.7218911504404,3.));
#8831=CARTESIAN_POINT('',(23.1599227563191,-17.7218911504404,2.));
#8832=CARTESIAN_POINT('Origin',(22.7425011606056,-18.1393127461539,3.01));
#8833=CARTESIAN_POINT('',(22.3250795648922,-18.5567343418674,3.));
#8834=CARTESIAN_POINT('',(22.3250795648922,-18.5567343418674,3.));
#8835=CARTESIAN_POINT('',(22.3250795648922,-18.5567343418674,2.));
#8836=CARTESIAN_POINT('',(22.3250795648922,-18.5567343418674,3.));
#8837=CARTESIAN_POINT('',(22.3250795648922,-18.5567343418674,2.));
#8838=CARTESIAN_POINT('Origin',(21.0879937448687,-18.5567343418674,3.01));
#8839=CARTESIAN_POINT('',(19.8509079248451,-18.5567343418674,3.));
#8840=CARTESIAN_POINT('',(19.8509079248451,-18.5567343418674,3.));
#8841=CARTESIAN_POINT('',(19.8509079248451,-18.5567343418674,2.));
#8842=CARTESIAN_POINT('',(19.8509079248451,-18.5567343418674,3.));
#8843=CARTESIAN_POINT('',(19.8509079248451,-18.5567343418674,2.));
#8844=CARTESIAN_POINT('Origin',(19.8509079248451,-17.4866171601292,3.01));
#8845=CARTESIAN_POINT('',(19.8509079248451,-16.4164999783911,3.));
#8846=CARTESIAN_POINT('',(19.8509079248451,-16.4164999783911,2.));
#8847=CARTESIAN_POINT('Origin',(14.6613149543747,-10.9710660238131,3.01));
#8848=CARTESIAN_POINT('',(14.6613149543747,-11.1033407768592,3.));
#8849=CARTESIAN_POINT('',(14.6613149543747,-10.8387912707671,3.));
#8850=CARTESIAN_POINT('',(14.6613149543747,-11.1033407768592,3.));
#8851=CARTESIAN_POINT('',(14.6613149543747,-11.1033407768592,2.));
#8852=CARTESIAN_POINT('',(14.6613149543747,-11.1033407768592,3.));
#8853=CARTESIAN_POINT('',(14.6613149543747,-10.8387912707671,2.));
#8854=CARTESIAN_POINT('',(14.6613149543747,-11.1033407768592,2.));
#8855=CARTESIAN_POINT('',(14.6613149543747,-10.8387912707671,3.));
#8856=CARTESIAN_POINT('Origin',(14.0188375824367,-11.1033407768592,3.01));
#8857=CARTESIAN_POINT('',(13.3763602104987,-11.1033407768592,3.));
#8858=CARTESIAN_POINT('',(13.3763602104987,-11.1033407768592,3.));
#8859=CARTESIAN_POINT('',(13.3763602104987,-11.1033407768592,2.));
#8860=CARTESIAN_POINT('',(13.3763602104987,-11.1033407768592,3.));
#8861=CARTESIAN_POINT('',(13.3763602104987,-11.1033407768592,2.));
#8862=CARTESIAN_POINT('Origin',(12.9660885041677,-11.5214234784513,3.01));
#8863=CARTESIAN_POINT('',(12.5558167978366,-11.9395061800432,3.));
#8864=CARTESIAN_POINT('',(12.5558167978366,-11.9395061800432,3.));
#8865=CARTESIAN_POINT('',(12.5558167978366,-11.9395061800432,2.));
#8866=CARTESIAN_POINT('',(12.5558167978366,-11.9395061800432,3.));
#8867=CARTESIAN_POINT('',(12.5558167978366,-11.9395061800432,2.));
#8868=CARTESIAN_POINT('Origin',(9.26150912641311,-11.9395061800432,3.01));
#8869=CARTESIAN_POINT('',(5.96720145498962,-11.9395061800432,3.));
#8870=CARTESIAN_POINT('',(5.96720145498962,-11.9395061800432,3.));
#8871=CARTESIAN_POINT('',(5.96720145498962,-11.9395061800432,2.));
#8872=CARTESIAN_POINT('',(5.96720145498962,-11.9395061800432,3.));
#8873=CARTESIAN_POINT('',(5.96720145498962,-11.9395061800432,2.));
#8874=CARTESIAN_POINT('Origin',(5.96720145498962,-11.8054688488981,3.01));
#8875=CARTESIAN_POINT('',(5.96720145498962,-11.671431517753,3.));
#8876=CARTESIAN_POINT('',(5.96720145498962,-11.671431517753,3.));
#8877=CARTESIAN_POINT('',(5.96720145498962,-11.671431517753,2.));
#8878=CARTESIAN_POINT('',(5.96720145498962,-11.671431517753,3.));
#8879=CARTESIAN_POINT('',(5.96720145498962,-11.671431517753,2.));
#8880=CARTESIAN_POINT('Origin',(9.20409509875986,-11.671431517753,3.01));
#8881=CARTESIAN_POINT('',(12.4409887425301,-11.671431517753,3.));
#8882=CARTESIAN_POINT('',(12.4409887425301,-11.671431517753,3.));
#8883=CARTESIAN_POINT('',(12.4409887425301,-11.671431517753,2.));
#8884=CARTESIAN_POINT('',(12.4409887425301,-11.671431517753,3.));
#8885=CARTESIAN_POINT('',(12.4409887425301,-11.671431517753,2.));
#8886=CARTESIAN_POINT('Origin',(12.8614334932836,-11.25511139426,3.01));
#8887=CARTESIAN_POINT('',(13.2818782440372,-10.8387912707671,3.));
#8888=CARTESIAN_POINT('',(13.2818782440372,-10.8387912707671,3.));
#8889=CARTESIAN_POINT('',(13.2818782440372,-10.8387912707671,2.));
#8890=CARTESIAN_POINT('',(13.2818782440372,-10.8387912707671,3.));
#8891=CARTESIAN_POINT('',(13.2818782440372,-10.8387912707671,2.));
#8892=CARTESIAN_POINT('Origin',(13.971596599206,-10.8387912707671,3.01));
#8893=CARTESIAN_POINT('',(14.6613149543747,-10.8387912707671,3.));
#8894=CARTESIAN_POINT('',(14.6613149543747,-10.8387912707671,2.));
#8895=CARTESIAN_POINT('Origin',(25.1028819245808,-14.5077494855003,3.01));
#8896=CARTESIAN_POINT('',(25.1028819245808,-15.5484562062458,3.));
#8897=CARTESIAN_POINT('',(25.1028819245808,-13.4670427647547,3.));
#8898=CARTESIAN_POINT('',(25.1028819245808,-15.5484562062458,3.));
#8899=CARTESIAN_POINT('',(25.1028819245808,-15.5484562062458,2.));
#8900=CARTESIAN_POINT('',(25.1028819245808,-15.5484562062458,3.));
#8901=CARTESIAN_POINT('',(25.1028819245808,-13.4670427647547,2.));
#8902=CARTESIAN_POINT('',(25.1028819245808,-15.5484562062458,2.));
#8903=CARTESIAN_POINT('',(25.1028819245808,-13.4670427647547,3.));
#8904=CARTESIAN_POINT('Origin',(26.105744764572,-15.5484562062458,3.01));
#8905=CARTESIAN_POINT('',(27.1086076045631,-15.5484562062458,3.));
#8906=CARTESIAN_POINT('',(27.1086076045631,-15.5484562062458,3.));
#8907=CARTESIAN_POINT('',(27.1086076045631,-15.5484562062458,2.));
#8908=CARTESIAN_POINT('',(27.1086076045631,-15.5484562062458,3.));
#8909=CARTESIAN_POINT('',(27.1086076045631,-15.5484562062458,2.));
#8910=CARTESIAN_POINT('Origin',(27.1086076045631,-16.652236061582,3.01));
#8911=CARTESIAN_POINT('',(27.1086076045631,-17.7560159169181,3.));
#8912=CARTESIAN_POINT('',(27.1086076045631,-17.7560159169181,3.));
#8913=CARTESIAN_POINT('',(27.1086076045631,-17.7560159169181,2.));
#8914=CARTESIAN_POINT('',(27.1086076045631,-17.7560159169181,3.));
#8915=CARTESIAN_POINT('',(27.1086076045631,-17.7560159169181,2.));
#8916=CARTESIAN_POINT('Origin',(26.6797102893467,-18.1786059186754,3.01));
#8917=CARTESIAN_POINT('',(26.2508129741304,-18.6011959204327,3.));
#8918=CARTESIAN_POINT('',(26.2508129741304,-18.6011959204327,3.));
#8919=CARTESIAN_POINT('',(26.2508129741304,-18.6011959204327,2.));
#8920=CARTESIAN_POINT('',(26.2508129741304,-18.6011959204327,3.));
#8921=CARTESIAN_POINT('',(26.2508129741304,-18.6011959204327,2.));
#8922=CARTESIAN_POINT('Origin',(25.0145795361539,-18.6011959204327,3.01));
#8923=CARTESIAN_POINT('',(23.7783460981774,-18.6011959204326,3.));
#8924=CARTESIAN_POINT('',(23.7783460981774,-18.6011959204326,3.));
#8925=CARTESIAN_POINT('',(23.7783460981774,-18.6011959204326,2.));
#8926=CARTESIAN_POINT('',(23.7783460981774,-18.6011959204326,3.));
#8927=CARTESIAN_POINT('',(23.7783460981774,-18.6011959204326,2.));
#8928=CARTESIAN_POINT('Origin',(23.7783460981774,-16.0341193425937,3.01));
#8929=CARTESIAN_POINT('',(23.7783460981774,-13.4670427647547,3.));
#8930=CARTESIAN_POINT('',(23.7783460981774,-13.4670427647547,3.));
#8931=CARTESIAN_POINT('',(23.7783460981774,-13.4670427647547,2.));
#8932=CARTESIAN_POINT('',(23.7783460981774,-13.4670427647547,3.));
#8933=CARTESIAN_POINT('',(23.7783460981774,-13.4670427647547,2.));
#8934=CARTESIAN_POINT('Origin',(24.4406140113791,-13.4670427647547,3.01));
#8935=CARTESIAN_POINT('',(25.1028819245808,-13.4670427647547,3.));
#8936=CARTESIAN_POINT('',(25.1028819245808,-13.4670427647547,2.));
#8937=CARTESIAN_POINT('Origin',(12.8588810973931,-17.8290780704267,3.01));
#8938=CARTESIAN_POINT('',(12.1524140004132,-17.023364833573,3.));
#8939=CARTESIAN_POINT('',(13.565348194373,-18.6347913072803,3.));
#8940=CARTESIAN_POINT('',(12.1524140004132,-17.023364833573,3.));
#8941=CARTESIAN_POINT('',(12.1524140004132,-17.023364833573,2.));
#8942=CARTESIAN_POINT('',(12.1524140004132,-17.023364833573,3.));
#8943=CARTESIAN_POINT('',(13.565348194373,-18.6347913072803,2.));
#8944=CARTESIAN_POINT('',(12.1524140004132,-17.023364833573,2.));
#8945=CARTESIAN_POINT('',(13.565348194373,-18.6347913072803,3.));
#8946=CARTESIAN_POINT('Origin',(11.4309969724336,-17.8290780704266,3.01));
#8947=CARTESIAN_POINT('',(10.709579944454,-18.6347913072803,3.));
#8948=CARTESIAN_POINT('',(10.709579944454,-18.6347913072803,3.));
#8949=CARTESIAN_POINT('',(10.709579944454,-18.6347913072803,2.));
#8950=CARTESIAN_POINT('',(10.709579944454,-18.6347913072803,3.));
#8951=CARTESIAN_POINT('',(10.709579944454,-18.6347913072803,2.));
#8952=CARTESIAN_POINT('Origin',(10.2420888625837,-18.1755954507278,3.01));
#8953=CARTESIAN_POINT('',(9.77459778071339,-17.7163995941753,3.));
#8954=CARTESIAN_POINT('',(9.77459778071339,-17.7163995941753,3.));
#8955=CARTESIAN_POINT('',(9.77459778071339,-17.7163995941753,2.));
#8956=CARTESIAN_POINT('',(9.77459778071339,-17.7163995941753,3.));
#8957=CARTESIAN_POINT('',(9.77459778071339,-17.7163995941753,2.));
#8958=CARTESIAN_POINT('Origin',(10.5283142372305,-16.8746128019352,3.01));
#8959=CARTESIAN_POINT('',(11.2820306937476,-16.0328260096951,3.));
#8960=CARTESIAN_POINT('',(11.2820306937476,-16.0328260096951,3.));
#8961=CARTESIAN_POINT('',(11.2820306937476,-16.0328260096951,2.));
#8962=CARTESIAN_POINT('',(11.2820306937476,-16.0328260096951,3.));
#8963=CARTESIAN_POINT('',(11.2820306937476,-16.0328260096951,2.));
#8964=CARTESIAN_POINT('Origin',(10.5254801218087,-15.1237788405273,3.01));
#8965=CARTESIAN_POINT('',(9.76892954986968,-14.2147316713594,3.));
#8966=CARTESIAN_POINT('',(9.76892954986968,-14.2147316713594,3.));
#8967=CARTESIAN_POINT('',(9.76892954986968,-14.2147316713594,2.));
#8968=CARTESIAN_POINT('',(9.76892954986968,-14.2147316713594,3.));
#8969=CARTESIAN_POINT('',(9.76892954986968,-14.2147316713594,2.));
#8970=CARTESIAN_POINT('Origin',(10.2436278784744,-13.7985057304028,3.01));
#8971=CARTESIAN_POINT('',(10.7183262070792,-13.3822797894462,3.));
#8972=CARTESIAN_POINT('',(10.7183262070792,-13.3822797894462,3.));
#8973=CARTESIAN_POINT('',(10.7183262070792,-13.3822797894462,2.));
#8974=CARTESIAN_POINT('',(10.7183262070792,-13.3822797894462,3.));
#8975=CARTESIAN_POINT('',(10.7183262070792,-13.3822797894462,2.));
#8976=CARTESIAN_POINT('Origin',(11.4482383364707,-14.2147316713594,3.01));
#8977=CARTESIAN_POINT('',(12.1781504658622,-15.0471835532727,3.));
#8978=CARTESIAN_POINT('',(12.1781504658622,-15.0471835532727,3.));
#8979=CARTESIAN_POINT('',(12.1781504658622,-15.0471835532727,2.));
#8980=CARTESIAN_POINT('',(12.1781504658622,-15.0471835532727,3.));
#8981=CARTESIAN_POINT('',(12.1781504658622,-15.0471835532727,2.));
#8982=CARTESIAN_POINT('Origin',(12.9175165730617,-14.2147316713594,3.01));
#8983=CARTESIAN_POINT('',(13.6568826802613,-13.3822797894462,3.));
#8984=CARTESIAN_POINT('',(13.6568826802613,-13.3822797894462,3.));
#8985=CARTESIAN_POINT('',(13.6568826802613,-13.3822797894462,2.));
#8986=CARTESIAN_POINT('',(13.6568826802613,-13.3822797894462,3.));
#8987=CARTESIAN_POINT('',(13.6568826802613,-13.3822797894462,2.));
#8988=CARTESIAN_POINT('Origin',(14.0877302554089,-13.8263696893779,3.01));
#8989=CARTESIAN_POINT('',(14.5185778305564,-14.2704595893095,3.));
#8990=CARTESIAN_POINT('',(14.5185778305564,-14.2704595893095,3.));
#8991=CARTESIAN_POINT('',(14.5185778305564,-14.2704595893095,2.));
#8992=CARTESIAN_POINT('',(14.5185778305564,-14.2704595893095,3.));
#8993=CARTESIAN_POINT('',(14.5185778305564,-14.2704595893095,2.));
#8994=CARTESIAN_POINT('Origin',(13.7774942161784,-15.148236828665,3.01));
#8995=CARTESIAN_POINT('',(13.0364106018004,-16.0260140680206,3.));
#8996=CARTESIAN_POINT('',(13.0364106018004,-16.0260140680206,3.));
#8997=CARTESIAN_POINT('',(13.0364106018004,-16.0260140680206,2.));
#8998=CARTESIAN_POINT('',(13.0364106018004,-16.0260140680206,3.));
#8999=CARTESIAN_POINT('',(13.0364106018004,-16.0260140680206,2.));
#9000=CARTESIAN_POINT('Origin',(13.7774942161785,-16.8712068310979,3.01));
#9001=CARTESIAN_POINT('',(14.5185778305564,-17.7163995941753,3.));
#9002=CARTESIAN_POINT('',(14.5185778305564,-17.7163995941753,3.));
#9003=CARTESIAN_POINT('',(14.5185778305564,-17.7163995941753,2.));
#9004=CARTESIAN_POINT('',(14.5185778305564,-17.7163995941753,3.));
#9005=CARTESIAN_POINT('',(14.5185778305564,-17.7163995941753,2.));
#9006=CARTESIAN_POINT('Origin',(14.0419630124648,-18.1755954507278,3.01));
#9007=CARTESIAN_POINT('',(13.565348194373,-18.6347913072803,3.));
#9008=CARTESIAN_POINT('',(13.565348194373,-18.6347913072803,2.));
#9009=CARTESIAN_POINT('Origin',(32.4287028511878,-20.8319646297784,3.01));
#9010=CARTESIAN_POINT('',(32.4275515981256,-20.7137537123086,3.));
#9011=CARTESIAN_POINT('',(32.42985410425,-20.9501755472481,3.));
#9012=CARTESIAN_POINT('',(32.4275515981256,-20.7137537123086,3.));
#9013=CARTESIAN_POINT('',(32.4275515981256,-20.7137537123086,2.));
#9014=CARTESIAN_POINT('',(32.4275515981256,-20.7137537123086,3.));
#9015=CARTESIAN_POINT('',(32.42985410425,-20.9501755472481,2.));
#9016=CARTESIAN_POINT('',(32.4275515981256,-20.7137537123086,2.));
#9017=CARTESIAN_POINT('',(32.42985410425,-20.9501755472481,3.));
#9018=CARTESIAN_POINT('Origin',(35.8880262128783,-20.7137537123086,3.01));
#9019=CARTESIAN_POINT('',(39.3485008276311,-20.7137537123086,3.));
#9020=CARTESIAN_POINT('',(39.3485008276311,-20.7137537123086,3.));
#9021=CARTESIAN_POINT('',(39.3485008276311,-20.7137537123086,2.));
#9022=CARTESIAN_POINT('',(39.3485008276311,-20.7137537123086,3.));
#9023=CARTESIAN_POINT('',(39.3485008276311,-20.7137537123086,2.));
#9024=CARTESIAN_POINT('Origin',(39.6664855204533,-20.3976692639787,3.01));
#9025=CARTESIAN_POINT('',(39.9844702132756,-20.0815848156486,3.));
#9026=CARTESIAN_POINT('',(39.9844702132756,-20.0815848156486,3.));
#9027=CARTESIAN_POINT('',(39.9844702132756,-20.0815848156486,2.));
#9028=CARTESIAN_POINT('',(39.9844702132756,-20.0815848156486,3.));
#9029=CARTESIAN_POINT('',(39.9844702132756,-20.0815848156486,2.));
#9030=CARTESIAN_POINT('Origin',(40.0748192255427,-20.1724769903959,3.01));
#9031=CARTESIAN_POINT('',(40.1651682378097,-20.2633691651433,3.));
#9032=CARTESIAN_POINT('',(40.1651682378097,-20.2633691651433,3.));
#9033=CARTESIAN_POINT('',(40.1651682378097,-20.2633691651433,2.));
#9034=CARTESIAN_POINT('',(40.1651682378097,-20.2633691651433,3.));
#9035=CARTESIAN_POINT('',(40.1651682378097,-20.2633691651433,2.));
#9036=CARTESIAN_POINT('Origin',(39.805744922819,-20.6067723561957,3.01));
#9037=CARTESIAN_POINT('',(39.4463216078281,-20.9501755472481,3.));
#9038=CARTESIAN_POINT('',(39.4463216078281,-20.9501755472481,3.));
#9039=CARTESIAN_POINT('',(39.4463216078281,-20.9501755472481,2.));
#9040=CARTESIAN_POINT('',(39.4463216078281,-20.9501755472481,3.));
#9041=CARTESIAN_POINT('',(39.4463216078281,-20.9501755472481,2.));
#9042=CARTESIAN_POINT('Origin',(35.9380878560391,-20.9501755472481,3.01));
#9043=CARTESIAN_POINT('',(32.42985410425,-20.9501755472481,3.));
#9044=CARTESIAN_POINT('',(32.42985410425,-20.9501755472481,2.));
#9045=CARTESIAN_POINT('Origin',(5.55197639964102,-20.3994702717672,3.01));
#9046=CARTESIAN_POINT('',(5.864381714001,-20.7137537123086,3.));
#9047=CARTESIAN_POINT('',(5.23957108528103,-20.0851868312257,3.));
#9048=CARTESIAN_POINT('',(5.864381714001,-20.7137537123086,3.));
#9049=CARTESIAN_POINT('',(5.864381714001,-20.7137537123086,2.));
#9050=CARTESIAN_POINT('',(5.864381714001,-20.7137537123086,3.));
#9051=CARTESIAN_POINT('',(5.23957108528103,-20.0851868312257,2.));
#9052=CARTESIAN_POINT('',(5.864381714001,-20.7137537123086,2.));
#9053=CARTESIAN_POINT('',(5.23957108528103,-20.0851868312257,3.));
#9054=CARTESIAN_POINT('Origin',(9.32458690022825,-20.7137537123086,3.01));
#9055=CARTESIAN_POINT('',(12.7847920864555,-20.7137537123086,3.));
#9056=CARTESIAN_POINT('',(12.7847920864555,-20.7137537123086,3.));
#9057=CARTESIAN_POINT('',(12.7847920864555,-20.7137537123086,2.));
#9058=CARTESIAN_POINT('',(12.7847920864555,-20.7137537123086,3.));
#9059=CARTESIAN_POINT('',(12.7847920864555,-20.7137537123086,2.));
#9060=CARTESIAN_POINT('Origin',(12.7847920864555,-20.8406074320356,3.01));
#9061=CARTESIAN_POINT('',(12.7847920864555,-20.9674611517625,3.));
#9062=CARTESIAN_POINT('',(12.7847920864555,-20.9674611517625,3.));
#9063=CARTESIAN_POINT('',(12.7847920864555,-20.9674611517625,2.));
#9064=CARTESIAN_POINT('',(12.7847920864555,-20.9674611517625,3.));
#9065=CARTESIAN_POINT('',(12.7847920864555,-20.9674611517625,2.));
#9066=CARTESIAN_POINT('Origin',(9.28159703879061,-20.9674611517625,3.01));
#9067=CARTESIAN_POINT('',(5.77840199112571,-20.9674611517625,3.));
#9068=CARTESIAN_POINT('',(5.77840199112571,-20.9674611517625,3.));
#9069=CARTESIAN_POINT('',(5.77840199112571,-20.9674611517625,2.));
#9070=CARTESIAN_POINT('',(5.77840199112571,-20.9674611517625,3.));
#9071=CARTESIAN_POINT('',(5.77840199112571,-20.9674611517625,2.));
#9072=CARTESIAN_POINT('Origin',(5.42417442047095,-20.6111040268266,3.01));
#9073=CARTESIAN_POINT('',(5.06994684981617,-20.2547469018907,3.));
#9074=CARTESIAN_POINT('',(5.06994684981617,-20.2547469018907,3.));
#9075=CARTESIAN_POINT('',(5.06994684981617,-20.2547469018907,2.));
#9076=CARTESIAN_POINT('',(5.06994684981617,-20.2547469018907,3.));
#9077=CARTESIAN_POINT('',(5.06994684981617,-20.2547469018907,2.));
#9078=CARTESIAN_POINT('Origin',(5.1547589675486,-20.1699668665582,3.01));
#9079=CARTESIAN_POINT('',(5.23957108528103,-20.0851868312257,3.));
#9080=CARTESIAN_POINT('',(5.23957108528103,-20.0851868312257,2.));
#9081=CARTESIAN_POINT('Origin',(16.269860185405,-17.5956792504145,3.01));
#9082=CARTESIAN_POINT('',(16.269860185405,-18.5489088865979,3.));
#9083=CARTESIAN_POINT('',(16.269860185405,-16.642449614231,3.));
#9084=CARTESIAN_POINT('',(16.269860185405,-18.5489088865979,3.));
#9085=CARTESIAN_POINT('',(16.269860185405,-18.5489088865979,2.));
#9086=CARTESIAN_POINT('',(16.269860185405,-18.5489088865979,3.));
#9087=CARTESIAN_POINT('',(16.269860185405,-16.642449614231,2.));
#9088=CARTESIAN_POINT('',(16.269860185405,-18.5489088865979,2.));
#9089=CARTESIAN_POINT('',(16.269860185405,-16.642449614231,3.));
#9090=CARTESIAN_POINT('Origin',(15.6269843842581,-18.5489088865979,3.01));
#9091=CARTESIAN_POINT('',(14.9841085831111,-18.5489088865979,3.));
#9092=CARTESIAN_POINT('',(14.9841085831111,-18.5489088865979,3.));
#9093=CARTESIAN_POINT('',(14.9841085831111,-18.5489088865979,2.));
#9094=CARTESIAN_POINT('',(14.9841085831111,-18.5489088865979,3.));
#9095=CARTESIAN_POINT('',(14.9841085831111,-18.5489088865979,2.));
#9096=CARTESIAN_POINT('Origin',(14.9841085831111,-16.4484784673333,3.01));
#9097=CARTESIAN_POINT('',(14.9841085831111,-14.3480480480686,3.));
#9098=CARTESIAN_POINT('',(14.9841085831111,-14.3480480480686,3.));
#9099=CARTESIAN_POINT('',(14.9841085831111,-14.3480480480686,2.));
#9100=CARTESIAN_POINT('',(14.9841085831111,-14.3480480480686,3.));
#9101=CARTESIAN_POINT('',(14.9841085831111,-14.3480480480686,2.));
#9102=CARTESIAN_POINT('Origin',(15.4252688198912,-13.9099142028951,3.01));
#9103=CARTESIAN_POINT('',(15.8664290566712,-13.4717803577216,3.));
#9104=CARTESIAN_POINT('',(15.8664290566712,-13.4717803577216,3.));
#9105=CARTESIAN_POINT('',(15.8664290566712,-13.4717803577216,2.));
#9106=CARTESIAN_POINT('',(15.8664290566712,-13.4717803577216,3.));
#9107=CARTESIAN_POINT('',(15.8664290566712,-13.4717803577216,2.));
#9108=CARTESIAN_POINT('Origin',(17.5426207111465,-13.4717803577216,3.01));
#9109=CARTESIAN_POINT('',(19.2188123656219,-13.4717803577216,3.));
#9110=CARTESIAN_POINT('',(19.2188123656219,-13.4717803577216,3.));
#9111=CARTESIAN_POINT('',(19.2188123656219,-13.4717803577216,2.));
#9112=CARTESIAN_POINT('',(19.2188123656219,-13.4717803577216,3.));
#9113=CARTESIAN_POINT('',(19.2188123656219,-13.4717803577216,2.));
#9114=CARTESIAN_POINT('Origin',(19.2188123656219,-14.6058660437379,3.01));
#9115=CARTESIAN_POINT('',(19.2188123656219,-15.7399517297542,3.));
#9116=CARTESIAN_POINT('',(19.2188123656219,-15.7399517297542,3.));
#9117=CARTESIAN_POINT('',(19.2188123656219,-15.7399517297542,2.));
#9118=CARTESIAN_POINT('',(19.2188123656219,-15.7399517297542,3.));
#9119=CARTESIAN_POINT('',(19.2188123656219,-15.7399517297542,2.));
#9120=CARTESIAN_POINT('Origin',(18.8146427407663,-16.1508469168109,3.01));
#9121=CARTESIAN_POINT('',(18.4104731159108,-16.5617421038677,3.));
#9122=CARTESIAN_POINT('',(18.4104731159108,-16.5617421038677,3.));
#9123=CARTESIAN_POINT('',(18.4104731159108,-16.5617421038677,2.));
#9124=CARTESIAN_POINT('',(18.4104731159108,-16.5617421038677,3.));
#9125=CARTESIAN_POINT('',(18.4104731159108,-16.5617421038677,2.));
#9126=CARTESIAN_POINT('Origin',(18.8509101190834,-17.2984730909928,3.01));
#9127=CARTESIAN_POINT('',(19.291347122256,-18.0352040781179,3.));
#9128=CARTESIAN_POINT('',(19.291347122256,-18.0352040781179,3.));
#9129=CARTESIAN_POINT('',(19.291347122256,-18.0352040781179,2.));
#9130=CARTESIAN_POINT('',(19.291347122256,-18.0352040781179,3.));
#9131=CARTESIAN_POINT('',(19.291347122256,-18.0352040781179,2.));
#9132=CARTESIAN_POINT('Origin',(18.7504593883194,-18.35856087558,3.01));
#9133=CARTESIAN_POINT('',(18.2095716543829,-18.6819176730421,3.));
#9134=CARTESIAN_POINT('',(18.2095716543829,-18.6819176730421,3.));
#9135=CARTESIAN_POINT('',(18.2095716543829,-18.6819176730421,2.));
#9136=CARTESIAN_POINT('',(18.2095716543829,-18.6819176730421,3.));
#9137=CARTESIAN_POINT('',(18.2095716543829,-18.6819176730421,2.));
#9138=CARTESIAN_POINT('Origin',(17.599948049847,-17.6621836436366,3.01));
#9139=CARTESIAN_POINT('',(16.9903244453111,-16.642449614231,3.));
#9140=CARTESIAN_POINT('',(16.9903244453111,-16.642449614231,3.));
#9141=CARTESIAN_POINT('',(16.9903244453111,-16.642449614231,2.));
#9142=CARTESIAN_POINT('',(16.9903244453111,-16.642449614231,3.));
#9143=CARTESIAN_POINT('',(16.9903244453111,-16.642449614231,2.));
#9144=CARTESIAN_POINT('Origin',(16.630092315358,-16.642449614231,3.01));
#9145=CARTESIAN_POINT('',(16.269860185405,-16.642449614231,3.));
#9146=CARTESIAN_POINT('',(16.269860185405,-16.642449614231,2.));
#9147=CARTESIAN_POINT('Origin',(34.0896920542761,-15.5567049165328,3.01));
#9148=CARTESIAN_POINT('',(34.6861259086358,-15.5567049165328,3.));
#9149=CARTESIAN_POINT('',(33.4932581999165,-15.5567049165328,3.));
#9150=CARTESIAN_POINT('',(34.6861259086358,-15.5567049165328,3.));
#9151=CARTESIAN_POINT('',(34.6861259086358,-15.5567049165328,2.));
#9152=CARTESIAN_POINT('',(34.6861259086358,-15.5567049165328,3.));
#9153=CARTESIAN_POINT('',(33.4932581999165,-15.5567049165328,2.));
#9154=CARTESIAN_POINT('',(34.6861259086358,-15.5567049165328,2.));
#9155=CARTESIAN_POINT('',(33.4932581999165,-15.5567049165328,3.));
#9156=CARTESIAN_POINT('Origin',(34.6861259086358,-16.0569397621248,3.01));
#9157=CARTESIAN_POINT('',(34.6861259086358,-16.5571746077167,3.));
#9158=CARTESIAN_POINT('',(34.6861259086358,-16.5571746077167,3.));
#9159=CARTESIAN_POINT('',(34.6861259086358,-16.5571746077167,2.));
#9160=CARTESIAN_POINT('',(34.6861259086358,-16.5571746077167,3.));
#9161=CARTESIAN_POINT('',(34.6861259086358,-16.5571746077167,2.));
#9162=CARTESIAN_POINT('Origin',(34.0896920542762,-16.5571746077167,3.01));
#9163=CARTESIAN_POINT('',(33.4932581999165,-16.5571746077167,3.));
#9164=CARTESIAN_POINT('',(33.4932581999165,-16.5571746077167,3.));
#9165=CARTESIAN_POINT('',(33.4932581999165,-16.5571746077167,2.));
#9166=CARTESIAN_POINT('',(33.4932581999165,-16.5571746077167,3.));
#9167=CARTESIAN_POINT('',(33.4932581999165,-16.5571746077167,2.));
#9168=CARTESIAN_POINT('Origin',(33.4932581999165,-17.086269155939,3.01));
#9169=CARTESIAN_POINT('',(33.4932581999165,-17.6153637041612,3.));
#9170=CARTESIAN_POINT('',(33.4932581999165,-17.6153637041612,3.));
#9171=CARTESIAN_POINT('',(33.4932581999165,-17.6153637041612,2.));
#9172=CARTESIAN_POINT('',(33.4932581999165,-17.6153637041612,3.));
#9173=CARTESIAN_POINT('',(33.4932581999165,-17.6153637041612,2.));
#9174=CARTESIAN_POINT('Origin',(34.0271626985772,-17.6153637041612,3.01));
#9175=CARTESIAN_POINT('',(34.5610671972378,-17.6153637041612,3.));
#9176=CARTESIAN_POINT('',(34.5610671972378,-17.6153637041612,3.));
#9177=CARTESIAN_POINT('',(34.5610671972378,-17.6153637041612,2.));
#9178=CARTESIAN_POINT('',(34.5610671972378,-17.6153637041612,3.));
#9179=CARTESIAN_POINT('',(34.5610671972378,-17.6153637041612,2.));
#9180=CARTESIAN_POINT('Origin',(34.5610671972378,-17.9172591756174,3.01));
#9181=CARTESIAN_POINT('',(34.5610671972378,-18.2191546470736,3.));
#9182=CARTESIAN_POINT('',(34.5610671972378,-18.2191546470736,3.));
#9183=CARTESIAN_POINT('',(34.5610671972378,-18.2191546470736,2.));
#9184=CARTESIAN_POINT('',(34.5610671972378,-18.2191546470736,3.));
#9185=CARTESIAN_POINT('',(34.5610671972378,-18.2191546470736,2.));
#9186=CARTESIAN_POINT('Origin',(34.6257641955814,-18.2600539250084,3.01));
#9187=CARTESIAN_POINT('',(34.6904611939251,-18.3009532029432,3.));
#9188=CARTESIAN_POINT('',(34.6904611939251,-18.3009532029432,3.));
#9189=CARTESIAN_POINT('',(34.6904611939251,-18.3009532029432,2.));
#9190=CARTESIAN_POINT('',(34.6904611939251,-18.3009532029432,3.));
#9191=CARTESIAN_POINT('',(34.6904611939251,-18.3009532029432,2.));
#9192=CARTESIAN_POINT('Origin',(34.6904611939251,-18.4287634464895,3.01));
#9193=CARTESIAN_POINT('',(34.6904611939251,-18.5565736900357,3.));
#9194=CARTESIAN_POINT('',(34.6904611939251,-18.5565736900357,3.));
#9195=CARTESIAN_POINT('',(34.6904611939251,-18.5565736900357,2.));
#9196=CARTESIAN_POINT('',(34.6904611939251,-18.5565736900357,3.));
#9197=CARTESIAN_POINT('',(34.6904611939251,-18.5565736900357,2.));
#9198=CARTESIAN_POINT('Origin',(34.6257641955815,-18.5621537904985,3.01));
#9199=CARTESIAN_POINT('',(34.5610671972378,-18.5677338909613,3.));
#9200=CARTESIAN_POINT('',(34.5610671972378,-18.5677338909613,3.));
#9201=CARTESIAN_POINT('',(34.5610671972378,-18.5677338909613,2.));
#9202=CARTESIAN_POINT('',(34.5610671972378,-18.5677338909613,3.));
#9203=CARTESIAN_POINT('',(34.5610671972378,-18.5677338909613,2.));
#9204=CARTESIAN_POINT('Origin',(33.3730094389569,-18.5677338909613,3.01));
#9205=CARTESIAN_POINT('',(32.184951680676,-18.5677338909613,3.));
#9206=CARTESIAN_POINT('',(32.184951680676,-18.5677338909613,3.));
#9207=CARTESIAN_POINT('',(32.184951680676,-18.5677338909613,2.));
#9208=CARTESIAN_POINT('',(32.184951680676,-18.5677338909613,3.));
#9209=CARTESIAN_POINT('',(32.184951680676,-18.5677338909613,2.));
#9210=CARTESIAN_POINT('Origin',(32.184951680676,-17.562454249339,3.01));
#9211=CARTESIAN_POINT('',(32.184951680676,-16.5571746077167,3.));
#9212=CARTESIAN_POINT('',(32.184951680676,-16.5571746077167,3.));
#9213=CARTESIAN_POINT('',(32.184951680676,-16.5571746077167,2.));
#9214=CARTESIAN_POINT('',(32.184951680676,-16.5571746077167,3.));
#9215=CARTESIAN_POINT('',(32.184951680676,-16.5571746077167,2.));
#9216=CARTESIAN_POINT('Origin',(31.8867347534962,-16.5571746077167,3.01));
#9217=CARTESIAN_POINT('',(31.5885178263163,-16.5571746077167,3.));
#9218=CARTESIAN_POINT('',(31.5885178263163,-16.5571746077167,3.));
#9219=CARTESIAN_POINT('',(31.5885178263163,-16.5571746077167,2.));
#9220=CARTESIAN_POINT('',(31.5885178263163,-16.5571746077167,3.));
#9221=CARTESIAN_POINT('',(31.5885178263163,-16.5571746077167,2.));
#9222=CARTESIAN_POINT('Origin',(31.5885178263163,-16.0569397621248,3.01));
#9223=CARTESIAN_POINT('',(31.5885178263163,-15.5567049165328,3.));
#9224=CARTESIAN_POINT('',(31.5885178263163,-15.5567049165328,3.));
#9225=CARTESIAN_POINT('',(31.5885178263163,-15.5567049165328,2.));
#9226=CARTESIAN_POINT('',(31.5885178263163,-15.5567049165328,3.));
#9227=CARTESIAN_POINT('',(31.5885178263163,-15.5567049165328,2.));
#9228=CARTESIAN_POINT('Origin',(31.8867347534962,-15.5567049165328,3.01));
#9229=CARTESIAN_POINT('',(32.184951680676,-15.5567049165328,3.));
#9230=CARTESIAN_POINT('',(32.184951680676,-15.5567049165328,3.));
#9231=CARTESIAN_POINT('',(32.184951680676,-15.5567049165328,2.));
#9232=CARTESIAN_POINT('',(32.184951680676,-15.5567049165328,3.));
#9233=CARTESIAN_POINT('',(32.184951680676,-15.5567049165328,2.));
#9234=CARTESIAN_POINT('Origin',(32.184951680676,-14.9506511612964,3.01));
#9235=CARTESIAN_POINT('',(32.184951680676,-14.34459740606,3.));
#9236=CARTESIAN_POINT('',(32.184951680676,-14.34459740606,3.));
#9237=CARTESIAN_POINT('',(32.184951680676,-14.34459740606,2.));
#9238=CARTESIAN_POINT('',(32.184951680676,-14.34459740606,3.));
#9239=CARTESIAN_POINT('',(32.184951680676,-14.34459740606,2.));
#9240=CARTESIAN_POINT('Origin',(32.8391049402963,-14.34459740606,3.01));
#9241=CARTESIAN_POINT('',(33.4932581999165,-14.34459740606,3.));
#9242=CARTESIAN_POINT('',(33.4932581999165,-14.34459740606,3.));
#9243=CARTESIAN_POINT('',(33.4932581999165,-14.34459740606,2.));
#9244=CARTESIAN_POINT('',(33.4932581999165,-14.34459740606,3.));
#9245=CARTESIAN_POINT('',(33.4932581999165,-14.34459740606,2.));
#9246=CARTESIAN_POINT('Origin',(33.4932581999165,-14.9506511612964,3.01));
#9247=CARTESIAN_POINT('',(33.4932581999165,-15.5567049165328,3.));
#9248=CARTESIAN_POINT('',(33.4932581999165,-15.5567049165328,2.));
#9249=CARTESIAN_POINT('Origin',(22.4390435471084,-11.918091010857,3.01));
#9250=CARTESIAN_POINT('',(20.4654992813227,-11.918091010857,2.));
#9251=CARTESIAN_POINT('',(20.4654992813227,-11.918091010857,3.));
#9252=CARTESIAN_POINT('',(24.412587812894,-11.918091010857,2.));
#9253=CARTESIAN_POINT('',(20.4654992813227,-11.918091010857,2.));
#9254=CARTESIAN_POINT('',(24.412587812894,-11.918091010857,3.));
#9255=CARTESIAN_POINT('Origin',(20.1458563694844,-11.6041198863057,3.01));
#9256=CARTESIAN_POINT('',(19.826213457646,-11.2901487617544,2.));
#9257=CARTESIAN_POINT('',(19.826213457646,-11.2901487617544,3.));
#9258=CARTESIAN_POINT('',(19.826213457646,-11.2901487617544,2.));
#9259=CARTESIAN_POINT('Origin',(19.826213457646,-11.2152970161961,3.01));
#9260=CARTESIAN_POINT('',(19.826213457646,-11.1404452706379,2.));
#9261=CARTESIAN_POINT('',(19.826213457646,-11.1404452706379,3.));
#9262=CARTESIAN_POINT('',(19.826213457646,-11.1404452706379,2.));
#9263=CARTESIAN_POINT('Origin',(18.466948956014,-11.121641152223,3.01));
#9264=CARTESIAN_POINT('',(17.1076844543819,-11.102837033808,2.));
#9265=CARTESIAN_POINT('',(17.1076844543819,-11.102837033808,3.));
#9266=CARTESIAN_POINT('',(17.1076844543819,-11.102837033808,2.));
#9267=CARTESIAN_POINT('Origin',(16.212278498882,-10.2233192833239,3.01));
#9268=CARTESIAN_POINT('',(15.3168725433821,-9.34380153283973,2.));
#9269=CARTESIAN_POINT('',(15.3168725433821,-9.34380153283973,3.));
#9270=CARTESIAN_POINT('',(15.3168725433821,-9.34380153283973,2.));
#9271=CARTESIAN_POINT('Origin',(14.2672185818118,-9.34380153283973,3.01));
#9272=CARTESIAN_POINT('',(13.2175646202415,-9.34380153283973,2.));
#9273=CARTESIAN_POINT('',(13.2175646202415,-9.34380153283973,3.));
#9274=CARTESIAN_POINT('',(13.2175646202415,-9.34380153283973,2.));
#9275=CARTESIAN_POINT('Origin',(12.5935579118912,-9.94924504597113,3.01));
#9276=CARTESIAN_POINT('',(11.9695512035409,-10.5546885591025,2.));
#9277=CARTESIAN_POINT('',(11.9695512035409,-10.5546885591025,3.));
#9278=CARTESIAN_POINT('',(11.9695512035409,-10.5546885591025,2.));
#9279=CARTESIAN_POINT('Origin',(8.47640024854924,-10.5546885591025,3.01));
#9280=CARTESIAN_POINT('',(4.98324929355758,-10.5546885591025,2.));
#9281=CARTESIAN_POINT('',(4.98324929355758,-10.5546885591025,3.));
#9282=CARTESIAN_POINT('',(4.98324929355758,-10.5546885591025,2.));
#9283=CARTESIAN_POINT('Origin',(4.26166454321859,-11.271961191662,3.01));
#9284=CARTESIAN_POINT('',(3.54007979287961,-11.9892338242215,2.));
#9285=CARTESIAN_POINT('',(3.54007979287961,-11.9892338242215,3.));
#9286=CARTESIAN_POINT('',(3.54007979287961,-11.9892338242215,2.));
#9287=CARTESIAN_POINT('Origin',(3.54007979287961,-13.2209384380408,3.01));
#9288=CARTESIAN_POINT('',(3.54007979287961,-14.4526430518601,2.));
#9289=CARTESIAN_POINT('',(3.54007979287961,-14.4526430518601,3.));
#9290=CARTESIAN_POINT('',(3.54007979287961,-14.4526430518601,2.));
#9291=CARTESIAN_POINT('Origin',(3.63207615493725,-14.4526430518601,3.01));
#9292=CARTESIAN_POINT('',(3.72407251699491,-14.4526430518601,2.));
#9293=CARTESIAN_POINT('',(3.72407251699491,-14.4526430518601,3.));
#9294=CARTESIAN_POINT('',(3.72407251699491,-14.4526430518601,2.));
#9295=CARTESIAN_POINT('Origin',(4.0420186660078,-14.7772243184413,3.01));
#9296=CARTESIAN_POINT('',(4.3599648150207,-15.1018055850225,2.));
#9297=CARTESIAN_POINT('',(4.3599648150207,-15.1018055850225,3.));
#9298=CARTESIAN_POINT('',(4.3599648150207,-15.1018055850225,2.));
#9299=CARTESIAN_POINT('Origin',(4.3599648150207,-16.4993500028247,3.01));
#9300=CARTESIAN_POINT('',(4.35996481502069,-17.8968944206268,2.));
#9301=CARTESIAN_POINT('',(4.35996481502069,-17.8968944206268,3.));
#9302=CARTESIAN_POINT('',(4.35996481502069,-17.8968944206268,2.));
#9303=CARTESIAN_POINT('Origin',(4.03265198433282,-18.217516294883,3.01));
#9304=CARTESIAN_POINT('',(3.70533915364495,-18.5381381691392,2.));
#9305=CARTESIAN_POINT('',(3.70533915364495,-18.5381381691392,3.));
#9306=CARTESIAN_POINT('',(3.70533915364495,-18.5381381691392,2.));
#9307=CARTESIAN_POINT('Origin',(3.61035449491332,-18.5381381691392,3.01));
#9308=CARTESIAN_POINT('',(3.5153698361817,-18.5381381691392,2.));
#9309=CARTESIAN_POINT('',(3.5153698361817,-18.5381381691392,3.));
#9310=CARTESIAN_POINT('',(3.5153698361817,-18.5381381691392,2.));
#9311=CARTESIAN_POINT('Origin',(3.5153698361817,-19.4462601260105,3.01));
#9312=CARTESIAN_POINT('',(3.5153698361817,-20.3543820828818,2.));
#9313=CARTESIAN_POINT('',(3.5153698361817,-20.3543820828818,3.));
#9314=CARTESIAN_POINT('',(3.5153698361817,-20.3543820828818,2.));
#9315=CARTESIAN_POINT('Origin',(4.20829699085892,-21.0617697150701,3.01));
#9316=CARTESIAN_POINT('',(4.90122414553613,-21.7691573472585,2.));
#9317=CARTESIAN_POINT('',(4.90122414553613,-21.7691573472585,3.));
#9318=CARTESIAN_POINT('',(4.90122414553613,-21.7691573472585,2.));
#9319=CARTESIAN_POINT('Origin',(9.03645376821101,-21.7691573472585,3.01));
#9320=CARTESIAN_POINT('',(13.1716833908859,-21.7691573472585,2.));
#9321=CARTESIAN_POINT('',(13.1716833908859,-21.7691573472585,3.));
#9322=CARTESIAN_POINT('',(13.1716833908859,-21.7691573472585,2.));
#9323=CARTESIAN_POINT('Origin',(13.8248373151612,-21.1293552504729,3.01));
#9324=CARTESIAN_POINT('',(14.4779912394365,-20.4895531536873,2.));
#9325=CARTESIAN_POINT('',(14.4779912394365,-20.4895531536873,3.));
#9326=CARTESIAN_POINT('',(14.4779912394365,-20.4895531536873,2.));
#9327=CARTESIAN_POINT('Origin',(17.5916019312545,-20.4895531536873,3.01));
#9328=CARTESIAN_POINT('',(20.7052126230724,-20.4895531536873,2.));
#9329=CARTESIAN_POINT('',(20.7052126230724,-20.4895531536873,3.));
#9330=CARTESIAN_POINT('',(20.7052126230724,-20.4895531536873,2.));
#9331=CARTESIAN_POINT('Origin',(20.9306328569225,-20.1347915833408,3.01));
#9332=CARTESIAN_POINT('',(21.1560530907725,-19.7800300129943,2.));
#9333=CARTESIAN_POINT('',(21.1560530907725,-19.7800300129943,3.));
#9334=CARTESIAN_POINT('',(21.1560530907725,-19.7800300129943,2.));
#9335=CARTESIAN_POINT('Origin',(22.4480079390073,-19.7800300129943,3.01));
#9336=CARTESIAN_POINT('',(23.7399627872421,-19.7800300129943,2.));
#9337=CARTESIAN_POINT('',(23.7399627872421,-19.7800300129943,3.));
#9338=CARTESIAN_POINT('',(23.7399627872421,-19.7800300129943,2.));
#9339=CARTESIAN_POINT('Origin',(23.9524248128263,-20.1137177627988,3.01));
#9340=CARTESIAN_POINT('',(24.1648868384106,-20.4474055126033,2.));
#9341=CARTESIAN_POINT('',(24.1648868384106,-20.4474055126033,3.));
#9342=CARTESIAN_POINT('',(24.1648868384106,-20.4474055126033,2.));
#9343=CARTESIAN_POINT('Origin',(27.2420675498283,-20.4474055126033,3.01));
#9344=CARTESIAN_POINT('',(30.3192482612461,-20.4474055126033,2.));
#9345=CARTESIAN_POINT('',(30.3192482612461,-20.4474055126033,3.));
#9346=CARTESIAN_POINT('',(30.3192482612461,-20.4474055126033,2.));
#9347=CARTESIAN_POINT('Origin',(30.9683797800798,-21.1039698350877,3.01));
#9348=CARTESIAN_POINT('',(31.6175112989135,-21.7605341575723,2.));
#9349=CARTESIAN_POINT('',(31.6175112989135,-21.7605341575723,3.));
#9350=CARTESIAN_POINT('',(31.6175112989135,-21.7605341575723,2.));
#9351=CARTESIAN_POINT('Origin',(35.7269005356898,-21.7605341575723,3.01));
#9352=CARTESIAN_POINT('',(39.836289772466,-21.7605341575723,2.));
#9353=CARTESIAN_POINT('',(39.836289772466,-21.7605341575723,3.));
#9354=CARTESIAN_POINT('',(39.836289772466,-21.7605341575723,2.));
#9355=CARTESIAN_POINT('Origin',(40.5419687465626,-21.0628440020504,3.01));
#9356=CARTESIAN_POINT('',(41.2476477206592,-20.3651538465285,2.));
#9357=CARTESIAN_POINT('',(41.2476477206592,-20.3651538465285,3.));
#9358=CARTESIAN_POINT('',(41.2476477206592,-20.3651538465285,2.));
#9359=CARTESIAN_POINT('Origin',(41.2476477206592,-19.4545451583617,3.01));
#9360=CARTESIAN_POINT('',(41.2476477206592,-18.543936470195,2.));
#9361=CARTESIAN_POINT('',(41.2476477206592,-18.543936470195,3.));
#9362=CARTESIAN_POINT('',(41.2476477206592,-18.543936470195,2.));
#9363=CARTESIAN_POINT('Origin',(41.1763657969459,-18.543936470195,3.01));
#9364=CARTESIAN_POINT('',(41.1050838732326,-18.543936470195,2.));
#9365=CARTESIAN_POINT('',(41.1050838732326,-18.543936470195,3.));
#9366=CARTESIAN_POINT('',(41.1050838732326,-18.543936470195,2.));
#9367=CARTESIAN_POINT('Origin',(40.7890795764817,-18.2335393966503,3.01));
#9368=CARTESIAN_POINT('',(40.4730752797308,-17.9231423231056,2.));
#9369=CARTESIAN_POINT('',(40.4730752797308,-17.9231423231056,3.));
#9370=CARTESIAN_POINT('',(40.4730752797308,-17.9231423231056,2.));
#9371=CARTESIAN_POINT('Origin',(40.4730752797308,-16.5552951528838,3.01));
#9372=CARTESIAN_POINT('',(40.4730752797308,-15.187447982662,2.));
#9373=CARTESIAN_POINT('',(40.4730752797308,-15.187447982662,3.));
#9374=CARTESIAN_POINT('',(40.4730752797308,-15.187447982662,2.));
#9375=CARTESIAN_POINT('Origin',(40.7890795764817,-14.8657351700229,3.01));
#9376=CARTESIAN_POINT('',(41.1050838732326,-14.5440223573837,2.));
#9377=CARTESIAN_POINT('',(41.1050838732326,-14.5440223573837,3.));
#9378=CARTESIAN_POINT('',(41.1050838732326,-14.5440223573837,2.));
#9379=CARTESIAN_POINT('Origin',(41.1808099341092,-14.5440223573837,3.01));
#9380=CARTESIAN_POINT('',(41.2565359949858,-14.5440223573837,2.));
#9381=CARTESIAN_POINT('',(41.2565359949858,-14.5440223573837,3.));
#9382=CARTESIAN_POINT('',(41.2565359949858,-14.5440223573837,2.));
#9383=CARTESIAN_POINT('Origin',(41.2565359949858,-13.2965804328223,3.01));
#9384=CARTESIAN_POINT('',(41.2565359949858,-12.0491385082608,2.));
#9385=CARTESIAN_POINT('',(41.2565359949858,-12.0491385082608,3.));
#9386=CARTESIAN_POINT('',(41.2565359949858,-12.0491385082608,2.));
#9387=CARTESIAN_POINT('Origin',(40.5342755501368,-11.3396939509453,3.01));
#9388=CARTESIAN_POINT('',(39.8120151052877,-10.6302493936298,2.));
#9389=CARTESIAN_POINT('',(39.8120151052877,-10.6302493936298,3.));
#9390=CARTESIAN_POINT('',(39.8120151052877,-10.6302493936298,2.));
#9391=CARTESIAN_POINT('Origin',(36.3650985743752,-10.6302493936298,3.01));
#9392=CARTESIAN_POINT('',(32.9181820434627,-10.6302493936298,2.));
#9393=CARTESIAN_POINT('',(32.9181820434627,-10.6302493936298,3.));
#9394=CARTESIAN_POINT('',(32.9181820434627,-10.6302493936298,2.));
#9395=CARTESIAN_POINT('Origin',(32.2547038429001,-9.97854404046595,3.01));
#9396=CARTESIAN_POINT('',(31.5912256423376,-9.32683868730215,2.));
#9397=CARTESIAN_POINT('',(31.5912256423376,-9.32683868730215,3.));
#9398=CARTESIAN_POINT('',(31.5912256423376,-9.32683868730216,2.));
#9399=CARTESIAN_POINT('Origin',(30.5476208394706,-9.32683868730215,3.01));
#9400=CARTESIAN_POINT('',(29.5040160366036,-9.32683868730215,2.));
#9401=CARTESIAN_POINT('',(29.5040160366036,-9.32683868730215,3.));
#9402=CARTESIAN_POINT('',(29.5040160366036,-9.32683868730215,2.));
#9403=CARTESIAN_POINT('Origin',(28.6133031858341,-10.23364197897,3.01));
#9404=CARTESIAN_POINT('',(27.7225903350646,-11.1404452706379,2.));
#9405=CARTESIAN_POINT('',(27.7225903350646,-11.1404452706379,3.));
#9406=CARTESIAN_POINT('',(27.7225903350646,-11.1404452706379,2.));
#9407=CARTESIAN_POINT('Origin',(26.3836437527833,-11.1404452706379,3.01));
#9408=CARTESIAN_POINT('',(25.044697170502,-11.1404452706379,2.));
#9409=CARTESIAN_POINT('',(25.044697170502,-11.1404452706379,3.));
#9410=CARTESIAN_POINT('',(25.044697170502,-11.1404452706379,2.));
#9411=CARTESIAN_POINT('Origin',(25.044697170502,-11.2075040359196,3.01));
#9412=CARTESIAN_POINT('',(25.044697170502,-11.2745628012013,2.));
#9413=CARTESIAN_POINT('',(25.044697170502,-11.2745628012013,3.));
#9414=CARTESIAN_POINT('',(25.044697170502,-11.2745628012013,2.));
#9415=CARTESIAN_POINT('Origin',(24.728642491698,-11.5963269060292,3.01));
#9416=CARTESIAN_POINT('',(24.412587812894,-11.918091010857,2.));
#9417=CARTESIAN_POINT('Origin',(22.3859529155838,-21.7791573472585,2.));
#9418=CARTESIAN_POINT('Origin',(33.1394895101207,-18.5777338909613,3.));
#9419=CARTESIAN_POINT('Origin',(17.1377278526836,-18.6919176730421,3.));
#9420=CARTESIAN_POINT('Origin',(8.92736946813583,-20.9774611517625,3.));
#9421=CARTESIAN_POINT('Origin',(36.2963599179676,-20.9601755472481,3.));
#9422=CARTESIAN_POINT('Origin',(12.143753690213,-18.6447913072803,3.));
#9423=CARTESIAN_POINT('Origin',(25.4434768513702,-18.6111959204327,3.));
#9424=CARTESIAN_POINT('Origin',(10.3142582046822,-11.9495061800432,3.));
#9425=CARTESIAN_POINT('Origin',(21.5054153405821,-18.5667343418674,3.));
#9426=CARTESIAN_POINT('Origin',(29.3422709715909,-18.5681139900845,3.));
#9427=CARTESIAN_POINT('Origin',(-0.992928932188129,-35.6070710678119,-2.));
#9428=CARTESIAN_POINT('',(-2.5,-34.1,2.));
#9429=CARTESIAN_POINT('',(-1.,-35.6,-6.));
#9430=CARTESIAN_POINT('Origin',(22.55,-35.6,-6.01));
#9431=CARTESIAN_POINT('',(46.1,-35.6,2.));
#9432=CARTESIAN_POINT('Origin',(46.0929289321881,-35.6070710678119,-2.));
#9433=CARTESIAN_POINT('Origin',(22.8,2.5,-6.01));
#9434=CARTESIAN_POINT('Origin',(-2.5,-16.8,-6.01));
#9435=CARTESIAN_POINT('Origin',(6.54126641460874,-13.7490920024375,0.01));
#9436=CARTESIAN_POINT('',(6.54126641460874,-24.8899231945098,0.));
#9437=CARTESIAN_POINT('Origin',(14.8657353590207,-24.8899231945098,0.01));
#9438=CARTESIAN_POINT('',(23.1902043034326,-24.8899231945098,0.));
#9439=CARTESIAN_POINT('Origin',(23.1902043034326,-21.9738667079943,0.01));
#9440=CARTESIAN_POINT('Origin',(45.1,-16.55,0.01));
#9441=CARTESIAN_POINT('Origin',(34.5083137115684,-11.940926464172,3.));
#9442=UNCERTAINTY_MEASURE_WITH_UNIT(LENGTH_MEASURE(0.01),#9446,
'DISTANCE_ACCURACY_VALUE',
'Maximum model space distance between geometric entities at asserted c
onnectivities');
#9443=UNCERTAINTY_MEASURE_WITH_UNIT(LENGTH_MEASURE(0.01),#9446,
'DISTANCE_ACCURACY_VALUE',
'Maximum model space distance between geometric entities at asserted c
onnectivities');
#9444=(
GEOMETRIC_REPRESENTATION_CONTEXT(3)
GLOBAL_UNCERTAINTY_ASSIGNED_CONTEXT((#9442))
GLOBAL_UNIT_ASSIGNED_CONTEXT((#9446,#9448,#9449))
REPRESENTATION_CONTEXT('','3D')
);
#9445=(
GEOMETRIC_REPRESENTATION_CONTEXT(3)
GLOBAL_UNCERTAINTY_ASSIGNED_CONTEXT((#9443))
GLOBAL_UNIT_ASSIGNED_CONTEXT((#9446,#9448,#9449))
REPRESENTATION_CONTEXT('','3D')
);
#9446=(
LENGTH_UNIT()
NAMED_UNIT(*)
SI_UNIT(.MILLI.,.METRE.)
);
#9447=(
LENGTH_UNIT()
NAMED_UNIT(*)
SI_UNIT($,.METRE.)
);
#9448=(
NAMED_UNIT(*)
PLANE_ANGLE_UNIT()
SI_UNIT($,.RADIAN.)
);
#9449=(
NAMED_UNIT(*)
SI_UNIT($,.STERADIAN.)
SOLID_ANGLE_UNIT()
);
#9450=SHAPE_DEFINITION_REPRESENTATION(#9451,#9452);
#9451=PRODUCT_DEFINITION_SHAPE('',$,#9454);
#9452=SHAPE_REPRESENTATION('',(#5982),#9444);
#9453=PRODUCT_DEFINITION_CONTEXT('part definition',#9458,'design');
#9454=PRODUCT_DEFINITION('Fusion \X2\96F690E84EF6\X0\',
'Fusion \X2\96F690E84EF6\X0\',#9455,#9453);
#9455=PRODUCT_DEFINITION_FORMATION('',$,#9460);
#9456=PRODUCT_RELATED_PRODUCT_CATEGORY('Fusion \X2\96F690E84EF6\X0\',
'Fusion \X2\96F690E84EF6\X0\',(#9460));
#9457=APPLICATION_PROTOCOL_DEFINITION('international standard',
'automotive_design',2009,#9458);
#9458=APPLICATION_CONTEXT(
'Core Data for Automotive Mechanical Design Process');
#9459=PRODUCT_CONTEXT('part definition',#9458,'mechanical');
#9460=PRODUCT('Fusion \X2\96F690E84EF6\X0\','Fusion \X2\96F690E84EF6\X0\',
$,(#9459));
#9461=PRESENTATION_STYLE_ASSIGNMENT((#9462));
#9462=SURFACE_STYLE_USAGE(.BOTH.,#9463);
#9463=SURFACE_SIDE_STYLE('',(#9464));
#9464=SURFACE_STYLE_FILL_AREA(#9465);
#9465=FILL_AREA_STYLE('\X2\94A2\X0\ - \X2\7F0E5149\X0\',(#9466));
#9466=FILL_AREA_STYLE_COLOUR('\X2\94A2\X0\ - \X2\7F0E5149\X0\',#9467);
#9467=COLOUR_RGB('\X2\94A2\X0\ - \X2\7F0E5149\X0\',0.627450980392157,0.627450980392157,
0.627450980392157);
ENDSEC;
END-ISO-10303-21;
