:020000040800F2
:1000000000800020518700089D8D0008ED8D0008BC
:100010003D8E00088D8E0008DD8E00080000000077
:10002000000000000000000000000000C180010886
:100030002B8F00080000000031830108278401088D
:10004000A1870008A1870008A1870008A1870008F0
:10005000A18700082D8F00082F8F0008A1870008B6
:10006000A1870008A1870008A18700083B8F00082E
:100070004D8F00085F8F0008718F0008838F000884
:10008000958F000800000000A1870008A1870008E4
:10009000A1870008A78F0008B98F0008CB8F000840
:1000A000D78F0008A1870008A1870008A187000852
:1000B000A1870008A1870008A1870008A187000880
:1000C000A1870008A1870008A187000811900008F7
:1000D000A18700082390000845900008A187000828
:1000E00067900008A1870008A1870008A187000881
:1000F000A1870008A1870008A18700080000000070
:1001000000000000A18700080000000075900008B2
:10011000A187000800000000A1870008A18700084F
:100120008790000899900008A1870008A18700081F
:10013000A18700080000000000000000A18700085F
:10014000A1870008A187000800000000000000004F
:10015000000000000000000000000000000000009F
:10016000000000000000000000000000A18700085F
:10017000A18700080000000000000000000000004F
:1001800000000000A187000800000000000000003F
:10019000000000000000000000000000000000005F
:1001A0000000000000000000A1870008A1870008EF
:1001B000A1870008A1870008A187000800000000AF
:1001C00000000000A18700080000000000000000FF
:0801D000A1870008A1870008C7
:100200000348044B834202D0034B03B118477047A5
:1002100030010020300100200000000005480649A0
:100220000B1AD90F01EBA301491002D0034B03B104
:100230001847704730010020300100200000000006
:1002400010B5064C237843B9FFF7DAFF044B13B11E
:100250000448AFF300800123237010BD300100205B
:10026000000000000C8A010808B5044B1BB10449CA
:100270000448AFF30080BDE80840CFE7000000006D
:10028000340100200C8A010810EE103A10EE902A7A
:1002900023F0004302F00042134300EE103A70478F
:1002A00010EE103A184A23F0004393421BDDB3F1DD
:1002B000FF4F02DB30EE400A704700B583B068465E
:1002C00000F056FB00F003000128DDED010A9DED72
:1002D000000A0CD0022812D070B1012001F03AF8C7
:1002E00003B05DF804FBDFED090A00F077BC01F014
:1002F00031F8B1EE400AF3E700F070FCF0E700F0EF
:100300006DFCB1EE400AEBE7D80F493F000000005A
:1003100010EE103A23F0004300EE103A704700BF91
:1003200008B52DED028BF0EE408AB0EE608A00F049
:1003300015F820B9B0EE480ABDEC028B08BDB0EE4E
:10034000480A00F00BF820B1F4EEC88AF1EE10FA7A
:10035000F0DDB0EE680ABDEC028B08BD10EE103A7D
:1003600033F000400ED0A0F50003B3F1FE4F0DD3E3
:10037000074B421E9A4207D9A0F1FF40B0FA80F025
:1003800040097047022070470320704704207047DF
:10039000FEFF7F0010EE103A114A23F00043934213
:1003A00018DDB3F1FF4F02DB30EE400A704700B5B5
:1003B00083B0684600F0DCFA400000F00200DDED9A
:1003C000010A9DED000AC0F1010001F00BF803B035
:1003D0005DF804FBDFED030A012001F003B800BF64
:1003E000DA0F493F0000000008B52DED028BB0EE9A
:1003F000408A00F081F8144B93F900300133F0EE9D
:10040000408A0FD0B4EE488AF1EE10FA0AD6B0EE68
:10041000480AFFF77DFFF7EE007AB4EEE70AF1EE47
:1004200010FA04DCB0EE680ABDEC028B08BD01F0E6
:10043000A7FABDEC028B034621221A600348BDE8EF
:10044000084001F0C9B900BF00000020B49F0108B6
:1004500000F058B908B52DED028BF0EE408AB0EEF1
:10046000608A00F0F5F90E4B93F9003001330BD0A0
:10047000F4EE488AF1EE10FA06D6DFED0A8AB4EE01
:10048000688AF1EE10FA02D0BDEC028B08BD01F0D3
:1004900077FA88EEA80ABDEC028B2123036008BD21
:1004A000000000200000000008B52DED028BB0EE2A
:1004B000408A00F08FFB0E4B93F9003001330BD0D4
:1004C000B4EE488AF1EE10FA06D6DFED0A8AB4EEF1
:1004D000E88AF1EE10FA02D4BDEC028B08BD01F0FF
:1004E0004FFA88EEA80ABDEC028B2123036008BDF9
:1004F000000000200000000038B510EE105A25F072
:100500000044B4F17E5F2DED048B00F085807ADC31
:10051000B4F17C5F0FDAB4F1485F80F29C80DFEDCC
:10052000697A70EE277AB7EE007AF4EEC77AF1EEC8
:1005300010FA00F38D80FFF7EBFEF7EE007A37EE4E
:10054000C00AB6EE008A20EE088A9FED5F7ADFEDE2
:100550005F6A9FED5F6A9FED5F5ADFED5F5ADFEDE7
:100560005F8AE8EE076A9FED5E7AA8EE067A9FED55
:100570005D6AA6EE885AA7EE086A9FED5B7ADFED0A
:100580005B6AE5EE085AA6EE087AE5EE886AE7EEC1
:10059000087AE6EE888AB0EE480AB0EE679A00F074
:1005A00019FB534B9C4268EE888A42DC10EE103AED
:1005B00023F47F6323F00F0306EE903AA6EEE68A5B
:1005C00070EE267A88EE895AC8EE274A9FED497A5E
:1005D000DFED497AB0EE006AA4EEC67A30EE000A8A
:1005E000F0EE675AE6EEC65A90EE057A37EE657A77
:1005F00037EEC77A002D0ADCBDEC048BB1EE477AEA
:10060000B0EE470A38BD70EE407A87EEA77ABDECAF
:10061000048BB0EE470A38BD9FED367ADFED377AAE
:1006200020EE077ABDEC048BA0EE277AB0EE470AE5
:1006300038BD88EE896A9FED327ADFED307AA0EE20
:10064000060AF0EE006AA0EE267A37EEC77AD1E706
:10065000B0EE407ADBE760EE007A9FED1B7ADFEDCB
:100660001B6A9FED1C6ADFED1A5A9FED1B5AE7EEDD
:10067000876ABDEC048BA6EEA76A9FED197ADFEDC1
:10068000196AA7EEA57AA6EE275AE7EE276ADFEDEC
:10069000175A9FED156A9FED117AE5EE275AA6EEDF
:1006A000A76AA5EEA77AF7EE006AE6EE276A67EE7C
:1006B000277AB0EE407A87EEA66AA0EE067AB0EE10
:1006C000470A38BDCAF2497108EF1138047F4F3A22
:1006D0002EC69D3D461124BDA80A4E3EABAA2A3E19
:1006E000613330BF2D57014039D119C090B0A6BE3B
:1006F0009999793F2EBD3BB3DB0F493FDB0FC93FD3
:100700002EBD3B3310B582B0CDED010A019B23F025
:100710000042B2F1FF4FF0EE407A30DC10EE100AEA
:1007200020F00041B1F1FF4F29DCB3F17E5F42D0F0
:100730009C1704F0020444EAD07431B37AB3B2F1E6
:10074000FF4F40D0B1F1FF4F29D08A1AB2F1F45FC8
:100750004FEAE25134DA002B42DA3C3140DA9FEDC5
:10076000340A012C4ED0022C43D064B19FED317A73
:10077000DFED317A30EE070A30EE670A03E09DEDD7
:10078000017A37EE270A02B010BD022C10D09FED7F
:100790002B0A032C18BFB0EE670A02B010BD9FED04
:1007A000280ADFED287A0028B8BFB0EE670AEAE72A
:1007B0009FED210AE7E702B0BDE8104000F0F2BE6D
:1007C0009FED1F0ACDE7B1F1FF4F04F1FF3420D0B8
:1007D000022C26D81C4B03EB840494ED030AD2E7C9
:1007E0009DED017A87EE870AFFF792FD00F0DAFEB1
:1007F000B7E79FED107ADFED107A30EE070A37EE9B
:10080000C00AC0E710EE103A03F1004300EE103AC0
:10081000B9E7022C08D80C4B03EB840494ED000AD2
:10082000B1E79FED030AAEE79FED080AABE700BF13
:10083000000000002EBDBB33DB0F4940DB0F49C079
:10084000DB0FC93FDB0FC9BF288A0108DB0F493F17
:1008500030B583B0CDED010A019D35F0004041D0A7
:1008600010EE10EA2EF00043B3F1FF4F3ADAB0F188
:10087000FF4F37DC83423BDB0EF000443AD01EF0E2
:10088000FF4F56D1190200296FF07D0204DD4900A7
:10089000002902F1FF32FADC15F0FF4F57D10102B7
:1008A0006FF07D0C03D449000CF1FF3CFBD512F135
:1008B0007E0F47DBCEF3160343F400031CF17E0FDB
:1008C0003ADBC5F3160040F40000B2EB0C0204D191
:1008D00017E00FD04B00013A13D0191A0029F8DAAB
:1008E0005B00F8E7DDED017A60EE277A87EEA70A74
:1008F00003B030BD1D4B03EB547393ED000A03B0FE
:1009000030BD181A58BF03461BB9F3E75B000CF162
:10091000FF3CB3F5000FF9DB1CF17E0F1CDBA3F5E8
:1009200000030CF17F0C234343EACC5300EE103A52
:10093000DEE7DA157F3AAFE76FF07D01A1EB0C013E
:100940008840C2E76FF07D01891A8B40B6E74FEA15
:10095000E05CACF17F0CAAE76FF07D02A2EB0C0C1F
:1009600043FA0CF3234300EE103AC1E7408A010832
:1009700070B510EE103A894A23F00044944286B0D4
:10098000054670DD864A944210EE106A22DC002B88
:10099000DFED847A844A24F00F04B0EE407A40F30D
:1009A000E480944270EE677A09BFDFED806A9FEDC4
:1009B000807A9FED807A77EEE67A012077EEC76A3B
:1009C00077EEE67AC5ED006A77EEC77AC5ED017A73
:1009D00006B070BD784A944254DDB4F1FF4F49DA55
:1009E000E215863AA4EBC25307EE903ABDEEE77AE1
:1009F000DFED726AB8EEC77A77EEC77A8DED037ACB
:100A000067EEA67ABDEEE77AB8EEC77A77EEC77AD8
:100A10008DED047A67EEA67AF5EE407AF1EE10FAE3
:100A2000CDED057A40F09080B5EE407AF1EE10FA07
:100A300014BF02230123624901910221009103A8FE
:100A4000294600F04DF9002EC2DA95ED007AD5ED79
:100A5000017AB1EE477AF1EE677A85ED007AC5ED5D
:100A6000017A4042B4E7002285ED000A426000208E
:100A700006B070BD70EE407A0020C5ED017AC5ED7C
:100A8000007AA5E7FFF744FC9FED4E7A9FED456A9B
:100A9000F6EE007AE0EE077A9FED457AFDEEE77A12
:100AA00017EE900AF8EEE76A1F28A6EEC60A66EE71
:100AB000877AB1EE666A1EDC434A411E24F0FF03CA
:100AC00052F82120934216D030EE677A85ED007AF5
:100AD00030EE470A002E30EE670A85ED010ABFF6B8
:100AE00077AFB1EE477AB1EE400A85ED007A85ED39
:100AF000010A40426CE730EE677AE21517EE103AD1
:100B0000C3F3C753C3EBD454082CDFDDDFED277AE2
:100B10009FED287AF0EE405AE6EE275A30EE650A4D
:100B2000A6EE270AF0EE407AD6EE877A35EEE77A1F
:100B300017EE103AC3F3C753D21A192A06DCB0EEE7
:100B4000650A85ED007AC3E7032374E79FED1F7AFA
:100B50009FED1F5AB0EE650AA6EE070A75EEC07A41
:100B6000E6EE077AD6EE857AAEE7944270EE277A03
:100B700009BFDFED0E6A9FED0E7A9FED0E7A77EEDC
:100B8000A67A4FF0FF3077EE876A77EEE67AC5ED0A
:100B9000006A77EE877AC5ED017A19E7D80F493FE9
:100BA000E3CB1640800FC93FD00FC93F0044353713
:100BB0004344353708A3852E800F49430000804306
:100BC000C88A010884F9223F488A010800A3852EBB
:100BD00032318D24B1EEC00A704700BF10EE103ADA
:100BE00023F00043B3F1485F2CDAFDEEC07A17EE34
:100BF000903A002B60D020EE007ADFED317A9FED45
:100C0000315ADFED315A9FED316ADFED316AA7EEDF
:100C1000275ADFED307AE7EE055AA7EE256AE7EEB0
:100C2000067AE7EE276A67EE266A60EEC00AF6EEFD
:100C3000007AE7EE260AB7EE000AD7EE270A30EE72
:100C4000600A704720EE007ADFED1D7A9FED1D5A95
:100C5000DFED1D5A9FED1D6ADFED1D6A1E4AA7EEEE
:100C6000275A9342DFED1B7AE5EE075AA5EE876A15
:100C7000E6EE077AE7EE876A66EE876AD5DD174A01
:100C8000934214DC03F17F4307EE903AB7EE006A1B
:100C900036EE676A60EEC00AF6EE005AD7EE257AA5
:100CA000E7EE260A77EEE00A36EE600A7047B6EE07
:100CB000076AF5EE027AEDE7B7EE000A704700BF6B
:100CC0004ED747ADF6740F317CF293B4010DD03797
:100CD000ABAA2A3D610BB6BA9999993E0000483FEC
:100CE0002DE9F04F2DED048BDBB01C4603930691EC
:100CF000A24B6899089253F82150111D824604F1C5
:100D0000FF38C0F2A382D31E48BF131DDB1002932D
:100D10000133DB000793DDE907239B1A0593029B50
:100D200015EB0801A3EB080316D401319FED947A6B
:100D3000699819441EAA002BA4BF50F8234007EE5F
:100D4000904A03F10103ACBFF8EEE77AF0EE477A80
:100D50008B42E2EC017AEED1002DC0F2E782039BD8
:100D60001EAA02EB830446AE4FEA830C4046EF18FE
:100D70000AEB8301B8F1000FDFED817A09DB22462F
:100D80005346F3EC016A32ED017A8B42E6EE877A44
:100D9000F7D10130B842E6EC017A04F10404E9D15C
:100DA00009AB0AAF03EB850907EB8503083B9FED11
:100DB000769ADFED748A059804930AEB0C0446AE2C
:100DC00000955AAB03EB8503002D13ED140A4FEA8F
:100DD000850B16DD06EB85033A4660EE097AB0EE28
:100DE000407AFDEEE77A73ED016AF8EEE77AB342F6
:100DF000A7EEE87A37EEA60ABDEEC77AA2EC017A32
:100E0000EBD1019000F0EEFCB0EE408AB4EE000AA7
:100E100028EE000A00F09AFCF2EE007AA0EE678A53
:100E200001980028FDEEC89AF8EEE97A38EE678A54
:100E300079DD05F1FF3EC0F1080357F82E1041FAA5
:100E400003FC0CFA03F3CB1AC0F1070219EE901A57
:100E500043FA02F26144002A47F82E3009EE901A54
:100E600069DCB5EE408AF1EE10FA40F0C080009BDC
:100E700005F1FF3B5B4510DC05F18043013B07EBCF
:100E800083030021944653F804294B4541EA0201AB
:100E9000F9D16246002940F0F280009B013B57F8EF
:100EA0002330002B40F0E780049B4FF0010C53F8F7
:100EB00004290CF1010C002AF9D06B1CAC449E46AD
:100EC000039A5119029A02EB030B0BF1804B699ABA
:100ED0000BF1FF3B06EB83051EAB02EB8B0B03EB29
:100EE0008101DBED017A9FED267AF8EEE77AB8F121
:100EF000000F0BF1040BC1ED007A0A4601F1040169
:100F000009DB534601E072ED017AF3EC016AA3427A
:100F1000A6EEA77AF7D10EF1010EE645A5EC017A0F
:100F2000DFDD65464DE740F09C806B1E57F82320BF
:100F30001212002A95DD19EE903A002D03F10103FB
:100F400009EE903A40F39881396800297FD1012D4C
:100F500026D03B464FF0010C53F8041F00297AD0ED
:100F60000CF10103C1F580719D4247F82C1016DD8C
:100F700057F82310BB4407EB83030AE0E08D010818
:100F800000000000000080430000803B0000C93FDB
:100F90001968C1F1FF0143F8041B5B45F8D1012139
:100FA00000280CDD012800F04881022807D105F156
:100FB000FF3C57F82C3003F03F0347F82C30022A4F
:100FC0007FF44FAFB7EE000A30EE488A00293FF4B5
:100FD00048AF0992019000F005FC38EE408A099A6A
:100FE0000198B5EE408AF1EE10FA3FF440AF02925C
:100FF000DDE90732B0EE480A981A0195009D00F02D
:10100000F1FB1FED207AB4EEC70AF1EE10FADDE92C
:101010000132C0F259815FED247A059960EE277A9A
:101020000831FDEEE77A0591F8EEE77A03F1010B5E
:10103000A7EEC70AFDEEE77ABDEEC00A10EE101A61
:1010400047F8231017EE903A47F82B302EE0012393
:101050004FF0000C86E70CF1010CAC457FF47CAF3F
:101060009EE7F6EE007AB4EEE78AF1EE10FA80F22F
:10107000F2800022F5E66B1C9E469C4620E705990F
:10108000A1F1080057F82B1005902B46009D69B977
:1010900003F18043023B07EB8303014653F8040945
:1010A0000BF1FF3B08390028F8D005910598009214
:1010B000B7EE000A00F096FBBBF1000F009AC0F2F9
:1010C00028814FEA8B0E46AB03EB0E060EF1040CA3
:1010D0001FED537A07EB0C03311D73ED017AF8EE27
:1010E000E77ABB4267EE807A20EE070A61ED017A6B
:1010F000F3D1002D1FED5B6A4FF0000420DB934815
:10110000DFED937AB0EE467A3146002303E09C424D
:1011100008DBB0EC017AF1EC016A01339D42E6EEA6
:10112000877AF4DA5AAB03EB8403A34543ED287ABC
:10113000A6F1040604F1010305D0002D1C46DEDAF9
:10114000DFED837AEEE7689902291CDC002900F3C1
:1011500095800FD132ABDFED7E7A9C443CED017A75
:10116000634577EE877AF9D10AB1F1EE677A069B8B
:10117000C3ED007A19EE903A03F007005BB0BDECC6
:10118000048BBDE8F08F689B032BF3D1BBF1000FFC
:1011900000F0D4800EF5B4736B4432A913ED287AB5
:1011A00001EB8B0373ED017AF0EE476A37EE277A95
:1011B000994277EEC77A83ED007A77EEA67AC3ED8F
:1011C000017AEFD1BBF1010F40F3B8800BF1804BF6
:1011D0000EF5B4730BF1FF3B0DEB030E4FEA8B0BD7
:1011E0000BF104031EED287A0B4433A873ED017A4A
:1011F000F0EE476A37EE277A984277EEC77A83EDAA
:10120000007A77EEA67AC3ED017AEFD10BF1080BE5
:10121000DFED4F7A01EB0B03083133ED017A994290
:1012200077EE877AF9D1002A56D10699329A339B04
:101230000A604B60C1ED027A9CE705F1FF3C57F86C
:101240002C3003F07F0347F82C30B8E608230793CF
:10125000002302935FE519EE903A002D03F101039C
:1012600009EE903AC8BF02223FF76EAEF7EE007A61
:1012700037EEC88A0222F4E5002191E632A9DFEDBB
:10128000347A01EB830333ED017A994277EE877A62
:10129000F9D19DED327A8ABB069BBBF1000FC3EDFD
:1012A000007A77EE677A0BDD33A90123B1EC017A7E
:1012B00001339B4577EE877AF8DA0AB1F1EE677A67
:1012C000069BC3ED017A55E7BDEEC00A9B4610EEC2
:1012D000101A47F82310E9E6DDED326A9DED337A06
:1012E000069BF1EE666AB1EE477AF1EE677AC3EDDE
:1012F000006A83ED017AC3ED027A3BE7069BF1EECB
:10130000676ABBF1000F77EE677AC3ED006ACBDC4A
:10131000D4E7689B022B0DDC002B14DC7FF42AAF92
:10132000DFED0B7A002A3FF422AF1EE7039B4FEA62
:10133000830C35E5689B032B7FF41CAFDFED047A4B
:10134000002AC9D171E7DFED027AA2E7F08D01082A
:101350000000000010EE103A23F00043B3F1485FA4
:1013600004DAFDEEC07A17EE903A5BB360EE007AD5
:101370009FED157ADFED155A9FED156ADFED156AC1
:10138000E7EE875A9FED147AA5EEA76A20EE275A5A
:10139000E6EE276AA6EEA77A30B9DFED106AE7EE2F
:1013A000876AA6EE850A704727EE457AF6EE006A50
:1013B000A0EEA67ADFED0A6AD7EE270AE5EE260A46
:1013C00030EE600A704700BFD3C92E2F342FD7B23A
:1013D0001BEF3836010D50B98988083CABAA2ABEEC
:1013E000ABAA2A3E08B510EE103A23F00042B2F143
:1013F000465FF0EE407A0FDABDEEC07A17EE101AB3
:1014000001BB431C134300F0A080012803D0BFEEB2
:10141000007A87EE270A08BD50498A4212DB002B6A
:10142000B8BFF1EE407A9FED4E7A9FED4E0AB8BFFD
:10143000F1EE600A70EE677A37EE600ADFED4A0A75
:1014400070EE277A67EEA76ADFED484ADFED485A6B
:101450009FED485A9FED486A404926EEA67A8A4297
:10146000E7EE245AA7EE056ADFED444A9FED445AA1
:10147000E5EE874AA6EE075ADFED425A9FED426A33
:10148000E4EE875AA5EE076ADFED404A9FED405A29
:10149000E5EE874AA6EE075A9FED3E6ADFED3E5A1B
:1014A000A4EE876AE5EE075AB0EE467AA5EEA67A74
:1014B00027EEA65AB0EE606AA7EE056ADFED374A5E
:1014C000E6EE260AE5EE240A37EEA00A1FDA012826
:1014D000A1D0BFEE007AC7EE006A314B10EE102AA1
:1014E0001A4006EE102A16EE902A76EE677A13401E
:1014F00000EE103AB7EE007A70EEE70AF0EE477AA7
:10150000E6EE007AE0EE807AA7EEA60A08BD07EEC6
:10151000100AB8EEC77A60EE005A30EE070A9B1741
:10152000C5EE806A03F00203C3F10103B0EE006A66
:1015300076EEE00A00EE103A77EEE07AB8EEC00AF6
:10154000A7EEC67A20EE070A08BDFEF7E1FEB7EE69
:10155000007AF0EE407A87EE270A08BD40A12C3FC2
:1015600068212233DA0F493F000000005FAE9BB7CD
:1015700045F4A3388453D9377AC09538C8261A3A27
:10158000B937813916696B3B48DEBE3AA427B33CB4
:101590001F37113C8988083ED10D5D3DABAAAA3E9C
:1015A00000F0FFFF38B510EE105A25F00044B4F1FA
:1015B000A14FF0EE407A0BDBB4F1FF4F58DCDFEDCA
:1015C000517A9FED510A002DC8BFB0EE670A38BDB1
:1015D0004E4B9C425BDCB4F1445F4CDB4FF0FF327E
:1015E00067EEA76ADFED4A4ADFED4A5A9FED4A5A95
:1015F0009FED4A4A26EEA67AB0EE666AE7EE245AD6
:10160000531CDFED474ADFED476AA5EE875AE7EE48
:10161000246ADFED455ADFED454AE6EE875AA5EE2E
:10162000074A9FED435ADFED436AA5EE875AE4EE81
:10163000074ADFED415AE4EE876AE5EE075A66EEA7
:10164000866A25EE877A37D03C4B03EB820376EE31
:10165000876A93ED000A93ED047A96EEA70A002DAF
:1016600070EE677A37EE670AB1DAB1EE400A38BD3C
:1016700030EE000A38BD9FED327A30EE077AF7EE91
:10168000006AB4EEE67AF1EE10FAA7DD38BDFEF797
:101690003FFE2C4B9C4216DCA3F5D0039C4227DC7A
:1016A000F0EE007ABFEE007AA0EE277A002230EE4C
:1016B000270AC7EE007A93E776EE876AE6EEE77AC6
:1016C000B0EE670A38BD204B9C420BDCF7EE087A7F
:1016D000B7EE007AA0EE277A022230EE670AC0EE5B
:1016E000077A7DE7BFEE007AC7EE007A032277E73C
:1016F000F7EE007A30EE677A30EE270A0122C7EE65
:10170000007A6DE7DB0FC93FDB0FC9BFFFFFDF3E8C
:10171000D769853C59DA4B3D356B883D6E2EBA3D15
:1017200021A215BD6BF16EBD95879DBD2549123E69
:10173000388EE3BDABAAAA3ECDCC4CBE188E0108B4
:10174000CAF24971FFFF973FFFFF1B4010EE102ABE
:10175000C2F3C7537F3B162B22F0004128DC002B3D
:1017600018DB1A4919410A4221D0DFED197A70EECF
:10177000277AF5EEC07AF1EE10FA18DD002A04DAC5
:101780004FF4000040FA03F31A4422EA010300EE8A
:10179000103A7047DFED0E7A70EE277AF5EEC07AD8
:1017A000F1EE10FA03DD002A08DB9FED0A0A70470C
:1017B000B1F1FF4FFBD330EE000A7047FFEE007A25
:1017C000002918BFB0EE670A704700BFFFFF7F0017
:1017D000CAF24971000000009FED010A704700BF86
:1017E0000000C07F82B08DED010A019B33F0004202
:1017F0002AD0B2F1FF4F23D213F0FF4F28D19DED35
:10180000017ADFED2A7A2A4B67EE277A9842CDEDEE
:10181000017A37DB019BC3F3C752193A0244FE2A0F
:101820001ADD9FED240A9FED247A019B002BF0EE38
:10183000407AB8BFB0EE470A20EE270A02B07047E0
:1018400030EE000A02B070479DED010A02B0704709
:10185000D20D0244FE2AE4DC002A0BDC12F1160F42
:1018600017DA4CF250339842DBDC9FED140A9FEDFF
:10187000147ADAE723F0FF4343EAC25300EE103A4A
:1018800002B070479FED0D0ADDED017A27EE800A68
:10189000D8E7193223F0FF4343EAC253DFED097A58
:1018A00007EE103A27EE270ACCE700BF0000004CF5
:1018B000B03CFFFFCAF24971CAF249F16042A20D81
:1018C0006042A28D0000003308B5062000F0B0FA97
:1018D000012001F0D5FE00BF002200F003B800BFD8
:1018E00000F0AAB870B4840746D04C1E002941D03D
:1018F000D5B2034602E0611EE4B30C4603F8015B77
:101900009907F8D1032C2ED9D5B245EA05250F2C1D
:1019100045EA054519D9264603F11001103E0F2E60
:1019200041F8105C41F80C5C41F8085C41F8045C3B
:1019300001F11001F2D8A4F1100121F00F0104F01F
:101940000F041031032C0B440DD91E4621460439D7
:10195000032946F8045BFAD8211F21F00301043162
:101960000B4404F003042CB1D2B21C4403F8012B45
:10197000A342FBD170BC70470C460346C2E700008F
:10198000014B1868704700BF0400002070B50D4E71
:101990000D4D761BB61006D0002455F8043B0134DB
:1019A0009847A642F9D1094E094D761B17F02EF83B
:1019B000B61006D0002455F8043B01349847A642DF
:1019C000F9D170BDC09F0108C09F0108C89F0108E0
:1019D000C09F0108032A70B515D940EA010C1CF01C
:1019E000030F04460B4621D1194620460E680568B0
:1019F000B54204F1040403F1040317D1043A032AA5
:101A000020461946F0D8541EA2B100F1FF3C01391E
:101A100001E0C3180CD01CF801EF11F8012F964516
:101A2000A4EB0C03F5D0AEEB020070BD541EECE746
:101A3000184670BD104670BD844641EA000313F09D
:101A400003036DD1403A41D351F8043B40F8043BC5
:101A500051F8043B40F8043B51F8043B40F8043B88
:101A600051F8043B40F8043B51F8043B40F8043B78
:101A700051F8043B40F8043B51F8043B40F8043B68
:101A800051F8043B40F8043B51F8043B40F8043B58
:101A900051F8043B40F8043B51F8043B40F8043B48
:101AA00051F8043B40F8043B51F8043B40F8043B38
:101AB00051F8043B40F8043B51F8043B40F8043B28
:101AC00051F8043B40F8043B403ABDD2303211D3C8
:101AD00051F8043B40F8043B51F8043B40F8043B08
:101AE00051F8043B40F8043B51F8043B40F8043BF8
:101AF000103AEDD20C3205D351F8043B40F8043BC8
:101B0000043AF9D2043208D0D2071CBF11F8013BC5
:101B100000F8013B01D30B8803806046704700BF8B
:101B2000082A13D38B078DD010F003038AD0C3F19A
:101B30000403D21ADB071CBF11F8013B00F8013B7C
:101B400080D331F8023B20F8023B7BE7043AD9D33B
:101B5000013A11F8013B00F8013BF9D20B78037010
:101B60004B7843708B7883706046704788420DD9FC
:101B70008B1883420AD900EB020CBAB1624613F803
:101B800001CD02F801CD9942F9D170470F2A0ED844
:101B9000034602F1FF3C4AB10CF1010C013B8C44BD
:101BA00011F8012B03F8012F6145F9D1704740EA84
:101BB00001039B0750D1A2F1100370B501F1200C75
:101BC00023F00F0501F1100E00F11004AC441B09C5
:101BD0005EF8105C44F8105C5EF80C5C44F80C5C39
:101BE0005EF8085C44F8085C5EF8045C44F8045C49
:101BF0000EF1100EE64504F11004E9D1013312F0A4
:101C00000C0F01EB031102F00F0400EB031327D0BC
:101C1000043C24F003064FEA940C1E441C1F8E461D
:101C20005EF8045B44F8045FB442F9D10CF101049E
:101C300002F0030203EB840301EB840102F1FF3C99
:101C40004AB10CF1010C013B8C4411F8012B03F853
:101C5000012F6145F9D170BD02F1FF3C03469BE7BE
:101C60002246EBE7830730B548D0541E002A3FD008
:101C7000CAB2034601E0013C3AD303F8012B9D07A9
:101C8000F9D1032C2DD9CDB245EA05250F2C45EA13
:101C9000054536D9A4F1100222F00F0C03F1200EF5
:101CA000E6444FEA121C03F1100242E9045542E9EE
:101CB000025510327245F8D10CF1010214F00C0FEC
:101CC00003EB021204F00F0C13D0ACF1040323F069
:101CD00003030433134442F8045B9342FBD10CF03A
:101CE00003042CB1CAB21C4403F8012B9C42FBD163
:101CF00030BD64461346002CF4D1F9E70346144680
:101D0000BFE71A46A446E0E738B5446C0CB10020A2
:101D100038BD8021054600F0DBFC0246686430B126
:101D2000031F7C3243F8044F9342FBD1EFE74FF09F
:101D3000FF3038BD1F29F8B5054608D8466C0C465B
:101D400017464EB156F8240046F82470F8BD162305
:101D500003604FF0FF30F8BD802100F0B9FC06466B
:101D6000686440B1031F00F17C05002143F8041FA3
:101D70009D42FBD1E6E74FF0FF30F8BD1F2938B593
:101D8000054620D8426C0C466AB152F8213053B156
:101D9000012B16D0591C10D00025204642F82450A3
:101DA0009847284638BD284600F0F8F822460146F4
:101DB0002846BDE8384000F0DBB816230360012058
:101DC00038BD002038BD162303604FF0FF3038BD0A
:101DD0001F292AD8426C38B50C46054682B152F804
:101DE000243002EB84024BB1591C19D0012B15D0C1
:101DF0000025204615609847284638BD012038BD8B
:101E0000802100F065FC0246686458B1031F002180
:101E10007C3043F8041F9842FBD1E0E7032038BD33
:101E2000022038BD4FF0FF3038BD4FF0FF30704713
:101E300038B5144B1F281D681FD86A6C044662B160
:101E400052F820304BB1012B15D0591C0FD0002572
:101E500042F820509847284638BD284600F09EF8A2
:101E6000224601462846BDE8384000F081B81623D6
:101E70002B60012038BD002038BD16232B604FF0A9
:101E8000FF3038BD04000020124B1F2870B51E68BB
:101E900008D80D46716C044649B151F8240041F848
:101EA000245070BD162333604FF0FF3070BD802189
:101EB000304600F00DFC0146706440B1031F00F194
:101EC0007C0C002243F8042F6345FBD1E5E74FF07B
:101ED000FF3070BD0400002038B50B4B1D686C6CE2
:101EE0000CB1002038BD8021284600F0F1FB686469
:101EF00038B1031F00F17C0243F8044F9342FBD139
:101F0000EFE74FF0FF3038BD0400002038B5174B25
:101F10001F281D6826D86A6C044682B152F8243006
:101F200002EB84024BB1591C1AD0012B16D00025AC
:101F3000204615609847284638BD012038BD8021CD
:101F4000284600F0C5FB0246686458B1031F002113
:101F50007C3043F8041F8342FBD1DFE7032038BD08
:101F6000022038BD4FF0FF3038BD00BF0400002014
:101F700070B50C46084D03460026204611461C4607
:101F80002E6001F067FB431C00D070BD2B68002B56
:101F9000FBD0236070BD00BF5401002001F052BB94
:101FA000A2EB0300704700BF02780B78012A28BF1C
:101FB0009A42F5D16DE9044540EA0104CDE9026792
:101FC0006FF0000C4FEA447212B380EA010414F07F
:101FD000070F6AD100F0070420F0070004F00305A2
:101FE00021F007014FEAC505F0E8042314F0040FBF
:101FF000F1E804670CFA05F462EA040266EA0406F2
:102000000AD063EA0403624667EA0407664603E00F
:10201000F0E80423F1E8046782FA4CF582EA06044A
:10202000A4FA8CF46CBB83FA4CF583EA0705A5FA95
:102030008CF595B950E9022351E9026782FA4CF513
:1020400082EA0604A4FA8CF483FA4CF583EA0705C5
:10205000A5FA8CF52543DBD09CB92DBAB5FA85F4E9
:1020600024F0070427FA04F1DDE9026723FA04F3F8
:1020700003F0FF0001F0FF01FDE80445A0EB0100C3
:10208000704724BAB4FA84F424F0070426FA04F161
:10209000DDE9026722FA04F202F0FF0001F0FF011D
:1020A000FDE80445A0EB0100704714F0030F3CD19C
:1020B00010F0030428D150F8082B51F8083B82FA9D
:1020C0004CF582EA0305A5FA8CF55DB950F8042CAD
:1020D00051F8043C82FA4CF582EA0305A5FA8CF526
:1020E000002DE8D02DBAB5FA85F424F0070423FAC0
:1020F00004F122FA04F202F0FF0001F0FF01FDE812
:102100000445A0EB010070474FEAC40420F003002F
:1021100050F8082B21F0030151F8083B0CFA04F4A5
:1021200062EA040263EA0403C9E710F003041AD068
:10213000A1EB040120F00300E40750F8042B06D0C3
:102140000FD28B785FFAA2F4E41A06D12BB1CB78C8
:102150005FFAB2F4E41A00D11BB920465DF8104BC7
:10216000704701F1040150F8042BCC0721F0030162
:1021700051F8043B48D824D222F07F4482FA4CF52F
:1021800094EA1325A5FA8CF50AD165B951F8043BF8
:1021900084EA0204B4EB036F0ED150F8042BEBE792
:1021A0004FEA132355E035F07F454DD10878FDE81F
:1021B0000445C0F1000070474FEA126203F0FF03CC
:1021C00047E002EA1C4482FA4CF594EA1345A5FA6A
:1021D0008CF50AD165B951F8043B84EA0204B4EBEA
:1021E000034F0CD150F8042BEBE74FEA134330E0D8
:1021F00015EA1C4528D10B884FEA124229E04FEA24
:10220000124203EA1C4324E002F0FF0482FA4CF578
:1022100094EA1365A5FA8CF50AD165B951F8043B27
:1022200084EA0204B4EB032F09D150F8042BEBE746
:102230004FEA13630DE015F0FF0F05D10B684FEA6D
:10224000122223F07F4304E04FF00000FDE8044534
:10225000704712BA1BBA82FA4CF482EA0304A4FA59
:102260008CF5B5FA85F402FA04F203FA04F34FEAA6
:102270001260FDE80445A0EB1360704780EA01029C
:10228000844612F0030F4FD111F0030F32D14DF8F5
:10229000044D11F0040F51F8043B0BD0A3F10132AF
:1022A0009A4312F0803F04BF4CF8043B51F8043BC2
:1022B00016D100BF51F8044BA3F101329A4312F03A
:1022C000803FA4F101320BD14CF8043BA24312F041
:1022D000803F04BF51F8043B4CF8044BEAD023463E
:1022E0000CF8013B13F0FF0F4FEA3323F8D15DF8F0
:1022F000044B704711F0010F06D011F8012B0CF8B8
:10230000012B002A08BF704711F0020FBFD031F82F
:10231000022B12F0FF0F16BF2CF8022B8CF80020B6
:1023200012F47F4FB3D1704711F8012B0CF8012B39
:10233000002AF9D1704700BF000000000000000033
:1023400090F800F06DE9024520F007016FF0000CF5
:1023500010F0070491F820F040F049804FF000049D
:102360006FF00700D1E9002391F840F000F1080078
:1023700082FA4CF2A4FA8CF283FA4CF3A2FA8CF3B0
:102380004BBBD1E9022382FA4CF200F10800A4FA17
:102390008CF283FA4CF3A2FA8CF3E3B9D1E904236B
:1023A00082FA4CF200F10800A4FA8CF283FA4CF3A2
:1023B000A2FA8CF37BB9D1E9062301F1200182FA5C
:1023C0004CF200F10800A4FA8CF283FA4CF3A2FA62
:1023D0008CF3002BC6D0002A04BF04301A4612BA70
:1023E000B2FA82F2FDE8024500EBD2007047D1E973
:1023F000002304F00305C4F100004FEAC50514F002
:10240000040F91F840F00CFA05F562EA05021CBFD2
:1024100063EA050362464FF00004A9E7A2B330B5B2
:1024200040EA0104A40784460B462AD09CF8000029
:102430000C7884422FD1012A0DD0E64660B11EF8F7
:10244000010F11F8014F6FEA0E03A042134422D18D
:102450001CEB0303F2D1002030BD0468194653F889
:10246000045BA4F1013EAC4284462EEA040E00F166
:1024700004000BD1043A84461946ECD01EF0803F8C
:10248000E9D1032AE9D8D1E7104670479CF800004B
:102490000C78A042D1D0001B30BD00BF30B540EA5F
:1024A0000104A30701D1032A0FD8844601F1FF3E9E
:1024B00007E01EF8011F03F8011B541EC1B19C4622
:1024C00022466346002AF4D130BD0B4684461946A5
:1024D00053F8045BA5F1013424EA050414F0803FAD
:1024E000E4D1043A032A4CF8045B1946EFD8DDE73F
:1024F0006244002CE8D003F8011B9342FBD130BDAD
:1025000071B1034600EB010C01E0634506D01A46A9
:10251000013311780029F8D1101A7047181A704742
:102520000846704771B138B503460C46002501E0F6
:10253000431C05462146184600F036F90028F7D11D
:10254000284638BD00F030B92DE9F04F81464548A6
:102550008E4675461EF801CB10F80C4014F00804A6
:10256000F7D1BCF12D0FE34654D0BCF12B0F08BFBF
:102570009EF800B06FF0004808BF05F1020E1BB1D5
:10258000102B4FD01F4604E0BBF1300F55D00A236B
:102590001F460025B8FBF7F6284607FB168A07E01A
:1025A000864215D329D007FB00C001251EF801BBC8
:1025B000ABF1300CBCF1090F06D9ABF1410CBCF109
:1025C000190F08D8ABF1370C63450DDD002DE7DAA4
:1025D0004FF0FF35EAE7ABF1610CBCF1190F03D8FE
:1025E000ABF1570C6345F1DC002D0BDB04B140422D
:1025F0000AB195BB1160BDE8F08FE245D3DA4FF028
:10260000FF35D3E72223C9F800301AB30EF1FF31AA
:102610004046EFE79EF800B04FF0004805F1020E8B
:102620000124ACE7BBF1300FACD19EF8000000F004
:10263000DF00582807D01F46ABE79EF8003003F0B4
:10264000DF03582B0BD110279EF801B03B460EF14B
:10265000020E9EE74046BDE8F08F8046D6E708238D
:102660001F4696E7398E0108012B02D0242B00D893
:102670006AE710B5FFF784F916230360002010BD48
:10268000012A08D0242A06D8844606481346006842
:102690000A46614658E710B5FFF772F91623036042
:1026A000002010BD04000020012A08D0242A06D8EA
:1026B00084460648134600680A46614644E710B55A
:1026C000FFF75EF916230360002010BD0400002010
:1026D000F8B5CD1C25F0030508350C2D38BF0C25A9
:1026E000002D064623DBA94221D8254F00F0C2F871
:1026F0003A6822B3144603E063682246FBB11C46E5
:1027000023685B1BF8D40B2B15D8636894420CBF6D
:102710003B605360304600F0AFF804F10B00231D1E
:1027200020F00700C21A01D01B1AA350F8BD0C23D9
:1027300033600020F8BD23601C442560EAE7796817
:10274000C9B12946304600F01DF8431C0CD0C41C0A
:1027500024F00304A04205D0211A304600F012F8FC
:10276000013001D02560D5E70C233046336000F0FE
:1027700083F80020F8BD304600F004F87860E0E708
:102780004C01002038B5074D0022044608462A6057
:1027900000F068FF431C00D038BD2B68002BFBD035
:1027A000236038BD5401002011F0FF01034644D0DE
:1027B000820732D110B5046841EA012E4EEA0E4E6E
:1027C0008EEA0402A2F1013323EA0203A4F10132EA
:1027D00022EA0402134313F0803F0FD150F8044F54
:1027E00084EA0E0CA4F10133ACF1013223EA0403B4
:1027F00022EA0C02134313F0803FEFD0037823B991
:1028000036E010F8013F002B32D09942F9D110BDCB
:102810008A4211D09A071846CCD0184613F8012BDB
:10282000002AF5D1104670479907184607D0184678
:1028300001330278002AF7D170478207F7D1026886
:10284000A2F1013323EA020313F0803F08D150F8CC
:10285000042FA2F1013323EA020313F0803FF6D0E4
:102860000378002BE8D010F8013F002BFBD1704714
:10287000184610BD704700BF704700BF81F000418F
:1028800002E000BF83F0004330B54FEA41044FEA55
:10289000430594EA050F08BF90EA020F1FBF54EAF0
:1028A000000C55EA020C7FEA645C7FEA655C00F08C
:1028B000E2804FEA5454D4EB5555B8BF6D420CDD5D
:1028C0002C4480EA020281EA030382EA000083EAE0
:1028D000010180EA020281EA0303362D88BF30BD80
:1028E00011F0004F4FEA01314FF4801C4CEA1131D6
:1028F00002D0404261EB410113F0004F4FEA033335
:102900004CEA133302D0524263EB430394EA050FBF
:1029100000F0A780A4F10104D5F1200E0DDB02FA2E
:102920000EFC22FA05F2801841F1000103FA0EF2C2
:10293000801843FA05F359410EE0A5F120050EF188
:10294000200E012A03FA0EFC28BF4CF0020C43FAB9
:1029500005F3C01851EBE37101F0004507D54FF0C6
:10296000000EDCF1000C7EEB00006EEB0101B1F516
:10297000801F1BD3B1F5001F0CD349085FEA30005C
:102980004FEA3C0C04F101044FEA445212F5800F67
:1029900080F09A80BCF1004F08BF5FEA500C50F104
:1029A000000041EB045141EA050130BD5FEA4C0CE7
:1029B000404141EB0101013C28BFB1F5801FE9D244
:1029C00091F0000F04BF01460020B1FA81F308BF67
:1029D0002033A3F10B03B3F120020CDA0C3208DD33
:1029E00002F1140CC2F10C0201FA0CF021FA02F10E
:1029F0000CE002F11402D8BFC2F1200C01FA02F17E
:102A000020FA0CFCDCBF41EA0C019040E41AA2BFA2
:102A100001EB0451294330BD6FEA04041F3C1CDA6A
:102A20000C340EDC04F11404C4F1200220FA04F08A
:102A300001FA02F340EA030021FA04F345EA030134
:102A400030BDC4F10C04C4F1200220FA02F001FAF6
:102A500004F340EA0300294630BD21FA04F0294678
:102A600030BD94F0000F83F4801306BF81F4801111
:102A70000134013D4EE77FEA645C18BF7FEA655C84
:102A800029D094EA050F08BF90EA020F05D054EA56
:102A9000000C04BF1946104630BD91EA030F1EBF5B
:102AA0000021002030BD5FEA545C05D1400049415F
:102AB00028BF41F0004130BD14F580043CBF01F552
:102AC000801130BD01F0004545F0FE4141F4700138
:102AD0004FF0000030BD7FEA645C1ABF1946104613
:102AE0007FEA655C1CBF0B46024650EA013406BF14
:102AF00052EA033591EA030F41F4002130BD00BFD3
:102B000090F0000F04BF0021704730B54FF480648F
:102B100004F132044FF000054FF0000150E700BF10
:102B200090F0000F04BF0021704730B54FF480646F
:102B300004F1320410F0004548BF40424FF000015C
:102B40003EE700BF42004FEAE2014FEA31014FEA9F
:102B500002701FBF12F07F4393F07F4F81F06051EE
:102B6000704732F07F4208BF704793F07F4F04BF39
:102B700041F40021704730B54FF4607401F0004516
:102B800021F000411CE700BF50EA010208BF704776
:102B900030B54FF000050AE050EA010208BF704767
:102BA00030B511F0004502D5404261EB41014FF4D0
:102BB000806404F132045FEA915C3FF4D8AE4FF0D8
:102BC00003025FEADC0C18BF03325FEADC0C18BFBB
:102BD000033202EBDC02C2F1200300FA03FC20FA0C
:102BE00002F001FA03FE40EA0E0021FA02F1144459
:102BF000BDE600BF70B54FF0FF0C4CF4E06C1CEA72
:102C000011541DBF1CEA135594EA0C0F95EA0C0FE2
:102C100000F0DEF82C4481EA030621EA4C5123EA55
:102C20004C5350EA013518BF52EA033541F4801184
:102C300043F4801338D0A0FB02CE4FF00005E1FB37
:102C400002E506F00042E0FB03E54FF00006E1FB81
:102C500003569CF0000F18BF4EF0010EA4F1FF04C4
:102C6000B6F5007F64F5407404D25FEA4E0E6D4104
:102C700046EB060642EAC62141EA55514FEAC52015
:102C800040EA5E504FEACE2EB4F1FD0C88BFBCF591
:102C9000E06F1ED8BEF1004F08BF5FEA500E50F142
:102CA000000041EB045170BD06F0004646EA010108
:102CB00040EA020081EA0301B4EB5C04C2BFD4EB3A
:102CC0000C0541EA045170BD41F480114FF0000E33
:102CD000013C00F3AB8014F1360FDEBF002001F0A1
:102CE000004170BDC4F10004203C35DA0C341BDC1B
:102CF00004F11404C4F1200500FA05F320FA04F0ED
:102D000001FA05F240EA020001F0004221F0004120
:102D100010EBD37021FA04F642EB06015EEA430E93
:102D200008BF20EAD37070BDC4F10C04C4F12005C3
:102D300000FA04F320FA05F001FA04F240EA020076
:102D400001F0004110EBD37041F100015EEA430E47
:102D500008BF20EAD37070BDC4F1200500FA05F267
:102D60004EEA020E20FA04F301FA05F243EA0203E6
:102D700021FA04F001F0004121FA04F220EA0200F5
:102D800000EBD3705EEA430E08BF20EAD37070BD3B
:102D900094F0000F0FD101F00046400041EB01011B
:102DA00011F4801F08BF013CF7D041EA060195F0FD
:102DB000000F18BF704703F00046520043EB0303B7
:102DC00013F4801F08BF013DF7D043EA06037047A4
:102DD00094EA0C0F0CEA135518BF95EA0C0F0CD0AF
:102DE00050EA410618BF52EA4306D1D181EA0301F5
:102DF00001F000414FF0000070BD50EA410606BFEF
:102E00001046194652EA430619D094EA0C0F02D133
:102E100050EA013613D195EA0C0F05D152EA033678
:102E20001CBF104619460AD181EA030101F0004196
:102E300041F0FE4141F470014FF0000070BD41F0DF
:102E4000FE4141F4780170BD70B54FF0FF0C4CF4B9
:102E5000E06C1CEA11541DBF1CEA135594EA0C0FD8
:102E600095EA0C0F00F0A7F8A4EB050481EA030E25
:102E700052EA03354FEA013100F088804FEA03330C
:102E80004FF0805545EA131343EA12634FEA0222DA
:102E900045EA111545EA10654FEA00260EF000419B
:102EA0009D4208BF964244F1FD0404F5407402D2ED
:102EB0005B084FEA3202B61A65EB03055B084FEA7E
:102EC00032024FF480104FF4002CB6EB020E75EB7B
:102ED000030E22BFB61A754640EA0C005B084FEAA3
:102EE0003202B6EB020E75EB030E22BFB61A754620
:102EF00040EA5C005B084FEA3202B6EB020E75EB6B
:102F0000030E22BFB61A754640EA9C005B084FEAE2
:102F10003202B6EB020E75EB030E22BFB61A7546EF
:102F200040EADC0055EA060E18D04FEA051545EADE
:102F300016754FEA06164FEAC30343EA52734FEA87
:102F4000C2025FEA1C1CC0D111F4801F0BD141EA00
:102F500000014FF000004FF0004CB6E711F4801F65
:102F600004BF01430020B4F1FD0C88BFBCF5E06F45
:102F70003FF6AFAEB5EB030C04BFB6EB020C5FEA55
:102F8000500C50F1000041EB045170BD0EF0004EAA
:102F90004EEA113114EB5C04C2BFD4EB0C0541EADC
:102FA000045170BD41F480114FF0000E013C90E6D9
:102FB00045EA060E8DE60CEA135594EA0C0F08BF9D
:102FC00095EA0C0F3FF43BAF94EA0C0F0AD150EA9C
:102FD00001347FF434AF95EA0C0F7FF425AF10462F
:102FE00019462CE795EA0C0F06D152EA03353FF457
:102FF000FDAE1046194622E750EA410618BF52EAD4
:1030000043067FF4C5AE50EA41047FF40DAF52EAA7
:1030100043057FF4EBAE12E74FF0FF3C06E000BF44
:103020004FF0010C02E000BF4FF0010C4DF804CD51
:103030004FEA410C7FEA6C5C4FEA430C18BF7FEA11
:103040006C5C1BD001B050EA410C0CBF52EA430C3F
:1030500091EA030F02BF90EA020F0020704710F1BF
:10306000000F91EA030F58BF994208BF90422CBF4E
:10307000D8176FEAE37040F0010070474FEA410C47
:103080007FEA6C5C02D150EA013C07D14FEA430C65
:103090007FEA6C5CD6D152EA033CD3D05DF8040BD6
:1030A000704700BF8446104662468C461946634608
:1030B00000E000BF01B5FFF7B7FF002848BF10F1DF
:1030C000000F01BD4DF808EDFFF7F4FF0CBF012024
:1030D00000205DF808FB00BF4DF808EDFFF7EAFFA0
:1030E00034BF012000205DF808FB00BF4DF808ED5B
:1030F000FFF7E0FF94BF012000205DF808FB00BF50
:103100004DF808EDFFF7CEFF94BF012000205DF8D9
:1031100008FB00BF4DF808EDFFF7C4FF34BF0120E6
:1031200000205DF808FB00BF4FEA410C7FEA6C5CB1
:1031300002D150EA013C0AD14FEA430C7FEA6C5CB1
:1031400002D152EA033C02D14FF0000070474FF029
:10315000010070474FEA4102B2F1E04324BFB3F5EA
:10316000001CDCF1FE5C0DD901F0004C4FEAC002FE
:103170004CEA5070B2F1004F40EB830008BF20F0E2
:103180000100704711F0804F21D113F13872BCBF9C
:1031900001F00040704741F480114FEA5252C2F1F1
:1031A0001802C2F1200C10FA0CF320FA02F018BF3A
:1031B00040F001004FEAC1234FEAD32303FA0CFC8D
:1031C00040EA0C0023FA02F34FEA4303CCE77FEA1C
:1031D000625307D150EA01331EBF4FF0FE4040F466
:1031E0004000704701F0004040F0FE4040F4000015
:1031F000704700BF7BB972B90029BEBF00204FF0F5
:10320000004106E008BF00281CBF6FF000414FF0EE
:10321000FF3000F0F5B9ADF1080C6DE904CE0029DE
:1032200009DB002B1ADB00F083F8DDF804E0DDE9B0
:10323000022304B07047404261EB4101002B1BDBCD
:1032400000F076F8DDF804E0DDE9022304B0404246
:1032500061EB4101524263EB43037047524263EB1F
:10326000430300F065F8DDF804E0DDE9022304B073
:10327000404261EB41017047524263EB430300F06F
:1032800057F8DDF804E0DDE9022304B0524263EBB5
:103290004303704753B94AB9002908BF00281CBF2F
:1032A0004FF0FF314FF0FF3000F0AAB9ADF1080C3C
:1032B0006DE904CE00F03CF8DDF804E0DDE902231E
:1032C00004B0704738B50022002304460D46FFF7CE
:1032D00003FF28B920462946BDE8384000F00AB867
:1032E000204605F1004100F005F8404261EB410144
:1032F00038BD00BFD0B50C4B002206460F46FFF785
:1033000079FC00F07FF90446FFF7FAFB074B002237
:10331000FFF770FC02460B4630463946FFF7B2FA1B
:1033200000F070F92146D0BD0000F03D0000F041F2
:103330002DE9F047089D04468E46002B4DD18A4268
:10334000944669D9B2FA82F252B101FA02F3C2F19B
:10335000200120FA01F10CFA02FC41EA030E94402C
:103360004FEA1C48210CBEFBF8F61FFA8CF708FB4D
:1033700016E341EA034306FB07F199420AD91CEB25
:10338000030306F1FF3080F01F81994240F21C8157
:10339000023E63445B1AA4B2B3FBF8F008FB10339F
:1033A00044EA034400FB07F7A7420AD91CEB0404D4
:1033B00000F1FF3380F00A81A74240F207816444A4
:1033C000023840EA0640E41B00261DB1D440002329
:1033D000C5E900433146BDE8F0878B4209D9002D8D
:1033E00000F0EF800026C5E9000130463146BDE817
:1033F000F087B3FA83F6002E4AD18B4202D3824281
:1034000000F2F980841A61EB030301209E46002D2F
:10341000E0D0C5E9004EDDE702B9FFDEB2FA82F284
:10342000002A40F09280A1EB0C014FEA1C471FFAE2
:103430008CFE0126200CB1FBF7F307FB131140EAC9
:1034400001410EFB03F0884208D91CEB010103F196
:10345000FF3802D2884200F2CB804346091AA4B258
:10346000B1FBF7F007FB101144EA01440EFB00FE2C
:10347000A64508D91CEB040400F1FF3102D2A64591
:1034800000F2BB800846A4EB0E0440EA03409CE730
:10349000C6F12007B34022FA07FC4CEA030C20FADD
:1034A00007F401FA06F31C43F9404FEA1C4900FAFD
:1034B00006F3B1FBF9F8200C1FFA8CFE09FB18117A
:1034C00040EA014108FB0EF0884202FA06F20BD9ED
:1034D0001CEB010108F1FF3A80F08880884240F23D
:1034E0008580A8F102086144091AA4B2B1FBF9F081
:1034F00009FB101144EA014100FB0EFE8E4508D97C
:103500001CEB010100F1FF346CD28E456AD9023800
:10351000614440EA0840A0FB0294A1EB0E01A142E5
:10352000C846A64656D353D05DB1B3EB080261EB53
:103530000E0101FA07F722FA06F3F1401F43C5E92D
:10354000007100263146BDE8F087C2F12003D84063
:103550000CFA02FC21FA03F3914001434FEA1C47A5
:103560001FFA8CFEB3FBF7F007FB10360B0C43EA97
:10357000064300FB0EF69E4204FA02F408D91CEB47
:10358000030300F1FF382FD29E422DD90238634445
:103590009B1B89B2B3FBF7F607FB163341EA0341E5
:1035A00006FB0EF38B4208D91CEB010106F1FF3834
:1035B00016D28B4214D9023E6144C91A46EA00462B
:1035C00038E72E46284605E70646E3E61846F8E6BD
:1035D0004B45A9D2B9EB020864EB0C0E0138A3E706
:1035E0004646EAE7204694E74046D1E7D0467BE7E7
:1035F000023B614432E7304609E76444023842E75F
:10360000704700BF4A0011D212F5001211D20DD539
:103610006FF47873B3EB62520ED44FEAC12343F0D8
:10362000004343EA505323FA02F070474FF0000082
:10363000704750EA013002D14FF0FF3070474FF031
:1036400000007047024B58221A604FF0FF3070475D
:1036500054010020024B58221A604FF0FF3070478F
:1036600054010020044A05491368002B08BF0B468B
:1036700018441060184670475801002078750020E3
:10368000FEE700BF80B56F469CB01A901A981B9059
:1036900005F040FD00200E9019901890179016909C
:1036A00048F63971C0F6010111A816AA0C9200F073
:1036B000AEF803F049FE0E9902460C980A9200F00B
:1036C000D5F801460A98086003F032FE01460C98CE
:1036D0000B91012100F0CAF801460B98086003F035
:1036E0002DFE01460C980D91022100F0BFF80D99B6
:1036F00002460E9811601090FFE7109802282DDC0A
:10370000FFE7109916A8089000F0B0F80146089855
:103710000968C9430691109900F0A8F80699024675
:1037200008981160109900F0A1F8014608980968FE
:103730000791109900F09AF8079A0146089849886D
:1037400041EA02410991109900F090F80146099868
:103750000860FFE7109801301090CEE716A803909C
:103760000021059100F082F8014603980968019153
:10377000012100F07BF8019902460398126851403C
:103780000291022100F072F8029902460398126831
:1037900051400491032100F069F80499024605980C
:1037A000116040F25C12C2F2000211A911600F9088
:1037B000FFE70F98032821DCFFE70F9911A800F01D
:1037C00055F8006800900F9916A800F04FF80146D0
:1037D0000098096888420CD0FFE7FFE748F65A7066
:1037E000C0F6010000F08AF840F6B83000F049F861
:1037F000F4E7FFE70F9801300F90DAE740F25C1131
:10380000C2F20001002008601B981CB080BD80B58A
:103810006F4686B00490039102920499019105913C
:1038200003980861039805F07BFC102806D1FFE798
:1038300001990398102205F086FC14E00199DDF847
:1038400008C0DCF80000DCF80420DCF80830DCF804
:103850000CC0C1F80CC08B604A600860039810224D
:1038600005F092FCFFE7059806B080BD80B56F4675
:1038700082B0019000910198009900F00BF802B01D
:1038800080BD80B56F4682B00190019813F038FD7D
:1038900002B080BD82B0019000910198009900EBC8
:1038A000810002B0704780B56F4682B001900198E8
:1038B00012F0A6FD02B080BD80B56F4682B00190C7
:1038C000019812F075FE02B080BD80B56F4640F2DF
:1038D0006010C2F2000000F001F880BD81B00090DD
:1038E00000980021016001B0704780B56F4640F23A
:1038F0006410C2F20000FFF7F1FF80BD83B080B515
:103900006F4685B03B61FA60B960049007F108002A
:103910000390049A03980290029B40F6B030C2F2E2
:103920000000043001904FF4807102F0ADFD019869
:10393000FEF706FD0146019805F02EFE002005B0B9
:10394000BDE8804003B0704780B56F4690B00F90DF
:103950000F98079005F063FE43F64B20C0F6000079
:1039600002F000F800F067FE49F29E21C0F6010166
:1039700043F66522C0F600020023069300F026FD00
:103980000EA800F0A5F8069B024668464360036057
:1039900040F26810C2F20000039048F69F71C0F632
:1039A000010101F0B6FB039801F0CAFB0DA800F07D
:1039B00097F8069B024668464360036040F2881011
:1039C000C2F20000049048F6A971C0F6010101F0AE
:1039D000A0FB049801F0B4FB0CA800F089F8069B4A
:1039E000024668464360036040F2A810C2F200003D
:1039F000059048F6AF71C0F6010101F08AFB059809
:103A000001F09EFB06996A460320106040F26410A4
:103A1000C2F2000048F6B472C0F601024FF480739F
:103A200000F06EF806996A460420106040F26010BB
:103A3000C2F2000048F6BF72C0F601024FF44073B4
:103A400000F097F8079810B080BD80B56F4682B03F
:103A5000019000910198009905F09EFD009802B038
:103A600080BD000080B56F4686B00490039105F0DC
:103A7000CAFD20B9FFE7072007F8010C21E00498F0
:103A80004068029005F002FC00EE100AB8EE400A11
:103A90009FED0E1A80EE010A10EE100AFFF752F8A1
:103AA00041EC100B02986946086053EC102B48F665
:103AB000CB70C0F6010001F0D9FA002007F8010C24
:103AC000FFE717F8010C06B080BD00BF0024744961
:103AD00081B0009043F6E530C0F6000001B07047B9
:103AE00081B0009043F63F40C0F6000001B070473F
:103AF00081B0009043F6C760C0F6000001B0704787
:103B000080B56F468EB08446B868CDF830C00B9152
:103B10000A92099307F8150C0C9804900DA80390CD
:103B200000F054FA082012F06BFC0146039807914C
:103B300000F04CFA01460B9A05A800F04FFADDF8A8
:103B400010E007990598069A4A600860079B0A9951
:103B5000BDF8242017F8150CEC46CCF804E0CCF89E
:103B6000000043F6F370C0F6000013F05DF90EB0EC
:103B700080BD80B56F468EB08446B868CDF830C041
:103B80000B910A92099307F8150C0C9804900DA854
:103B9000039000F04FFA082012F032FC014603981F
:103BA000079100F047FA01460B9A05A800F016FAB3
:103BB000DDF810E007990598069A4A600860079BAF
:103BC0000A99BDF8242017F8150CEC46CCF804E04F
:103BD000CCF8000043F6F370C0F6000013F024F9AF
:103BE0000EB080BD80B56F4684B003900291019203
:103BF0000399029A019B00F002F804B080BD80B5E1
:103C00006F4686B0059004910392029340F2C8106B
:103C1000C2F20000019014F0A5F948F6D470C0F685
:103C20000100FFF76BFE01984FF48061FEF768FC1E
:103C30000146019805F0B0FC002006B080BD80B5BB
:103C40006F4684B00390029101920399029A019BFE
:103C500000F002F804B080BD80B56F46A8B00690B1
:103C60000591049203930498012801D1FFE714E120
:103C70000498022840F01081FFE70398406849F259
:103C80000201C0F60101FEF78FF908BBFFE703F060
:103C9000D8FF07A803F077FF0B98AA2801D1FFE708
:103CA00015E002200790AA200B900020C1F6FF70BB
:103CB000119003F09DFC03F0BEFC07A803F0EEFD9D
:103CC00003F0DEFC03F0CEFC03F0A9FCFFE7E2E02A
:103CD0000398406849F20701C0F60101FEF764F954
:103CE000E8B9FFE703F0B6FF14A803F04CFF1898FB
:103CF000BB2801D1FFE711E002201490BB201890EF
:103D000003F076FC03F097FC14A803F0C7FD03F062
:103D1000B7FC03F0A7FC03F082FCFFE7BAE00398CE
:103D2000406849F20D01C0F60101FEF73DF918B9EE
:103D3000FFE703F098FFACE00398406849F21201F6
:103D4000C0F60101FEF730F918B9FFE703F08BFF69
:103D50009EE00398406849F21B01C0F60101FEF79E
:103D600023F938B9FFE701202390239880F31388C3
:103D700000F096F80398406849F22201C0F601016C
:103D8000FEF712F900285BD1FFE749F22500C0F6E3
:103D90000100FFF7B3FD41F28830FFF772FD01F03B
:103DA000CCFD0120019005F05DFA0020029005F0A5
:103DB00059FA019902982691269981F310884EF2BA
:103DC0001001CEF2000108604EF21401CEF20001A3
:103DD00008604EF21801CEF20001086003F0E2FF25
:103DE00002982290FFE72298072814DCFFE7229A26
:103DF0004EF28011CEF200014FF0FF3041F8220068
:103E0000229A4EF28021CEF2000141F8220022983F
:103E100001302290E7E700202590259880F3108854
:103E20000020C1F6FF7000682790279880F308886B
:103E30000420C1F6FF70006821902198804725E09A
:103E40000398406849F24C01C0F60101FEF7ACF856
:103E500048B9FFE705F0B9F901202490249880F3D0
:103E6000138800F01DF80398406849F25401C0F629
:103E70000101FEF799F838B9FFE749F25D00C0F695
:103E80000100FFF73BFDFFE7FFE7FFE7FFE7FFE785
:103E9000FFE7FFE7FFE7FFE7FFE7002028B080BD6F
:103EA000BFF34F8F4EF60C51CEF20001086800F4BC
:103EB000E0600422C0F2FA5210430860BFF34F8F53
:103EC000FFE700BFFDE780B56F4684B00390029125
:103ED00001920399029A019B00F002F804B080BDA0
:103EE00080B56F468AB0099008910792069305F055
:103EF000C8F9059005984AF6AB21CAF6AA21A0FB9D
:103F0000012109094BF2C533C9F2A213A1FB032118
:103F1000CA0A44F6D351C1F26201A2FB01C292095E
:103F20000492A0FB0112910944F2075CCCF22E2C02
:103F3000A1FB0CEC4FEA1C4C40F2A32E0CFB0EFC38
:103F4000A1EBCC1CACFB03EC4FEADC2CCDF808C099
:103F5000A1FB0331C90A4FF461635943C1EB9211CC
:103F600048F68902C8F68802A1FB0221490903919B
:103F700000EE100AB8EE400ADFED130AFCF76AFA09
:103F800010EE100AFEF7DEFD41EC100B51EC100BA9
:103F90009FED0B0B53EC102BFEF756FF029A039B81
:103FA0008C4604994CEC100B684680ED000B49F2EE
:103FB0009100C0F60100FFF7A1FC00200AB080BD0F
:103FC0000000000000408F4000606A4781B0009010
:103FD00044F20B00C0F6000001B0704783B00290BD
:103FE000019100920298019901600099416003B02B
:103FF000704780B56F4682B001900198009000989C
:1040000001684068884702B080BD80B56F4682B0C5
:104010000190019900F002F802B080BD80B56F46B2
:1040200082B001900091FFE705F066FB0A2013F0D3
:1040300067F9F9E781B0009044F24500C0F600004E
:1040400001B0704780B56F4682B00190019900F0D1
:1040500002F802B080BD80B56F4682B00190009139
:10406000FFE7FFE705F0CFFA20B9FFE70120FFF7F0
:1040700008FCF7E701F09EFFFFE705F0CAFA28B158
:10408000FFE705F09BFA01F095F8FFE705F0BBFAB2
:1040900008B9FFE703E00A2013F032F9EDE7E0E7A3
:1040A00080B56F46FFF711FCFFF71FFC80BD80B5A0
:1040B0006F4686B005900598029000F01BF80298B4
:1040C00008300190FFF70AFC0198029940F2C852AB
:1040D000C2F2000211606A460321116049F2BC027B
:1040E000C0F6010200214FF4807300F012F802982C
:1040F00006B080BD80B56F4682B0019001980090F7
:10410000043000F067F8009800F0DDFC009802B081
:1041100080BD80B56F468EB08446B868CDF830C09B
:104120000B910A92099307F8150C0C9804900DA8AE
:10413000039000F05DF8082012F062F90146039840
:10414000079100F055F801460B9A05A8FFF746FFC6
:10415000DDF810E007990598069A4A600860079B09
:104160000A99BDF8242017F8150CEC46CCF804E0A9
:10417000CCF8000043F6F370C0F6000012F054FED5
:104180000EB080BD80B56F4684B002900191029858
:10419000007BC00720B9FFE7012007F8010C15E0FC
:1041A00002994889013048810299088949898842E1
:1041B00008DCFFE7029900204881029908684968F5
:1041C0008847FFE7012007F8010CFFE717F8010C0B
:1041D00004B080BD80B56F4682B001900198009018
:1041E000012012F0A2FA01460098016002B080BDE1
:1041F00081B0009044F20120C0F6000001B0704789
:1042000080B56F4682B00190019900F002F802B0CB
:1042100080BD80B56F4684B00390029105F031F8FF
:104220000190FFE740F2C850C2F200000090006821
:1042300044F28511C0F60001002200F008F8009851
:1042400000680830012101AA00F030F8EAE780B5E3
:104250006F4688B007900691059207980090043049
:1042600000F032F800980021049100680490FFE704
:1042700000990498884213D0FFE7049802900298AE
:104280001038019001980390069A03980599904779
:1042900008B9FFE704E0FFE7049800680490E7E747
:1042A0000098043000F01FF808B080BD80B56F465C
:1042B00084B0039002910192FFE70198029912F0F5
:1042C000B3FEFFE704B080BD80B56F4682B00190B9
:1042D000019800684FF0FF3112F046FC002818BF2B
:1042E000012002B080BD80B56F4682B00190019878
:1042F0000068002319461A4612F072FA02B080BD17
:10430000F0B503AF2DE9000782B08A465AF8046F72
:10431000564555D098469146044604E00120D8B34E
:10432000366856454CD056F8140C10B121688142BD
:10433000F4D116F8101C022922D0606801290FD090
:104340000029EBD156E9033221689D18A942E5D333
:1043500056F8041C1844FDF73DFB0028DED10BE0A5
:1043600056F80C1C22680B1D9A42D7D3405856E9C8
:104370000212401A9042D1D200200028D0D10BE086
:1043800056E903012268084482424FF0000038BF1A
:1043900001200028C4D100BF16F8100C022803D257
:1043A0007068D4E9002105E0BAD1616856E90332AA
:1043B000706819444B46CDF8008000F09EFAAFE7D4
:1043C000002002B0BDE80007F0BD000082B0F0B5EB
:1043D00003AF2DE9000782B004460D4607F108003F
:1043E000C7E9022301900CB175B9A0E0019A10460B
:1043F00050F8041F019052F8080B019200F072FC73
:104400000446002D00F093802878002800F08F806B
:1044100048F6386A49F2C7086E1CC0F6010A4FF028
:104420000009C0F6010804E016F8010B002800F0AE
:104430007E800AEB00014978024601F0030102295F
:1044400008BF203A012908BF0246A2F141011729FD
:104450004FF0000000F26C80DFE801F01A6A1E0CD9
:1044600022306A6A6A6A3B496A6A6A6A6A6A5159A8
:104470006A6A6A610198014651F8043F019150F857
:10448000082B414601900020009400F059F8CBE73A
:10449000204600F092FCC7E7606811F0B1FF42E0EF
:1044A000019A104650F8041F02F10C0301901068A5
:1044B00092680193234600F064FDB5E70198011D61
:1044C00001910168216500F1080140680191606572
:1044D000AAE7019A104650F8041F936801901068EB
:1044E00002F10C052246019500F04BFD9CE7019876
:1044F000011D01910168204600F0FBFC94E7019842
:10450000011D01910168204600F0D4FC8CE7019860
:10451000011D01910068214600F0EBFC84E7019841
:10452000011D01910068206184F800907CE720461D
:1045300002B0BDE80007BDE8F04002B070470000DF
:1045400082B0F0B503AF4DF8048D82B00D46BA606D
:10455000FB6028B10021044600F09DFC2DB938E035
:10456000002000F086FC04469DB3287807F108017E
:10457000019170B348F638660135C0F601064FF078
:10458000040809E00198011D01910068214600F02E
:1045900091FC15F8010BE0B13118497801F00302E4
:1045A000022A014608BF2039012A08BF01465429C2
:1045B000E8D044290CD184F800800198011D0191B4
:1045C0000168E16000F10801406801912061E0E7C5
:1045D0000024204602B05DF8048BBDE8F04002B034
:1045E0007047B0B502AF40F2CC5049F2CA01C2F2F6
:1045F0000000C0F601013D2200F0ABFB01200021CC
:104600000322012412F034F840F22865C2F20005BA
:10461000002100220023286012F0E2F8286800211F
:104620000022002312F0DCF840F22C61C2F20001FB
:1046300000200C70B0BD40F2CC50C2F200007047B8
:10464000F0B503AF2DE9000F83B0154640F22C62A0
:10465000C2F200021278012A40D140F2286AC2F266
:10466000000A0646DAF800000C46D7F808B04FF00A
:10467000FF31994612F078FA40F22D68C2F2000834
:1046800088F83C4040F26A64C2F2000449F2D10268
:10469000C0F6010220463C213346CDF800B002F0BE
:1046A000BFFC07F10C0340463C212246029301F077
:1046B000EBFE40F2CC50C2F2000041463D222B46B8
:1046C000CDF8009000F019F9DAF800100446084619
:1046D00000210022002312F083F800E00724204686
:1046E00003B0BDE8000FF0BDF0B503AF2DE9000742
:1046F00004460078042828D80E46DFE800F061035D
:104700002A2D3200E0689246806883B3002100229F
:1047100012F012FB012832D1D4F80C80B14659F8BE
:104720000C0FD8F80410884209D8D8F85020002A75
:1047300054D0D8F854104846904700284ED0E0682E
:104740000021806812F0A2F93AE00120BDE80007DC
:10475000F0BD0120207333E0E068316900F095F985
:104760002EE0D4E9032106F10C00904728E0BAF1CD
:10477000000F08D04FF0FF3112F0F6F908E00320E7
:10478000BDE80007F0BD002112F0EEF9012817D1B5
:10479000D4F80C80B14659F80C0FD8F804108842B0
:1047A00007D8D8F850207AB1D8F854104846904726
:1047B00050B1E068002180680022002312F010F858
:1047C0000020BDE80007F0BD98F8000080B108F1B6
:1047D0000C0049460822FDF72FF912E098F8000076
:1047E00040B308F10C0049460822FDF725F92AE0FC
:1047F000D8F81000D6E90321FDF71EF9F068C8F8D3
:104800000C00D8F8581029B108F10C0052460023CA
:10481000FFF776FD464656F8485FB542C9D000BF5F
:10482000281F414652460023FFF75EFF2D68B54220
:10483000F6D1BEE7D8F81000D6E90321FDF7FCF861
:10484000F068C8F80C00D8F8581029B108F10C002D
:1048500052460123FFF754FD464656F8485FB542DD
:104860003FF46DAF281F414652460123FFF73CFF3E
:104870002D68B542F6D162E7F0B503AF2DE9000728
:104880000546884608686968884207D892462A6DB6
:1048900099463AB1696D4046904718B10120BDE88C
:1048A0000007F0BD287830B105F10C004146082220
:1048B000FDF7C2F807E02869D8E90021FDF7BCF848
:1048C000D8F80000E860A96D29B105F10C00524646
:1048D0004B46FFF715FD2C4654F8486FA64208D00A
:1048E000301F294652464B46FFF7FEFE3668A64269
:1048F000F6D10020BDE80007F0BDF0B503AF2DE90B
:10490000000B82B0D7F80880044680681E469146A6
:10491000B8F1000F0D4606D00021002212F00CFA6B
:1049200001280BD01DE026B14FF0FF3112F01CF929
:1049300004E0002112F018F9012812D1694620463E
:1049400032464346CDE90095FFF796FFA168B8F1DE
:10495000000F044608464FF0000104D012F096F80C
:1049600005E0032403E00022002311F039FF204674
:1049700002B0BDE8000BF0BDB0B502AF04460020A8
:1049800000F077FA054600F03EFB2046294600F08D
:1049900091FA2846B0BDF0B503AF4DF804BD054609
:1049A000007B60B1A868144680680E464AB10021B9
:1049B000002212F0C1F9012807D003241AE00124D3
:1049C00018E04FF0FF3112F0CFF80020A9682873EB
:1049D000D1E903213046FDF72FF8A868002180684F
:1049E0001CB1002412F052F804E00022002300243D
:1049F00011F0F6FE20465DF804BBF0BDD0B502AF65
:104A000040F2A66C0020C2F2000C00BF0CF80000BF
:104A10000130B0F5807FF9D14FF0000E8C2200BF3D
:104A20001CF80E306FF00700194682EA5303CC07DA
:104A300008BF4B080130F7D30CF80E300EF1010E11
:104A4000BEF5807F08BFD0BDEAE70000D0B502AF59
:104A500048F2203140F2A87C4FF0000ECEF6B8515B
:104A6000C2F2000C0823704681EA5002C40708BF56
:104A70004208013B1046F7D14CF82E000EF1010E12
:104A8000BEF5807F08BFD0BDECE7D0B502AF0446CD
:104A9000007A00281CBF0520D0BD2068D4E904237B
:104AA00002FB0030FCF7C8FFD4E90001E268431CB8
:104AB0000020934228BF03468B42236002BF01209F
:104AC00020720020D0BD006070470A680260086054
:104AD000704780B56F46006800F001F880BDB0B542
:104AE00002AF90B10D46416804462846FDF75CFAD6
:104AF000002808D04FF00C0048BF08202058294655
:104B0000FFF7EDFF04462046B0BD0020B0BD000019
:104B1000F0B503AF4DF8048D0026C1E902660E61C1
:104B2000804600680D460121297060B1064668681C
:104B30007168FDF739FA00284FF00C0048BF0820D3
:104B400030580028F2D12E615EB168687168FDF7B7
:104B50002BFAB0F1FF3FCCBF06F10C0006F10800C4
:104B600000E0404605602A694FF0000C002A85F8F5
:104B700000C000F09280012106E000BF2A461546E1
:104B80001269002A00F089801378002B40F085809C
:104B900013699E68B24207D00EB1307860B1012629
:104BA000002EEBD00FE000BFDE680EB13478FCB110
:104BB0000126002EE2D022E0317000261D46117041
:104BC0001E70002EDAD09668AE4202D014462A46F5
:104BD0002FE0F468002C946018BF226110693061E6
:104BE00014690CB354F80C0F904218BF043C1CE03D
:104BF000317000261D4611701E70002EBED0D66882
:104C0000AE4202D014462A462FE0B468002CD4608D
:104C100018BF22611469346114690CB354F8080F89
:104C2000904218BF04341CE0444626602C46F260D3
:104C30001661DE682170B56883F800C0002DDD6064
:104C400018BF2B61186930611D692DB155F8080F27
:104C5000984218BF043500E045462E60B3601AE064
:104C6000444626602C46B26016619E682170F56845
:104C700083F800C0002D9D6018BF2B61186930615A
:104C80001D692DB155F80C0F984218BF043D00E086
:104C900045462E60F3601E6171E7D8F800100122CE
:104CA00001200A705DF8048BF0BDD0B502AF012081
:104CB0000021032211F0DCFC40F6AC34C2F2000407
:104CC000002100220023206011F08AFD20680021CD
:104CD0000022002311F084FDFFF7B8FEFFF78EFEDF
:104CE0000020D0BDF0B503AF4DF8048D06465C2022
:104CF000884611F085FB00215C220446FCF7B2FFD8
:104D000004F11405284631461922FDF7C7FB01209E
:104D1000207004F14800A563C4F80480FFF7D3FEB7
:104D200004F14C00FFF7CFFE01200021032211F017
:104D30009FFC002100220023A06011F051FDA0681B
:104D400000210022002311F04BFD20465DF8048B6A
:104D5000F0BDF0B503AF4DF8048D90460E4600212E
:104D60005C220446FCF77EFF04F114052846314618
:104D70001922FDF793FB0120207004F14800A56380
:104D8000C4F80480FFF79FFE04F14C00FFF79BFE80
:104D900001200021032211F06BFC002100220023DE
:104DA000A06011F01DFDA06800210022002311F079
:104DB00017FD20465DF8048BF0BDB0B502AF044688
:104DC0001430002100F01EF800281CBF0120B0BDE7
:104DD00040F6AC35C2F2000528684FF0FF3111F003
:104DE000C3FE40F6A83004F13401C2F20000FFF720
:104DF0008FFE2868002100220023002411F0F0FC1F
:104E00002046B0BDF0B503AF2DE9000B40F6AC393C
:104E100040F6A8380D460446C2F20009C2F2000866
:104E200005E000BF012012F06BFA013DC5B1D9F8D1
:104E300000004FF0FF3111F097FE40462146FFF78A
:104E400048FED9F80010064608460021002200233B
:104E500011F0C6FC46B9002DE4D10025002DE6D1A5
:104E60000020BDE8000BF0BDA6F13400BDE8000B4A
:104E7000F0BDB0B502AF0446142011F0C1FA002114
:104E800014220546FCF7EEFE002C1EBF0120287000
:104E9000EC602846B0BDB0B502AF0D46002114222B
:104EA0000446FCF7DFFE002D1EBF01202070E560E8
:104EB0002046B0BDF0B503AF4DF804BD40F6AC36AA
:104EC000C2F20006054630680C468D604FF0FF3197
:104ED00011F04AFE201D05F14801FFF7F6FD30688C
:104EE00000210022002311F07BFC00205DF804BBB0
:104EF000F0BDF0B503AF2DE9000B05461420884640
:104F000011F07EFA002114220646FCF7ABFE40F6B3
:104F1000AC39B8F1000F1EBF01203070C6F80C800C
:104F2000C2F20009D9F800004FF0FF31B56011F06E
:104F30001BFE301D05F14801FFF7C7FDD9F8000041
:104F400000210022002311F04BFC0C2011F058FA34
:104F500004464660D9F800004FF0FF31A56011F01B
:104F600003FE08F14C012046FFF7AFFDD9F8000021
:104F700000210022002311F033FC0020BDE8000BCB
:104F8000F0BDF0B503AF2DE9000B16460C4600212D
:104F9000142298460546FCF765FE40F6AC39B8F198
:104FA000000F1EBF01202870C5F80C80C2F2000956
:104FB000D9F800004FF0FF31AE6011F0D5FD281D8B
:104FC00006F14801FFF781FDD9F800000021002219
:104FD000002311F005FCD9F800004FF0FF316560A7
:104FE000A66011F0C1FD08F14C012046FFF76DFDF0
:104FF000D9F8000000210022002311F0F1FB00206D
:10500000BDE8000BF0BD0146022008700022002020
:105010000A737047D0B502AFFFF747FE0446FFF7AB
:10502000E0FA2044C0B2D0BD83B0B0B502AF81B0C9
:1050300040F6B035C2F20005844607F108002C1D89
:105040000EC007F1080320464FF4807162460093BA
:1050500001F01AFA2D682046FDF772F90146204644
:10506000A84701B0BDE8B04003B0704783B0F0B5C9
:1050700003AF4DF804BD83B040F6B035C2F2000571
:10508000844607F108002C1D0EC007F108032046D6
:105090004FF480716246029301F0F6F92A6849F2F2
:1050A000BF20C0F60100062190472E682046FDF77C
:1050B00047F901462046B047D5F8F40405F57A7162
:1050C000884212BF046849F2FE04C0F6010449F2A6
:1050D000DA0049F2EC0149F2F20249F2F703C0F6B4
:1050E0000100C0F60101C0F60102C0F60103009400
:1050F000FFF79AFF48F6D17005F58271C0F60100FE
:10510000FFF792FF03B05DF804BBBDE8F04003B0C9
:105110007047D0B502AFD7E902EC002404770160F4
:10512000C0E9023E80F810C04261D0BDB0B502AF08
:105130000C46054618300831FFF7C7FC6C60B0BD5F
:10514000B0B502AF40F6B035C2F2000504461830E3
:1051500005F55C71FFF7B9FC05F55A706060B0BDEC
:1051600080B56F4682B040F6B031C2F20001D1F88E
:10517000F40401F57A71884212BFD0F800C049F2F8
:10518000FE0CC0F6010C49F2DA0049F2EC0149F2DA
:10519000F20249F2F703C0F60100C0F60101C0F6C1
:1051A0000102C0F60103CDF800C0FFF73DFF02B0D9
:1051B00080BD0000F0B503AF2DE9000F83B00D28CE
:1051C00002D00A2840F0D78040F6B036C2F200067E
:1051D000D6F8E804D6F8EC1432680844C6F8E804B7
:1051E00049F28E00C0F6010003219047D6F8E8048A
:1051F00006F58278002408F80040B6F842034CF621
:10520000CD4500FB05F1C90C01EB8101A0EB41018B
:1052100089B206EB411101304FF48072A6F84203C7
:1052200001F5BE704146A6F84023FDF727F8B6F811
:10523000420300FB05F1C90C01EB8101A0EB410029
:10524000B6F84413A6F84203013188B20A28D6F80A
:10525000E80428BF0A21A6F8441370B101383118B8
:1052600091F80421202A08D101F58271C6F8E804DA
:105270000C70D6F8E8040028F0D106F2031100BF44
:1052800011F8010F2028FBD0D6F8E804002844D0FC
:1052900006F5927528462022C6F86451FDF7FEF8FF
:1052A00000200021002405E0DBB1E2B2062A01F172
:1052B000010116D016FA81F292F82431202BF3D195
:1052C0008BB2334493F8253102F59272202B107083
:1052D000EBD00134E3B2013206EB8303C3F864215F
:1052E000E3E7284600F076FF70B1416969B949F2F9
:1052F0000120C0F60100FFF797FE326849F28E00E8
:10530000C0F6010003219047002030B1436901211C
:1053100051FA84F106F5B2729847D6F8F40406F50E
:105320007A71884212BF056849F2FE05C0F6010590
:1053300049F2DA0049F2EC0149F2F20249F2F703CC
:10534000C0F60100C0F60101C0F60102C0F601037B
:105350000095FFF769FE0020C6F8E804C6F8EC04E3
:1053600086F8F004404600212022FCF77BFC03B0C5
:10537000BDE8000FF0BD40F6B03AC2F2000A9AF85C
:10538000F01489B1022941D00129F0D148F63862E0
:10539000C0F601021044407810F0970F00F01B8215
:1053A000481C8AF8F004E2E71A284EDC032800F0D3
:1053B000A480092840F044820AF2031111F8010F79
:1053C0002028FBD00AF592752846FCF757FF28469F
:1053D0002021FDF7A7F8002818BF451C28462F21DB
:1053E000FDF7A0F8AB4630B183461BF8011F00293A
:1053F0001CBF00210170AB4500F01181284600F070
:1054000055FE0028B3D0814601241BE14138032812
:1054100000F2E181DFE800F002A7C6DCBAF9400340
:10542000BAF8442381B2B1F5807F40F0ED80002AC4
:1054300000F0F280BAF842034CF6CD410930CCF6C8
:10544000CC41A0FB0112D108BBE11B2800F0D880A1
:105450007F2840F0F581DAF8E80400283FF487AFB0
:1054600049F21620C0F60100FFF7DEFDDAF8E80485
:1054700000210138CAF8E804504480F80411DAF831
:10548000EC0400283FF473AF002000BFDAF8E81402
:105490004218524492F805215144014481F80421F4
:1054A000DAF8EC1401308842F0D3DAF8E8040AF5AF
:1054B000827408440021215449F21A2049F29231A1
:1054C00049F29632C0F60100C0F60101C0F60102B1
:1054D000FFF7AAFDDAF8E804DAF80020DAF8EC14AD
:1054E0002044904748F6D17049F29A31C0F6010045
:1054F000C0F60101FFF798FD39E7DAF8002049F21C
:105500008E00C0F60100032190470020CAF8E8048D
:10551000CAF8EC04DAF800208AF8F00449F2BF2057
:10552000C0F6010006219047DAF8F4040AF57A7112
:10553000884212BF066849F2FE06C0F6010649F22B
:10554000DA0049F2EC0149F2F20249F2F703C0F63F
:105550000100C0F60101C0F60102C0F60103009689
:10556000FFF762FD03E7BAF9400381B20A2916D0BA
:10557000BAF84433BAF842230A2B40F0CB8002F148
:1055800009014CF6CD42CCF6CC42A1FB0223DA084D
:1055900002EB8202A1EB4201814240F0C8804FF44D
:1055A0008071D2E0DAF8EC04002800F01481DAF817
:1055B000E81401380131CAF8E814CAF8EC0448F6D6
:1055C000D17049F28A31C0F60100C0F6010114E041
:1055D000DAF8E804002800F0FE80DAF8EC1401386C
:1055E000CAF8E804481CCAF8EC0448F6D17049F23D
:1055F0008E31C0F60100C0F60101FFF715FDEAE0AB
:1056000001208AF8F004B2E60A2A40F08A80BAF84B
:105610004213884240F0CB804FF48070D5E0DAF836
:10562000F4940AF55A709BF80020A9EB0001B1FA36
:1056300081F1B2FA82F349095B09002A08BF814669
:1056400043EA010448F65771C0F601015846FCF7D9
:10565000ABFC002800F0F38048F65871C0F6010159
:105660005846FCF7A1FC002800F0E9805846029457
:10567000FCF766FE59F8085F80464D454FF0000480
:1056800027D1DAF870530AF55C79A5EB0900B0FA76
:1056900080F00299400908432DD0A0B200283FF4C1
:1056A00066AE012840F09B80DAF8F824116811F802
:1056B0000800002800F0C08041444C1EC0B200F039
:1056C000CFF8A07801340028F8D150E62D684D4578
:1056D000D7D02E4656F8181D58464246FCF79EFE77
:1056E0000028F3D10134A1B2304600F055FEEDE7B9
:1056F0002D684D45D1D02E4656F8181D58464246C5
:10570000FCF78CFE0028F3D10134A1B2304600F042
:1057100043FEEDE7013A0131824208BF4FF4807148
:1057200013E0481E002908BF4FF480704DE046F298
:1057300067610130C6F2666150FB01F18A1002EB2D
:10574000D17101EB8101A0EB410188B2B0F5807FFE
:105750003FD10020CAF8E804CAF8EC04DAF80020C7
:105760008AF8F00449F2BF20C0F6010006219047F4
:10577000DAF8F4040AF57A71884212BF066849F231
:10578000FE06C0F6010649F2DA0049F2EC0149F2E0
:10579000F20249F2F703C0F60100C0F60101C0F6BB
:1057A0000102C0F601030096FFF73EFC13E046F24B
:1057B00067610930C6F2666150FB01F18A1002EBA5
:1057C000D17101EB8101A0EB410080B2B0F5807F87
:1057D00001D000F091FD00208AF8F004C7E5DAF866
:1057E000002049F28E00BAF8FC44C0F60100032103
:1057F0009047FFF7B5FC34B3DAF80020DAF8E81484
:105800000AF582709047BAF8FC041FFA88F18842C2
:105810007FF6ADAD4FF0FF3010FA88F4DAF8F804F7
:10582000006820444078FFF7C5FCBAF8FC04A11CCE
:1058300001348142F2D39AE5127F012A0CD12F2044
:1058400000F00EF893E548F6D1700AF58271C0F6C3
:105850000100FFF7E9FB8AE500287FF42DAF86E51C
:10586000B0B502AF82B040F6B034C2F20004D4F852
:10587000E824D4F8EC1407F8090C0A441D2A45D88A
:1058800061B100BFD4F8E8040A18224492F8032159
:1058900020440844013980F80421F3D12268A7F19B
:1058A000090001219047D4F8E80417F8091C2044A6
:1058B00080F80411D4F8E814D4F8EC040131C4F8E9
:1058C000E81418B3084404F582750021295449F2FC
:1058D0001A2049F2923149F29632C0F60100C0F620
:1058E0000101C0F60102FFF79FFBD4F8E80422682B
:1058F000D4F8EC142844904748F6D17049F29A3114
:10590000C0F60100C0F60101FFF78EFB02B0B0BD8A
:1059100080B56F4640F6B030C2F200000021C0F8FA
:10592000E814C0F8EC14026880F8F01449F2BF20C3
:10593000C0F601000621904780BD80B56F4640F655
:10594000B030C2F200000021C0F8E814C0F8EC1436
:10595000026880F8F01449F2C520C0F60100092160
:10596000904780BDF0B503AF2DE9000F83B040F63E
:10597000B034C2F2000420604FF48070A4F84003F9
:1059800049F27810C0F6010004F554760125C4F8F8
:105990004803304684F8645304F55278FFF793F8CF
:1059A00049F20010C0F6010004F55C79C4F8680300
:1059B000484684F8845304F55A7BFFF784F849F28B
:1059C0000410C0F60100C4F8A80304F56C7084F854
:1059D000C453FFF778F849F20810C0F60100C4F884
:1059E000880304F5647084F8A453FFF76CF804F599
:1059F0007270019049F20C1084F8E453C0F6010073
:105A000004F57475C4F8C80328464FF0010AFFF77F
:105A10005AF804F57A70029049F2F20084F804A46E
:105A2000C0F6010004F57C7AC4F8E8035046FFF79D
:105A30004AF804F560703146FFF747F804F56870DE
:105A40003146C4F86C83FFF740F804F570703146B6
:105A5000C4F88C83FFF739F804F578703146C4F840
:105A6000AC83FFF732F804F580602946C4F8CC8394
:105A7000FFF72BF801980025C4F8EC0349F2111048
:105A8000C0F60100C4F8280445F61140C0F6000035
:105A9000C4F83C0404F58860494684F84454C4F8CA
:105AA0003054C4F8345484F83854FFF70EF849F2EF
:105AB0001510C0F60100C4F8480445F65140C0F680
:105AC0000000C4F85C0404F58C604946C4F82CB4AA
:105AD00084F86454C4F85054C4F8545484F85854A6
:105AE000FEF7F3FF49F21810C0F60100C4F868048D
:105AF00045F67F50C0F60000C4F87C0404F59060C1
:105B00004946C4F84CB484F88454C4F87054C4F8BA
:105B1000745484F87854FEF7D8FF49F21B10C0F68D
:105B20000100C4F8880445F60160C0F60000C4F81E
:105B30009C0404F594604946C4F86CB484F8A454F9
:105B4000C4F89054C4F8945484F89854FEF7BDFFF8
:105B500049F21F10C0F60100C4F8A80445F6B96068
:105B6000C0F60000C4F8BC0404F598604946C4F8C7
:105B70008CB484F8C454C4F8B054C4F8B45484F851
:105B8000B854FEF7A2FF49F22410C0F60100C4F891
:105B9000C80445F68970C0F60000C4F8DC0404F5BA
:105BA0009C604946C4F8ACB484F8E454C4F8D054BA
:105BB000C4F8D45484F8D854FEF787FF412149F241
:105BC0002A10C4F814140121C0F6010084F8181436
:105BD00049F23511C4F8080404F52F70C0F601012C
:105BE000C4F8CCB484F82454C4F81004C4F81C5489
:105BF000FCF744FB04F584605146FEF766FF02980B
:105C0000C4F80C04C4F8F40403B0BDE8000FF0BD00
:105C1000D0B502AF40F6B034C2F20004D4F8F404B8
:105C200004F55271884202D000F00DFC06E02268B3
:105C300049F27810C0F6010001219047226849F22C
:105C40008E00C0F60100032190470020D0BD000067
:105C5000F0B503AF2DE9000F83B0012906D140F65E
:105C6000B030C2F20000D0F8F44406E050681546A7
:105C700000F01CFA0446002861D054F8086FA642D0
:105C80005BD040F6B03849F28E0949F2AE2A49F2AB
:105C90007B2BC2F20008C0F60109C0F6010AC0F66B
:105CA000010B18E056E9040256F8183C00284FF0A2
:105CB000720108BF2D21002A4FF07702504608BF1D
:105CC0002D22FFF7B1F9D8F800204846032190476C
:105CD0003668A64231D0307950B10228E2D001288E
:105CE000F1D156F8181C5846FFF79EF9EBE700BFB4
:105CF00056F8040C56F8102C00284FF0780108BF15
:105D00002D218AB116F8080C7723002856F8180CB4
:105D100056F80C5C08BF2D23009049F28820C0F68D
:105D2000010072220195CCE756F8182C56F80C3C6D
:105D300049F2A020C0F60100C3E700201BE069681B
:105D400049F2AD100A7849F29113C0F60100C0F68D
:105D50000103002A08BF1846FFF766F940F6B03085
:105D6000C2F20000026849F28E00C0F60100032171
:105D700090474FF0FF3003B0BDE8000FF0BDD0B545
:105D800002AF02290BD0012916D140F6B030C2F281
:105D9000000000F57A71C0F8F4140020D0BD5068FE
:105DA000144600F083F970B140F6B031C2F2000140
:105DB000C1F8F4040020D0BD49F21F20C0F6010054
:105DC000FFF732F90EE0616849F2AD100A7849F246
:105DD0009113C0F60100C0F60103002A08BF18465F
:105DE000FFF722F940F6B030C2F20000026849F233
:105DF0008E00C0F60100032190474FF0FF30D0BD68
:105E0000F0B503AF4DF8048D02291CD1506800F0A5
:105E1000E1F9002845D00446007F022827D0002859
:105E20003FD1A068002842D0E168FCF769FB40F64A
:105E3000B031C2F200010B68A16802460846114663
:105E40009847002407E049F21F20C0F60100FFF741
:105E5000EBF84FF0FF3440F6B030C2F200000268B9
:105E600049F28E00C0F60100032190471BE0A068B4
:105E7000E8B140F6B038C2F2000808F2FD2500BFD4
:105E8000A3682046294640229847012809DB064698
:105E9000D8F80020284631469047402EF0D0002404
:105EA00001E04FF0FF3420465DF8048BF0BD49F26D
:105EB0005D20C0F60100CAE7B0B502AF0429144660
:105EC00015D002291BD1616848F6D170C0F60100D7
:105ED000FFF7AAF840F6B030C2F20000026849F2BB
:105EE0008E00C0F60100032190470020B0BDA068DD
:105EF00049F2BD21C0F60101FCF756F898B149F20C
:105F00001F20C0F60100FFF78FF840F6B030C2F254
:105F10000000026849F28E00C0F60100032190479C
:105F20004FF0FF30B0BDE06800F054F90028F7D022
:105F30000546007F022815D00028F1D1A868F0B1ED
:105F4000287CE0B160682021FCF7DAFAD5E9023557
:105F50006168421C1846AA4288BF2A46FBF76CFDBE
:105F60000020B0BDE86850B160682021FCF7C8FA95
:105F7000EB686168421C284698470020B0BD49F292
:105F80004320C0F60100BEE780B56F4640F6B03052
:105F9000C2F200000021C0F8E814C0F8EC14026856
:105FA00080F8F01449F2C520C0F60100092190479D
:105FB000002080BDF0B503AF4DF8048D82B040F6EF
:105FC000B038C2F200080020C8F8E804C8F8EC04B1
:105FD000D8F8002088F8F00449F2C520C0F6010086
:105FE0000921904749F2CE2448F6D175C0F6010444
:105FF0006FF03F06C0F6010506E000BF28462146C7
:10600000FFF712F87C2E0AD240367B2EF6D8D8F84D
:10601000002020464021904740347C2EF4D349F2A2
:106020008E04D8F80020C0F60104204603219047D2
:10603000D8F8002049F27A10C0F6010017219047E5
:10604000D8F80020204603219047D8F8F40408F53A
:106050007A71884212BF066849F2FE06C0F6010650
:1060600049F2DA0049F2EC0149F2F20249F2F7038F
:10607000C0F60100C0F60101C0F60102C0F601033E
:106080000096FEF7D1FF02B05DF8048BF0BD40F63C
:10609000B030C2F2000000F56270704740F6B030D8
:1060A000C2F2000000F55A7070470000F0B503AF6F
:1060B0002DE9000F83B00446FCF742F9054640F68F
:1060C000B030C2F20000D0F8F4A4002D7CD02178CA
:1060D0002F2907D1013D00F5527A75D00134691C92
:1060E00009D171E0691E625C2F2A02BF002262544E
:1060F0000D46691C68D04FF0000B00F552704FF050
:1061000000084FF00009009001950EE000988245CC
:1061100014BFDAF804A0824608F101092F2004F820
:106120000800A84508F101084ED014F808002F28EF
:1061300001D00028F5D104EB090648F65770C0F6E7
:106140000100314604F808B0FBF72EFF0028DDD02F
:1061500048F65870C0F601003146FBF725FF0028CD
:10616000DAD0504650F808BF834525D008F1010029
:106170000290002608E000BF0120F0B1DBF800B07B
:106180000AF10800834518D09BF804000128F3D1D8
:10619000ABF11805296804EB0900FBF705FF00289F
:1061A000EAD12F20DDF8089004F80800012600202D
:1061B000AA460028E2D100E00026019DF0074FF03A
:1061C000000BAED14FF0000A504603B0BDE8000FFF
:1061D000F0BD0000F0B503AF2DE9000F81B02F2115
:1061E0008246FCF79FF9D04630B1804618F8011F6F
:1061F00000291CBF0021017040F6B03BD045C2F21F
:10620000000B08D05046FFF751FF002855D0044638
:106210005D46012009E0DBF8F4445D46A4EB0B0089
:10622000A0F55A70B0FA80F0400954F8086F009059
:10623000A64216D03079012807D0A6F1180BDBF85A
:1062400000104046FBF7B0FE30B1012000284ED0D0
:106250003668A642EED104E00020D9460028F7D1E6
:1062600045E0D5F8704305F55C76A01BB0FA80F0E8
:1062700000994009AB4608430AD09AF8001049F249
:10628000CE1249F2E510C0F60102C0F601001EE090
:106290002079012806D0A4F1180529684046FBF7AB
:1062A00083FE28B1012010B32468B442F0D1E4E7A2
:1062B0000020A9460028F7D119E09AF8001049F209
:1062C000911249F2AD10C0F60102C0F6010000299A
:1062D000514608BF1046FEF7A7FEDBF8002049F242
:1062E0008E00C0F60100032190474FF00009484698
:1062F00001B0BDE8000FF0BDF0B503AF4DF804BD2F
:1063000082B040F6B0360446C2F200060020C6F85D
:10631000E804C6F8EC04326886F8F00449F2BF20BD
:10632000C0F6010006219047D6F8F40406F57A710C
:10633000884212BF056849F2FE05C0F6010549F220
:10634000DA0049F2EC0149F2F20249F2F703C0F631
:106350000100C0F60101C0F60102C0F6010300957C
:10636000FEF762FE06EB4410A6F8404300F5BE744B
:106370002046FBF7E5FF06F58275C6F8E8042846D7
:106380002146FBF77BFF3268D6F8E8142846904791
:1063900002B05DF804BBF0BDB0B502AF02290446FF
:1063A0000BD0012925D140F6B030C2F20000002107
:1063B000C0F8F844A0F8FC14B0BD40F6B035C2F205
:1063C00000052A6849F28E00C0F6010003219047BB
:1063D000D5F8F804016848F6D170C0F60100FEF760
:1063E00023FED5F8F8040068FBF7AAFF0138A5F8EA
:1063F000FC04206840F6B0320021C2F2000209E03D
:10640000A2F8FC14C2F8F844B2F8FC34994201F145
:10641000010109D2D2F8F8341B685D5C435C9D42EF
:10642000EED1002BF0D1EBE7126849F28E00C0F6F6
:10643000010003219047216848F6D170C0F60100A1
:10644000FEF7F2FDB0BDD0B502AF044640F6B03065
:10645000C2F2000000F55270844208BFD0BD6068EF
:10646000002818BFFFF7EFFF216849F27720C0F638
:106470000100FEF7D9FDD0BD80B56F4602F01BFECE
:1064800007F043FC002080BD80B56F4686B09C4677
:106490000023CDE90133CDE90333059330B16FF02B
:1064A0000043994238BF0B460390059301A811465B
:1064B000624600F005F806B080BD00000000000054
:1064C000F0B503AF2DE9000F81B02DED0C8B9CB022
:1064D0009FED218B9FED229B9FED23AB9FED24BB76
:1064E0009FED25CB91460E4604464FF0250A3546D2
:1064F000013603E0A26850540136013516F8010C4C
:10650000002800F0598525280CD0D4E903124B1C33
:106510009142E360F0D22268002AEBD06168904794
:10652000EAE700BF3078002800F046854FF0000B06
:106530003178A1F12002102A30D80120DFE802F0E2
:10654000252E2E272E2E2E2E2E2E2E292E2B2E2E83
:10655000200000BF00BF00BFFFFFFFFFFFFFEFFFF6
:10656000FFFFFFFFFFFFEF7F0000000065CDCD4183
:106570000000000065CDCDC1000000000000E03F3C
:106580004BEA000B01360135D2E70820F8E710206E
:10659000F6E70420F4E70220F2E700BFA1F13000A3
:1065A000092811D84FF0000815F8010F08EB8801F1
:1065B0006A7800EB4100A2F130010A29A0F130080D
:1065C000F2D36E1C18E000BF2A2913D159F8040B2E
:1065D0000028804648BFC0F10008002816F8010FC7
:1065E00048BF4BF0020B38B9002000287FF47FAF82
:1065F00000F0E2BC4FF0000830782E281CD1314664
:1066000011F8010F002858D0A0F13002092A4BF4EC
:10661000006B2ED8701E0025827805EB8501C378AB
:1066200002EB4101A1F13005A3F130010A2900F18B
:106630000100F1D3861C00E00025307868384FEA6D
:106640007000092850D8DFE800F00521294F4F4F8E
:106650003F4F4F48314611F8010F70B3682840F0A2
:10666000298116F8020F002800F041824BF0C00B80
:106670003AE02A2840F0BA8016F8021F59F8040BB5
:10668000002900F0D58120EAE075D6E716F8010F61
:10669000002800F005814BF4806B25E0314611F8AD
:1066A000010F50B16C2840F0098116F8020F002844
:1066B00000F022824BF4C06B16E000200E4600284A
:1066C0007FF415AF00F078BC16F8010F50B9002028
:1066D00000287FF40CAF00F06FBC16F8010F002803
:1066E00000F0E3804BF4007B3078A0F125015329C2
:1066F00000F2F780DFE811F0E600F500F500F500A4
:10670000F500F500F500F500F500F500F500F500E1
:10671000F500F500F500F500F500F500F500F500D1
:10672000F500F500F500F500F500F500F500F500C1
:10673000F500F500F500F500F5005400F500F50052
:10674000F500F500F500F500F500F500F500F500A1
:10675000F500F500F500F500F500F500F5007F0007
:10676000F500F500F500F500F500F500F500F50081
:10677000F5007F0049017D00F5005400F500F500AB
:106780007D00F500F500F500F500F5007F00030140
:10679000F500F5001701F5007F00F500F5007F001A
:1067A000462809F1070020F0070090ED00DB10906B
:1067B0005AEC1D9B484651464A46534608BF4BF08B
:1067C000200BFCF7B1FC002840F0EF8353EC182BB2
:1067D00048465146FCF780FC002800F0F38049F25F
:1067E000AF312046C0F601010422C3E300250E4666
:1067F00023E74BF4804BA0F15801202915D8102332
:10680000DFE801F0181313131313131313131113E9
:106810001313131313131313131313171313131344
:10682000131313131800022304E02BF0100B0A2398
:1068300000E00823582808BF4BF0200B5FEA0B50FC
:1068400048BF2BF0010B5FEA4B4006F1010614D460
:106850005FEA4B5000F1E8815FEA8B502BF00C0CA3
:1068600000F1DC805FEA4B6000F12381D9F8001071
:106870005FEA0B6048BF89B21DE15FEA4B5000F14F
:10688000D3815FEA8B5000F1CC805FEA4B6000F16E
:106890001D81D9F800005FEA0B6148BF00B217E123
:1068A000002000287FF423AE86E3002000287FF438
:1068B0001EAE81E34BF0800B0E4615E74BF4007BD8
:1068C0000E4611E7D4E90301421C8842E26080F0E1
:1068D000AA812268002A00F03C8161682520904747
:1068E000A1E1D4E903124B1C9142E36080F09B814B
:1068F0002268002A00F031816168904793E159F8DD
:10690000041B42F2010000294BEA000C00F0F98060
:1069100000952046002210230A25CDF808C00195D5
:1069200000F09EFB7FE159F8041B002900F0F38082
:1069300008784FF0000C0028084611910ED0284628
:10694000002D08BF6FF000404142119810F8013F40
:1069500001314CF100020BB1002AF7D011990BF470
:10696000006A401AA8422A4638BF0246BAF1000F10
:1069700008BF02461BF00200109040F0158142450E
:1069800080F00D81A8EB020B3BE01BF0020A54D112
:10699000B8F1020FC0F0CB80A8F1010505E0A168B5
:1069A00020220A54013D00F0C480D4E90301421CB6
:1069B0008842E260F6D22268002AF0D06168202086
:1069C0009047EFE7484653EC192B5146FCF7A2FBE2
:1069D000A8B31BF0040049F2B431C0F6010149F23A
:1069E000B9304FF00402C0F6010008BF014608BFED
:1069F0000322BEE2A16820220A54BBF1010B00F081
:106A0000D080D4E90301421C8842E260F5D22268BA
:106A1000002AEFD0616820209047EEE759F8041B68
:106A20004BE059F8040B0146002848BF414255E0AD
:106A3000002000287FF45BADBEE201257BE053EC33
:106A40001A2B48465146FCF765FB002840F0978218
:106A500053EC1B2B48465146FCF73EFB002840F008
:106A60008E825FEA0B50CDF830A058BF0625122D5C
:106A7000C0F0DF80A5F1120EBEF11F0F28BF4FF04E
:106A80001F0E0EF101014FF0000A302314A85246E8
:106A90000AF1010A51458354F9D16FEA0E00054409
:106AA000AAF101001F284FF0000038BF0120099013
:106AB000C3E099F8001009F1040920460022CDE94D
:106AC0000058CDF808C000F0CBFAADE099F900000D
:106AD0000146002848BF414209F10409C20F20467F
:106AE000CDE90058CDF808B000F0BAFA9CE00020DB
:106AF00000287FF4FCAC5FE2002000287FF4F7ACB4
:106B00005AE249F2A5312046C0F6010105220A23C6
:106B1000CDF800C008E049F29E312046C0F60101E0
:106B200006224346CDF800B000F07EFB7BE0022554
:106B300001E008F10105D4E9031259F8040B4B1CDC
:106B40009142E3600ED2226852B16168C0B29047B0
:106B500008E0A16801F800A065E0A268505462E076
:106B6000A2685054BAF1000F4FF0250A5BD045459A
:106B700059D2A8EB050505E0A16820220A5400BF00
:106B8000013D50D0D4E90301421C8842E260F7D2B3
:106B90002268002AF0D0616820209047F0E7013297
:106BA00002E0119908F1010208781192E8B101F1AF
:106BB000010B04E0A26850541BF8010BA8B1013D81
:106BC0004FF0000141F10001BAF1000F00D061B1B6
:106BD000D4E903124B1C9142E360EDD22268002AF3
:106BE000E8D06168C0B29047E6E710984FF0250AF8
:106BF0000028119817D0404515D2A8EB000505E0F4
:106C0000A16820220A5400BF013D0CD0D4E9030141
:106C1000421C8842E260F7D22268002AF0D0616804
:106C200020209047F0E70136012000287FF45FAC78
:106C3000C2E1012009904FF0000A8DED12DB9DF8B2
:106C40004F0080F080008DF84F000C9ADDE91201B2
:106C5000002A4CBF8146114648460B91FCF732FB97
:106C6000CDE90D01FBF798FF0B460B99024648460C
:106C7000CDF81090FBF706FE49F2C032C0F60102D3
:106C800002EBC50292ED000B53EC102BCDE907236C
:106C9000FBF7B0FF81460A91FCF714FB11900F91AE
:106CA000FBF77AFF0B460A9902464846FBF7EAFDD6
:106CB00053EC1C9B4A46CDE905100A93FCF72AFACF
:106CC000CDF80C9090B111980F99013041F100016D
:106CD00011908946FBF760FF02460B46DDE907018C
:106CE000FCF704FAD0B9DDF838C024E0DDE905107E
:106CF0000A9B4A46FCF7E6F9D8B1DDF83C90119BB7
:106D0000DDF838C043EA0900B0FA80F040091843C2
:106D100000F001001B1849F100090DE00D98DDF8A5
:106D200038C001300D904CF1000C00234FF00009E9
:106D300002E0DDE90EC9119BF5B90D986146CDF869
:106D40003C90CDF838C09946FBF726FF02460B462B
:106D500004980B99FBF796FD039A0A9BFCF7BCF984
:106D6000B0FA80F00D9940094B46DDE90EC90840A4
:106D700009184CF1000C0D91C5B35FEACB4028D542
:106D80005FEACB6025D4581E79F1000021DB013584
:106D9000CDF838C01193184649460A220023FCF763
:106DA00029FA0A22A0FB02C301EB810203EB420293
:106DB000119B013DB3EB0C0369EB02021A43119BDB
:106DC00004BF89460346002AE4D008BF013DDDF830
:106DD00038C041F2100000EA0B00B0F5805F59D1D5
:106DE000581E79F1000055DA0D9D11E00BF01000EE
:106DF000012181EA101009990D9D81F001010843DC
:106E00000DF1500904D12E2009F80A000AF1010AF7
:106E1000BAF11F0F23D8284661460A220023E14613
:106E2000FCF7E8F900EB8002A5EB42020A3D6FF0A7
:106E3000120369F1000EED1A4FF0FF357EEB0503EA
:106E400002F1300C0AF1010214AB03F80AC007D2B8
:106E5000BAF11F0F05468C469246DCD300E052463D
:106E60000BF00300012813D1B8F1000F4FF03003ED
:106E700014A93FD00C9800284FF0000048BF012013
:106E80001BF00C0518BF01252843A8EB000833E0D0
:106E900014A93AE00998CDF838C0002844D0184623
:106EA000CDF83C9049460A2299460023013DFCF763
:106EB000A1F900EB8002A9EB42020F9B3032B9F13D
:106EC0000A0C119263F100026FF01203BCEB030392
:106ED0004FF0FF3372EB0303119A0AF1010E14AB6A
:106EE00003F80A2021D2BAF11F0FF2460346894661
:106EF000D5D31AE04FF000081F2A06D8424504D225
:106F00008B541E2A02F10102F8D91F2A31D80C989D
:106F1000002807D45FEA4B7028D45FEA0B7028D5AD
:106F2000202024E02D2022E0D646BEF1200F4FF095
:106F3000000038BF0120BEF11F0F2BD8DDF838C08C
:106F40000DF150095DB369420D9D3023BEF11F0F55
:106F50004FF0000009F80E3038BF0120BEF11E0FBF
:106F60000EF1010E1CD80131F0D119E02B2088540C
:106F7000013220464346CDF800B000F055F9109894
:106F8000013600F1080901204FF0250A00287FF49E
:106F9000AEAA11E0DDE90D5C0DF1500900E00D9D98
:106FA0000028F2467FF42FAF32E749F2AB3120469A
:106FB000C0F601010322DDE7206838B1E0681CB0AB
:106FC000BDEC0C8B01B0BDE8000FF0BD20690028BE
:106FD000F4D0A1680029F1D0E268824228BF421EA5
:106FE00000208854EAE782B080B56F4686B0C7E9D2
:106FF000022307F1080200230092CDE90133CDE915
:107000000333002805931EBF03906FF000400590E6
:1070100001A8FFF755FA06B0BDE8804002B07047FE
:1070200081B080B56F4687B09446BB6007F1080217
:1070300000230192CDE90233CDE90433069330B148
:107040006FF00043994238BF0B460490069302A8A4
:107050006146FFF735FA07B0BDE8804001B07047E0
:10706000F0B503AF2DE900078AB0D7F810809C4631
:10707000D9B108F0200383F0610303F1F60900257C
:107080000DF1080EB1FBFCF64B4606FB1C140A2C56
:1070900038BF302323446C1C61450EF8053014D3EF
:1070A0001F2D25463146EDD30FE05FEA085106D487
:1070B00030218DF8081028F01008012405E0002484
:1070C000BCF1100F08BF28F01008D7E902935FEA5F
:1070D000887122D463B15FEAC87105D018F00C0141
:1070E00018BF012111435B1A5FEAC87104D114E093
:1070F00000235FEAC87110D09C420ED21F2C0CD81E
:1071000002A93025264600BF06F1010E9E458D5589
:1071100004D21F2E7646F7D300E0A646CE4516D2FF
:10712000BEF11F0F13D8AEF101010DF1080E4FF0A3
:10713000300A00BF4E1C0EEB01051E2E85F801A083
:1071400003D8023149453146F4D306F1010EA64574
:10715000464688BF26F01006BCF1080F42F2100127
:1071600018BF46460E4244D0310517D4BEF1000F79
:1071700014D0CE4518BF9E4510D1A64588BFAEF1AC
:10718000010EBEF1000F1AD0BCF1100F02D0BCF1FD
:10719000020F03D1A64588BFAEF1010EBCF1100F5E
:1071A00012D116F0200104D1BEF1200F01D27821B6
:1071B00011E049B1BEF1200F06D258210BE04FF08B
:1071C000000EBCF1100FECD0BCF1020F08D1BEF1E3
:1071D0001F0F05D8622102AD05F80E100EF1010E49
:1071E000BEF11F0F05D802A9302501F80E500EF18F
:1071F000010EBEF11F0F0ED80AB12D2106E0710756
:1072000003D4310707D5202100E02B2102AA02F880
:107210000E100EF1010E02A97246009600F004F85D
:107220000AB0BDE80007F0BDF0B503AF2DE9000FCF
:1072300081B00546B868D5F80C909B461646800785
:10724000884618D15E4516D2ABEB06044FF0200AF3
:1072500004E0A96801F800A0013C0CD0D5E90301C5
:10726000421C8842EA60F7D22A68002AF1D0696895
:1072700020209047F0E7B86800F0020A9EB1A8F11C
:10728000010403E0AA685054013E0CD0D5E9031272
:10729000A05D4B1C9142EB60F6D22A68002AF1D027
:1072A00069689047F0E7BAF1000F1AD0E868A0EBE0
:1072B0000901594515D2202407E0A9680C5400BFE4
:1072C000E868A0EB090159450BD22969421C8842A4
:1072D000EA60F5D22A68002AEFD06968202090473A
:1072E000EEE701B0BDE8000FF0BD80B56F460320AA
:1072F00000F030F80F2006F0B7FC00281CBF01207A
:1073000080BD01F04EFA002080BD40F26C0041F2D9
:10731000B001C2F20000C2F2000100680A68104425
:107320000860704741F2B000C2F200000068704788
:1073300047F29050C1F6FF700068704747F29450D2
:10734000C1F6FF700068704747F29850C1F6FF70B1
:10735000006870474EF60C51CEF200010A684FF6F5
:10736000FF031A4060F30A2242F0806040F0FD7093
:1073700008607047D0B502AF4EF60C5CCEF2000C40
:10738000DCF80030C3F3022E8EF00704042C28BF73
:107390000424BEF103034FF0FF3E0EFA04F438BF9D
:1073A0000023A14399400EFA03F39A4300F00F0320
:1073B000043B1143634409010C3300F16042B0F116
:1073C000FF3FC8BF02F564431970D0BD002848BF15
:1073D000704700F01F01012202FA01F14EF2001283
:1073E0004009CEF2000242F820107047002848BF42
:1073F000704700F01F01012202FA01F14EF28012E3
:107400004009CEF2000242F82010BFF34F8FBFF3C5
:107410006F8F7047F0B503AF2DE9000F81B040F2D8
:10742000700AC2F2000A90469AF80020012A01D19F
:107430000225A8E0044642F21006012099468B4638
:10744000C4F202068AF80000FFF76CFF054600BF91
:107450003068C00308D5FFF765FF401BB0F57A7FA1
:10746000F6D90325002016E030684CF2FA310140CD
:1074700007D0DAF8040001250843CAF804000846DA
:1074800005E032680120D2074FF0000503D0B1FAC1
:1074900081F130604809002872D00020CAF8040049
:1074A00056F8101C490506D556F8100C20F48060DB
:1074B00046F8100C02208AF81C0024B3601E012834
:1074C00030D87068ABF1040140F480207060EFF3B5
:1074D000108C72B6A8F10402402300BF52F8045F7A
:1074E000013B180641F8045FF8D1B4F1020918BF56
:1074F0004FF001098CF310884FF0FF38022C08BFC1
:107500006FF4802812E0706840F001007060CBF8E2
:107510000080BFF36F8FCBF804906FF001084FF03D
:10752000000903E04FF0FF384FF00109FFF7FAFEC2
:10753000044600BF3068C00307D5FFF7F3FE001B09
:10754000B0F57A7FF6D9032511E030684CF2FA31B4
:10755000084006D0DAF8041001250143CAF80410E7
:1075600004E030680025C00701D001203060B9F187
:10757000000F03D1706800EA0800706000F05EF947
:1075800000208AF80000284601B0BDE8000FF0BDD9
:10759000F0B503AF4DF804BD42F210060446C4F244
:1075A0000206FFF7BFFE05463068C00308D5FFF7A7
:1075B000B9FE401BA042F7D903205DF804BBF0BD23
:1075C00030684CF2FA31014008D040F27000C2F24B
:1075D000000042680A434260012005E03068C007AD
:1075E0004FF0000001D0012131605DF804BBF0BD17
:1075F00042F20800C4F20200C168B1F1FF3FC4BF0B
:107600000020704740F22311C4F26751016048F630
:10761000AB11CCF6EF510160C068C00F704742F269
:107620001400C4F20200016841F0004101600068EA
:10763000C043C00F704742F20C00C4F202008168E0
:1076400049005CBF0020704742F63B21C0F619019B
:10765000016046F67F61C4F65D4101608068C0F359
:107660008070704742F21400C4F20200016841F0D9
:10767000804101600068012121EA9070704700009C
:10768000B0B502AF42F21005C4F20205686840F0DE
:1076900000606860FFF746FE044600BF2868C0032C
:1076A00007D5FFF73FFE001BB0F57A7FF6D9032020
:1076B000B0BD28684CF2FA31014009D040F27000A8
:1076C000C2F2000042680A43426001202960B0BD56
:1076D0002868C0074FF0000008BFB0BD0121296035
:1076E000B0BD0000F0B503AF2DE9000740F270090E
:1076F000C2F2000999F80020012A03D10220BDE856
:107700000007F0BD8246012089F800004FF47A702E
:107710008846FFF73DFF002840F08A8042F20004CF
:107720000021C4F20204C9F804102168226852053D
:1077300002D4C1F3402109E0226811F400714FF036
:10774000030122F4806208BF0221226089F81C1024
:10775000DAF80010012914D19AF80400C00703D008
:10776000606940F004006061606940F480306061ED
:107770004FF47A70FFF70CFF616921F00401616139
:107780002DE04FF0FF31C8F80010DAE90261314412
:107790008E4224D2F50000BF606905F4FF6120F439
:1077A000FC7008436061606940F0020060616069DC
:1077B00040F4803060614FF47A70FFF7E9FE616950
:1077C00021F4FD71616140B9DAE902120136114418
:1077D0008E4205F10805DFD301E0C8F8006099F892
:1077E0001C1001F0FD02012A0FD1226822F4007260
:1077F0002260226842F400622260226822F4006261
:107800002260226842F40072226001F0FE01022927
:107810000BD1216841F480512160216821F480510D
:107820002160216841F480612160002189F81C10E9
:10783000002189F80010BDE80007F0BD40F270009B
:10784000C2F20000027F02F0FD01012942F20001B4
:10785000C4F202010FD10B6823F400730B600B68B4
:1078600043F400630B600B6823F400630B600B6848
:1078700043F400730B6002F0FE02022A0BD10A6887
:1078800042F480520A600A6822F480520A600A6850
:1078900042F480620A60002101777047F0B503AFBF
:1078A0002DE9000F81B040F27009C2F2000999F889
:1078B0000010012901D1022460E1054601200024C5
:1078C00089F80000C9F80440287842F21408C0077B
:1078D000C4F2020823D005F1040B9BE8400C4FF4DE
:1078E0007A70FFF755FE0446B0B9012E05D046B9AF
:1078F0004AEA0B40C8F8180003E04AEA0B40C8F80F
:107900001C00D8F8000040F40030C8F800004FF424
:107910007A70FFF73DFE0446002C18BF012428783A
:10792000800719D52E694FF47A70FFF731FE80B9C0
:10793000D8F80C0020F0FF003043C8F80C00D8F84D
:10794000000040F40030C8F800004FF47A70FFF7F0
:107950001FFE002818BF01242878400740F19280BC
:10796000D5E9056A4FF47A70FFF712FE002840F05F
:10797000868006F00200C10266F308210AEAC620EA
:1079800066F349210AF4E06200F48050F30766F3DD
:107990008A2118BF104416F004020AF4005318BFDD
:1079A000184441EAC22116F480520AF4804318BFF9
:1079B000184441EA820116F008020AF4803318BF25
:1079C000184341EA423116F010020AF4003318BF9E
:1079D000184341EA423C0AF48022B30648BF1043F0
:1079E0000AF40022730648BF10430AF40002B305EC
:1079F00048BF10430AF08072730548BF10430AF075
:107A00000072330548BF10434FF4402216F4005E65
:107A10000AF0806318BF18430AF0006102EA463298
:107A200016F4804318BF084306F4606142EA4E3200
:107A300042EA813141EA433141EA0C0116F4004245
:107A40000AF040521CBF104341F040510AF08043FD
:107A500016F4803218BF1843D8F80C3041EA82314E
:107A600023EA01010843C8F80C00D8F8000040F4EC
:107A70000030C8F800004FF47A70FFF789FD002845
:107A800018BF01242878000737D5D5E9086B5E4573
:107A900033D0D5F81CA04FF47A70FFF779FD48BBBE
:107AA0005FEACA7014D0D8F8101043F6FF7206F1DE
:107AB0007840914341EAD000C8F81000D8F814008B
:107AC0000BF178416FF30D0040EAD100C8F81400C3
:107AD000D8F814004FEADA7161F3DF70C8F81400C7
:107AE000D8F8000040F40030C8F800004FF47A7075
:107AF000FFF74EFD002818BF0124287880061DD509
:107B0000D5E90B6A4FF47A70FFF742FD98B9012E60
:107B100007D1D8F85C0020F07F0040EA0A00C8F8DE
:107B20005C00D8F8000040F40030C8F800004FF4C2
:107B30007A70FFF72DFD002818BF01242878C006B1
:107B400019D5AD6A4FF47A70FFF722FD80B9D8F8E5
:107B50005C0020F480302843C8F85C00D8F80000AE
:107B600040F40030C8F800004FF47A70FFF710FDC1
:107B7000002818BF0124002089F80000204601B029
:107B8000BDE8000FF0BD426842F2200CC4F2020CC6
:107B90000623012A036011D80723036022B1012ABA
:107BA0000CD10CF1100201E00CF10C02136803F08F
:107BB0003F0383601268C2F30542C260DCF8002014
:107BC000D2B21346AA2A18BFBB23CC2A08BF134639
:107BD0000361DCF80030C26923F0FF03012A8361EE
:107BE00019D10368D10743F0080303600DD0DCF816
:107BF00004104FF0006361F3D0030362DCF8081057
:107C00004FF0006361F3D0034362DCF8081001F029
:107C100000411143C1610268C16A42F01003036070
:107C2000DCF85030012903F48033836218BF7047B9
:107C300042F030010160DCF8501001F07F01016377
:107C4000704742F20000C4F20200016841F4802152
:107C50000160704742F20000C4F20200016821F4A2
:107C600080210160704747F20000C4F20000016803
:107C7000032262F3020101604EF61050CEF20000C2
:107C8000016841F00401016030BF7047B0F5007F2A
:107C90003BD0002872D147F2000CC4F2000CDCF893
:107CA0000010DCF8802001F4C06122F48072B1F58C
:107CB000806FCCF8802026D1DCF80010012262F31E
:107CC0004A21CCF8001040F29001C2F2000109688C
:107CD000322359434DF68363C4F21B33A1FB0313D4
:107CE00002EB9341002200BFDCF81400013942F19D
:107CF0000003400501D5002BF6D1DCF81400400547
:107D000044BF032070470020704747F2000CC4F2C4
:107D1000000CDCF80010DCF8802001F4C06142F4B3
:107D20008072B1F5806FCCF88020ECD1DCF80010C7
:107D3000012262F34A21CCF8001040F29001C2F215
:107D400000010968322359434DF68363C4F21B33A3
:107D5000A1FB031302EB9341002200BFDCF81400E7
:107D6000013942F10003400501D5002BF6D1DCF8C2
:107D70001400400544BF03207047C4E747F20000E9
:107D8000C4F200000168022262F34A21016000206F
:107D9000704747F20800C4F20000016841F48041D6
:107DA00001607047F0B503AF4DF804BD41F2000526
:107DB000C4F20205FFF7B6FA2968044641F4807060
:107DC000286000BF2868400505D4FFF7ABFA001B08
:107DD0000228F7D914E0686840F080406860FFF737
:107DE000A1FA0446012041F28836A860A86800F094
:107DF0000C00042808D0FFF795FA001BB042F5D913
:107E000003205DF804BBF0BD40F26800C2F2000040
:107E100040F2900142F200420068C2F20001C0F25A
:107E2000F4020A6005F020FF18B101205DF804BBE0
:107E3000F0BD4FF4807028602860FFF773FA0446A5
:107E40002868800105D5FFF76DFA001B0228F7D9D5
:107E5000D6E74FF48050E86000204FF0FF31A86172
:107E60002962D5F8941041F40001C5F894105DF82A
:107E700004BBF0BDF0B503AF2DE9000B82B00028C4
:107E800000F011818146007841F20006C007C4F27B
:107E900002065FD199F8000080077DD499F80000B0
:107EA000000700F1A18099F80000400700F1BF80B1
:107EB00099F80000800600F10B81D9F81C40002CD5
:107EC00000F01F82B06800F00C000C2840F06281C6
:107ED000012C00F0E880F068D9F8201000F00302CF
:107EE0008A4240F0E080D9F824206FF00F0300F0C0
:107EF000F00103EB0212914240F0D580D9F828102E
:107F000000F4FE42B2EB012F40F0CD80D9F82C10E6
:107F100000F07842B2EBC16F40F0C580D9F8302054
:107F20000023CFF6E07303EB025200F4C0016FF3BD
:107F30001402914240F0B780D9F834104FF07E42DD
:107F400002EB016100F0C06001F07E41884240F028
:107F5000AA80D6E1B06800F00C01F06808295CD076
:107F6000032281F00C0122EA00000844B0FA80F0FC
:107F7000400952D1D9F80450B5F5A02F00F0D580B2
:107F8000B5F5803F00F0D580306820F48030306057
:107F9000306820F48020CFE0B068F16800F00C0079
:107FA000042868D001F0030180F00C0081F0020188
:107FB0000844B0FA80F040095DD1D9F80C1030685F
:107FC000002900F0D58040F480703060FFF7AAF9F6
:107FD000054600BF3068400500F1FE80FFF7A2F9BA
:107FE000401B0228F6D930E1D9F81410D6F89400D5
:107FF000002900F0888040F00100C6F89400FFF7E7
:1080000091F90546D6F8940080073FF54CAFFFF78D
:1080100089F9401B0228F5D917E1306880037FF504
:1080200039AFD9F8040000287FF434AF3BE0B06DDD
:1080300010F0805808D1B06D40F08050B065B06D40
:1080400000F080500190019847F20004C4F200044F
:108050002068C00529D4206840F480702060FFF7B4
:1080600061F905462068C0051FD4FFF75BF9401B86
:108070000228F7D9E9E03068400502D5D9F80C00AC
:1080800088B17068D9F8101020F0FE4040EA016015
:10809000706040F26800C2F20000006805F0E4FD84
:1080A00000283FF4FBAE01202CE1D9F80850052D43
:1080B00000F0AF80012D00F0B280D6F8900020F0E3
:1080C0000100C6F89000D6F8900020F00400AAE065
:1080D000D9F81810D6F89800002900F0868040F0F2
:1080E0000100C6F89800FFF71DF90546D6F898007C
:1080F00080073FF5E2AEFFF715F9401B02284FF06D
:108100000300F3D9FEE020F00100C6F89400FFF769
:1081100009F90546D6F8940080077FF5C4AEFFF74D
:1081200001F9401B0228F5D98FE0306840F4802027
:108130003060306840F480303060FFF7F3F8002D95
:10814000054611D0306880033FF5A4AEFFF7EAF88A
:10815000401B6428F6D978E0FFF7E4F8401B642858
:108160004FF0030000F2CE8030688003F4D491E633
:1081700020F480703060FFF7D5F805463068400580
:108180007FF58CAEFFF7CEF8401B02284FF00300BE
:10819000F4D9B7E0306820F080703060FFF7C2F8A3
:1081A000022C05460CD100BF3068800164D5FFF772
:1081B000B9F8401B02284FF00300F5D9A2E000BF38
:1081C0003068800140F19680FFF7ACF8401B022830
:1081D0004FF00300F4D995E07068D9F8101020F042
:1081E000FE4040EA0160706058E620F00100C6F8E9
:1081F0009800FFF797F80546D6F8980080077FF5B6
:108200005CAEFFF78FF8401B02284FF00300F3D954
:1082100078E0D6F8900040F00400C6F89000D6F858
:10822000900040F00100C6F89000FFF77BF8002DA9
:10823000054641F2883412D0D6F89000800712D457
:10824000FFF770F8401BA042F6D903205AE000BFA8
:10825000FFF768F8401BA0424FF0030052D8D6F851
:1082600090008007F4D4B8F1000F7FF421AEB06D18
:1082700020F08050B0651BE6F06848F20C01C0F2B7
:108280009F1109F1200E00EA010C9EE80E406FF0EC
:108290000F05D9E90C4005EB02120025CFF6E07579
:1082A00041EA0C0105EB045411436FF314044FF041
:1082B0007E4541EA032105EB0060214300F07E404A
:1082C00041EACE610843F060306840F08070306071
:1082D000F06840F08070F060FFF724F804463068E2
:1082E00080010ED4FFF71EF8001B02284FF0030098
:1082F000F5D907E0F0684FF6FC71CFF6EE61084063
:10830000F060002002B0BDE8000BF0BDF0B503AF97
:108310002DE9000F81B0002800F0018142F2000930
:10832000C4F202090446D9F800008B4600F00F00A1
:1083300088420ED2D9F8000020F00F0040EA0B006E
:10834000C9F80000D9F8000000F00F00584540F0CF
:10835000E680216841F20808C807C4F202080CD17F
:108360004FF0000A206881074BD4BAF1800F61D129
:10837000D8F8000020F0F0005AE06068022800F011
:10838000CA80032840F0CD8058F8082C920140F1B3
:10839000C680D8F80420D8F8043042F2004602F033
:1083A0000302C3F30313C0F2F4060133032A04BF2C
:1083B00043F20066C0F26E16D8F80420B6FBF3F361
:1083C000D8F80460C2F306225A43C6F3416302267A
:1083D00006EB4303B2FBF3F24BF20043C0F2C4439B
:1083E0009A4240F2E780D8F8002012F0F00F00F037
:1083F000D780890740F1DE80A168002940F0DA804B
:10840000CEE0410705D5D8F8001041F4E061C8F886
:108410000010000706D5D8F80000072161F30D20F1
:10842000C8F80000D8F80000A16820F0F000084368
:10843000C8F80000D9F8000000F00F00584519D91D
:10844000D9F8000020F00F0040EA0B00C9F8000046
:10845000FEF768FF064641F2883500BFD9F80000F4
:1084600000F00F00584505D0FEF75CFF801BA842C6
:10847000F4D9BBE02068410707D5D8F80010E268BE
:1084800021F4E0611143C8F80010000708D5D8F8BE
:108490000000216920F4605040EAC100C8F80000E3
:1084A000D8F8000042F20041C0F2F40100F00C00E4
:1084B0000428084600F09D80D8F8000000F00C0069
:1084C000082843F20060C0F26E1000F09280D8F8E5
:1084D000002002F00C020C2A40F08A80D8F8042018
:1084E000D8F8043002F00302C3F303130133032A64
:1084F00008BF0146D8F80400B1FBF3F1D8F8042016
:10850000C0F306204843C2F34161022202EB41015D
:10851000B0FBF1F06DE058F8081C890305D4012088
:1085200080E058F8081C4905F9D5D8F8001001F08A
:108530000C0104293ED0D8F8001001F00C010829E4
:1085400038D0D8F8001001F00C010C2932D1D8F83D
:108550000410D8F8042042F2004301F00301C2F3F2
:108560000312C0F2F4030132032904BF43F2006393
:10857000C0F26E13D8F80410B3FBF2F2D8F804304E
:10858000C1F306215143C3F34162022303EB4202CC
:10859000B1FBF2F14BF20042C0F2C442914209D960
:1085A000D8F80010082262F307114FF0800AC8F8CB
:1085B000001001E04FF0000AD8F8001021F003018C
:1085C0000843C8F80000FEF7ADFE064641F28835C4
:1085D000D8F80000616800F00C00B0EB810F3FF4A8
:1085E000C1AEFEF79FFE801BA842F1D9032019E01F
:1085F0000020D8F8001049F25042C1F30311C0F630
:108600000102515C40F2900201F01F0120FA01F1D9
:1086100040F26800C2F200000068C2F2000211607D
:1086200005F022FB01B0BDE8000FF0BD41F20C01E6
:10863000C4F2020151F8040C42F20042C0F2F4020A
:1086400000F00C000428104608BF704751F8040CD5
:1086500000F00C00082843F20060C0F26E1021D038
:1086600051F8043C03F00C030C2B1CBF0020704796
:10867000D1F800C00B680CF0030CC3F303130133F3
:10868000BCF1030F08BF02460868B2FBF3F20968A9
:10869000C0F306205043C1F34161022202EB4101C5
:1086A000B0FBF1F0704740F2900041F20801C2F2D5
:1086B0000000C4F202010068096849F26042C1F397
:1086C0000221C0F60102515C01F01F01C840704751
:1086D00040F2900041F20801C2F20000C4F202012F
:1086E0000068096849F26042C1F3C221C0F6010284
:1086F000515C01F01F01C84070470F22026041F237
:108700000802C4F20202136803F003034360136813
:1087100003F0F0038360136803F4E063C36012683E
:108720004FF4E06303EAD202026142F20000C4F2B5
:108730000200006800F00F00086070474EF6885095
:10874000CEF20000016841F4700101607047000042
:108750000D488546FFF7F2FF0C480D490D4A0023EE
:1087600002E0D458C4501B1DC4188C42F9D30A4AE5
:108770000A4C002301E01360121DA242FBD3F9F75B
:1087800005F9FDF779FEFEE70080002000000020DB
:1087900030010020CC9F01083001002078750020B6
:1087A000FEE780B56F4682B041F25800C4F2020085
:1087B0008168002241F001018160816801F00101BE
:1087C00001910199016841F08051016000680F2119
:1087D00000F08050009000986FF00100FEF7CAFD95
:1087E000052005210022FEF7C5FD0520FEF7EEFD60
:1087F000FFF7CFFA02B080BDD0B502AF98B0044603
:1088000000201790CDE91500CDE9130002A84421FE
:10881000F9F762F8206846F20041C4F2000188428C
:1088200001D018B0D0BD4FF4805002904FF00070CE
:108830000E9002A801F0AAFD002818BF04F00CFF5A
:1088400041F24C00C4F20200C16841F00071C16005
:10885000C16801F0007101910199016841F00101C5
:108860000160006813A900F00100019001984FF425
:10887000C0501390022014900020CDE9150009206B
:1088800017904FF0904001F08FFC15200521002239
:10889000FEF770FD1520FEF799FD16200521002238
:1088A000FEF768FD1620FEF791FD18B0D0BDF0B5BB
:1088B00003AF2DE9000786B00446006843F6004187
:1088C000C4F2000100268842CDE90466CDE90266C3
:1088D000019670D043F20001C4F20101884240F0D9
:1088E000CD8041F24C00C4F2020041690DF104094F
:1088F00041F480514161416940F2300801F48051F6
:10890000009100990168022541F0010101600068B1
:10891000002600F0010000900098A02001900120A6
:1089200003904FF0050A4FF090404946C4F2020808
:1089300002950496CDF814A001F036FC4020CDE954
:10894000010503A880E860044FF09040494601F01B
:108950002BFC41F2EC4508F12800C2F200050A2187
:108960004FF0800985E843002846C5E90369C5E959
:108970000566C5E9076600F0C0FE002818BF04F0D0
:108980006BFEA565AC6241F24C5508F13C00C2F2A9
:1089900000050B21102285E847022846C5E9056637
:1089A000C5E9076600F0A9FE00284FF0230618BFAE
:1089B00004F052FE58E041F24C00C4F20200C168DB
:1089C00040F2300841F40041C160C168C4F20208BD
:1089D00001F4004100910099016841F00201016039
:1089E000006801A900F00200009000983820019072
:1089F0000220CDE902060620059040F20040C4F6B0
:108A00000000049601F0D0FB41F2AC55C2F2000523
:108A10000E204FF08009C5E900802846C5E90266AE
:108A2000C5E90496C5E906662E6200F066FE0028D8
:108A300018BF04F011FEA565AC6241F20C6508F1A7
:108A40001400C2F200050F211022002385E80F0256
:108A50002846C5E90533C5E9073300F04EFE4FF05F
:108A6000330608B104F0F8FD3046052100226565A3
:108A7000AC62FEF77FFC3046FEF7A8FC06B0BDE80E
:108A80000007F0BD80B56F4682B00068B0F1804F3E
:108A90001CD042F60041C4F20101884223D141F2C8
:108AA0005800C4F202008168002241F40061816034
:108AB00080680F2100F40060019001981820FEF7F3
:108AC00059FC1820FEF782FC02B080BD41F258002C
:108AD000C4F20200016841F001010160006800F089
:108AE00001000090009802B080BD81B0006843F2A0
:108AF0000041C4F20101884201D001B0704741F247
:108B00006000C4F20200016841F400510160006895
:108B100000F400500090009801B0704780B56F4697
:108B200086B000680021B0F1804F0591CDE90311B6
:108B30000291019117D042F60041C4F2010188422E
:108B40002CD141F24C00C4F20200016841F0010155
:108B50000160006800F00100009000984FF4807000
:108B6000019006200FE041F24C00C4F202000168BF
:108B700041F001010160006800F0010000900098E0
:108B8000022001900120022102910021CDE9031170
:108B9000059001A94FF0904001F006FB06B080BDA2
:108BA000F0B503AF2DE9000B98B00446002602A8EB
:108BB00044211796CDE91566CDE91366F8F78CFECA
:108BC000206844F20041C4F20001884273D043F6A9
:108BD0000001C4F20101884240F0DC8001200290D3
:108BE000002602A8039601F0D1FB002818BF04F06C
:108BF00033FD41F25800C4F20200816841F24C0892
:108C000041F4804181608068C4F2020800F4804031
:108C100001900198D8F8000013A940F00100C8F8AD
:108C20000000D8F8000000F00100019001984FF416
:108C3000C06013900220CDE91406072017904FF072
:108C40009040169601F0B0FA0820C4F2020041F2FA
:108C50006C6500F58060C2F2000518214FF08009B4
:108C600085E843002846C5E90369C5E90566C5E905
:108C7000076600F042FD002818BF04F0EDFCC4F8C0
:108C80008050AC6241F2CC65A8F54360C2F20005A9
:108C900019211022002385E80F022846C5E9053373
:108CA000C5E9073300F029FD00284FF0250618BF5D
:108CB00004F0D2FC64E0022502A80295049601F0BB
:108CC00065FB002818BF04F0C7FC41F25800C4F24D
:108CD0000200016840F2080841F4003101600068B8
:108CE000002600F400300190019841F24C00C4F2DB
:108CF00002000168C4F2020841F00101016000684D
:108D000013A900F00100019001980C20CDE9130592
:108D1000072017904FF09040CDE9156601F044FA16
:108D200041F22C75C2F200051A204FF08009C5E906
:108D300000802846C5E90266C5E90496C5E90666CD
:108D40002E6200F0DAFC002818BF04F085FCC4F89D
:108D50008050AC6241F28C7508F11400C2F200053B
:108D60001B21102285E847022846C5E90566C5E9AA
:108D7000076600F0C2FC4FF0260608B104F06CFC58
:108D8000304605210022E567AC62FEF7F3FA304673
:108D9000FEF71CFB18B0BDE8000BF0BD80B56F46B8
:108DA0004EF21004CEF20004012080F3108800255A
:108DB00025606560A560FEF7F5FF4FF0FF3000BF4E
:108DC00004EB85010135082DC1F87001C1F870026E
:108DD000F6D1002080F310880020C1F6FF700168F2
:108DE00081F3088840688047FEE7000080B56F4641
:108DF0004EF21004CEF20004012080F3108800250A
:108E000025606560A560FEF7CDFF4FF0FF3000BF25
:108E100004EB85010135082DC1F87001C1F870021D
:108E2000F6D1002080F310880020C1F6FF700168A1
:108E300081F3088840688047FEE7000080B56F46F0
:108E40004EF21004CEF20004012080F310880025B9
:108E500025606560A560FEF7A5FF4FF0FF3000BFFD
:108E600004EB85010135082DC1F87001C1F87002CD
:108E7000F6D1002080F310880020C1F6FF70016851
:108E800081F3088840688047FEE7000080B56F46A0
:108E90004EF21004CEF20004012080F31088002569
:108EA00025606560A560FEF77DFF4FF0FF3000BFD5
:108EB00004EB85010135082DC1F87001C1F870027D
:108EC000F6D1002080F310880020C1F6FF70016801
:108ED00081F3088840688047FEE7000080B56F4650
:108EE0004EF21004CEF20004012080F31088002519
:108EF00025606560A560FEF755FF4FF0FF3000BFAD
:108F000004EB85010135082DC1F87001C1F870022C
:108F1000F6D1002080F310880020C1F6FF700168B0
:108F200081F3088840688047FEE77047704780B546
:108F30006F46012001F01BFA80BD80B56F4641F2FB
:108F40002C70C2F2000000F058FD80BD80B56F4665
:108F500041F28C70C2F2000000F04FFD80BD80B580
:108F60006F4641F2AC50C2F2000000F046FD80BDF9
:108F700080B56F4641F20C60C2F2000000F03DFD8A
:108F800080BD80B56F4641F2EC40C2F2000000F0B7
:108F900034FD80BD80B56F4641F24C50C2F20000F6
:108FA00000F02BFD80BD80B56F4641F2B410C2F2D7
:108FB000000001F030F880BD80B56F4641F2B4107A
:108FC000C2F2000001F027F880BD80B56F46802016
:108FD00001F0CDF980BD80B56F4641F2E020C2F2CC
:108FE0000000006828B141F2E020C2F2000002F067
:108FF0004DFD41F2EC70C2F200000068002808BF8D
:1090000080BD41F2EC70C2F2000002F03FFD80BD75
:1090100080B56F4641F21820C2F2000002F0F3F969
:1090200080BDD0B502AF41F2C434C2F20004204684
:1090300003F0D6FF41F2B400C2F2000001682046FE
:109040008847D0BDD0B502AF41F25844C2F2000407
:10905000204603F0C5FF41F2B400C2F200000168EF
:1090600020468847D0BD80B56F464FF4004001F0E0
:109070007EF980BD80B56F4641F27C20C2F20000CF
:1090800002F0C1F980BD80B56F4641F26C60C2F25A
:10909000000000F0B2FC80BD80B56F4641F2CC60AC
:1090A000C2F2000000F0A9FC80BD41F2B401C2F29E
:1090B00000010860704780B56F4640F26800C2F258
:1090C00000000F210160FEF710F904F089FA04F0A6
:1090D00026FD04F0C0FC04F0C3FA04F0EFFA04F03B
:1090E0007BFC04F037FC04F0ABFB04F00FFB04F056
:1090F00039FB04F0EDFB41F2EC70C2F2000002F02B
:1091000063FB00F0B8F941F27830C2F2000002F0DF
:10911000CDFA80BD80B56F460CF03AFE002080BDD0
:1091200080B56F460DF016F958B110F8041F42785B
:109130008378C07841EA022143EA002041EA0040F6
:1091400080BD002080BDF0B503AF4DF804BD1446CE
:109150000E460DF0FFF8A0B1014611F8042F4B7830
:109160008D78C97842EA032245EA012142EA0141A9
:10917000A14206D10DF037F9014630462246F8F7F4
:109180005BFC5DF804BBF0BDF0B503AF4DF804BD6A
:1091900014460D4606460DF0DDF860B110F8041FC8
:1091A00042788378C07841EA022143EA002041EA0C
:1091B0000040A04206D13046294622460CF08EFFE0
:1091C0000CF0BEFE5DF804BBF0BD80B56F460CF040
:1091D0004CFF80BD80B56F4649F26841C0F6010181
:1091E00001EBC00251F83000918802F039FB0020F9
:1091F00080BD0000B7EE001AB4EE410AF1EE10FA9D
:10920000C8BFB0EE410A9FED151AB5EE400AF1EE67
:1092100010FA48BFB0EE410A9FED111A49F26841B9
:1092200020EE010AC0F6010101280CD0002851F8F7
:109230003000BDEEC00A006810EE101A14BFC16401
:1092400041630020704751F83000BDEEC00A00684D
:1092500010EE101A81630020704700BF000000006C
:109260000000C84280B56F4649F26841C0F601016E
:1092700001EBC00251F83000918802F0A1FB002000
:1092800080BD80B56F460EF0D6F980BD41F27830D2
:10929000C2F200000068406A80B2704780B56F4635
:1092A000006844F20041C4F200010322884201F543
:1092B000744108BF0122401A18BF104603280DD080
:1092C00041F2B80100EBC000C2F2000101EBC000A6
:1092D0008168002908BF80BDC068884780BD80B50F
:1092E0006F46006844F20041C4F200010322884244
:1092F00001F5744108BF0122401A18BF1046032827
:109300000ED041F2B80200EBC000C2F2000252F8E7
:109310003010002908BF80BD02EBC00040688847BC
:1093200080BD80B56F46006844F20041C4F2000180
:109330000322884201F5744108BF0122401A18BF78
:10934000104603280DD041F2B80100EBC000C2F274
:10935000000101EBC0008169002908BF80BDC06920
:10936000884780BD80B56F46006844F20041C4F272
:1093700000010322884201F5744108BF0122401A0E
:1093800018BF104603280DD041F2B80100EBC00011
:10939000C2F2000101EBC0000169002908BF80BDD5
:1093A0004069884780BD80B56F46006844F200413F
:1093B000C4F200010322884201F5744108BF012272
:1093C000401A18BF104603280DD041F2B80100EB37
:1093D000C000C2F2000101EBC000016A002908BF11
:1093E00080BD406A884780BD80B56F46006844F202
:1093F0000041C4F200010322884201F5744108BF14
:109400000122401A18BF104603280DD041F2B801BE
:1094100000EBC000C2F2000101EBC000816B00292B
:1094200008BF80BDC06B884780BD80B56F460068AF
:10943000C169C9061ED544F20041C4F200010322ED
:10944000884201F5744108BF0122411A18BF114634
:109450001022032902620DD001EBC10041F2B801D4
:10946000C2F2000101EBC000016C002908BF80BD01
:10947000406C884780BD80B56F4649F22B40C0F6EE
:109480000000FFF712FE41F2C430C2F20000006893
:10949000016841F01001016041F25840C2F2000041
:1094A0000068016841F01001016080BD00EBC00C54
:1094B00041F2B800C2F2000000EBCC0000EBC10C9E
:1094C00040F831200020CCF80430704780B56F465A
:1094D00041F2584CC2F2000C012818BF4FF0000CAA
:1094E000002841F2C430C2F2000018BF604692B2B8
:1094F0001BB10A2303F0E0F901E003F087FB002829
:1095000018BF012080BD80B56F4641F2584CC2F2B1
:10951000000C012818BF4FF0000C002841F2C430A5
:10952000C2F2000018BF604692B21BB10A2303F0DA
:10953000F9FA01E003F04EFC002818BF012080BDBD
:1095400041F2584141F2C432C2F200010128C2F294
:10955000000218BF0021002818BF0A46D2F8800078
:10956000B2F85C1000684068081A704780B56F4612
:1095700041F25842C2F200020021012818BF0A46F7
:1095800041F2C431C2F20001002818BF114608465A
:1095900003F0A6FC002080BD80B56F460A46014658
:1095A00001200023FFF792FF41F24810C2F20000B1
:1095B00000680A210DF0D8FA002080BD80B56F4602
:1095C00041F24C1CC2F2000C9CF80000C8B141F200
:1095D000B11EC2F2000E9EF8000041F2B211C2F2BA
:1095E0000001431C0978DAB28A4241F24D11C2F2FD
:1095F0000001085C8EF8003024BF00218CF80010B8
:1096000080BD002080BD41F2B310C2F2000000789E
:10961000704741F24C10C2F200000078704780B5EC
:109620006F4649F26F62C0F6000201200821002354
:10963000FFF73CFF49F2C162C0F6000201200121A0
:109640000023FFF733FF41F24D11C2F20001012068
:1096500064220023FFF757FF0120002103220DF0B1
:1096600007F841F24811C2F20001086080BD80B5E0
:109670006F4641F2B310C2F20000017889B10120B7
:10968000FFF75EFF41F2B211C2F20001087041F231
:10969000B110C2F200000021017041F24C10C2F280
:1096A0000000012101700120FFF760FF41F24D1120
:1096B000C2F20001012064220023FFF724FF80BDD5
:1096C00080B56F4682B041F24810C2F2000000211E
:1096D0000068019101A90DF0D9F9019850B14EF639
:1096E0000450CEF200004FF080510160BFF34F8F65
:1096F000BFF36F8F02B080BD704700284FF0010CA0
:1097000000F08E80F0B503AF2DE9000F0021C4F208
:10971000020103684FF6F83201F58168CBF6FD725D
:10972000434538BF02F580624CF6CD451A44CCF66D
:10973000CC45A2FB052E6FF0070252FA83F2A2FB82
:10974000052901F580656FF00304D0E9026BD0F8BC
:1097500010A03CBF0025C4F2020504EA9E04C0E943
:109760001054022580F825501D6847F6F07225EA4E
:109770000202324342EA0B02456942EA0A02816967
:109780002A43C5691143026A294311430022C4F2E6
:109790000202196002F50261434538BF02F500611B
:1097A0001346621803F50861C164C9F304110CFA89
:1097B00001F3B6F5804F8264036504BF0021416068
:1097C000466840F68401F5B21560721EC4F20201CB
:1097D000032A0B6013D802790026013A01EB8203B9
:1097E00002F01F02012543F87C6F01F1BC0605FA67
:1097F00002F2C0E91536C265C1F8C02003E00021BD
:10980000C0E91511C1654FF0000C0121C0F83CC042
:1098100080F8251080F824C0BDE8000FBDE8F040B6
:1098200060467047F0B503AF2DE9000B90F824C0F7
:10983000BCF1010F42D04FF0010C80F824C090F829
:1098400025C0BCF1010F36D14FF0020C80F825C0C5
:109850004FF0000CC0F83CC0D0F800C000F14C0E36
:109860009EE83040DCF80060BEF1000F26F00106F3
:10987000CCF8006065601CBFD0E916456560D0E992
:109880001056D0F8089006F01F060124D0F830805A
:10989000B4406C60CCF80430B9F1100F0B4604BF33
:1098A00013460A46B8F1000FCCF80830CCF80C206B
:1098B00008D00E210DE0002180F824100220BDE820
:1098C000000BF0BDDCF8001021F00401CCF8001012
:1098D0000A21DCF800201143CCF80010806C0168EC
:1098E000C90303D5016841F480710160BEF1000F26
:1098F00005D0DEF8000040F48070CEF80000DCF8FF
:10990000000040F00100CCF800000020BDE8000B92
:10991000F0BD80B56F46014690F82500022824D19D
:109920000868D1E910CE8A6C036823F00E03036047
:10993000136823F480731360026822F0010202604E
:109940000EF01F00012202FA00F0CCF80400D1E969
:1099500013205060486D30B1026822F480720260BA
:10996000D1E916024260002002E00420C863012011
:10997000012281F82520002281F8242080BD80B5B5
:109980006F4690F8251002292DD10168D0E910CE3C
:10999000826C0B6823F00E030B600B6823F001034D
:1099A0000B60116821F4807111600EF01F0201211B
:1099B00001FA02F2CCF80420D0E913325A60426D69
:1099C00032B1136823F480731360D0E91623536017
:1099D00080F82510826B002180F824100AB190478E
:1099E0000021084680BD0421C1630121002280F8C6
:1099F000251080F82420084680BDB0B502AFD0E91C
:109A000010C30268DCF8001003F01F030424D2F82E
:109A100000E09C400C4218BF1EF004051BD102243C
:109A20009C400C4218BF1EF0020522D1D940090704
:109A30001ED51EF0080108BFB0BD116821F00E014F
:109A40001160012101FA03F2CCF80420C16380F80F
:109A50002510416B1AE01168890603D4116821F0C2
:109A600004011160CCF80440016B002918BF88473D
:109A7000B0BD1168890606D4116821F00A01116091
:109A8000012180F82510CCF80440C16A0022002989
:109A900080F82420ECD08847B0BD0000B0B502AFFC
:109AA000E0B1044690F85C0028B9002084F85D001D
:109AB0002046FEF7A1FE2068816921F01001816136
:109AC000FDF730FC054600BF20688169090707D50E
:109AD000FDF728FC401B0B28F6D312E00120B0BD97
:109AE000816941F001018161FDF71CFC054600BF61
:109AF00020688169C9070DD1FDF714FC401B0B28B4
:109B0000F6D3206E032140F001002066012084F886
:109B10005C10B0BD826946F20041C4F2000142F01F
:109B200002028842826102D16268C1F80021217C70
:109B30008269012922F0400218BF40328261617CB3
:109B40008269012922F4804208BF02F580428261C5
:109B5000A17C8269012922F4805218BF02F580524B
:109B600082618169D4E902C221F4407343EA0C03A3
:109B70008361836923F0A4038361036923F01003E5
:109B800003619AB1012A0DD0022A09D08369032A00
:109B900043F080038361036943F01003036105D13F
:109BA000202200E0042283691A438261D4E905522D
:109BB000D4E907316FF0FF0E013A0EEB032343EABD
:109BC000426200230139CFF6FF73114303EB0542D4
:109BD0001143BCF5407FC16110D1D4E909C2D4E979
:109BE0000B51013A0EEB05252A436FF00F0505EBEB
:109BF0000111114303EB0C421143C160D4E90D2C58
:109C0000E56BD0F8C0304AF2FC31C4F200012B43BE
:109C1000C0F8C0300B1D2364D0F8803023F4F81353
:109C200043EA0242C0F8802001F174026264D0F875
:109C3000802022F0706242EA0C62C0F8802001F1BC
:109C4000B400A06401F5C670E06401F519702065E8
:109C500001F51F706065002001F5547241F8040F92
:109C60009142FBD300200121A065206684F85C109E
:109C7000B0BD80B56F4690F85C20013A012A13D838
:109C80000A68BAB101F1040ED1E904319EE804502A
:109C9000406C43EA4E7E41EA8C7100EBC20340F80F
:109CA00032E00020596080BD016E41F00201016682
:109CB000012080BDD1E90323D1E901CED206496953
:109CC00042EA8E7242EA0342006C114340F82C10C3
:109CD000002080BD90F85C1001290BD1022180F892
:109CE0005C1001688A6922F001028A610021016624
:109CF00008467047016E41F004010166012070477B
:109D0000F0B503AF2DE9000790F85C30022B13D1BA
:109D1000D0F800E0DEF8C4309B0211D4DEF8C45065
:109D2000D1E901360C69C5F3014C8BB10B683443A2
:109D3000234343F080480FE0016E41F0080102E048
:109D4000016E41F4007101660120BDE80007F0BD1D
:109D50000B68344344EA8348D1E90763D1E90595A8
:109D600046EA0363CC682B43456D43EA09030CEBD9
:109D7000CC0643EA044305EBC60445F8368063602D
:109D8000CB680BB349F2784804F1080902F1030AE1
:109D90000024C0F6010800BF0AEB040616F8012CE7
:109DA0001AF8045016F8033C16F8026C120442EA42
:109DB000056242EA06221A4449F80420CA680434BB
:109DC00018F802209442E7D3012101FA0CF1CEF8F1
:109DD000CC1081650020BDE80007F0BDF0B503AFF1
:109DE0004DF804BD90F85C50022D1AD1D0F800C097
:109DF00040291AD1DCF890502D0700F08080DCF863
:109E00009050ED0146BFDCF88050C5F34025002599
:109E1000DCF89040C4F3012404EB050C00F1480584
:109E200018E0016E41F008016CE0DCF898502D0755
:109E300065D0DCF89850ED0146BFDCF88050C5F3E2
:109E400000250025DCF89840C4F3012404EB050C40
:109E500000F14C05D5F800E00CEBCC045EF8345072
:109E600015F0804555605EF8345025F0604608BF17
:109E7000C5F38A4616605EF8345005F000559560CB
:109E80005EF834500EEBC40E05F000441461BEF8C9
:109E90000440D461BEF8064014F00F04D460DEF82C
:109EA000044004F480145461DEF8044004F4001407
:109EB00094619EF8074004F07F041462DEF80440C9
:109EC0004FEAD47454620FD049F278450EF1080E6F
:109ED0000024C0F6010500BF1EF804601E55D668B8
:109EE0000134AE5DB442F7D3006840290CBFC0F81E
:109EF00094C0C0F89CC000205DF804BBF0BD016EAA
:109F000041F48071016601205DF804BBF0BDD0B55D
:109F100002AF90F85C30013B012B66D8006811F06D
:109F2000070ED0F858C00CF0010300D01BB311F09D
:109F3000380F02D01CF002041DD011F4E07F02D0D3
:109F40001CF0040417D011F4F05F02D01CF00804D8
:109F500011D011F4604F02D01CF010040BD011F49A
:109F6000403F02D01CF0200405D011F47C0F06D035
:109F70001CF0400403D1C46D44F00104C465BEF17B
:109F8000000F18BF002B38D111F0380F18BF1CF08C
:109F9000020332D111F4E07F18BF1CF004032CD16E
:109FA00011F4F05F18BF1CF0080326D111F4604FC4
:109FB00018BF1CF0100320D111F4403F18BF1CF053
:109FC00020031AD111F47C0F18BF1CF0400314D1E8
:109FD0000B0618D4CB0504D5D0F8E0301A43C0F8EE
:109FE000E02000F15402002003E000F160020120B3
:109FF0000221136819431160D0BDC36D43F0020301
:10A00000C3650B06E6D5D0F8DC301343C0F8DC306E
:10A01000CB05E1D4E5E7F0B503AF2DE9000F87B03C
:10A0200004460068016D426D056D466D036D01EAE1
:10A0300002090293436D0193036D0693436D0593EB
:10A04000036D0493436D0393D0F85480D0F850B05F
:10A050005FEA4B6307D518F0400104D04021016549
:10A06000204600F099F805EA060A5FEACB5009F4A9
:10A07000E0550ED518F480700BD02068D0F8D810B9
:10A08000D0F8E02011404FF48072026520460BF0BA
:10A0900064FBDDE9011000EA01090AF007062DB1B1
:10A0A000206829460565204600F077F809F0380554
:10A0B0002EB120683146066520460BF0DBFB2DB142
:10A0C000206829460565204600F068F85FEA8B5055
:10A0D00009D518F4007006D020684FF400710165AE
:10A0E000204600F05CF85FEA0B600DD518F08000A8
:10A0F0000AD02068D0F8D410D0F8DC20114080229B
:10A10000026520460BF005FB5FEA8B4009D518F489
:10A11000005006D020684FF400510165204600F041
:10A120003FF85FEA0B40DDE9031000EA010509D5BD
:10A1300018F4004006D020684FF400410165204625
:10A1400000F02FF8DDE9051008405FEA4B4105F407
:10A1500060210AD518F4804207D022684FF480436A
:10A160001365226E42F08002226600F4710521B16F
:10A1700020680165204600F015F825B120680565C6
:10A18000206E28432066206E10B120460BF009FB9C
:10A1900007B0BDE8000FF0BD7047704770477047CB
:10A1A0007047704770470000F0B503AF2DE9000F0E
:10A1B00082B00A68002A00F0CB8041F2004400F12E
:10A1C0003846C4F600044FEAB6250623A04208BF6D
:10A1D0000523052D4FF000054FF000044FF0010A54
:10A1E00038BF4FEAB62300930AE000BF0A68043480
:10A1F00032FA0AF30AF1010A05F1020500F0A8801B
:10A20000AAF1010C012303FA0CFB12EA0B09EDD0B1
:10A21000D1F804E00EF00302A2F10108B8F1010F39
:10A2200012D8D0F808800323CE68AB4028EA030395
:10A23000AE40334383604368CEF3001623EA0B033A
:10A2400006FA0CF633434360032A1FD00323D0F8E9
:10A250000CE003FA05F68B682EEA0606AB403343A2
:10A26000022AC36012D16FF0030202EA5C020244C8
:10A2700004F01C060F23D2F820E003FA06F80B695D
:10A280002EEA080EB34043EA0E031362026803236A
:10A290004E68AB409A4306F00303AB401A4316F4F2
:10A2A000403F0260A2D041F26003C4F202031A6888
:10A2B00040F2004842F001021A601A68C4F2010834
:10A2C00002F001020192019A2CF003024FF6084EAF
:10A2D0004244CFF6FF7E52F80EC004F00C060F2366
:10A2E000B3402CEA030C009B03FA06F646EA0C0383
:10A2F00042F80E30D8F808C04B684CEA090640F224
:10A300000C4EDA0258BF2CEA0906C8F80860C4F2FD
:10A31000010EDEF800C09A024CEA090658BF2CEA8A
:10A320000906CEF80060D8F804C09A034CEA090682
:10A3300058BF2CEA0906C8F80460D8F80020DB03EF
:10A3400042EA090658BF22EA0906C8F800604DE74C
:10A3500002B0BDE8000FF0BD0069084018BF012041
:10A3600070471823002A08BF2823C150704780B5C2
:10A370006F4640F21441C4F201010A68024208BF6C
:10A3800080BD08600BF0BEFB80BD0000F0B503AFE0
:10A390002DE9000782B08046807841F2880A0007E4
:10A3A000C4F2020A01D400256EE05AF8300C10F015
:10A3B00080590BD15AF8300C40F080504AF8300CDC
:10A3C0005AF8300C00F080500190019847F20004D8
:10A3D000C4F20004206840F480702060FCF7A2FF03
:10A3E000054600BF206810F4807607D1FCF79AFF7D
:10A3F000401B0328F6D3032516B93CE00025D6B34D
:10A40000DAF8080010F4407018D0D8F840108842EC
:10A4100011D0DAF80800DAF8081020F4407041F49E
:10A420008031CAF80810DAF8081021F48031CAF82F
:10A430000810CAF80800C00703D111E00020C007C7
:10A440000ED0FCF76FFF064641F28934DAF80800B7
:10A45000800705D4FCF766FF801BA042F6D30325D6
:10A460004DB9DAF80800D8F8401020F440700843DD
:10A470000025CAF80800B9F1000F05D15AF8300CD0
:10A4800020F080504AF8300CD8F80000C10712D1F3
:10A4900081071BD4410724D401072DD4810636D46B
:10A4A00041063FD4010648D4C10551D481055AD490
:10A4B000410563D474E0DAF80010D8F8042021F0E4
:10A4C00003011143CAF800108107E3D5DAF8001040
:10A4D000D8F8082021F00C011143CAF800104107F8
:10A4E000DAD5DAF80010D8F80C2021F03001114349
:10A4F000CAF800100107D1D5DAF80010D8F81020FA
:10A5000021F0C0011143CAF800108106C8D5DAF85D
:10A510000010D8F8142021F440611143CAF800104B
:10A520004106BFD5DAF80010D8F8182021F44051C0
:10A530001143CAF800100106B6D5DAF80010D8F8B1
:10A540001C2021F440411143CAF80010C105ADD5CB
:10A55000DAF80010D8F8202021F440311143CAF86D
:10A5600000108105A4D5DAF80010D8F8242021F4D1
:10A5700040211143CAF80010410511D5DAF8001046
:10A58000D8F8282021F440111143B2F5801FCAF8F1
:10A59000001005D15AF87C1C41F480114AF87C1C4B
:10A5A000010511D5DAF80010D8F82C2021F440016B
:10A5B0001143B2F5800FCAF8001005D15AF87C1C7F
:10A5C00041F480114AF87C1CC10411D5DAF800105E
:10A5D000D8F8302021F040711143B2F1807FCAF8E1
:10A5E000001005D15AF87C1C41F480114AF87C1CFB
:10A5F000810411D5DAF80010D8F8342021F0406138
:10A600001143B2F1006FCAF8001005D15AF87C1C52
:10A6100041F480114AF87C1C410411D5DAF800108D
:10A62000D8F8382021F040611143B2F1006FCAF828
:10A63000001005D15AF87C1C41F480114AF87C1CAA
:10A64000000411D5DAF80000D8F83C1020F0405092
:10A650000843B1F1805FCAF8000005D15AF87C0CBC
:10A6600040F480304AF87C0C284602B0BDE8000770
:10A67000F0BD002804BF01207047B0B502AF04460A
:10A68000406A20B10020206104F1140005E06068F8
:10A69000B0F5827F03D004F11C0000210160002589
:10A6A000A56294F85D0020B9204684F85C50FEF75E
:10A6B000FEF8022084F85D002068D4F80CE00268FF
:10A6C000BEF5E06F22F0400202604EF4006298BFD7
:10A6D0000125B2F5706F1CBF0023A3624FEA053C51
:10A6E000D4E90135D4E9042103F4827305F4044567
:10A6F0002B4402F002021A44A36901F00101E5694A
:10A70000114403F40072114405F03802256A114423
:10A7100005F08002A56A114405F40052114301605E
:10A720000421626A0EF4706501EA1341636B45EA25
:10A730000C0502F01002294303F0080311431943EA
:10A740004160C16921F40061C161002001212066DE
:10A7500084F85D10B0BD0000F0B503AF2DE9000B2B
:10A7600082B0044690F85C00012801D1022070E01C
:10A770000120994615460E4684F85C00FCF7D2FD90
:10A7800094F85D10012960D18046002E4FF0010041
:10A7900018BF002D5AD0032084F85D0000202066E9
:10A7A000A663A587E5872064A4F84400A4F84600C2
:10A7B000A168C4E91300B1F5004F08D12068016811
:10A7C00021F040010160016841F48041016020688E
:10A7D0000168490603D4016841F0400101606168E5
:10A7E0006B1EE268B1FA81F1B3FA83F349095B09A0
:10A7F000B2F5E06F41EA03012FD939B1A16B31F80D
:10A80000022BC260A163E08F0138E087E08F00284F
:10A8100065D009F101050AE0A16B31F8022BC26095
:10A82000A163E08F0138E087E08F002857D02068CF
:10A8300081688907F0D4FCF775FD002DF4D0A0EBFA
:10A8400008004845F0D3032074E00220002184F87A
:10A850005C1002B0BDE8000BF0BD00294FF6FE71A0
:10A8600013D0E28F022A07D3A26B32F8023BC360F7
:10A87000A2634FF6FE7005E032780273A06B0130E0
:10A88000A063481CE28F1044E087E08F38B309F1E1
:10A8900001054E1C0BE0A16B09780173A06B013020
:10A8A000A0633046E18F0844E087E08FB8B12068AC
:10A8B0008168890708D4FCF735FD002DF5D0A0EBA1
:10A8C00008004845F1D3BEE7E18F0229E3D3A16B2D
:10A8D00031F8022BC260A1634FF6FE70E2E720461A
:10A8E0004FF4C0514A46434600F0B0FC68B92046D8
:10A8F0004946424600F022FD38B920464FF4C06177
:10A900004A46434600F0A2FC28B1206E40F02000E9
:10A91000206620202066A06838B9002001902068B9
:10A92000C1680191806801900198206E08B10120F2
:10A930008CE70020012184F85D1087E7F0B503AFB4
:10A940002DE9000782B0044690F85D0001280ED181
:10A950006068994692460D46B0F5827F01D1A068A5
:10A96000C8B194F85C00012803D102260EE002264B
:10A9700009E0012684F85C60FCF7D4FC002D18BFC8
:10A98000BAF1000F14D1002084F85C00304602B008
:10A99000BDE80007F0BD042084F85D00204629468C
:10A9A0002A465346CDF8009000F0B2F80646EDE78F
:10A9B0008046042084F85D00002020662564A4F809
:10A9C00044A0A4F846A0A063A087E0872168C4E95A
:10A9D0001300D4E902204B68B0F5E06F23F48053F4
:10A9E00098BF03F58053B2F5004F4B6008D1216842
:10A9F0000A6822F040020A600A6822F480420A6073
:10AA000021680A68520603D40A6842F040020A60CC
:10AA1000B4F84610B0F5E06F1FD800293DD009F119
:10AA200001050DE0007B216C0870206C0130206472
:10AA3000B4F846000138A4F84600B4F8460060B304
:10AA400020688168C907EDD1FCF76CFC002DF4D0BB
:10AA5000A0EB08004845F0D31DE0F1B109F1010574
:10AA60000DE000BFC068216C21F8020B2164B4F82E
:10AA700046000138A4F84600B4F8460068B12068E2
:10AA80008168C907EED1FCF74DFC002DF4D0A0EB96
:10AA900008004845F0D3032635E06068B0F5827FB2
:10AAA0000BD1A068B0F5004F02D0B0F5806F04D193
:10AAB0002068016821F04001016020464946424675
:10AAC00000F03CFC30B1206E40F0200020662020D9
:10AAD000206613E06068B0F5827F0FD1A068B0F502
:10AAE000004F02D0B0F5806F08D120464FF4C0610E
:10AAF0004A46434600F0AAFB0028E4D1206E08B184
:10AB0000012640E70026012084F85D003BE70000B5
:10AB1000F0B503AF2DE90007044690F85C0001286A
:10AB200003D10220BDE80007F0BD01201D461646F6
:10AB30008A4684F85C00FCF7F5FB94F85D108146CA
:10AB400001290CD06068B0F5827F40F08B80A0684E
:10AB500000284FF0020008BF042940F0FD80BAF140
:10AB6000000F4FF0010018BF002E00F0F580002DFF
:10AB700000F0F28094F85D0004281CBF052084F8E2
:10AB80005D00002020662664A4F84650A4F84450D6
:10AB9000C4F838A0E587C4E913002068A587E168F8
:10ABA0004268B1F5E06F22F48052134698BF03F576
:10ABB0008053012D88BF134643600268520603D4B8
:10ABC000026842F04002026062686B1EB2FA82F2D2
:10ABD000B3FA83F3D7F8088052095B09B1F5E06F47
:10ABE00043EA020140D939B1A16B31F8022BC260AE
:10ABF000A163E08F0138E087012608F1010500BF5D
:10AC0000E08F20B9B4F84600002800F0AB8020683F
:10AC1000816889070CD5E18F51B1012E08D1A16B54
:10AC2000002631F8022BC260A163E18F0139E18770
:10AC30008168C9070DD0B4F8461051B1C068216CC5
:10AC4000012621F8020B2164B4F846000138A4F86B
:10AC50004600FCF767FB002DD2D0A0EB0900404571
:10AC6000CED375E0022077E000294FF6FE7114D0B4
:10AC7000E28F022A07D3A26B32F8023BC360A263C1
:10AC80004FF6FE7006E09AF800200273A06B0130C8
:10AC9000A063481CE28F1044E087012608F10105FB
:10ACA00001F1010AE08F18B9B4F84600002859D024
:10ACB00020688168890719D5E18FB9B1012E15D1B6
:10ACC000E18F022907D3A16B31F8022BC260A16387
:10ACD0004FF6FE7006E0A16B09780173A06B01309E
:10ACE000A0635046E18F00260844E0872068816811
:10ACF000C90725D0B4F8461011B3B4F8461002299C
:10AD000012D3C168226C22F8021B2264B4F84610E8
:10AD10000239A4F84610B4F8461001290FD841684A
:10AD200041F4805141600AE0007B216C0870206C86
:10AD300001302064B4F846000138A4F8460001262A
:10AD4000FCF7F0FA002DADD0A0EB09004045A9D3E7
:10AD50000320012184F85D10002184F85C10BDE817
:10AD60000007F0BD20464FF4C05142464B4600F06C
:10AD70006DFA68B9204641464A4600F0DFFA38B914
:10AD800020464FF4C06142464B4600F05FFA58B18E
:10AD9000206E40F020002066202020660120216ED9
:10ADA0000029D6D00120D7E70020F8E780B56F460C
:10ADB000806A01684A6822F003024A60016E41F02D
:10ADC00010010166012180F85D1000F0B1FB80BD2B
:10ADD000F0B503AF4DF804BD044690F85D000128BE
:10ADE00011D113460A46A16879B96068B0F5827F2F
:10ADF0000BD1042084F85D002046114600F097F83E
:10AE00005DF804BBF0BD02208BE094F85C000128E3
:10AE100003D102205DF804BBF0BD0120002A84F8B4
:10AE20005C0018BF002B7CD0042084F85D0000205B
:10AE3000254645F8600FB1F5004F45F8202C25F860
:10AE40001C3C25F81A3C45E9050025F8240C25F89A
:10AE5000220C08D12068016821F0400101600168DE
:10AE600021F4804101602168E3684868B3F5E06F30
:10AE700020F400504860486803D920F480504860AE
:10AE800021E040F480504860A06D8069B0F5806F8B
:10AE900019D1486820F480504860B4F846304868BA
:10AEA000DB0706D120F400504860B4F846004008A3
:10AEB00007E040F400504860B4F84600012303EB7B
:10AEC0005000A4F84600A06D4BF2FD034BF2F10CCC
:10AED000C0F600034AF6AD5E002600F12C0BC0F66A
:10AEE000000CC0F6000E8BE808508663B4F84630BC
:10AEF0000C31FEF797FC10B1012010210EE02568FF
:10AF00002868400603D4286840F04000286055F8BF
:10AF1000040F012140F02000286000202A6811431E
:10AF20002960002184F85C105DF804BBF0BDF0B529
:10AF300003AF2DE9000B044690F85C00012803D113
:10AF40000220BDE8000BF0BD012084F85C0094F8FD
:10AF50005D60012E2CD100294FF0010018BF002A9E
:10AF600000F0AB80002B00F0A88094F85D00A046B4
:10AF700004281CBF052084F85D00002048F8600FFD
:10AF8000A163A387E3872264A4F84430A4F8463081
:10AF90002168C4E91300E6684868B6F5E06F20F45C
:10AFA000C0404860486811D920F48050486045E0AE
:10AFB0006068B0F5827F07D1A06800284FF00200DA
:10AFC00008BF042E79D1C6E7022076E040F4805015
:10AFD0004860606D8069B0F5806F10D14868DB070C
:10AFE00005D120F480404860E08F400806E040F43E
:10AFF00080404860E08F012303EB5000E087A06DA4
:10B000008069B0F5806F19D1486820F4805048609D
:10B01000B4F846304868DB0706D120F40050486099
:10B02000B4F84600400807E040F400504860B4F827
:10B030004600012303EB5000A4F8460094F85D009D
:10B040004BF2F1034BF2B715C0F60003C0F6000552
:10B05000042808BF1D464BF2FD004BF2C313C0F697
:10B060000000C0F6000308BF0346A06D4AF6AD56C7
:10B0700000F12C0CC0F600064FF000098CE86802C5
:10B08000B4F846300C31FEF7CDFB78B92268A16BDD
:10B09000606D536843F001035360C0E90B99C0E948
:10B0A0000D99E38F0C32FEF7BDFB60B1012010213A
:10B0B000D8F800201143C8F80010002184F85C1073
:10B0C000BDE8000BF0BDD4F80080D8F800004006C1
:10B0D00005D4D8F8000040F04000C8F8000058F847
:10B0E000040F022140F02000C8F800000020DFE734
:10B0F00080B56F46806A00F01DFA80BDB0B502AF22
:10B10000846A0546FCF70EF92968096889064ED459
:10B1100005462068A168426822F02002426031B9E9
:10B120006268B2F5827F02D16FF0030201E06FF036
:10B13000010243681A4042606268B2F5827F09D119
:10B14000B1F5004F02D0B1F5806F03D1016821F055
:10B1500040010160204664212A4600F0EFF830B13A
:10B16000206E40F0200020662020206613E06068FA
:10B17000B0F5827F0FD1A068B0F5004F02D0B0F5D6
:10B18000806F08D120464FF4C06164222B4600F046
:10B190005DF80028E4D10020A4F84600012084F8DE
:10B1A0005D00206E18B1204600F0C2F9B0BD204607
:10B1B0000AF044FDB0BD80B56F46806A00F0BBF96F
:10B1C00080BDB0B502AF846A0546FCF7ABF82968CC
:10B1D0000968890635D405462068642241682B46F3
:10B1E00021F02001416020464FF4C05100F02EF8BC
:10B1F00068B9204664212A4600F0A0F838B92046F4
:10B200004FF4C06164222B4600F020F838B1206E64
:10B2100040F020002066206E40F02000206620686C
:10B22000416821F0030141600020E087A4F8460056
:10B23000012084F85D00206E18B1204600F078F9F6
:10B24000B0BD204600F075F9B0BD0000F0B503AF09
:10B250002DE9000F83B04FF000081E4614460D463E
:10B26000824607F8218CFCF75DF8301A2646044424
:10B27000FCF758F840F29001C2F20001096823225D
:10B280005143090DDAF800B061430291DBF8081070
:10B2900029424ED08146013605E000BFDAF80000B1
:10B2A0008068284218D0B5F5C06F05D19BF80C0016
:10B2B00007F8210C17F8210C002EEFD0FCF732F81C
:10B2C000A0EB0900A0420AD202980299002808BF08
:10B2D0000446481E0290E1E74FF0000829E0DAE951
:10B2E00000014268B1F5827F22F0E00242600BD19A
:10B2F000DAF80810B1F5004F02D0B1F5806F03D134
:10B30000016821F040010160DAF82810B1F5005F12
:10B3100007D1016821F400510160016841F4005136
:10B32000016001208AF85D0000208AF85C004FF07F
:10B330000308404603B0BDE8000FF0BDF0B503AF11
:10B340002DE9000B82B0154688468146FBF7EAFFDF
:10B35000281A00EB0806FBF7E5FF40F29001C2F265
:10B3600000010968C1F3CB3171430191D9F8001094
:10B370008968090601D4002041E0054608F101046E
:10B3800005E000BFD9F8000080680006F3D5002C66
:10B39000F8D0FBF7C7FF401BB04207D201980199D4
:10B3A000002808BF0646481E0190EBE7D9E90001D6
:10B3B0004268B1F5827F22F0E00242600BD1D9F8F9
:10B3C0000810B1F5004F02D0B1F5806F03D10168CC
:10B3D00021F040010160D9F82810B1F5005F07D1D4
:10B3E000016821F400510160016841F400510160DD
:10B3F000012089F85D00002089F85C00032002B07C
:10B40000BDE8000BF0BDB0B502AF82B004460068E5
:10B410004168826812F0400305D112F0010518BF9F
:10B4200011F040050ED1950704D511F0800501D02B
:10B43000216D08E012F4B07F18BF11F0200506D18D
:10B4400002B0B0BDE16C2046884702B0B0BDBBB1D0
:10B4500094F85D30032B08D100210191C16801915E
:10B4600080680190019802B0B0BD236E43F00403E0
:10B47000236600230193C368019383680193019BB2
:10B4800012F0200302F480720CD0236E43F001030B
:10B4900023660023019383680193036823F040032C
:10B4A0000360019B42B1226E42F008022266002234
:10B4B000019282680192019A226E002AC0D04268ED
:10B4C000890722F0E00242604FF0010284F85D201B
:10B4D0001FD041684BF21D5521F003014160A06D62
:10B4E000C0F6000538B18563FEF749FA18B1206E41
:10B4F00040F040002066606D0028A1D08563FEF713
:10B500003EFA00289CD0206E40F04000206602B039
:10B51000B0BD204600F00CF802B0B0BD80B56F465B
:10B52000806A0021A0F84610C18700F001F880BDB4
:10B530007047704770477047002804BF012070476C
:10B54000D0B502AF044690F83D0028B9002084F839
:10B550003C002046FDF7C9FA022084F83D0020682F
:10B56000211D00F01BF8012084F8480084F83E00FB
:10B5700084F83F0084F8400084F8410084F84200D9
:10B5800084F8430084F8440084F8450084F84600B9
:10B5900084F8470084F83D000020D0BD80B56F4698
:10B5A00040F2FF7C0268C4F2000C604512DD40F6F8
:10B5B0000003C4F20003984215D043F20043C4F2E2
:10B5C000010398420FD042F60043C4F201039842AF
:10B5D00009D00CE0B0F1804F05D040F20043C4F236
:10B5E0000003984203D14B6822F070021A4343F2E1
:10B5F000FF33C4F20103984209DC604516DCB0F168
:10B60000804F28D040F20043C4F2000321E044F20E
:10B61000FF33C4F20103984211DC43F20043C4F249
:10B620000103984217D044F2000310E040F60003F3
:10B63000C4F2000398420ED042F6004307E044F6FD
:10B640000003C4F20103984205D044F20043C4F25F
:10B650000103984203D1CB6822F440721A434B692C
:10B6600022F0800E8A6843EA0E03D1F800C003601E
:10B67000C262A0F18042A2F596324FEAB222072AB6
:10B68000C0F828C007D8012303FA02F212F0E50F30
:10B690001CBF09690163012141610169C90708BF34
:10B6A00080BD016921F00101016180BD90F83D106C
:10B6B00001291CBF01207047022180F83D1001685C
:10B6C00042F6FF30C4F2010081420FDCB1F1804F3D
:10B6D0001ED040F20040C4F20000814218D040F673
:10B6E0000000C4F20000814212D01EE042F6004089
:10B6F000C4F2010081420BD044F20000C4F2010008
:10B70000814205D043F20040C4F2010081420CD1D5
:10B7100088680722C0F201020240062A4FF00000AA
:10B7200008D0B2F5803F08BF7047086840F00100BC
:10B7300008600020704790F83D1001291CBF0120CF
:10B740007047022180F83D10016842F6FF32C86858
:10B75000C4F20102914240F00100C8600FDCB1F177
:10B76000804F1ED040F20040C4F20000814218D049
:10B7700040F60000C4F20000814212D01EE042F602
:10B780000040C4F2010081420BD044F20000C4F238
:10B790000100814205D043F20040C4F20100814221
:10B7A0000CD188680722C0F201020240062A4FF03D
:10B7B000000008D0B2F5803F08BF7047086840F02D
:10B7C00001000860002070470146006841F2111333
:10B7D000C26822F00102C260026A1A4208D1026AFB
:10B7E00044F244431A4203D1026822F0010202608B
:10B7F0000122002081F83D207047002804BF01206D
:10B800007047D0B502AF044690F83D0028B900203B
:10B8100084F83C002046FDF735F9022084F83D000D
:10B820002068211DFFF7BAFE012084F8480084F843
:10B830003E0084F83F0084F8400084F8410084F81A
:10B84000420084F8430084F8440084F8450084F8FA
:10B85000460084F8470084F83D000020D0BD000079
:10B8600059B10A1F4FEAB202032A09D8DFE802F0F1
:10B87000020B0E1100F13F020DE000F13E020AE062
:10B8800000F1430207E000F1400204E000F1410250
:10B8900001E000F142021278012A1CBF012070472A
:10B8A00061B10A1F4FEAB202032A0BD8DFE802F0A7
:10B8B000020E1216022280F83F2012E0022280F8C7
:10B8C0003E200EE0022280F843200AE0022280F8A7
:10B8D000402006E0022280F8412002E0022280F8A7
:10B8E0004220026801F01F000121136A01FA00F0F2
:10B8F00083431362136A18431062A2F18040A0F5DB
:10B9000096304FEAB02342F6FF30062BC4F2010016
:10B910003ED8994011F0650F3AD0516C824241F403
:10B92000004151640FDCB2F1804F1ED040F2004064
:10B93000C4F20000824218D040F60000C4F20000B9
:10B94000824212D01EE042F60040C4F20100824260
:10B950000BD044F20000C4F20100824205D043F251
:10B960000040C4F2010082420CD190680721C0F26D
:10B970000101014006294FF0000008D0B1F5803FD9
:10B9800008BF7047106840F0010010600020704749
:10B990008242C8DD43F6FF71C4F201018A4202DC33
:10B9A00042F60040D7E744F20001C4F201018A42A6
:10B9B000DBD044F60001C4F201018A42ADD0E1E7D8
:10B9C000D0B502AF026801F01F0E4FF0010C146AEF
:10B9D0000CFA0EF324EA03031362A2F18043A3F5E9
:10B9E0009633146A4FEAB323062B146213D80CFA69
:10B9F00003F313F0650F0ED0136A41F211142342C2
:10BA00000FD1136A44F2444423420AD1536C23F405
:10BA10000043536405E044F60003C4F201039A4274
:10BA2000EAD0136A41F21114234208D1136A44F296
:10BA30004444234203D1136823F0010313604FEA07
:10BA4000B101042909D8DFE801F0030D12171C0029
:10BA5000012180F83E100020D0BD012180F8431064
:10BA60000020D0BD012180F83F100020D0BD012171
:10BA700080F840100020D0BD012180F84110002046
:10BA8000D0BD012180F842100020D0BDF0B503AF39
:10BA90004DF8048D04460068D0F80C800669B107A3
:10BAA00016D518F0020113D06FF0020101610121D7
:10BAB00021778069800703D0204600F0CBF805E0AD
:10BAC000204600F0C8F8204600F0C6F80020207795
:10BAD000700718D518F0040015D020686FF0040125
:10BAE000016102212177806910F4407F03D0204654
:10BAF00000F0B0F805E0204600F0ADF8204600F078
:10BB0000ABF800202077300717D518F0080014D0C4
:10BB100020686FF00801016104212177C069800766
:10BB200003D0204600F096F805E0204600F093F898
:10BB3000204600F091F800202077F00618D518F084
:10BB4000100015D020686FF01001016108212177E5
:10BB5000C06910F4407F03D0204600F07BF805E078
:10BB6000204600F078F8204600F076F80020207794
:10BB7000F00718BF18F0010006D020686FF001012F
:10BB80000161204602F064F816F4025F08F08005B7
:10BB900018BF002D02D1F00509D410E020686FF421
:10BBA00002510161204600F007FCF00507D535B1D0
:10BBB00020686FF480710161204600F0FEFB700682
:10BBC00009D518F0400006D020686FF040010161EF
:10BBD000204600F042F8B00609D518F0200006D043
:10BBE00020686FF020010161204600F0E4FBF002C4
:10BBF00009D518F4801006D020686FF48011016117
:10BC0000204600F0DBFBB00209D518F4001006D086
:10BC100020686FF400110161204600F0D0FB700233
:10BC200009D518F4800006D020686FF48001016106
:10BC3000204600F0C5FB300209D518F4000006D0FC
:10BC400020686FF400010161204600F0BAFB5DF846
:10BC5000048BF0BD7047704770477047F0B503AF75
:10BC60002DE9000B90F83C30012B01D10223DFE1DC
:10BC70004FEAB2020123052A80F83C3000F2D58158
:10BC8000DFE812F006005300A600FC00520190010C
:10BC900003681D6A1A6AA3F1804622F001021A6243
:10BCA0001A46D3F8048052F818CF8C68A6F5963659
:10BCB000D1F800E025F002054FEAB626072E44EA47
:10BCC00005090BD80124B44014F0E50F1FBFCC6860
:10BCD00029F00C0524F0040444EA0509072E0BD8CA
:10BCE0000124B44014F0E50F1FBF28F44074D1E9DB
:10BCF0000565344344EA05084FF68C74CFF6FE74AC
:10BD00000CEA040646EA0E06C3F804809E614E68FB
:10BD100009695E63C3F820909E6946F008069E613B
:10BD20009E6926F004069E617BE1036843F20046AB
:10BD30001D6A1A6AC4F2010622F010021A621A463B
:10BD40005C6852F818EFB3428E68D1F800C025F055
:10BD5000200545EA061805D042F60046C4F2010661
:10BD6000B34208D1CE686FF0400528F0C00805EA5C
:10BD7000061548EA0508A3F18046A6F596364FEA6F
:10BD8000B626072E0CD80125B54015F0E50F1FBFCC
:10BD900024F44064D1E9055644EA850444EA860463
:10BDA00048F6FF45CFF6FF650EEA050646EA0C2683
:10BDB0005C609E614E6809699E63C3F820809E693D
:10BDC00046F400669E619E6926F480669E6127E1C6
:10BDD000036843F200461D6A1A6AC4F2010622F49F
:10BDE00080721A621A46D3F8048052F81CCFB3420C
:10BDF0008E68D1F800E025F4007545EA062905D0E3
:10BE000042F60046C4F20106B34209D1CE6840F2C0
:10BE1000FF44360229F4406526EA040444EA050991
:10BE2000A3F18044A4F596344FEAB426072E0CD82B
:10BE30000124B44014F0E50F1FBF28F44054D1E9A9
:10BE4000056544EA061444EA05184FF68C74CFF6EB
:10BE5000FE740CEA040646EA0E06C3F80480DE61AE
:10BE60004E680969DE63C3F82090DE6946F0080673
:10BE7000DE61DE6926F00406DE61D2E0036843F28B
:10BE800000461D6A1A6AC4F2010622F480521A6240
:10BE90001A46D3F8048052F81CCFB3428E68D1F80A
:10BEA00000E025F4005545EA063905D042F6004683
:10BEB000C4F20106B34209D1CE6844F6FF743603DA
:10BEC00029F4404526EA040444EA0509A3F1804424
:10BED000A4F596344FEAB426072E0CD80124B440BA
:10BEE00014F0E50F1FBF28F44044D1E9056544EA8A
:10BEF000861444EA851848F6FF44CFF6FF640CEA3E
:10BF0000040646EA0E26C3F80480DE614E6809691D
:10BF10001E64C3F82090DE6946F40066DE61DE69C7
:10BF200026F48066DE617BE00368D3F820C01A6ADD
:10BF3000A3F1804422F480321A621A46A4F59634A2
:10BF40005D6852F8508FD1F800E0D1F808904FEAC0
:10BF5000B424072C0AD8012606FA04F414F0E50FDD
:10BF60001EBF4C6925F4803545EA04254FF68C74D4
:10BF7000CFF6FE74033404EA080444EA0E045D605C
:10BF80001C652CF400364D6846EA094609699D6433
:10BF90001E621E6D46F008061E651E6D26F0040624
:10BFA0001E653EE00368D3F820C01A6AA3F18044FE
:10BFB00022F480121A621A46A4F596345D6852F88B
:10BFC000508FD1F800E0D1F808904FEAB424072C44
:10BFD0000AD8012606FA04F414F0E50F1EBF4C69D6
:10BFE00025F4802545EA842548F6FF44CFF6FF6412
:10BFF00004F5407404EA080444EA0E245D601C65FC
:10C000002CF400164D6846EA09560969DD641E6283
:10C010001E6D46F400661E651E6D26F480661E6564
:10C0200009021368194300231160002180F83C10B5
:10C030001846BDE8000BF0BD80B56F4690F83C2077
:10C04000012A4FF0020200F0A880012380F83C3062
:10C0500080F83D20D0F800C08822DCF80830CFF608
:10C06000CE721A40CCF808200B686F2B0FDD1F2210
:10C07000C0F21002934235DCB3F5005F44DA702B56
:10C0800000F08D80B3F5805F00F08080CFE02F2B33
:10C0900034DD4F2B3DDC302B6CD0402B40F0C78083
:10C0A000D1F804E0C968DCF82030DCF8202022F068
:10C0B0000102CCF82020DCF8182022F0F00242EA3D
:10C0C000011123F00A0242EA0E02CCF81810CCF853
:10C0D0002020DCF808104FF68872CFF6CF7211409E
:10C0E000473151E03F21C0F210018B4238DC202162
:10C0F000C0F210018B423DD0302137E0D3B3102B7A
:10C1000038D0202B36D092E05CD0B3F1101F31D064
:10C110008DE0502B69D0602B40F08980D1F804E08D
:10C12000C968DCF82030DCF8202022F01002CCF8BE
:10C130002020DCF8182022F4704242EA013123F07A
:10C14000A00242EA0E12CCF81810CCF82020DCF83D
:10C1500008104FF68872CFF6CF721140673113E0A6
:10C160004021C0F210018B4204D07021C0F21001B6
:10C170008B425CD1DCF808104FF68872CFF6CF7294
:10C180001140194341F00701CCF8081000220121A9
:10C1900080F83D10002180F83C10104680BDD1E9A8
:10C1A00001E3C968DCF8082043EA0E0322F47F4269
:10C1B00043EA01211143CCF80810DCF8081041F0E3
:10C1C0007701E1E7D1E901E3C968DCF8082043EA37
:10C1D0000E0322F47F4243EA01211143CCF80810F8
:10C1E000DCF8081041F48041CEE7D1F804E0C968DA
:10C1F000DCF82030DCF8202022F00102CCF82020EE
:10C20000DCF8182022F0F00242EA011123F00A02C1
:10C2100042EA0E02CCF81810CCF82020DCF8081006
:10C220004FF68872CFF6CF7211405731ACE701223A
:10C23000ADE7F0B503AF4DF804BD90F83C20012AFE
:10C240004FF002024AD0012380F83C3080F83D20B4
:10C25000026843F2004C54689368C4F2010C42F641
:10C26000004E6245C4F2010E01D0724503D14D6803
:10C2700024F470042C434FF68F75CFF6FF550E68EB
:10C280002C4042F6FF35C4F201053443AA42546003
:10C290000FDCB2F1804F16D040F20046C4F2000627
:10C2A000B24210D040F60006C4F20006B2420AD0F4
:10C2B0000EE0724507D044F20006C4F20106B24215
:10C2C00001D0624504D1896823F08003194391604D
:10C2D0000121002280F83D1080F83C2010465DF8D6
:10C2E00004BBF0BDB0B502AF90F83C20012A04BFFA
:10C2F0000220B0BD012280F83C20D1E90232D1E910
:10C3000000CE22F47C5223F4705343EA020448F234
:10C31000FF73CEF6F0730EEA0302224303F50064C6
:10C3200004EA0C0442EA040C0C6903F5C0522240F2
:10C330004C6942EA0C02224303F5605422400C6B24
:10C3400003F5F04323401A438B6940F2000CCC699B
:10C35000CEF6FF7C0CEA03431443D0F800C043F24E
:10C360000042C4F20102944543EA040305D042F6B8
:10C370000042C4F20102944516D14FF6FF72CDF689
:10C380000F421A40D1E9083ED1E90A410025CDF615
:10C39000F04505EA0454224323F008531A432EF0D3
:10C3A00000531A4342EA01030021CCF8443080F8DC
:10C3B0003C100846B0BD70477047704770477047E3
:10C3C00070477047D0B502AFD8B10446D0F88800A6
:10C3D00028B9002084F884002046FCF7E1FB2420E3
:10C3E000C4F888002068A16A026822F00102026095
:10C3F00011B1204600F018F8204600F089F8012815
:10C4000001D10120D0BD2068416821F490414160F4
:10C41000816821F02A018160016841F00101016019
:10C42000204600F0E7F9D0BD80B56F46816A0A0763
:10C430000CD4CA0715D18A071ED44A0727D4CA06C6
:10C4400030D48A0639D44A0642D456E00268D0F87D
:10C4500038C0536823F4004343EA0C035360CA070F
:10C46000E9D00268D0F82CC0536823F4003343EAC3
:10C470000C0353608A07E0D50268D0F830C05368D7
:10C4800023F4803343EA0C0353604A07D7D502688C
:10C49000D0F834C0536823F4802343EA0C0353607C
:10C4A000CA06CED50268D0F83CC0936823F4805306
:10C4B00043EA0C0393608A06C5D50268D0F840C0F1
:10C4C000936823F4005343EA0C0393604A0614D59F
:10C4D0000268D0F844C05368BCF5801F23F4801371
:10C4E00043EA0C03536008D1D2F804C0D0F848E006
:10C4F0002CF4C00343EA0E035360090658BF80BD05
:10C500000168C06C4A6822F400221043486080BD74
:10C51000F0B503AF4DF8048D04462269D4E9021347
:10C52000006866690A43E1693243066846F6F31516
:10C53000CCF6FF750A432E403243026042684FF248
:10C54000FF4522F440521A43426048F20002A369B8
:10C55000C4F2000290421CBF266A33438668C1F2CF
:10C56000FF152E4033438360C36A666A23F00F03CE
:10C570003343C36244F6FF33C4F2000398424FF0E2
:10C58000100317DD44F60046C4F20006B04224D082
:10C59000904229D043F60006C4F20106B04238D1D9
:10C5A00041F28803C4F202031B6849F2A046C0F6B8
:10C5B00001062AE044F20046C4F20006B0421AD056
:10C5C00044F60006C4F20006B04222D141F28803CC
:10C5D000C4F202031B681B0913E041F28803C4F292
:10C5E00002031B689B090CE041F28803C4F20203BA
:10C5F0001B689B0A05E041F28803C4F202031B6832
:10C600009B0849F2B046C0F6010603F0030356F852
:10C610002330904242F20040C0F2F40016D0B1F54F
:10C62000004F24D1082B00F27C804FF00008DFE897
:10C6300003F0057281787D7878789F004FF00008CC
:10C64000FCF731F8002840F07780BFE0082B22D8B3
:10C650004FF00008DFE803F0051F281F241F1F1FED
:10C6600058004FF00008FCF71EF800BBAEE0082BA6
:10C6700000F28B804FF00008DFE803F0058190871F
:10C680008C878787B5004FF00008FCF70CF800286E
:10C6900040F085809AE000204FF0010838B995E01D
:10C6A0004FF00008FBF7C2FF002800F08F80616A9E
:10C6B00049F28842C0F6010232F811206568B0FBE9
:10C6C000F2F305EB45018B424FF00101C0F0818090
:10C6D0002E03B3427DD800210023F6F7DBFD0902CB
:10C6E00041EA1061000210EB550041F100012A46B9
:10C6F0000023F6F7CFFD4FF60052A0F54071C0F2CF
:10C700000F02914260D363E04FF400404FF0000805
:10C710000028CCD15AE04FF00008FBF7D9FF58B9F8
:10C7200054E000204FF0010830B94FE04FF000080E
:10C73000FBF77CFF002849D0616A49F28842C0F6C5
:10C74000010232F811106268B0FBF1F0510801EB00
:10C750004000B0FBF2F04FF6EF72A0F110019142F1
:10C7600036D84FF6F0710140C0F3420008442BE088
:10C770004FF400404FF000080028DDD126E04FF0D4
:10C780000008FBF7A5FF50B920E000204FF001089A
:10C7900028B91BE04FF00008FBF748FFB0B1616A11
:10C7A00049F28842C0F6010232F811106268B0FB0B
:10C7B000F1F000EB5200B0FBF2F04FF6EF72A0F197
:10C7C0001001914204D880B22168C860414600E05F
:10C7D00001214FF001100022A06662670846A2679F
:10C7E0005DF8048BF0BD4FF400404FF000080028C6
:10C7F000D5D1EBE7B0B502AF82B004460020C4F853
:10C800009000FAF78FFD21680546096809071AD5D7
:10C810006FF07E4C20464FF4001100222B46CDF8DD
:10C8200000C000F0C7F870B1206850E8000F216820
:10C8300020F0800041E80002002AF5D12020C4F851
:10C840008800032033E020680068400727D56FF098
:10C850007E4C20464FF4800100222B46CDF800C0CC
:10C8600000F0A8F8D8B100BF206850E8000F216898
:10C8700020F4907041E80002002AF5D120680830C9
:10C8800050E8000F216820F00100083141E8000263
:10C89000002AF3D12020C4F88C00032007E02020D8
:10C8A000C4F88800C4F88C000020E06620670021EE
:10C8B00084F8841002B0B0BDF0B503AF2DE90007D5
:10C8C0000446D0F88800202850D1884600294FF02F
:10C8D00001006CD01646002A69D04FF000092120D3
:10C8E0001D46C4F89090C4F88800FAF71BFDA4F820
:10C8F0005460A4F85660A1688246B1F5805F05D106
:10C900002069002814BF4046C1468046B4F856004E
:10C9100080B36E1C0EE0B8F1000F1ED018F8010BAA
:10C9200021688862B4F856000138A4F85600B4F8BB
:10C930005600F8B12068C0690006ECD4002EF9D08A
:10C94000FAF7F0FC01464FF003006DB3A1EB0A01CA
:10C95000A94229D820680068ECE739F8020B216861
:10C960006FF35F2088624FF00008DBE70220BDE82C
:10C970000007F0BD2068C069400614D46E1C03E0B7
:10C980002068C06940060ED4002EF9D0FAF7CAFC20
:10C9900001464FF003003DB1A1EB0A01A94203D8C3
:10C9A00020680068ECE700202021C4F88810BDE86A
:10C9B0000007F0BDF0B503AF2DE90007824600681F
:10C9C000C0690840401AB0FA80F04009904262D134
:10C9D000D7F8089015460E46984609F1010409E07B
:10C9E000DAF80000C0693040801BB0FA80F04009DE
:10C9F000A84250D1002CF3D0FAF794FC0146B9F1CB
:10CA0000000F4FF0030047D0A1EB0801494543D880
:10CA1000DAF8000001684907E2D5402EE0D0802E08
:10CA2000DED0C16909073AD4C1690905D8D54FF4E8
:10CA300000610162DAF8000050E8000FDAF8001037
:10CA400020F4907041E80002002AF3D14FF6FE7006
:10CA5000CEF6FF70DAF80010083151E8001FDAF85E
:10CA600000200140083242E80013002BF2D1DAF82E
:10CA70006C0001280CD100BFDAF8000050E8000F6C
:10CA8000DAF8001020F0100041E80002002AF3D18B
:10CA90000320202136E00020BDE80007F0BD08217A
:10CAA000016200BFDAF8000050E8000FDAF8001069
:10CAB00020F4907041E80002002AF3D14FF6FE7096
:10CAC000CEF6FF70DAF80010083151E8001FDAF8EE
:10CAD00000200140083242E80013002BF2D1DAF8BE
:10CAE0006C0001280CD100BFDAF8000050E8000FFC
:10CAF000DAF8001020F0100041E80002002AF3D11B
:10CB0000012008212022CAF88C200022CAF86C20BB
:10CB1000CAF87420CAF890108AF88420BDE800078B
:10CB2000F0BD0000F0B503AF2DE9000782B0044668
:10CB3000D0F88C00202823D10E4600294FF00100A8
:10CB40005FD01546002A5CD0002022219946C4F807
:10CB50009000C4F88C10E066FAF7E4FBA4F85C508F
:10CB6000A4F85E50A168804661B1B1F1805F0DD03C
:10CB7000B1F5805F0ED1206930B940F2FF100CE0B2
:10CB800002203EE0206938B9FF2006E0206918B194
:10CB90003F2002E0002000E07F20B1F5805F4FF0F1
:10CBA000000AA4F8600004D12069002804BFB2463E
:10CBB0000646B4F860500AE020680026406A284023
:10CBC0002AF8020BB4F85E000138A4F85E00B4F84D
:10CBD0005E0080B12046202100224346CDF800901F
:10CBE000FFF7E8FE48B9002EE6D02068406A2840EA
:10CBF00006F8010BE6E7002000E003202021C4F83E
:10CC00008C1002B0BDE80007F0BD0000B0B502AF67
:10CC10000446D0F8880020281CBF0220B0BD00299F
:10CC20004FF001003FD0002A134608BFB0BD0022DC
:10CC300021202165A4F85430A4F85630C4F890207F
:10CC4000C4F88800E06FE8B14CF6FD45C0F6000579
:10CC5000456325684CF6A94C4CF6F14EC0F6000C25
:10CC6000C0F6000E826305F12802C0E90BCEFCF786
:10CC7000D9FD38B11020C4F890002020C4F88800F5
:10CC80000120B0BD20684021016200BF206808304B
:10CC900050E8000F216840F08000083141E80002B0
:10CCA000002AF3D10020B0BD80B56F460168806ACC
:10CCB0000968890619D40021A0F8561001680831C6
:10CCC00051E8001F026821F08001083242E8001399
:10CCD000002BF3D1016851E8001F026841F04001C8
:10CCE00042E80013002BF5D180BDFCF7D7FA80BDD8
:10CCF00080B56F46806AFCF7F2FA80BD80B56F465A
:10CD0000806A0368D0F88820D0F88CC09B681B0626
:10CD10001DD5212A1BD10022A0F85620026852E816
:10CD2000002F036822F0C00243E800210029F5D15A
:10CD30000168083151E8001F026821F4000108323F
:10CD400042E80013002BF3D12021C0F888100168BD
:10CD50008968490634D5BCF1220F31D10021A0F8F1
:10CD60005E1000BF016851E8001F026821F4907155
:10CD700042E80013002BF5D14FF6FE7CCEF6FF7C87
:10CD80000268083252E8002F036802EA0C020833F6
:10CD900043E800210029F3D1C16E01290AD100BF67
:10CDA000016851E8001F026821F0100142E80013F9
:10CDB000002BF5D12021C0F88C100021C1664167FD
:10CDC000D0F8901041F01001C0F89010FCF7EBFA89
:10CDD00080BD000080B56F46D0F88C30202B1CBF82
:10CDE000022080BD00294FF0010318BF002A01D1A5
:10CDF000184680BD0023C366D0F800C048F2000387
:10CE0000C4F200039C450FD0DCF804301B020BD5A4
:10CE1000036853E800CFD0F800E04CF080634EE8A0
:10CE2000003CBCF1000FF3D100F004F803461846B3
:10CE300080BD0000B0B502AF13460A4681650021EF
:10CE40000446A0F85C30C0F890102220C4F88C0092
:10CE5000D4F88000E8B14CF6FD45C0F60005456306
:10CE600025684DF2C93C4DF25B4EC0F6000CC0F691
:10CE7000000E816305F12401C0E90BCEFCF7D2FC62
:10CE800038B11020C4F890002020C4F88C00012094
:10CE9000B0BD206950B100BF206850E8000F216884
:10CEA00040F4807041E80002002AF5D12068083083
:10CEB00050E8000F216840F00100083141E800020D
:10CEC000002AF3D12068083050E8000F216840F0B4
:10CED0004000083141E80002002AF3D10020B0BD33
:10CEE000D0B502AF044600BF206850E8000F2168AB
:10CEF00020F4907041E80002002AF5D14FF6FE7050
:10CF0000CEF6FF702168083151E8001F2268014009
:10CF1000083242E80013002BF4D1E06E012809D159
:10CF2000206850E8000F216820F0100041E800025E
:10CF3000002AF5D12068816849060BD400210F2210
:10CF4000A4F85E10A16502622020C4F88C00E1669E
:10CF50002CE000BF2068083050E8000F216820F066
:10CF60004000083141E80002002AF3D1D4F88000E3
:10CF700068B14CF6B771C0F600018163FCF7FFFCA5
:10CF8000B8B1D4F88000816B88470020D0BD002064
:10CF9000A4F85E0021680F22A0650A628A6942F047
:10CFA00008028A612021C4F88C10E0662046FCF754
:10CFB0001BFA0020D0BD80B56F46806A0021A0F822
:10CFC0005E1002680F231362936943F008039361B4
:10CFD0002022C0F88C20C166FCF706FA80BD000054
:10CFE000F0B503AF4DF804BD036840F62F02D969D0
:10CFF000044618689E680A40202A05D100F02002E5
:10D0000006F0805552192AD140F60F020A400CD082
:10D010000122C1F2000206EA020C40F22012C0F224
:10D020000042024012EB0C0222D1E26E012A06D12C
:10D0300011F0100218BF10F0100240F0F880CA0280
:10D0400040F1CF8016F4800200F0CB804FF48010C6
:10D050001862204600F012FA5DF804BBF0BD616F63
:10D06000002900F0F580204688475DF804BBF0BD3C
:10D07000CA0718BF10F4807207D001221A62D4F8D0
:10D08000902042F00102C4F890208A0706F0010EB9
:10D090000AD5BEF1000F07D002221A62D4F8902000
:10D0A00042F00402C4F890204A070AD5BEF1000FEE
:10D0B00007D004221A62D4F8902042F00202C4F889
:10D0C00090200A070CD500F0200252EA0C0207D08B
:10D0D00008221A62D4F8902042F00802C4F8902086
:10D0E0000A050BD510F0806208D04FF400621A6276
:10D0F000D4F8902042F02002C4F89020D4F8902078
:10D10000002A00F0A58011F020011EBF00F02000D1
:10D1100006F0805110EB010040F043812068D4F804
:10D120009010806801F0280100F04000401809D1FB
:10D130002046FCF738F90020C4F890005DF804BBE5
:10D14000F0BD00BF206850E8000F216820F4907007
:10D1500041E80002002AF5D14FF6FE70CEF6FF70CE
:10D160002168083151E8001F22680140083242E876
:10D170000013002BF4D1E06E012809D1206850E89B
:10D18000000F216820F0100041E80002002AF5D1CC
:10D190002020C4F88C000020E06621686067886861
:10D1A000400640F1E68000BF2068083050E8000FDC
:10D1B000216820F04000083141E80002002AF3D144
:10D1C000D4F88000002800F0D4804DF2B131C0F6D0
:10D1D00000018163FCF7D3FBD0B3D4F88000816BEE
:10D1E00042E70A0606D500F0800206F40003D218D2
:10D1F00040F0C5804A0640F1B18010F0400200F0D6
:10D20000AD8000BF206850E8000F216820F040008A
:10D2100041E80002002AF5D12020C4F8880000204F
:10D22000A0672046FCF73AF85DF804BBF0BD10207B
:10D230001862986840063CD4B4F85C00B4F85E10FC
:10D24000B4F85E20002A1CBF401A5FEA004103D1F7
:10D250005DF804BBF0BD00BF216851E8001F2268E3
:10D2600021F4907142E80013002BF5D14FF6FE71C6
:10D27000CEF6FF712268083252E8002F23680A4078
:10D28000083343E80026002EF4D12021C4F88C1086
:10D290000021E166616700BF216851E8001F226834
:10D2A00021F0100142E80013002BF5D10221216783
:10D2B0004DE0D4F88000006841688AB2002AC7D0E7
:10D2C000B4F85C309A42C3D2A4F85E1000688006BD
:10D2D00036D400BF206850E8000F216820F4807029
:10D2E00041E80002002AF5D12068083050E8000F1C
:10D2F000216820F00100083141E80002002AF3D142
:10D300002068083050E8000F216820F04000083104
:10D3100041E80002002AF3D12020C4F88C0000204C
:10D32000E06600BF206850E8000F216820F0100080
:10D3300041E80002002AF5D1D4F88000FCF7E9FAB0
:10D3400002202067B4F85C00B4F85E10401A81B285
:10D35000204600F038F85DF804BBF0BD0A0213D592
:10D3600010F0804210D0204600F08AF85DF804BB2F
:10D37000F0BD2046FCF717F85DF804BBF0BDA16FC7
:10D3800000297FF470AE63E7C9017FF561AFB0F1AA
:10D39000FF3F3FF75DAF204600F071F85DF804BB3A
:10D3A000F0BD616F00293FF4B9AE20468847B5E66D
:10D3B00080B56F46806A0021A0F85E10A0F8561074
:10D3C000FBF7F1FF80BD704780B56F460168806A4A
:10D3D0000968890634D40021A0F85E10016851E87C
:10D3E000001F026821F4807142E80013002BF5D180
:10D3F0000168083151E8001F026821F0010108327C
:10D4000042E80013002BF3D10168083151E8001FF6
:10D41000026821F04001083242E80013002BF3D1EA
:10D420002021C0F88C10C16E012909D1016851E892
:10D43000001F026821F0100142E80013002BF5D113
:10D4400000210167C16E012904D1B0F85C10FFF71B
:10D45000BAFF80BDFBF765FF80BD80B56F46806A6F
:10D4600001210167C16E012905D1B0F85C1049089E
:10D47000FFF7A9FF80BDFBF775FF80BD70477047C0
:10D48000704790F88410012904BF022070472421BE
:10D49000C0F8881002681168136823F00103136054
:10D4A00021F000530021416613602022C0F888203B
:10D4B00080F8841008467047B0B502AF90F8842019
:10D4C000012A04BF0220B0BD0123242280F8843049
:10D4D000C0F888200268D0F864E0D2F800C0146870
:10D4E000BEF1000F24F001041460946824F060443D
:10D4F00041EA040191601BD09168936849F2C04EE3
:10D500005B0FC0F6010E49F2C8451EF80340C0F695
:10D510000105EB5CC1F34261E400B4FBF3F41EF8D7
:10D520000130695CDB00B3FBF1F3A0F86A4001E075
:10D53000A0F86A302021A0F86830C2F800C0C0F816
:10D540008810002180F884100846B0BDB0B502AF45
:10D5500090F88420012A04BF0220B0BD01232422B8
:10D5600080F88430C0F888200268D0F864E0D2F8EF
:10D5700000C01468BEF1000F24F001041460946828
:10D5800024F0606441EA040191601BD091689368C3
:10D5900049F2C04E5B0FC0F6010E49F2C8451EF8B5
:10D5A0000340C0F60105EB5CC1F34261E400B4FB4B
:10D5B000F3F41EF80130695CDB00B3FBF1F3A0F873
:10D5C0006A4001E0A0F86A302021A0F86830C2F873
:10D5D00000C0C0F88810002180F884100846B0BD53
:10D5E000F0B503AF4DF804BD94B006AC2046382129
:10D5F000F4F772F9002500200595CDE90355CDE932
:10D600000155FAF743FB012006904FF4A020079044
:10D61000022028210D900326CDE91010CDE912003B
:10D620002046CDE90E66FAF725FC10B172B600BFB0
:10D63000FEE70F20CDE9010601A80421CDE903553D
:10D640000595FAF763FE10B172B600BFFEE714B09D
:10D650005DF804BBF0BD000072B600BFFEE700003D
:10D6600080B56F4641F2B41046F20041C2F20000AC
:10D67000C4F200014FF44073002280E80E00012143
:10D680004FF00A0C042301824FF00D0E0221C0E975
:10D6900005C300F1240CC2608274C0E907E18CE884
:10D6A0000A40C0E90C11C0E90E12FCF7F7F9002896
:10D6B00008BF80BD72B600BFFEE70000D0B502AF64
:10D6C00041F2182043F20001C2F20000C4F201014D
:10D6D0004FF4827200234FF4E06C4FF4007E182464
:10D6E00080E80E1007210822C0E90433C0E906E4EF
:10D6F000C0E90833C0E90A31C0E90C32FCF7B9FFD0
:10D70000002808BFD0BD72B6FEE70000F0B503AF39
:10D710004DF804BD41F27C2043F60041C2F2000006
:10D72000C4F200014FF4827200234FF4E06C4FF01A
:10D73000020E012480E80E5000F114014FF4007530
:10D74000182670C10721C0E90833C0E90A31C0E9D1
:10D750000C33FCF78EFF10B172B600BFFEE75DF828
:10D7600004BBF0BDD0B502AF98B0002401A83421AD
:10D77000CDE91644CDE91444CDE91244CDE9104475
:10D78000CDE90E44F4F7A8F841F2E02042F600415A
:10D79000C2F20000C4F201016322C0E90014C0E932
:10D7A0000242C0E904448461FEF727F808B172B66A
:10D7B000FEE741F2E020C2F2000015A9CDE91544D0
:10D7C0001794FEF736FD10B172B600BFFEE7602079
:10D7D0000E9041F2E0200024C2F200000EA90022C7
:10D7E000CDE90F44CDE91144CDE91344FEF736FAF3
:10D7F00008B172B6FEE74FF40050CDE906044FF0D1
:10D800000070CDE90A0441F2E020C2F2000001A953
:10D81000CDE90144CDE903440594CDE90844CDE9BF
:10D820000C44FEF75FFD10B172B600BFFEE741F297
:10D83000E020C2F20000FBF771F918B0D0BD000083
:10D84000D0B502AF8AB041F22C300024C2F2000001
:10D850004FF080416322CDE90844CDE90644CDE98B
:10D860000444CDE90244CDE90044C0E90014C0E914
:10D87000024204618461FDF7C0FF10B172B600BFBF
:10D88000FEE741F22C30C2F2000007A90794099488
:10D89000FEF7CFFC08B172B6FEE7602000900020D2
:10D8A000CDE90100049041F22C30C2F2000069463B
:10D8B0000422FEF7D3F910B172B600BFFEE741F2C1
:10D8C0002C30C2F20000FBF729F90AB0D0BD0000ED
:10D8D00080B56F4688B041F2783043F200420021B3
:10D8E000C2F20000C4F201029F234FF6FF7C0791B1
:10D8F000CDE90511CDE90311CDE90111C0E90023FE
:10D90000C0E9021CC0E904118161FDF715FE10B1E8
:10D9100072B600BFFEE74FF48050049041F27830B9
:10D92000C2F2000004A9FEF787FB10B172B600BF77
:10D93000FEE70020CDE90100039041F27830C2F209
:10D94000000001A9FEF775FC08B172B6FEE708B049
:10D9500080BD000080B56F4641F2C43043F600013F
:10D96000C2F20000C4F2010144F2402200234FF051
:10D970000C0CC0F20F0280E80E00C0E90333C0E9CE
:10D9800005C3C0E90733C0E90933FEF71BFD10B139
:10D9900072B600BFFEE741F2C430C2F200000021BF
:10D9A000FFF78AFD08B172B6FEE741F2C430C2F259
:10D9B00000000021FFF7CAFD08B172B6FEE741F290
:10D9C000C430C2F20000FFF75CFD002808BF80BD34
:10D9D00072B600BFFEE7000080B56F4641F25840C6
:10D9E00044F20041C2F20000C4F2000100234FF0F3
:10D9F0000C0C4FF4E12280E80E00C0E90333C0E9CB
:10DA000005C3C0E90733C0E90933FEF7DBFC10B1F9
:10DA100072B600BFFEE741F25840C2F2000000219A
:10DA2000FFF74AFD08B172B6FEE741F25840C2F274
:10DA300000000021FFF78AFD08B172B6FEE741F24F
:10DA40005840C2F20000FFF71CFD002808BF80BD4F
:10DA500072B600BFFEE780B56F4684B041F2480061
:10DA6000C4F202000168002241F004010160016873
:10DA700001F0040103910399016841F00101016083
:10DA8000016801F0010102910299016841F002016F
:10DA900001600068052100F00200019001980B2050
:10DAA000F9F768FC0B20F9F791FC0C200521002206
:10DAB000F9F760FC0C20F9F789FC0D200521002204
:10DAC000F9F758FC0D20F9F781FC0E200521002202
:10DAD000F9F750FC0E20F9F779FC0F200521002200
:10DAE000F9F748FC0F20F9F771FC102005210022FE
:10DAF000F9F740FC1020F9F769FC382005210022D5
:10DB0000F9F738FC3820F9F761FC392005210022AB
:10DB1000F9F730FC3920F9F759FC04B080BDF0B5B5
:10DB200003AF2DE9000F87B0002441F24C000694AA
:10DB3000CDE90444CDE90244C4F20200016840F298
:10DB4000004841F0200101600168C4F6000801F0BE
:10DB5000200101910199016808F5805641F0010109
:10DB600001600168002201F0010101910199016841
:10DB70004FF0020A41F0020101600068022100F04A
:10DB80000200019001983046FCF7EBFB4FF090400B
:10DB9000112101224FF0110B4FF00109FCF7E1FBBD
:10DBA000404640210122FCF7DCFB02AD304629460D
:10DBB000CDE902A9CDE90444FCF7F6FA4FF0904014
:10DBC0002946CDE902B9CDE90444FCF7EDFA4FF45A
:10DBD000881640462946CDF80890CDE9036AFCF73F
:10DBE000E3FA4FF40040CDE902064FF09040294699
:10DBF0000494FCF7D9FA4020CDE9020940462946B1
:10DC0000CDE90444FCF7D0FA8020CDE90206404675
:10DC100029460494FCF7C8FA062005210022F9F7EA
:10DC2000A9FB0620F9F7D2FB172005210022F9F7FE
:10DC3000A1FB1720F9F7CAFB282005210022F9F7DC
:10DC400099FB2820F9F7C2FB07B0BDE8000FF0BD33
:10DC500080B56F46006844F20001C4F201018842B9
:10DC600008BFF9F752FB80BDB0B502AF86B041F2F4
:10DC70006001C4F202010A68044642F480320A607C
:10DC8000096801A801F48031019101996946FAF708
:10DC900034FDFAF71DFD4DF68361C4F21B31A0FB84
:10DCA00001014FF0FF3000EB914141F2EC7044F282
:10DCB0000002C2F20000C4F2010240F2E733002584
:10DCC000C0E90021C0E902530561FDF735FC0546B6
:10DCD000C0B941F2EC70C2F20000FDF72CFD054620
:10DCE00080B91820F9F772FB0F2C0AD818202146AA
:10DCF0000022F9F73FFB40F26800C2F20000046026
:10DD000000E00125284606B0B0BD80B56F46A6B03C
:10DD100040F29401C2F2000112A811905022F3F7D0
:10DD2000DFFD119800F11002684652F8041B40F81C
:10DD3000041B52F8041B40F8041B52F8041B40F863
:10DD4000041B52F8041B40F8041B52F8041B40F853
:10DD5000041B52F8041B40F8041B52F8041B40F843
:10DD6000041B52F8041B40F8041B52F8041B40F833
:10DD7000041B52F8041B40F8041B52F8041B40F823
:10DD8000041B52F8041B40F8041B52F8041B40F813
:10DD9000041B52F8041B40F8041B52F8041B40F803
:10DDA000041B52F8041B40F8041B12981399149A90
:10DDB000159B00F002F826B080BD84B080B56F4698
:10DDC000A0B07B613A61F960B86007F10800029089
:10DDD0001020F5F768FD029A049009A803901FA986
:10DDE00000F024F80399049800F035F804981E9088
:10DDF00007A80590F5F772FD05981E996B46042259
:10DE00001A6049F2D042C0F601024FF4007300F0EC
:10DE100047F809F057FF012803D1FFE709F0D8FAC6
:10DE2000FFE720B0BDE8804004B0704780B56F4682
:10DE300086B00290059004910392049800F069F86E
:10DE40000190039800F06AF801990246029800F0E8
:10DE50006AF806B080BD80B56F4684B0019102902B
:10DE600002980090039000F0A6F8019800F0AAF83C
:10DE700098B1FFE7019800F0BAF80146009800F069
:10DE8000A6F800994DF6F970C0F60000C8604EF291
:10DE90000F00C0F600008860FFE7039804B080BD63
:10DEA00080B56F468EB08446B868CDF830C00B910F
:10DEB0000A92099307F8150C0C9804900DA803908A
:10DEC00000F0D7FA082008F09BFA01460398079162
:10DED00000F0CFFA01460B9A05A800F0D2FADDF85F
:10DEE00010E007990598069A4A600860079B0A990E
:10DEF000BDF8242017F8150CEC46CCF804E0CCF85B
:10DF000000004EF29940C0F6000008F08DFF0EB000
:10DF100080BD81B00090009801B0704781B0009042
:10DF2000009801B0704780B56F4686B005900491A7
:10DF3000039205980290043001900398FFF7EEFFDA
:10DF40000146019800F003F8029806B080BD80B544
:10DF50006F4684B003900291039801900298FFF7F6
:10DF6000DDFF0146019800F003F8019804B080BD80
:10DF700080B56F4684B00390029103980190029897
:10DF8000FFF7CCFF0146019800F003F8019804B0B8
:10DF900080BD80B56F4684B00390029103980190D4
:10DFA0000298FFF7BBFF014601985022F3F798FC57
:10DFB000019804B080BD81B000900098002181607C
:10DFC00001B0704781B00090012001B0704780B56A
:10DFD0006F4684B00390029103980090029800F07D
:10DFE00006F80146009800F033F804B080BD81B017
:10DFF0000090009801B0704780B56F4682B00190E4
:10E00000019800F0AAF800F09DF802B080BD80B53C
:10E010006F4684B00390029107F8092C17F8090C99
:10E0200001280BD1FFE7029800F097F800900398C1
:10E0300000F035F801460098086006E00398029960
:10E0400017F8092C00F0B3F9FFE7002004B080BDF9
:10E0500080B56F4684B0029001915420F5F723FCFF
:10E0600000900198FFF7C3FF0146009800F008F800
:10E07000029800F014F801460098086004B080BDD2
:10E0800080B56F4684B00390029103980190029985
:10E090000430043100F00CF8019804B080BD80B564
:10E0A0006F4682B00190019800F047F802B080BD41
:10E0B00080B56F4684B00390029103980190029955
:10E0C00000F003F8019804B080BD80B56F4684B0BD
:10E0D0000390029103980190029800F00EF800F06E
:10E0E00007F80146019800F011F8019804B080BDCE
:10E0F00081B00090009801B0704780B56F4682B043
:10E100000190019800F014F802B080BD80B56F4610
:10E1100084B003900291039801900298FFF7E8FF02
:10E12000014601985022F3F7DBFB019804B080BD53
:10E1300081B00090009801B0704781B000900098C5
:10E1400001B0704780B56F4682B00190019800F031
:10E1500019F800F00CF802B080BD80B56F4682B0AF
:10E160000190019800F015F9006802B080BD80B5FB
:10E170006F4682B00090009800F004F800F007F8B5
:10E1800002B080BD81B00090009801B0704780B5AA
:10E190006F4686B005900598019000F01BF8019835
:10E1A00004A900F002F806B080BD80B56F4686B0C5
:10E1B0000490039104980190043000F029F801467E
:10E1C000039A02A800F019F80146019800F003F83C
:10E1D00006B080BD704780B56F4684B00390029151
:10E1E0000398FFF796FE00900298FFF797FE01460E
:10E1F000009800F016F804B080BD80B56F4684B07A
:10E200000390029101920298FFF788FE04B080BD4E
:10E2100080B56F4682B00190019800F0B1F802B06D
:10E2200080BD80B56F46B0B02E902D912E98FFF72F
:10E2300070FE14902D98FFF771FE014619A81590F5
:10E240005022F3F74DFB159800F10C01684644226B
:10E2500016921791189018981799169A51F8043B2E
:10E26000129140F8043B1390043A169217911890BB
:10E27000F1D1149819991A9A1B9B00F002F830B04A
:10E2800080BD83B080B56F4689B03B61FA60B960EC
:10E2900007F10801029108900120039008F0B0F8FE
:10E2A0000790079800F038F8039808F0A9F806904E
:10E2B0000698F5F749FB039808F0A2F80590059831
:10E2C000F5F7E0F90C2008F09BF804900498F5F7B6
:10E2D000EEFE41F63C00C2F200000078C007A8B98B
:10E2E000FFE74FF48C60F5F7DEFA0299019000F039
:10E2F0001EF8019841F63801C2F20001086041F6AB
:10E300003C01C2F2000101200870FFE7FFE74FF077
:10E31000FF30F5F7B6FAFAE780B56F4682B00190A4
:10E3200001980090F6F776FE009802B080BD80B5A7
:10E330006F4684B0039002910398019005F06BF949
:10E340000198043001F07DFB01988030029906228B
:10E3500005F086FD019800F5C0700299243102F0A5
:10E36000FCFE019800F55E700299483102F079FDDB
:10E37000019800F5627000F0C8F8019804B080BD03
:10E3800080B56F4682B001900198FFF7B6FE02B0EB
:10E3900080BD80B56F4682B00190019800F002F810
:10E3A00002B080BD81B00090009801B0704780B588
:10E3B0006F4686B00590049107F8092C17F8090CF0
:10E3C00001460191012808D0FFE7019802280FD0EB
:10E3D000FFE70198032810D013E00498FFF7BDFE73
:10E3E00000900598FFF75BFE01460098086008E082
:10E3F0000598049900F008F803E0059800F01FF86C
:10E40000FFE7002006B080BD80B56F4686B004905F
:10E41000039154200190F5F746FA0290039800F01A
:10E420001FF8019A014602980968F3F759FA04980F
:10E43000FFF735FE01460298086006B080BD80B542
:10E440006F4684B002900298FFF729FE00680190A1
:10E4500020B1FFE70198F5F72FFAFFE704B080BD80
:10E4600080B56F4682B001900198FFF79BFF02B024
:10E4700080BD81B000904EF2B140C0F6000001B006
:10E48000704783B002900191009202980199016057
:10E490000099416003B0704780B56F4682B001902B
:10E4A00001980090009801684068884702B080BDDC
:10E4B00080B56F4682B00190019900F002F802B079
:10E4C00080BD80B56F4682B001900091009800F049
:10E4D00002F802B080BD80B56F4682B0019001980D
:10E4E000009000F009F810B1FFE70AF045F8009835
:10E4F000C168884702B080BD81B0009000988068F4
:10E50000B0FA80F0400901B0704780B56F4692B014
:10E51000119011980990543049F2DF41C0F6010181
:10E520000022039200F098F8099858300590F5F70A
:10E53000D5F909985C300790F5F7D0F90998603063
:10E5400000F0B4F809986C303021109149F2E9419B
:10E55000C0F6010110AA00F0BCF80998743002213D
:10E560000F9149F2F241C0F601010FAA00F0B1F893
:10E5700009987C300121029107F80D1C49F20151E4
:10E58000C0F60101A7F10D0200F0C6F80998029942
:10E59000843007F80E1C49F20D51C0F60101A7F1B5
:10E5A0000E0200F0B9F8099802998C3007F80F1C98
:10E5B00049F21951C0F60101A7F10F0200F0ACF8C1
:10E5C0000998029994308DF8381049F22551C0F617
:10E5D00001010EAA00F0A0F8099803999C3007F8F1
:10E5E000111C49F23151C0F60101A7F1110200F0EE
:10E5F00093F80998A4300490F7F750FD0999024662
:10E6000004986B461A604EF26372C0F6000249F23B
:10E610003E53C0F6010300F0A3FA059809996B4632
:10E62000042206921A6049F24652C0F601024FF4E3
:10E63000C073089300F0B7FA069A0798089B0999E7
:10E64000EC46CCF8002049F25452C0F6010200F02A
:10E65000E3FA099812B080BD80B56F4686B0049089
:10E66000039107F80D2C04980190059017F80D0CF4
:10E67000C00760B9FFE7039A49F28C61C0F6010157
:10E6800000203B23F5F7A2FE019908600BE0039AF6
:10E6900049F28B61C0F6010100203B23F5F796FE9D
:10E6A00001990860FFE7059806B080BD80B56F4608
:10E6B00082B001900198009000F052FB0098043065
:10E6C00000F04EFB0098083000F04AFB009802B0C2
:10E6D00080BD80B56F4686B0049003910292049984
:10E6E00001910591039848600398FAF719FD0428F1
:10E6F00006D1FFE7019903980422FAF724FD08E008
:10E70000019902980068086003980422FAF73CFD1A
:10E71000FFE7059806B080BD80B56F4686B00490CF
:10E72000039102920499019105910398486003981E
:10E73000FAF7F6FC012806D1FFE7019903980122B8
:10E74000FAF701FD0AE001990298007800F0010053
:10E75000087003980122FAF717FDFFE7059806B045
:10E7600080BD80B56F46A0B01F901E911D9249F2EA
:10E770008F00C0F60100F5F7C1F81E98012871D18D
:10E78000FFE71F989C3000F080FA38B1FFE749F2AC
:10E790006350C0F60100F5F7B1F840E049F270505F
:10E7A000C0F60100F5F7AAF81F987C3000F06DFA6A
:10E7B00038B1FFE749F28050C0F60100F5F79EF846
:10E7C000FFE71F98843000F060FA38B1FFE749F2A4
:10E7D0008650C0F60100F5F791F8FFE71F988C30DE
:10E7E00000F053FA38B1FFE749F28C50C0F601004F
:10E7F000F5F784F8FFE71F98943000F046FA38B137
:10E80000FFE749F29250C0F60100F5F777F8FFE70D
:10E8100049F28E00C0F60100F5F770F8FFE71F9887
:10E82000416F49F29850C0F60100F5F767F81F985C
:10E83000C16E49F2AC50C0F60100F5F75FF849F23D
:10E84000BE50C0F60100F5F759F849F2EE50C0F697
:10E850000100F5F753F849F21660C0F60100F5F72C
:10E860004DF87AE11E98032845D1FFE71D984068CE
:10E8700049F24861C0F60101F3F796FBD8BBFFE708
:10E880001D988068049015A8069009F048FE049928
:10E89000069A16A8059000F01AFA059800210A2297
:10E8A00000F0FBF901460598079109F0FBFF069877
:10E8B00009F036FE07981C901C98B0F57A7F04DDAD
:10E8C000FFE74FF47A701C90FFE71C98002803DCE8
:10E8D000FFE701201C90FFE71F9874301C991491EA
:10E8E00014A900F01DFA1C9949F2A150C0F60100CC
:10E8F000F5F704F830E11E98032873D1FFE71D985F
:10E90000406849F23751C0F60101F3F74DFB00288A
:10E9100068D1FFE71D98806849F2FF71C0F60101D8
:10E92000F3F742FB50B9FFE71F987C30012107F84D
:10E93000311CA7F1310100F002FA52E01D98806805
:10E9400049F2B961C0F60101F3F72EFB50B9FFE7B8
:10E950001F988430012107F8321CA7F1320100F022
:10E96000EEF93DE01D98806849F2CA71C0F60101D8
:10E97000F3F71AFB50B9FFE71F988C30012107F815
:10E98000331CA7F1330100F0DAF928E01D98806804
:10E9900049F2AD61C0F60101F3F706FB48B9FFE7A4
:10E9A0001F98943001218DF84C1013A900F0C7F97D
:10E9B00014E01D98806849F25261C0F60101F3F736
:10E9C000F3FA50B9FFE71F989C30012107F8351C76
:10E9D000A7F1350100F0B3F9FFE7FFE7FFE7FFE735
:10E9E000FFE7B8E01E98032873D1FFE71D98406841
:10E9F00049F25861C0F60101F3F7D6FA002868D150
:10EA0000FFE71D98806849F2FF71C0F60101F3F736
:10EA1000CBFA50B9FFE71F987C30002107F8361C6D
:10EA2000A7F1360100F08BF952E01D98806849F299
:10EA3000B961C0F60101F3F7B7FA50B9FFE71F98C3
:10EA40008430002107F8371CA7F1370100F077F96F
:10EA50003DE01D98806849F2CA71C0F60101F3F7E4
:10EA6000A3FA48B9FFE71F988C3000218DF84810B1
:10EA700012A900F064F929E01D98806849F2AD619F
:10EA8000C0F60101F3F790FA50B9FFE71F989430F0
:10EA9000002107F8391CA7F1390100F050F914E002
:10EAA0001D98806849F25261C0F60101F3F77CFAC3
:10EAB00050B9FFE71F989C30002107F83A1CA7F1D6
:10EAC0003A0100F03CF9FFE7FFE7FFE7FFE7FFE768
:10EAD00040E01E98032835D1FFE71D98406849F2B1
:10EAE0006061C0F60101F3F75FFA58BBFFE71D98BC
:10EAF0008068009009A8029009F011FD0099029A1F
:10EB00000AA8019000F0E3F8019800210A2200F021
:10EB1000C4F801460198039109F0C4FE029809F077
:10EB2000FFFC039810901F986C301099089108A969
:10EB300000F0F6F8109949F26B60C0F60100F4F7A6
:10EB4000DDFE06E049F27760C0F60100F4F7D6FE7C
:10EB5000FFE7FFE7FFE7FFE7FFE7002020B080BD0A
:10EB600080B56F4688B0D7F808C007900691059227
:10EB700004930798039020300599069A00F076F9DF
:10EB8000039804996A460023536013604EF683622B
:10EB9000C0F60002F6F7BDFA0398B968F6F7C6FAB0
:10EBA000039808B080BD80B56F468EB08446B868C3
:10EBB000CDF830C00B910A92099307F8150C0C9808
:10EBC00004900DA8039000F080F9082007F018FCCD
:10EBD00001460398079100F078F901460B9A05A8C1
:10EBE00000F07BF9DDF810E007990598069A4A6075
:10EBF0000860079B0A99BDF8242017F8150CEC460D
:10EC0000CCF804E0CCF800004EF6F160C0F600004D
:10EC100008F00AF90EB080BD80B56F468EB084460C
:10EC2000B868CDF830C00B910A92099307F8150C1B
:10EC30000C9804900DA8039000F0F8FA082007F053
:10EC4000DFFB01460398079100F0F0FA01460B9AAA
:10EC500005A800F042F9DDF810E007990598069A3A
:10EC60004A600860079B0A99BDF8242017F8150C24
:10EC7000EC46CCF804E0CCF800004EF6F160C0F6AB
:10EC8000000008F0D1F80EB080BD81B0009000986F
:10EC9000007800F0010001B0704780B56F4684B085
:10ECA000039002910192039809F0ACFE0246029B88
:10ECB00001986946086042F2A960C0F6000049F276
:10ECC0008661C0F6010100F052F804B080BD80B545
:10ECD0006F468AB0089007910692089802900990B2
:10ECE00009F0E9FC01460298069A09F08DFE0798A2
:10ECF00048B1FFE70798009000F004FE0146009835
:10ED00000844019002E001200190FFE70298019978
:10ED100005910799059A00F00BFE09980AB080BD8D
:10ED200080B56F4682B0019000910199009800680B
:10ED3000086048680422FAF727FA02B080BD80B55F
:10ED40006F4682B00190009101990098007800F020
:10ED50000100087048680122FAF716FA02B080BD77
:10ED600081B0009000980021016001B0704780B52B
:10ED70006F468CB0D7F808C00B900A91099208939F
:10ED800005A800F037F80B9B0998BA6806A99847C0
:10ED9000049006980999884203D1FFE70A9809F080
:10EDA000C6FBF2F7EDFD016801202229019005D094
:10EDB000FFE7049800F031F80190FFE70198C007E1
:10EDC00018B1FFE70A9809F0B8FB04980790FFE72D
:10EDD000FFE7089830B1FFE706980999401A0899AB
:10EDE0000860FFE70798009005A800F027F8009852
:10EDF0000CB080BD80B56F4682B001900198009044
:10EE0000F2F7BEFD009900680860F2F7B9FD02460E
:10EE100000980021116002B080BD83B0019001997B
:10EE20000120B1F1004F009003DBFFE700200090CC
:10EE3000FFE7009800F0010003B0704780B56F460F
:10EE400084B00290029801900390F2F799FD006857
:10EE500048B9FFE7019800680090F2F791FD01467C
:10EE600000980860FFE7039804B080BD83B002906B
:10EE7000019100920298019901600099416003B0EC
:10EE8000704780B56F4686B005900491039205984F
:10EE90000190019800900098029002982030049907
:10EEA000039A00F002F806B080BD80B56F4684B0CA
:10EEB00003900291019203980090009803684068C3
:10EEC0000299019A984704B080BD81B000904EF637
:10EED0000970C0F6000001B0704783B00290019144
:10EEE00000920298019901600099416003B0704757
:10EEF00080B56F4682B0019001980090009801683B
:10EF00004068884702B080BD80B56F4682B00190EE
:10EF1000019900F002F802B080BD80B56F4684B060
:10EF200003900291FAF7ADF90190FFE702989C3047
:10EF3000FFF7ABFE60B1FFE702986C3000F03EF8DF
:10EF400001460298821C0020382304F01CFD28E0B2
:10EF500002987C30FFF799FE20B1FFE7029800F09D
:10EF600033F8FFE702988430FFF78FFE20B1FFE708
:10EF7000029800F06FF8FFE702988C30FFF785FEEB
:10EF800020B1FFE7029800F0AFF8FFE70298943055
:10EF9000FFF77BFE20B1FFE7029800F0FDF8FFE7E6
:10EFA000FFE7029800F158010091743000F006F874
:10EFB0000146009801AAF5F779F9B7E781B000900A
:10EFC0000098006801B0704780B56F4682B001902C
:10EFD000019901F1D00000908A8C488C40EA0240EF
:10EFE00000EE100AB3EE002A80EE020A9FED181A16
:10EFF00020EE010ABDEEC00A10EE100A009A108041
:10F000000A8DC88C40EA024000EE100A80EE020A27
:10F0100020EE010ABDEEC00A10EE100A009A5080E0
:10F020008A8D488D40EA024000EE100A80EE020A06
:10F0300020EE010ABDEEC00A10EE100A009A908080
:10F04000C86E41F8CC0F002004F06DFC02B080BD0A
:10F0500000FEFF4680B56F4682B00190019901F134
:10F06000D00000900A8BC88A40EA024000EE100AE5
:10F070009FED1B2A80EE020A9FED1A1A20EE010A6C
:10F08000BDEEC00A10EE100A009A10808A8B488BE1
:10F0900040EA024000EE100A80EE020A20EE010A69
:10F0A000BDEEC00A10EE100A009A50800A8CC88B80
:10F0B00040EA024000EE100A80EE020A20EE010A49
:10F0C000BDEEC00A10EE100A009A9080C86E0130A2
:10F0D00041F8CC0F002004F026FC02B080BD00BF38
:10F0E00058A00B4200FEFF4680B56F4682B00190EB
:10F0F000019901F1D00000900A89C88840EA0240D5
:10F1000000EE100AB0EE002A80EE020A9FED211AEE
:10F1100020EE010ABDEEC00A10EE100A009A10801F
:10F120008A89488940EA024000EE100A80EE020A0D
:10F1300020EE010ABDEEC00A10EE100A009A5080BF
:10F140000A8AC88940EA024000EE100A80EE020AEC
:10F1500020EE010ABDEEC00A10EE100A009A90805F
:10F160008A8A488A40EA024000EE100A80EE020ACB
:10F1700020EE010ABDEEC00A10EE100A009AD080FF
:10F18000C86E043041F8CC0F002004F0CCFB02B074
:10F1900080BD00BF00FEFF4680B56F4682B0019083
:10F1A000019901F1D00000908A8E488E40EA024019
:10F1B00000EE100A9FED1B2A80EE020A9FED1A1A3C
:10F1C00020EE010ABDEEC00A10EE100A009A10806F
:10F1D0000A8FC88E40EA024000EE100A80EE020A52
:10F1E00020EE010ABDEEC00A10EE100A009A50800F
:10F1F0000A8EC88D40EA024000EE100A80EE020A34
:10F2000020EE010ABDEEC00A10EE100A009A9080AE
:10F21000C86E033041F8CC0F002004F084FB02B02C
:10F2200080BD00BFDB0FC94000FEFF4681B00090EB
:10F230004FF23D20C0F6000001B0704780B56F4628
:10F2400082B00190019900F003F802B080BD000087
:10F2500080B56F46AAB02990289149F28E61C0F618
:10F26000010127A84FF0FF32129200F059FA129ACA
:10F2700049F29761C0F6010126A800F06FFA129AD0
:10F2800049F2A061C0F6010125A800F067FA129AC0
:10F2900049F2A961C0F6010124A800F07DFA129A92
:10F2A00049F2F871C0F6010123A800F057FA129A4A
:10F2B00049F2B261C0F6010122A800F04FFAF9F755
:10F2C000E0FF2190FFE7289822300C9000F0A6FA8A
:10F2D0000C99024625A800F07DFA289816300D906A
:10F2E00000F09CFA0D99024626A800F073FA2898BF
:10F2F00006300E9000F092FA0E99024627A800F010
:10F3000097FA289860300F9000F088FA0F9902461B
:10F3100024A800F0B1FA28984830109000F07EFA46
:10F320001099024623A800F055FA28983C30119015
:10F3300000F074FA1199024622A800F04BFA41F647
:10F340001C10C2F2000000680078C00758B1FFE747
:10F35000289822300B9000F061FA0B99024623A8FE
:10F3600000F038FAB8E02898818C408C40EA0140DF
:10F3700000EE100AF0F7CCFF8DED1F0A2898018DE2
:10F38000C08C40EA014000EE100AF0F7C1FF8DED9D
:10F390001E0A9DED1F0A9DED1E1AB4EE410AF1EE04
:10F3A00010FA05DDFFE79DED1F0A8DED0A0A04E066
:10F3B0009DED1E0A8DED0A0AFFE79DED0A0A8DED0F
:10F3C0001D0A1D98209020981C902898818D408DB2
:10F3D00040EA014000EE100AF0F79AFF8DED1B0A9B
:10F3E0009DED1C0A9DED1B1AB4EE410AF1EE10FAD8
:10F3F00005DDFFE79DED1C0A8DED090A04E09DED9A
:10F400001B0A8DED090AFFE79DED090A8DED1A0A29
:10F410001A9820909DED200AB1EE001A80EE010AA4
:10F420008DED200A9DED200A20EE000A8DED200AC8
:10F4300020A89FEDB90AF7EE000ACDED080A05F005
:10F44000F1FF9DED081A28998A8C488C40EA024009
:10F4500000EE100A9DED204A31EE443A91ED122A59
:10F4600022EE042A20EE030A30EE020A10EE100A01
:10F470004884000C888428990A8DC88C40EA024090
:10F4800000EE100A9DED204A31EE443A91ED132A28
:10F4900022EE042A20EE030A30EE020A10EE100AD1
:10F4A000C884000C088528998A8D488D40EA02405E
:10F4B00000EE100A9DED203A31EE432A91ED141A28
:10F4C00021EE031A20EE020A30EE010A10EE100AB5
:10F4D0004885000C8885FFE741F61C10C2F2000049
:10F4E00000684078C00758B1FFE7289816300790A9
:10F4F00000F094F90799024622A800F06BF9B8E0F1
:10F500002898018BC08A40EA014000EE100AF0F70B
:10F51000FFFE8DED180A2898818B408B40EA014050
:10F5200000EE100AF0F7F4FE8DED170A9DED180AB3
:10F530009DED171AB4EE410AF1EE10FA05DDFFE772
:10F540009DED180A8DED060A04E09DED170A8DED7C
:10F55000060AFFE79DED060A8DED160A169819902A
:10F56000199815902898018CC08B40EA014000EE54
:10F57000100AF0F7CDFE8DED140A9DED150A9DEDF4
:10F58000141AB4EE410AF1EE10FA05DDFFE79DED25
:10F59000150A8DED050A04E09DED140A8DED050AAE
:10F5A000FFE79DED050A8DED130A139819909DED67
:10F5B000190A9FED5A1A80EE010A8DED190A9DED88
:10F5C000190A20EE000A8DED190A19A89FED520ABA
:10F5D000F7EE000ACDED040A05F024FF9DED041AB4
:10F5E00028990A8BC88A40EA024000EE100A9DED75
:10F5F000194A31EE443A91ED0F2A22EE042A20EE08
:10F60000030A30EE020A10EE100AC882000C0883CA
:10F6100028998A8B488B40EA024000EE100A9DED43
:10F62000194A31EE443A91ED102A22EE042A20EED6
:10F63000030A30EE020A10EE100A4883000C888399
:10F6400028990A8CC88B40EA024000EE100A9DED12
:10F65000193A31EE432A91ED111A21EE031A20EEE8
:10F66000020A30EE010A10EE100AC883000C08846A
:10F67000FFE72898643000F023F9289910EE100A6B
:10F680004886000C88862898683000F019F9289977
:10F6900010EE100AC886000C08872898603000F029
:10F6A0000FF9289910EE100AC885000C08862899D1
:10F6B000A520087028986C30FFF780FC28994870C6
:10F6C000F9F7DFFD2899020C8A80488028983A21B2
:10F6D000FF2205F039FC289981F83A00289941F673
:10F6E0004000C2F2000001903B220292F2F7A4F91E
:10F6F0000199029A00231846F9F7E8FE289800F1CC
:10F700005C0103917430FFF759FC0146039821AA6C
:10F71000F4F7CCFDD7E500BF0000000058A00B4176
:10F7200080B56F4686B004900391029204980090D1
:10F73000059003980299F5F765FB0190019830B1A7
:10F74000FFE70198F5F718F90099086003E00099C0
:10F7500000200860FFE7059806B080BD80B56F46C1
:10F7600086B004900391029204980090059003984B
:10F770000299F5F747FB0190019830B1FFE7019836
:10F78000F5F7FAF80099086003E000990020086096
:10F79000FFE7059806B080BD80B56F4686B004903F
:10F7A0000391029204980090059003980299F5F74E
:10F7B00029FB0190019830B1FFE70198F5F7DCF8DB
:10F7C0000099086003E0009900200860FFE70598B1
:10F7D00006B080BD80B56F4686B00490039107F8EF
:10F7E0000D2C0498019000F072F878B1FFE70198B1
:10F7F0000068039917F80D2C02F00102F5F7CBF819
:10F80000B0FA80F0400907F8010C03E0002007F887
:10F81000010CFFE717F8010C06B080BD81B0EFF3D3
:10F82000058000900098002818BF012001B07047A3
:10F8300080B56F4686B00490039107F80D2C0498AC
:10F84000019000F04DF878B1FFE701980068039946
:10F8500017F80D2C02F00102F5F79DF8B0FA80F0D0
:10F86000400907F8010C03E0002007F8010CFFE74E
:10F8700017F8010C06B080BD80B56F4686B00490C5
:10F88000039107F80D2C0498019000F032F878B13C
:10F89000FFE701980068039917F80D2C02F00102A8
:10F8A000F5F779F8B0FA80F0400907F8010C03E0A9
:10F8B000002007F8010CFFE717F8010C06B080BD27
:10F8C00081B00090009890ED000A01B0704781B0BF
:10F8D000009000980068002818BF012001B0704710
:10F8E00081B0009000980068002818BF012001B086
:10F8F000704781B0009000980068002818BF012070
:10F9000001B0704780B56F4684B0019001980390B4
:10F91000012028B9FFE7019800F046F8029004E0C2
:10F920000198F2F70DFD0290FFE7029804B080BD48
:10F9300080B56F4686B004900391029204980090BF
:10F94000039800F058F858B1FFE7039802998842ED
:10F9500006D0FFE749F2BE60C0F6010008F0E4FD02
:10F960000398029900F04FF80190019810280ED3E7
:10F97000FFE7009801A9002208F0A6FE01460098C2
:10F9800008F095FE0098019908F097FEFFE70098AF
:10F9900008F08FFE0399029A08F029FF0098019958
:10F9A00008F08DFE06B080BD80B56F4684B0039030
:10F9B00000200290FFE7039802990844002107F80D
:10F9C000091CA7F1090100F009F820B9FFE7029826
:10F9D00001300290EFE7029804B080BD82B0019040
:10F9E00000910198007800990978401AB0FA80F0E7
:10F9F000400902B0704781B000900098B0FA80F0E2
:10FA0000400901B0704780B56F4686B005900491FB
:10FA1000059800900498019005A800F00EF8009851
:10FA2000019900F002F806B080BD83B0019000910A
:10FA300000980199401A03B0704781B0009001B05E
:10FA4000704780B56F4688B00790079804900021F2
:10FA5000039101804180416008300290F3F73EFF3E
:10FA60000498039A0C3049F28E61C0F6010100F04F
:10FA70005CF80498039A103049F2A961C0F60101BC
:10FA800000F07DF80498039941618161C1610162D0
:10FA90002430FFF765F904982830FFF761F90498DE
:10FAA0002C30FFF75DF9049803990163416381638A
:10FAB000C163016441644830019000F08DFA0499FB
:10FAC000024601986B461A604FF6D932C0F6000222
:10FAD00049F2E863C0F6010300F083FA0498039941
:10FAE000703000F0A1FA04980399743000F09CFA89
:10FAF00004980399783000F097FA0298039A0499D1
:10FB00000023CBF680734B618A61CA610A626B463F
:10FB100003221A6049F2ED62C0F601024FF48073CD
:10FB200000F093FA049808B080BD80B56F4686B0A7
:10FB30000490039107F80D2C04980190059017F894
:10FB40000D0CC00760B9FFE7039A49F28C61C0F65B
:10FB5000010100201023F4F739FC019908600BE043
:10FB6000039A49F28B61C0F6010100201023F4F7DB
:10FB70002DFC01990860FFE7059806B080BD80B5AF
:10FB80006F4686B00490039107F80D2C04980190FD
:10FB9000059017F80D0CC00760B9FFE7039A49F20A
:10FBA0008C61C0F6010100200C23F4F70FFC0199D1
:10FBB00008600BE0039A49F28B61C0F60101002056
:10FBC0000C23F4F703FC01990860FFE7059806B0E1
:10FBD00080BD00000000000080B56F46D4B0539097
:10FBE000529151925298012807D1FFE749F2F960EA
:10FBF000C0F60100F3F782FEDFE1529802285FD1E0
:10FC0000FFE75198406849F23F71C0F60101F2F7F1
:10FC1000CBF9002853D1FFE749F24470C0F6010048
:10FC2000F3F76CFE40F6B830F3F72BFE49F26B7039
:10FC3000C0F60100F3F762FE5398243000F03EFA5C
:10FC40008DED500A42F21070F3F71BFE53982430EA
:10FC500000F034FA8DED4F0A9DED4F0A9DED501ADC
:10FC600030EE410A10EE100AF2F76CFF41EC100B77
:10FC700051EC100B9FEDD20B53EC102BF3F7E4F883
:10FC800041EC100B51EC100B9FEDCF0B53EC102BF4
:10FC9000F2F7B0FF41EC100B51EC100B9FEDCC0BC9
:10FCA00053EC102BF2F7A6FF41EC100B53EC102B8A
:10FCB00049F27770C0F60100F3F720FEFFE77BE121
:10FCC0005298042840F07781FFE75198406849F244
:10FCD0008D71C0F60101F2F767F9002840F0C2808B
:10FCE000FFE751988068259047A8279008F017FCF7
:10FCF0002599279A48A82690FEF7E9FF2698002123
:10FD00002A910A222B92FEF7C8FF014626982891D5
:10FD100008F0C8FD279808F003FC28984E905198E9
:10FD2000C06829903FA82D9008F0F9FB29992D9AD9
:10FD300040A82C90FEF7CBFF2C982A992B9AFEF71F
:10FD4000ACFF01462C982E9108F0ACFD2D9808F0E0
:10FD5000E7FB2E9846904698B0F57A7F04DDFFE7E2
:10FD60004FF47A704690FFE74698012803DCFFE7DE
:10FD700002204690FFE7FFE74E98469988423DDD16
:10FD8000FFE75398283000F099F910EE100AF2F7C7
:10FD9000D9FE41EC100B8DED220B53982C3000F066
:10FDA0008DF910EE100AF2F7CDFE41EC100B8DED3F
:10FDB000200B5398243000F081F910EE100AF2F76E
:10FDC000C1FE9DED202B9DED220B41EC110B6846F1
:10FDD00080ED002B80ED021B53EC102B49F292704A
:10FDE000C0F60100F3F78AFD4698F3F74AFDF5F7F0
:10FDF0008FFD46994E98401A4E90BDE75398283093
:10FE000000F05CF910EE100AF2F79CFE41EC100BCA
:10FE10008DED1E0B53982C3000F050F910EE100AA7
:10FE2000F2F790FE41EC100B8DED1C0B5398243033
:10FE300000F044F910EE100AF2F784FE9DED1C2B41
:10FE40009DED1E0B41EC110B684680ED002B80ED03
:10FE5000021B53EC102B49F2AA70C0F60100F3F715
:10FE60004DFDA7E05198406849F2C471C0F6010108
:10FE7000F2F79AF8002840F09C80FFE751988068DC
:10FE8000129037A8149008F04AFB1299149A38A8D7
:10FE90001390FEF71CFF1398002117910A22189265
:10FEA000FEF7FBFE01461398159108F0FBFC149831
:10FEB00008F036FB15983E905198C06816902FA810
:10FEC0001A9008F02CFB16991A9A30A81990FEF790
:10FED000FEFE19981799189AFEF7DFFE0146199849
:10FEE0001B9108F0DFFC1A9808F01AFB1B9836905B
:10FEF0003698B0F57A7F04DDFFE74FF47A703690DC
:10FF0000FFE73698012803DCFFE702203690FFE781
:10FF1000FFE73E98369988424ADDFFE753994869E2
:10FF20008A690692CA690892096A0A91F2F70AFE7A
:10FF30000246069807920A46079942EC101B8DED7F
:10FF4000100BF2F7FFFD0246089809920A4609993C
:10FF500042EC101B8DED0E0BF2F7F4FD02460A98F1
:10FF60000B920A460B9942EC101B8DED0C0BF2F72D
:10FF7000E9FD9DED0C2B9DED0E1B9DED100B41EC55
:10FF8000130B684680ED043B80ED022B80ED001BD7
:10FF900053EC102B49F2CF70C0F60100F3F7AEFC22
:10FFA0003698F3F76EFC36993E98401A3E90B0E7CB
:10FFB000FFE7FFE7FFE7FFE7FFE7002054B080BD62
:10FFC000182D4454FB2109400000000000806640C9
:10FFD000000000000000084080B56F46F6F757F8B3
:10FFE00080BD80B56F4688B0D7F808C007900691ED
:10FFF000059204930798039020300599069A00F023
:020000040801F1
:10000000BFFC039804996A4600235360136040F6CE
:100010009712C0F60102F5F77CF80398B968F5F776
:1000200085F8039808B080BD80B56F4684B0039012
:1000300002910398019002994FF0FF3006F0B4FB53
:1000400001460198016004B080BD80B56F468EB056
:100050008446B868CDF830C00B910A92099307F82E
:10006000150C0C9804900DA8039000F0B8FC082023
:1000700006F0C6F901460398079100F0B0FC01466E
:100080000B9A05A800F0B3FCDDF810E0079905987D
:10009000069A4A600860079B0A99BDF8242017F861
:1000A000150CEC46CCF804E0CCF8000040F6052036
:1000B000C0F6010006F0B8FE0EB080BD81B0009021
:1000C000009890ED000A01B070470000F0B503AF52
:1000D0002DE9000F91B010908DED0F0A1099079146
:1000E00041F6D800C2F200000068008848804888C5
:1000F0000988884206DBFFE7079948880988401A83
:10010000069008E0079801884088401A4FF6FF7172
:1001100008440690FFE7069880B200EE100AB8EE99
:10012000400A9FED631A80EE010A8DED0E0A9DEDE7
:100130000E0A9FED601AB4EE410AF1EE10FA0EDDE0
:10014000FFE79DED0E0A9FED5C1AB4EE410AF1EE59
:1001500010FA04D5FFE707990E98486006E048F6C4
:100160005670C0F60100F3F7C9FBFFE70798418816
:100170000180016B0D91416B0C91816B0B91C16BF7
:100180000A91016C0991416C08919DED0A3A9DED2F
:10019000094A90ED060A90ED072A90ED081A22EE22
:1001A000042A20EE430A30EE420A9DED082A21EE91
:1001B000021A30EE410AB6EE001A20EE010A41F6AC
:1001C0007C01C2F2000181ED000A9DED0A4A9DED1D
:1001D000085A90ED050A90ED073A90ED082A23EEB3
:1001E000053A20EE040A30EE030A9DED093A22EEAC
:1001F000032A30EE420A20EE010A41F68001C2F2E3
:10020000000181ED000A9DED094A9DED085A90ED2F
:10021000052A90ED063A90ED080A23EE053A22EE03
:10022000042A32EE432A9DED0A3A20EE030A30EE0C
:10023000020A20EE010A41F68401C2F2000181EDBA
:10024000000A9DED084A9DED095A90ED050A90EDD2
:10025000063A90ED072A23EE053A20EE040A30EE26
:10026000030A9DED0A3A22EE032A30EE420A20EEFE
:10027000010A41F68800C2F2000080ED000A9DEDFF
:100280000D0AB5EE400AF1EE10FA17D1FFE79DED29
:100290000C0AB5EE400AF1EE10FA0FD1FFE79DED22
:1002A0000B0AB5EE400AF1EE10FA00F0078205E005
:1002B000002474496F12033AA69BC43ADDF81C80EF
:1002C0009DED0D0A9DED0C1A21EE011A20EE000A9B
:1002D00030EE011A9DED0B0A20EE000A30EE010A05
:1002E00005F04AF841F68C00C2F20000019080ED62
:1002F000000A90ED001A9DED0D0A20EE010A8DED29
:100300000D0A90ED001A9DED0C0A20EE010A8DED0C
:100310000C0A90ED001A9DED0B0A20EE010A8DEDFE
:100320000B0A98ED050A30EE000A41F6900AC2F277
:10033000000A8AED000A98ED060A30EE000A41F63E
:10034000940EC2F2000E8EED000A98ED070A30EE10
:10035000000A41F69800C2F2000080ED000A98ED14
:10036000080A30EE000A41F69C06C2F2000686ED4D
:10037000000A98ED050AB1EE003A20EE030A41F6B4
:10038000A004C2F2000484ED000A98ED060A20EEF3
:10039000030A41F6A403C2F2000383ED000A98EDBC
:1003A000070A20EE030A41F6A809C2F2000989ED06
:1003B000000A98ED060AB2EE001A20EE010A41F694
:1003C000AC02C2F2000282ED000A98ED070A20EEAC
:1003D000010A41F6B001C2F2000181ED000A98ED78
:1003E000050A20EE000A41F6B40BC2F2000B8BEDB9
:1003F000000A98ED060A20EE000A41F6B805C2F29E
:10040000000585ED000A98ED070A20EE000A41F686
:10041000BC0CC2F2000C8CED000A98ED080A20EE2C
:10042000000A41F6C008C2F2000888ED000A94ED07
:10043000000A9CED001A90ED002A9DED0D4A22EE77
:10044000042A20EE011A31EE021A95ED002A20EE60
:10045000020A30EE010A9EED001A9DED0C2A21EEF3
:10046000021A30EE410A41F6C404C2F200040294BA
:1004700084ED000A079C93ED000A029B98ED001A98
:1004800096ED002A9DED0D4A22EE042A20EE011A77
:1004900031EE422A9BED001A21EE031A94ED064A32
:1004A00021EE041A31EE021A9AED002A9DED0C4A53
:1004B00022EE042A31EE421A31EE404A92ED001A41
:1004C00095ED002A21EE022A32EE042A9CED004A24
:1004D00021EE041A31EE021A9DED0B2A20EE020ADB
:1004E00030EE010A41F6C802C2F20002039282ED28
:1004F000000A9BED000A20EE030A94ED072A9AED0C
:10050000001A9DED0D4A21EE041A20EE020A30EE8B
:10051000012A99ED000A98ED001A20EE011A31EE39
:10052000021A96ED002A9DED0C4A22EE042A31EEC5
:10053000421A31EE404A91ED001A95ED002A21EE63
:10054000022A32EE042A9CED004A21EE041A31EE12
:10055000021A9DED0B2A20EE020A30EE010A41F646
:10056000CC01C2F20001049181ED000A95ED000A70
:1005700020EE030A94ED082A9EED001A9DED0D4A27
:1005800021EE041A20EE020A30EE411A9CED000A18
:1005900020EE030A20EE020A30EE010A90ED001A66
:1005A0009DED0C2A21EE021A30EE410A41F6D000F0
:1005B000C2F20000059080ED000A93ED000A92ED72
:1005C000001A21EE011A20EE000A30EE011A91ED18
:1005D000000A20EE000A30EE011A90ED000A20EE2B
:1005E000000A30EE010A04F0C7FEDDF804C0029BE9
:1005F000039A049905988CED000A9CED001A93ED7E
:10060000000A20EE010A83ED000A9CED001A92ED2B
:10061000000A20EE010A82ED000A9CED001A91ED1D
:10062000000A20EE010A81ED000A9CED001A90ED0F
:10063000000A20EE010A80ED000A9DED0F1A93EDED
:10064000002A41F67C03C2F2000393ED000A21EE7A
:10065000021A30EE410A83ED000A9DED0F1A92ED69
:10066000002A41F68002C2F2000292ED000A21EE59
:10067000021A30EE410A82ED000A9DED0F1A91ED4B
:10068000002A41F68401C2F2000191ED000A21EE38
:10069000021A30EE410A81ED000A9DED0F1A90ED2D
:1006A000002A41F68800C2F2000090ED000A21EE17
:1006B000021A30EE410A80ED000AFFE7079841F682
:1006C0007C01C2F2000191ED000A90ED012A90ED4B
:1006D000051A20EE020A30EE010A80ED050A41F605
:1006E0008001C2F2000191ED000A90ED012A90ED27
:1006F000061A20EE020A30EE010A80ED060A41F6E3
:100700008401C2F2000191ED000A90ED012A90ED02
:10071000071A20EE020A30EE010A80ED070A41F6C0
:100720008801C2F2000191ED000A90ED012A90EDDE
:10073000081A20EE020A30EE010A80ED080A90ED58
:10074000052A90ED063A90ED071A90ED080A23EE7F
:10075000033A22EE022A32EE032A21EE011A31EE8A
:10076000021A20EE000A30EE010A04F005FE079896
:1007700041F68C01C2F2000181ED000A91ED001AF0
:1007800090ED050A20EE010A80ED050A91ED001AB0
:1007900090ED060A20EE010A80ED060A91ED001A9E
:1007A00090ED070A20EE010A80ED070A91ED001A8C
:1007B00090ED080A20EE010A80ED080A11B0BDE8AC
:1007C000000FF0BD80B56F468CB00B900B98009079
:1007D00090ED050A90ED062A90ED071A90ED083A83
:1007E00021EE031A20EE020A30EE010A30EE000A72
:1007F0008DED0A0A90ED060A90ED071A21EE011A16
:1008000020EE000A30EE010A30EE001AB7EE000AC0
:100810008DED010A30EE410A8DED090A9DED0A0ABF
:10082000DDED090AEFF714FE00988DED080A283077
:1008300008A900F06FF8009890ED050A90ED063ACF
:1008400090ED072A90ED081A21EE031A20EE020A15
:1008500030EE410A30EE000A8DED070A9DED070AE1
:10086000EFF756FD9DED011AB4EE410AF1EE10FAD4
:100870000EDBFFE7DDED070A9FED250AEFF704FD2C
:1008800000988DED060A2C3006A900F043F80BE025
:100890009DED070AEFF7A8FD00988DED050A2C30B5
:1008A00005A900F037F8FFE7009890ED050A90EDF4
:1008B000061A90ED073A90ED082A21EE031A20EE71
:1008C000020A30EE010A30EE000A8DED040A90EDC6
:1008D000070A90ED081A21EE011A20EE000A30EE08
:1008E000010A30EE001AB7EE000A30EE410A8DED33
:1008F000030A9DED040ADDED030AEFF7A9FD009858
:100900008DED020A243002A900F004F80CB080BD7D
:10091000DB0FC93F80B56F4684B003900291039806
:100920000190029890ED000A00F006F8019880ED21
:10093000000A04B080BD000080B56F4682B08DED26
:10094000010A9DED010ADFED0D0AEFF783FD8DED44
:10095000010A9DED010AB5EE400AF1EE10FA09D543
:10096000FFE79DED010A9FED051A30EE010A8DEDBE
:10097000010AFFE79DED010A02B080BDDB0FC9400F
:1009800083B0029001910092029801990160009950
:10099000416003B0704780B56F4686B00590049102
:1009A0000392059801900198009000980290029897
:1009B00020300499039A00F002F806B080BD80B59B
:1009C0006F4684B0039002910192039800900098C2
:1009D000036840680299019A984704B080BD81B0CD
:1009E000009040F61D20C0F6010001B0704783B0B2
:1009F0000290019100920298019901600099416072
:100A000003B0704780B56F4682B0019001980090A6
:100A1000009801684068884702B080BD80B56F4685
:100A200082B00190019900F003F802B080BD00008F
:100A300080B56F4698B01790169149F2F871C0F6DC
:100A40000101099115A84FF0FF320892FEF786FECA
:100A5000089A49F2A061C0F6010114A8FEF77EFED3
:100A6000089A49F2B261C0F601010B9113A8FEF792
:100A700075FE099800F080F8014610A80A9000F071
:100A800085F80A98169900F089F80B9800F074F828
:100A900001460EA80C9000F079F80C98169900F019
:100AA000A9F80A20F2F7EDFEFFE7169878304FF02C
:100AB000FF3100F0CBF816987030002100F0C6F836
:100AC00058B1FFE716983030079000F0FFF807990B
:100AD000024614A8FEF77EFEFFE716987430002148
:100AE00000F0B4F858B1FFE716983C30069000F0DB
:100AF000EDF80699024613A8FEF76CFEFFE716987C
:100B00003030059000F0E2F80599024615A8FEF78E
:100B100061FEF8F7B6FB40F6C511884206D3FFE741
:100B200016989FED140AFFF7D1FA05E01698B7EE74
:100B3000000AFFF7CBFAFFE71698FFF743FE169877
:100B400000F10C0102911430019000F0BFF80199FE
:100B50000246029800F0C4F8169800F110010491C2
:100B60002430039000F0B2F803990246049800F094
:100B7000D0F89AE70AD7233C80B56F4682B001903F
:100B800001980021F4F73EF902B080BD82B00190D7
:100B9000009101980099016002B0704780B56F46DE
:100BA00088B0069005910698019007A8009000F083
:100BB000C9F8082005F024FC01460098049100F0D3
:100BC000C1F80146059A02A800F0C4F80198049AF9
:100BD0000299039B536011600068049B49F2DC7129
:100BE000C0F6010140F66B52C0F60102F3F7EEFBCE
:100BF00008B080BD80B56F4688B006900591069814
:100C0000019007A8009000F008F9082005F0F8FB13
:100C100001460098049100F000F90146059A02A8E7
:100C200000F098F80198049A0299039B53601160B0
:100C30000068049B49F2DC71C0F6010140F66B527A
:100C4000C0F60102F3F7C2FB08B080BD80B56F4665
:100C500088B00590049105980190EFF30580079006
:100C6000079860B9FFE701980068049905F07CFFD8
:100C70000138B0FA80F0400907F8050C22E001982D
:100C800000210391006803AA06F056F80138B0FA73
:100C900080F040090290039860B1FFE74EF60451DE
:100CA000CEF200014FF080500860BFF34F8FBFF3CA
:100CB0006F8FFFE702980138B0FA80F0400907F81B
:100CC000050CFFE717F8050C08B080BD81B0EFF305
:100CD000058000900098002818BF012001B07047DF
:100CE00080B56F4684B00390029107F8092C0398F1
:100CF0000068029917F8092C02F001026B461A608D
:100D000010220123F3F7F9FDB0FA80F0400904B096
:100D100080BD80B56F4684B00390029107F8092C1E
:100D200003980068029917F8092C02F001026B463B
:100D30001A600C220123F3F7E0FDB0FA80F04009BD
:100D400004B080BD81B0009040F69150C0F6010023
:100D500001B0704783B0029001910092029801990E
:100D600001600099416003B0704780B56F4684B060
:100D700003900291029801900398406800900199B5
:100D800000980A684968904780F0010004B080BD6F
:100D900080B56F4682B0019000910199009A00F0F1
:100DA00002F802B080BD80B56F4684B00390029116
:100DB00001920198703000F003F8012004B080BD6A
:100DC00080B56F4684B0029002980090EFF30580E2
:100DD00003900398B8B1FFE70098002101910068E3
:100DE00001A905F053FE019860B1FFE74EF60451EA
:100DF000CEF200014FF080500860BFF34F8FBFF379
:100E00006F8FFFE707E000980068002319461A4635
:100E100005F0E6FCFFE704B080BD81B0009040F62D
:100E20002B60C0F6010001B0704780B56F4682B0FC
:100E3000019000910199009A00F002F802B080BD83
:100E400080B56F4684B0039002910192019878308A
:100E5000FFF7B6FF01987430FFF7B2FF012004B02E
:100E600080BD80B56F4686B00590049105980190CD
:100E7000049A116852684260016000210172417257
:100E80000499496800F005F801460198C16006B070
:100E900080BD80B56F4688B00690059107A8009088
:100EA00000F033F8082005F0ABFA014600980491F1
:100EB00000F02BF80146069A02A800F02EF80499DB
:100EC0000298039A4A6008601420F2F7ECFC019043
:100ED000019900204881059801990881019940F6FF
:100EE0003170C0F6010048600498019908600199CA
:100EF0000120087340F2C850C2F200000068019956
:100F000000F022F8019808B080BD81B0009040F652
:100F10007570C0F6010001B0704783B00290019176
:100F200000920298019901600099416003B07047F6
:100F300080B56F4682B001900198009000980168DA
:100F40004068884702B080BD80B56F4684B003908A
:100F500002910398009004300190F3F7B5F90099DD
:100F600002981030F3F7B1FD0198F3F7BCF90120B6
:100F700004B080BD80B56F4682B00190019900F049
:100F800002F802B080BD80B56F4682B0019000913A
:100F90000098407AC00768B9FFE700990878097A95
:100FA00001F0010104F025FE00990A7A0120904326
:100FB00008721DE041F6D400C2F200000078C007BC
:100FC00068B1FFE700990878097A01F0010104F09F
:100FD00010FE00990A7A012090430872FFE741F65B
:100FE000D401C2F200010A78012090430870FFE7A3
:100FF00002B080BD80B56F4682B0019007F8051C35
:1010000017F8050C28B9FFE70220002104F0F1FDD4
:1010100004E00320002104F0ECFDFFE702B080BDF6
:1010200080B56F4682B0019007F8051C17F8050CD3
:1010300028B9FFE70220012104F0DBFD04E00320D2
:10104000012104F0D6FDFFE702B080BD80B56F46F8
:1010500084B0039007F8051C07F8062C07F8073C36
:101060000398019001200090F2F70BFC019817F80B
:10107000051CFFF7BFFF009817F8061C17F8072C90
:1010800004F02FFE019817F8051CFFF7C9FF04B004
:1010900080BD80B56F4688B0069007F8091C07F838
:1010A0000A2C0698049017F80A0C40F0800041F6CC
:1010B000DC01C2F200010391087001200290F2F7F6
:1010C000E0FB049817F8091CFFF794FF0298039AB5
:1010D00017F80A1C6B461860022304F024FE0498DB
:1010E00017F8091CFFF79CFF17F8090C40B9FFE738
:1010F00041F6DC00C2F20000407807F8010C07E07E
:1011000041F6DC00C2F20000007807F8010CFFE7AE
:1011100017F8010C08B080BD80B56F4686B08446D4
:10112000B868CDF814C007F8051C07F8062C03931F
:1011300007F80D0C059817F8051CFFF75BFF17F86B
:10114000061C039A17F80D3CEC460020CCF8000072
:10115000012004F0E8FD06B080BD80B56F4696B072
:101160001490139114980990159000210891018012
:10117000083049F2DE71C0F6010100F0D0F809989C
:101180000899139A02677430FEF74EFF0998089980
:101190007830FEF749FF099808997C30FEF744FF44
:1011A000099808998030FEF73FFF09980899843024
:1011B000FEF73AFF09980899C0F888108C30F2F7CA
:1011C0008DFB09989030F2F789FB0998089A9430C2
:1011D00049F2F871C0F6010100F0C6F80998089AC2
:1011E000983049F2B261C0F6010100F0BDF80998EB
:1011F000C0300790F4F752FF0999024607986B46F2
:101200001A6041F2C132C0F6010249F2EA73C0F637
:10121000010301F013FB0998E83040F2E401C2F247
:101220000001B2EE040A03F0C4FE0898099981F89F
:101230005C01062081F85D0101F5B07001F5F871DF
:101240000A910B90FFE70B980A9A00214161016116
:10125000C16081604160016000F11801084691425F
:101260000B90F0D1FFE70999002081F8F00101F21D
:10127000F11001F5FB7105910690FFE70699059ABB
:10128000002001F8010B0491084691420690F5D127
:10129000FFE7099841F6D801C2F200010860042076
:1012A000029004F093FC0520039004F08FFC11A839
:1012B00001F0E7FA099A0146029804F049FC10A8E7
:1012C00001F0E7FA099A0146039804F041FC12A8DC
:1012D00001F0E7FA099B02460121084604F0CDFC23
:1012E000FFE7099801F0E5FA20B9FFE70120F2F7DE
:1012F000C8FAF6E70998322101F068FB099901F173
:101300008C006B4605221A6049F2F172C0F60102A8
:101310004FF4807301F096FB159816B080BD80B530
:101320006F4686B004900391049902910591039849
:1013300008660398F7F7F4FE602806D1FFE70299E4
:1013400003986022F7F7FFFE0BE00298002160226D
:101350000192F0F787FC0299019A0398F7F714FFBE
:10136000FFE7059806B080BD80B56F4686B0049053
:10137000039107F80D2C04980190059017F80D0CB7
:10138000C00760B9FFE7039A49F28C61C0F601011A
:1013900000200C23F3F71AF8019908600BE0039A78
:1013A00049F28B61C0F6010100200C23F3F70EF81F
:1013B00001990860FFE7059806B080BD00000000B5
:1013C000D0B502AFADF5906D47F8100C47F8141C7E
:1013D00047F8182C49F6E421C0F60101A7F15000A6
:1013E000B1E80C50A0E80C50B1E81C50A0E81C502B
:1013F00091E81C5080E81C5057F8140C012814D1B7
:10140000FFE749F60400C0F60100F2F777FA49F663
:101410004800C0F60100F2F771FA49F66200C0F622
:101420000100F2F76BFA01F000BA57F8140C022829
:1014300041F08280FFE757F8180C406849F67601C2
:10144000C0F60101F0F7B0FD78BBFFE7002047F8D8
:10145000540CFFE757F8540C022824DCFFE757F838
:10146000100C57F8541C00EB411090ED020B90ED5E
:10147000041B90ED062B90ED083B684680ED043B85
:1014800080ED022B80ED001B53EC102B49F69A00E7
:10149000C0F60100F2F732FAFFE757F8540C0130BA
:1014A00047F8540CD6E701F046B857F8180C4068D6
:1014B00049F67B01C0F60101F0F776FD002840F007
:1014C0006585FFE7002047F8580CFFE757F8580CF0
:1014D000052831DCFFE757F8100C57F8581C084472
:1014E00090F8F001C007A8B9FFE757F8581CA7F11A
:1014F000500001F0E0FA01F0E9FA014649F68400F3
:10150000C0F60100F2F7FAF94FF0FF3047F80C0C83
:1015100001F08FB9FFE757F8580C013047F8580C25
:10152000D4E700BF00BF00BF000000000000004083
:10153000000000000000184057F8100CC29090ED19
:10154000581B90ED5E0B51EC110B53EC102BF1F787
:1015500099F941EC100B51EC100B1FED0D0B53ECF6
:10156000102BE393E292F1F76FFC0246C298C3920C
:101570000A46C39942EC101B80ED020B57F8100C81
:10158000C49090ED641B90ED6A0B51EC110B53EC81
:10159000102BF1F777F9E29AE39B41EC100B51EC39
:1015A000100BF1F751FC0246C498C5920A46C59942
:1015B00042EC101B80ED040B57F8100CC69090ED18
:1015C000701B90ED760B51EC110B53EC102BF1F7D7
:1015D00059F9E29AE39B41EC100B51EC100BF1F737
:1015E00033FC0246C698C7920A46C79942EC101BC4
:1015F00080ED060B57F8100CCE9090ED581B90ED37
:101600005E0B90ED642B8DEDC82B90ED6A2B8DED6C
:10161000CA2B51EC110B53EC102BF1F735F99DED62
:10162000C80B41EC110B51EC110B53EC102BF1F7E3
:101630002BF99DEDCA0B41EC110B51EC110B53EC46
:10164000102BF1F721F90246CE98CC920A46CC999C
:1016500042EC111B90ED700B51EC110B53EC102B65
:10166000F1F712F90246CE98CD920A46CD9942EC96
:10167000111B90ED760B51EC110B53EC102BF1F785
:1016800003F941EC100B51EC100B1FED570B53EC11
:10169000102BEE93ED92F1F7D7FB0246CE98CF9246
:1016A0000A46CF9942EC101B80ED080B57F8100C3E
:1016B000D09090ED5A1B90ED600B51EC110B53EC58
:1016C000102BF1F7DFF8E29AE39B41EC100B51ECA1
:1016D000100BF1F7B9FB0246D098D1920A46D19986
:1016E00042EC101B80ED0A0B57F8100CD29090EDD5
:1016F000661B90ED6C0B51EC110B53EC102BF1F7BA
:10170000C1F8E29AE39B41EC100B51EC100BF1F79E
:101710009BFB0246D298D3920A46D39942EC101B07
:1017200080ED0C0B57F8100CD49090ED721B90EDDF
:10173000780B51EC110B53EC102BF1F7A3F8E29A54
:10174000E39B41EC100B51EC100BF1F77DFB0246D3
:10175000D498D5920A46D59942EC101B80ED0E0B19
:1017600057F8100CDC9090ED5A1B90ED600B90ED4B
:10177000662B8DEDD62B90ED6C2B8DEDD82B51EC8F
:10178000110B53EC102BF1F77FF89DEDD60B41ECCC
:10179000110B51EC110B53EC102BF1F775F89DED7B
:1017A000D80B41EC110B51EC110B53EC102BF1F752
:1017B0006BF80246DC98DA920A46DA9942EC111B81
:1017C00090ED720B51EC110B53EC102BF1F75CF810
:1017D0000246DC98DB920A46DB9942EC111B90ED45
:1017E000780B51EC110B53EC102BF1F74DF8ED9AEF
:1017F000EE9B41EC100B51EC100BF1F725FB024670
:10180000DC98DD920A46DD9942EC101B80ED100B4E
:1018100057F8100CDE9090ED5C1B90ED620B51ECD4
:10182000110B53EC102BF1F72DF8E29AE39B41ECEE
:10183000100B51EC100BF1F707FB0246DE98DF921C
:101840000A46DF9942EC101B80ED120B57F8100C82
:10185000E09090ED681B90ED6E0B51EC110B53EC8A
:10186000102BF1F70FF8E29AE39B41EC100B51ECCF
:10187000100BF1F7E9FA0246E098E1920A46E19985
:1018800042EC101B80ED140B57F8100CE49090ED17
:10189000741B90ED7A0B51EC110B53EC102BF0F7FD
:1018A000F1FFE29AE39B41EC100B51EC100BF1F7C6
:1018B000CBFA0246E498E5920A46E59942EC101B01
:1018C00080ED160B57F8100CEF9090ED5C1B90ED2F
:1018D000620B90ED682B8DEDE62B90ED6E2B8DED70
:1018E000E82B51EC110B53EC102BF0F7CDFF9DEDD5
:1018F000E60B41EC110B51EC110B53EC102BF0F7F4
:10190000C3FF9DEDE80B41EC110B51EC110B53ECB7
:10191000102BF0F7B9FF0246EF98EB920A46EB99CD
:1019200042EC111B90ED740B51EC110B53EC102B8E
:10193000F0F7AAFF0246EF98EC920A46EC9942ECC7
:10194000111B90ED7A0B51EC110B53EC102BF0F7AF
:101950009BFFED9AEE9B41EC100B51EC100BF1F755
:1019600073FA0246EF98F0920A46F09942EC101B87
:1019700080ED180B49F69300C0F6010047F85C0CA7
:10198000002047F8600CFFE757F8600C022827DCBE
:10199000FFE757F85C0C57F8602C815C57F8100C87
:1019A00000EB421090ED020B90ED041B90ED062B26
:1019B00090ED083B684680ED043B80ED022B80ED06
:1019C000001B53EC102B49F69700C0F60100F1F70D
:1019D00095FFFFE757F8600C013047F8600CD3E73C
:1019E00049F6A800C0F60100F1F788FF57F8102C5F
:1019F000629292ED580B51EC100B92ED020B92EDAE
:101A0000081B8DED581B92ED0A1B8DED5A1B92EDB4
:101A1000101B8DED5E1B53EC102BF0F733FF9DED8B
:101A2000580B41EC110B51EC110B53EC102BF0F750
:101A300029FF9DED5A0B024662985D920A465D9918
:101A400042EC111B8DED661B90ED5A1B51EC110BF6
:101A500053EC102BF0F716FF9DED5E0B41EC110BD4
:101A600051EC110B53EC102BF0F70CFF024662986F
:101A700061920A46619942EC101B8DED640B90ED6A
:101A80005C1B90ED120B51EC110B53EC102BF0F78B
:101A9000F9FE0246629863920A46639942EC111B72
:101AA00090ED180B51EC110B53EC102BF0F7EAFEF4
:101AB0009DED641B9DED660B41EC120B684680EDBD
:101AC000022B80ED001B53EC102B49F6B100C0F641
:101AD0000100C090F1F712FF57F8102C729292EDAE
:101AE000580B51EC100B92ED020B92ED081B8DED93
:101AF000681B92ED0A1B8DED6A1B92ED101B8DED9C
:101B00006E1B53EC102BF0F7BFFE9DED680B41EC04
:101B1000110B51EC110B53EC102BF0F7B3FE9DEDB4
:101B20006A0B024672986D920A466D9942EC111B3F
:101B30008DED761B90ED5A1B51EC110B53EC102BD5
:101B4000F0F7A2FE9DED6E0B41EC110B51EC110B69
:101B500053EC102BF0F796FE0246729871920A46EB
:101B6000719942EC101B8DED740B90ED5C1B90EDA8
:101B7000120B51EC110B53EC102BF0F785FE0246C3
:101B8000729873920A46739942EC111B90ED180BF0
:101B900051EC110B53EC102BF0F774FE9DED741B00
:101BA0009DED760B0246C09879920A46799942ECEF
:101BB000121B694681ED022B81ED001B53EC102BAB
:101BC000F1F79CFE57F8102C849292ED5E0B51ECCD
:101BD000100B92ED040B92ED081B8DED7A1B92ED2C
:101BE0000C1B8DED7C1B92ED101B8DED801B53ECBF
:101BF000102BF0F747FE9DED7A0B41EC110B51ECE9
:101C0000110B53EC102BF0F73DFE9DED7C0B0246C3
:101C100084987F920A467F9942EC111B8DED881BB8
:101C200090ED601B51EC110B53EC102BF0F72AFEDA
:101C30009DED800B41EC110B51EC110B53EC102B73
:101C4000F0F720FE0246849883920A46839942EC7C
:101C5000101B8DED860B90ED621B90ED140B51EC7B
:101C6000110B53EC102BF0F70DFE02468498859271
:101C70000A46859942EC111B90ED180B51EC110BA3
:101C800053EC102BF0F7FEFD9DED861B9DED880BB0
:101C90000246C0988B920A468B9942EC121B694609
:101CA00081ED022B81ED001B53EC102BF1F726FE8A
:101CB00057F8102C969292ED5E0B51EC100B92EDB2
:101CC000040B92ED081B8DED8C1B92ED0C1B8DED22
:101CD0008E1B92ED101B8DED921B53EC102BF0F729
:101CE000D3FD9DED8C0B41EC110B51EC110B53EC22
:101CF000102BF0F7C7FD9DED8E0B02469698919242
:101D00000A46919942EC111B8DED9A1B90ED601BD8
:101D100051EC110B53EC102BF0F7B6FD9DED920B2F
:101D200041EC110B51EC110B53EC102BF0F7AAFD09
:101D30000246969895920A46959942EC101B8DEDB5
:101D4000980B90ED621B90ED140B51EC110B53ECC2
:101D5000102BF0F799FD0246969897920A469799AC
:101D600042EC111B90ED180B51EC110B53EC102BA6
:101D7000F0F788FD9DED981B9DED9A0B0246C098EB
:101D80009D920A469D9942EC121B694681ED022BF9
:101D900081ED001B53EC102BF1F7B0FD57F8102C20
:101DA000A89292ED640B51EC100B92ED060B92EDA4
:101DB000081B8DED9E1B92ED0E1B8DEDA01B92ED71
:101DC000101B8DEDA41B53EC102BF0F75BFD9DED6C
:101DD0009E0B41EC110B51EC110B53EC102BF0F757
:101DE00051FD9DEDA00B0246A898A3920A46A39927
:101DF00042EC111B8DEDAC1B90ED661B51EC110BF1
:101E000053EC102BF0F73EFD9DEDA40B41EC110BB4
:101E100051EC110B53EC102BF0F734FD0246A8984F
:101E2000A7920A46A79942EC101B8DEDAA0B90EDE4
:101E3000681B90ED160B51EC110B53EC102BF0F7C7
:101E400021FD0246A898A9920A46A99942EC111BC5
:101E500090ED180B51EC110B53EC102BF0F712FD19
:101E60009DEDAA1B9DEDAC0B0246C098AF920A46B1
:101E7000AF9942EC121B694681ED022B81ED001BEC
:101E800053EC102BF1F73AFD57F8102CBA9292ED63
:101E9000640B51EC100B92ED060B92ED081B8DEDCF
:101EA000B01B92ED0E1B8DEDB21B92ED101B8DED54
:101EB000B61B53EC102BF0F7E7FC9DEDB00B41EC9B
:101EC000110B51EC110B53EC102BF0F7DBFC9DEDDB
:101ED000B20B0246BA98B5920A46B59942EC111B6C
:101EE0008DEDBE1B90ED661B51EC110B53EC102BCE
:101EF000F0F7CAFC9DEDB60B41EC110B51EC110B48
:101F000053EC102BF0F7BEFC0246BA98B9920A4681
:101F1000B99942EC101B8DEDBC0B90ED681B90ED58
:101F2000160B51EC110B53EC102BF0F7ADFC0246E5
:101F3000BA98BB920A46BB9942EC111B90ED180B64
:101F400051EC110B53EC102BF0F79CFC9DEDBC1BDE
:101F50009DEDBE0B0246C098C1920A46C19942EC63
:101F6000121B694681ED022B81ED001B53EC102BF7
:101F7000F1F7C4FC49F6C200C0F60100F1F7BEFC5F
:101F800057F8100C083000F0A7FDD3E257F8180CF2
:101F9000406849F2E571C0F60101F0F705F8002844
:101FA00040F0C782FFE757F8100C90ED220A9FED32
:101FB000B21A30EE010AEEF7ABF99FEDB01AB4EEAB
:101FC000410AF1EE10FA16DDFFE757F8100CD0F8D1
:101FD0008800F0F7B7FD41EC100B53EC102B49F6DD
:101FE000E000C0F60100F1F789FC4FF0FF3047F840
:101FF0000C0C00F01EBC57F8100CD0F89C00F0F749
:10200000A1FD41EC100B9FED9E1B53EC112B51ECED
:10201000100BF1F77FF830B1FFE757F8101C0020E4
:1020200081F85D0187E057F8100CD0F89C00F0F7BC
:1020300089FD41EC100B9FED941B53EC112B51ECDF
:10204000100BF1F749F830B1FFE757F8101C0120E9
:1020500081F85D016EE057F8100CD0F8A000F0F7A1
:1020600071FD41EC100B9FED861B53EC112B51ECD5
:10207000100BF1F74FF830B1FFE757F8101C0220B2
:1020800081F85D0155E057F8100CD0F8A000F0F78A
:1020900059FD41EC100B9FED7C1B53EC112B51ECC7
:1020A000100BF1F719F830B1FFE757F8101C0320B7
:1020B00081F85D013CE057F8100CD0F8A400F0F76F
:1020C00041FD41EC100B9FED6E1B53EC112B51ECBD
:1020D000100BF1F71FF830B1FFE757F8101C042080
:1020E00081F85D0123E057F8100CD0F8A400F0F758
:1020F00029FD41EC100B9FED641B53EC112B51ECAF
:10210000100BF0F7E9FF30B1FFE757F8101C05207E
:1021100081F85D010AE049F6F500C0F60100F1F72B
:10212000EDFB4FF0FF3047F80C0C82E3FFE7FFE7D1
:10213000FFE7FFE7FFE757F8100C90F85D11A7F1F4
:10214000500000F0B8FC00F0C1FC014649F60D104B
:10215000C0F60100F1F7D2FB002047F8640CFFE75E
:1021600057F8640C042817DCFFE757F8640CC0F13B
:10217000050149F61710C0F60100F1F7BFFB4FF457
:102180007A70F1F77EFBF3F7C3FBFFE757F8640CB7
:10219000013047F8640CE3E749F62310C0F601006C
:1021A0000521F1F7ABFB57F8100C90F85D1101EB2E
:1021B000410100EBC1010020C1F87401C1F87001B8
:1021C00057F8101C91F85D2102EB420201EBC201AD
:1021D000C1F86C01C1F8680157F8101C91F85D2135
:1021E00002EB420201EBC201C1F86401C1F86001D7
:1021F00047F8680CFFE757F8680C042800F32181C2
:10220000FFE757F8101C00205790C1F85401C1F89F
:10221000500157F8101CC1F84C01C1F8480157F89B
:10222000101CC1F84401C1F8400157F8101CC1F856
:10223000580157F8102C012182F85C1147F8840CE2
:10224000FFE757F8840C1D2826DCFFE757F8841CAD
:1022500049F6A010C0F60100F1F750FB4FF47A7078
:10226000F1F70FFBF3F754FBFFE757F8840C01304D
:1022700047F8840CE5E700BF000034C29A99993E04
:10228000666666666666EE3F666666666666EEBFAC
:10229000000000000000144057F8101C002081F8D6
:1022A0005C0157F8100C90ED500B8DED4A0BD0F8F7
:1022B0005801F0F725FC9DED4A1B41EC100B51EC49
:1022C000110B53EC102BF0F7BFFD41EC100B51EC50
:1022D000100BF0F73FFFF0F735FC41EC100B07ED6A
:1022E0001C0B57F8100C90ED520B8DED4C0BD0F8E9
:1022F0005801F0F705FC9DED4C1B41EC100B51EC27
:10230000110B53EC102BF0F79FFD41EC100B51EC2F
:10231000100BF0F71FFFF0F715FC41EC100B07ED69
:102320001E0B57F8100C90ED540B8DED4E0BD0F8A2
:102330005801F0F7E5FB9DED4E1B41EC100B51EC05
:10234000110B53EC102BF0F77FFD41EC100B51EC0F
:10235000100BF0F7FFFEF0F7F5FB41EC100B07ED6B
:10236000200B57F8681C17ED1C0B17ED1E1B17ED03
:10237000202B684680ED022B80ED001B53EC102BC8
:1023800049F6AF10C0F60100F1F7B8FA17ED1C0BD3
:1023900057F8100C90F85D1101EB410100EBC10002
:1023A000519090ED581B51EC110B53EC102BF0F7A2
:1023B0006BFA0246519852920A46529942EC101B0F
:1023C00080ED580B17ED1E0B57F8100C90F85D11AF
:1023D00001EB410100EBC100539090ED5A1B51EC11
:1023E000110B53EC102BF0F74FFA0246539854920E
:1023F0000A46549942EC101B80ED5A0B17ED200B46
:1024000057F8100C90F85D1101EB410100EBC10091
:10241000559090ED5C1B51EC110B53EC102BF0F729
:1024200033FA0246559856920A46569942EC101BCA
:1024300080ED5C0BFFE757F8680C013047F8680C3B
:10244000D9E657F8100C90F85D1101EB410100EB53
:10245000C100429090ED580B51EC100B1FED740B26
:1024600053EC102B45934492F0F7EEFC449A459BB5
:1024700084464298CDF80CC18C4643994CEC101B15
:1024800080ED580B57F8100C90F85D1101EB4101ED
:1024900000EBC100469090ED5A0B51EC100BF0F799
:1024A000D3FC449A459B84464698CDF81CC18C4683
:1024B00047994CEC101B80ED5A0B57F8100C90F814
:1024C0005D1101EB410100EBC100489090ED5C0B08
:1024D00051EC100BF0F7B8FC0246489849920A46B6
:1024E000499942EC101B80ED5C0B57F8100C90F8EA
:1024F0005D1101EB410100EBC10090ED580B90ED37
:102500005A1B90ED5C2B684680ED022B80ED001B82
:1025100053EC102B49F6D510C0F60100F1F7EEF997
:1025200057F8100C90F85D110144012081F8F0017A
:10253000FFE7FFE7FFE777E157F8140C042840F0C6
:102540006781FFE757F8180C406849F28D71C0F6B3
:102550000101EFF729FD002840F05981FFE757F806
:10256000180C80683890F9A83A9005F0D8FF38998F
:102570003A9AFAA83990FCF7AAFB399800213D91C4
:102580000A223E92FCF789FB014639983B9106F0FE
:1025900089F93A9805F0C4FF3B9847F8880C57F83A
:1025A000180CC0683C90F1A8409005F0B8FF3C9929
:1025B000409AF2A83F90FCF78AFB3F983D993E9ADB
:1025C000FCF76BFB01463F98419106F06BF9409890
:1025D00005F0A6FF4198F890F898B0F57A7F04DDF1
:1025E000FFE74FF47A70F890FFE7F898012803DCD2
:1025F000FFE70220F890FFE7FFE757F8880CF8990B
:10260000884240F38880FFE757F8101C2891D1F8E2
:1026100088002A90D1F89C00D1F8A0202292D1F80D
:10262000A4102491F0F78EFA0246229823920A46CB
:10263000239942EC101B8DED360BF0F783FA02461E
:10264000249825920A46259942EC101B8DED340BF7
:10265000F0F778FA0246289826920A46269942EC24
:10266000101B8DED320BD0F8B400F0F76BFA024678
:10267000289827920A46279942EC101B8DED300BC3
:10268000D0F8B800F0F75EFA0246289829920A4678
:10269000299942EC101B8DED2E0BD0F8BC00F0F701
:1026A00051FA02462A982B920A462B9942EC101BAB
:1026B0008DED2C0BF0F746FA9DED2C5B9DED2E4B2E
:1026C0009DED303B9DED322B9DED341B9DED360B8A
:1026D00041EC160B684680ED0A6B80ED085B80EDDF
:1026E000064B80ED043B80ED022B80ED001B53EC8C
:1026F000102B49F6F310C0F60100F1F7FFF8F89837
:10270000F1F7BFF8F3F704F9F89957F8880C401A75
:1027100047F8880C71E757F8101C1291D1F888001F
:102720001490D1F89C00D1F8A0200C92D1F8A410FC
:102730000E91F0F707FA02460C980D920A460D9991
:1027400042EC101B8DED200BF0F7FCF902460E98C1
:102750000F920A460F9942EC101B8DED1E0BF0F7FD
:10276000F1F90246129810920A46109942EC101B99
:102770008DED1C0BD0F8B400F0F7E4F90246129886
:1027800011920A46119942EC101B8DED1A0BD0F8EC
:10279000B800F0F7D7F90246129813920A46139937
:1027A00042EC101B8DED180BD0F8BC00F0F7CAF905
:1027B0000246149815920A46159942EC101B8DEDAD
:1027C000160BF0F7BFF99DED165B9DED184B9DEDD7
:1027D0001A3B9DED1C2B9DED1E1B9DED200B41EC2E
:1027E000160B684680ED0A6B80ED085B80ED064BAA
:1027F00080ED043B80ED022B80ED001B53EC102B91
:1028000049F63220C0F60100F1F778F8FFE70AE058
:1028100049F67220C0F60100F1F770F84FF0FF3072
:1028200047F80C0C05E0FFE7FFE7002047F80C0C29
:10283000FFE757F80C0C0DF5906DD0BD80B56F46D5
:1028400088B0D7F808C007900691059204930798BE
:10285000039020300599069A00F0BDFD0398049975
:102860006A4600235360136043F2ED32C0F6010262
:10287000F2F74FFC0398B968F2F758FC039808B0D8
:1028800080BD81B0009043F2CB20C0F6010001B0C2
:10289000704781B0009043F2FF20C0F6010001B004
:1028A000704781B0009043F23B30C0F6010001B0A8
:1028B000704780B56F468AB008900898079000214D
:1028C00006917E22B6230493FEF7C0FB049B079873
:1028D000012105911422FEF7B9FB1E20F0F7D1FF6C
:1028E0000798069A1146FEF7D4FB0599069A0798B1
:1028F000FEF7CFFB069A07981146FEF7CAFB1E2883
:1029000004D0FFE7002007F8010C5BE007980121E5
:102910000022FEF7BEFB0F2804D0FFE7002007F8D7
:10292000010C4FE00798002101914022AA23FEF7F5
:102930008DFB0199079841220323FEF787FB01993C
:10294000079853220823FEF781FB01990798582224
:1029500004230093FEF77AFB009B019907987D22E0
:10296000FEF774FB32200290F0F78BFF009803F023
:102970001AF9019B0798012103910F22FEF766FBCC
:102980000798039910220223FEF760FB019B07982A
:1029900003991622FEF75AFB0798039B1822194643
:1029A000FEF754FB0798039915228023FEF74EFB90
:1029B0000298F0F766FF052003F0F5F8039807F892
:1029C000010CFFE717F8010C0AB080BD80B56F4617
:1029D00088B00690059107A8009000F02BFD082014
:1029E00003F00EFD01460098049100F023FD01461E
:1029F000069A02A800F026FD04990298039A4A60FC
:102A000008601420F0F74FFF0190019900204881E1
:102A1000059801990881019943F25B40C0F60100D5
:102A2000486004980199086001990120087340F2F8
:102A3000C850C2F2000000680199FEF785FA0198BB
:102A400008B080BD80B56F468EB08446B868CDF8BA
:102A500030C00B910A92099307F8150C0C9804905A
:102A60000DA8039000F032FD082003F0C9FC0146D8
:102A70000398079100F02AFD01460B9A05A800F083
:102A8000E1FCDDF810E007990598069A4A600860B5
:102A9000079B0A99BDF8242017F8150CEC46CCF8D2
:102AA00004E0CCF8000043F25B40C0F6010004F003
:102AB000BBF90EB080BD80B56F4682B00190009129
:102AC0000198009900F067FC02B080BD81B00090D1
:102AD0000098406801B0704780B56F4682B00190A1
:102AE0000199086E6022F6F74FFB02B080BD00002E
:102AF00080B56F46CEB04D904D984090002027F89D
:102B0000060CADF8300127F80A0C41F6DE00C2F2DF
:102B10000000429000F11301B81F02224192EEF72B
:102B20008BFF419A429800F115014CA8EEF784FF03
:102B3000419A429800F11701A7F10A00EEF77CFFD5
:102B400037F9060C00EE100AB8EEC00A8DED480AFF
:102B5000BDF9300100EE100AB8EEC00A8DED490A49
:102B600037F90A0C00EE100AB8EEC00A8DED4A0AD9
:102B700048A84790479800F076FA4690479800F0AA
:102B80007BFA4590FFE746984599884219D0FFE7C0
:102B900046984490449890ED000A9FED3A1A80EED2
:102BA000010A80ED000A449890ED000A9FED361A64
:102BB00020EE010A80ED000AFFE7469804304690B7
:102BC000E1E74098A83000213F910C22EFF74AF846
:102BD0003F984390FFE74398022857DCFFE740986F
:102BE000006F439900EB810090ED000A8DED3B0AE8
:102BF00048A83D9000F04AFA9DED3B0A40990246F4
:102C00003D9892ED002A91ED2A1A20EE020A30EE4C
:102C1000010A81ED2A0A0A6F439902EB810292EDC3
:102C2000030A8DED3C0A00F031FA9DED3C0A409913
:102C300002463D9892ED002A91ED2B1A20EE020AF1
:102C400030EE010A81ED2B0A0A6F439902EB8102F3
:102C500092ED060A8DED3E0A00F018FA9DED3E0A4F
:102C60000146409891ED002A90ED2C1A20EE020AC0
:102C700030EE010A80ED2C0AFFE7439801304390C3
:102C8000A9E700BF6F12834135FA8E3C409890ED62
:102C90002A0A8DED170AD0F89C00EFF753FF024681
:102CA000409806920A46069942EC101B8DED0A0BDD
:102CB000D0F8A000EFF746FF0246409807920A4678
:102CC000079942EC101B90ED021B8DED081B90ED57
:102CD000041B90ED062B8DED102B90ED082B8DED48
:102CE000142B51EC110B53EC102BEFF783FF9DEDE0
:102CF000081B9DED0A0B41EC120B8DED0C2B51ECDA
:102D0000110B53EC102BEFF775FF9DED0C0B41EC05
:102D1000110B51EC110B53EC102BEFF7B5FD0246E4
:102D200040980F920A460F9942EC101B8DED120B42
:102D3000D0F8A400EFF706FF9DED101B41EC100B3F
:102D400051EC110B53EC102BEFF754FF9DED120BD0
:102D500053EC102B41EC100B51EC100BEFF794FDE2
:102D60009DED140B41EC110B51EC110B53EC102B9E
:102D7000EFF78AFD41EC100B51EC100BF0F7EAF97C
:102D80009DED170A0146409801EE101A30EE410AF7
:102D900080ED2D0A90ED2B0A8DED290AD0F89C00CC
:102DA000EFF7D0FE0246409818920A46189942EC76
:102DB000101B8DED1C0BD0F8A000EFF7C3FE0246F0
:102DC000409819920A46199942EC101B90ED0A1B83
:102DD0008DED1A1B90ED0C1B90ED0E2B8DED222B23
:102DE00090ED102B8DED262B51EC110B53EC102B8D
:102DF000EFF700FF9DED1A1B9DED1C0B41EC120B34
:102E00008DED1E2B51EC110B53EC102BEFF7F2FE56
:102E10009DED1E0B41EC110B51EC110B53EC102BE3
:102E2000EFF732FD0246409821920A46219942EC82
:102E3000101B8DED240BD0F8A400EFF783FE9DED61
:102E4000221B41EC100B51EC110B53EC102BEFF744
:102E5000D1FE9DED240B53EC102B41EC100B51ECEB
:102E6000100BEFF711FD9DED260B41EC110B51EC12
:102E7000110B53EC102BEFF707FD41EC100B51EC4D
:102E8000100BF0F767F99DED290A0146409801EE15
:102E9000101A30EE410A80ED2E0A90ED2C0A8DEDCD
:102EA0003A0AD0F89C00EFF74DFE024640982A926D
:102EB0000A462A9942EC101B8DED2E0BD0F8A0008B
:102EC000EFF740FE024640982B920A462B9942ECBF
:102ED000101B90ED121B8DED2C1B90ED141B90ED33
:102EE000162B8DED342B90ED182B8DED382B51ECEE
:102EF000110B53EC102BEFF77DFE9DED2C1B9DED80
:102F00002E0B41EC120B8DED302B51EC110B53ECD1
:102F1000102BEFF76FFE9DED300B41EC110B51ECD8
:102F2000110B53EC102BEFF7AFFC02464098339295
:102F30000A46339942EC101B8DED360BD0F8A400F5
:102F4000EFF700FE9DED341B41EC100B51EC110B23
:102F500053EC102BEFF74EFE9DED360B53EC102B80
:102F600041EC100B51EC100BEFF78EFC9DED380B84
:102F700041EC110B51EC110B53EC102BEFF784FCCF
:102F800041EC100B51EC100BF0F7E4F89DED3A0A10
:102F90000146409801EE101A30EE410A80ED2F0AEA
:102FA00090F85C01C00700285BD0FFE74098D0F89C
:102FB00058110131C0F85811D0F8A800EFF7C2FD40
:102FC0000246409800920A46009942EC101B90ED90
:102FD000501B51EC110B53EC102BEFF755FC024634
:102FE000409801920A46019942EC101B80ED500B6B
:102FF000D0F8AC00EFF7A6FD0246409802920A46D0
:10300000029942EC101B90ED521B51EC110B53EC4A
:10301000102BEFF739FC0246409803920A460399B9
:1030200042EC101B80ED520BD0F8B000EFF78AFD98
:103030000246409804920A46049942EC101B90ED17
:10304000541B51EC110B53EC102BEFF71DFC0246F7
:10305000409805920A46059942EC101B80ED540BEE
:10306000FFE74EB080BD80B56F4682B001900198F9
:1030700000F09AF902B080BD80B56F4682B0019031
:10308000019800F091F90C3002B080BD80B56F4618
:1030900082B0019000910198009900F093F902B07C
:1030A00080BD000080B56F4694B0139013980590D2
:1030B000002027F8060CADF8480027F80A0C41F666
:1030C000DE00C2F200000790411CB81F02220692E7
:1030D000EEF7B2FC069A0798C11C12A8EEF7ACFCFA
:1030E000069A0798411DA7F10A00EEF7A5FC37F9EB
:1030F000060C00EE100AB8EEC00A8DED0E0ABDF9FE
:10310000480000EE100AB8EEC00A8DED0F0A37F93C
:103110000A0C00EE100AB8EEC00A8DED100A0EA8D7
:103120000D900D98FFF79FFF0C900D98FFF7A4FFEF
:103130000B90FFE70C980B99884210D0FFE70C9892
:103140000A900A9890ED000A9FED4A1A80EE010A53
:1031500080ED000AFFE70C9804300C90EAE741F696
:10316000DE01C2F20001487C897CC00040EA5110B7
:1031700027F82A0C37F92A0CB0F5806F07DBFFE738
:1031800037F82A0CA0F5006027F82A0CFFE705980D
:1031900037F92A1C00EE101AB8EEC00AB4EE001A75
:1031A00020EE010AB3EE071A30EE010A80ED220A82
:1031B0009C30002104910C22EEF754FD04980890F5
:1031C000FFE70898022852DCFFE70598006F08998E
:1031D00000EB810090ED000A8DED000A0EA8029030
:1031E000FFF754FF9DED000A05990246029892ED03
:1031F000002A91ED271A20EE020A30EE010A81ED35
:10320000270A0A6F089902EB810292ED030A8DEDFD
:10321000010AFFF73BFF9DED010A0599024602985E
:1032200092ED002A91ED281A20EE020A30EE010AF2
:1032300081ED280A0A6F089902EB810292ED060AD5
:103240008DED030AFFF722FF9DED030A0146059865
:1032500091ED002A90ED291A20EE020A30EE010AC3
:1032600080ED290AFFE7089801300890A9E714B01B
:1032700080BD00BF00A0AA4480B56F4684B0039013
:1032800003986A460621116041F6DE01C2F2000190
:1032900001F11303012102910222FDF73DFF029883
:1032A00004B080BD80B56F4682B0019001986A4637
:1032B0001321116041F6DE03C2F200030021122245
:1032C000FDF72AFF012002B080BD80B56F4682B0B5
:1032D0000190019900F002F802B080BD80B56F4600
:1032E00084B0039002910298019001988430FDF718
:1032F00067FD01988030FDF763FD04B080BD80B5A7
:103300006F4682B00190019900F002F802B080BDD2
:1033100080B56F4684B00390029102980190F5F752
:10332000B5FF0199088001988430FDF749FD0198A7
:103330007C30FDF745FD04B080BD80B56F4682B09E
:103340000190019900F002F802B080BD80B56F468F
:1033500084B00390029102980190022002F05CFC7C
:1033600048B9FFE701980021FDF75AFE019878302F
:10337000FDF726FDFFE7032002F04EFC48B9FFE70A
:1033800001980121FDF74CFE01987430FDF718FDFE
:10339000FFE704B080BD82B00190009101980099D0
:1033A00000EBC10002B0704780B56F4682B001905B
:1033B000019800F002F802B080BD81B00090009842
:1033C00001B0704782B0019000910198009900EB24
:1033D000810002B0704783B0029001910092029880
:1033E000019901600099416003B0704780B56F4654
:1033F00086B0059004910392059801900198009081
:1034000000980290029820300499039A00F002F884
:1034100006B080BD80B56F4684B0039002910192E2
:10342000039800900098036840680299019A9847B1
:1034300004B080BD81B0009043F27340C0F601003B
:1034400001B0704783B002900191009202980199F7
:1034500001600099416003B0704780B56F4682B04B
:10346000019001980090009801684068884702B078
:1034700080BD80B56F4682B00190019900F002F8DE
:1034800002B080BD80B56F4682B001900091009976
:1034900001F1E800D1ED220A9FED0A0A9FED0A1A18
:1034A00001F0D6FD0020F5F7A5FEF5F7EAFEC0080D
:1034B0007C2805D8FFE70098E83001F0B5FDFFE76C
:1034C00002B080BD00003442CDCC4C3D81B00090B4
:1034D00043F2DD40C0F6010001B0704780B56F4691
:1034E00082B00190019900F003F802B080BD0000A5
:1034F00080B56F469EB01D901C9140F2E401C2F26F
:10350000000106A89FED310A01F053FD0020F5F7F8
:1035100061FEFFE71C9884301421FDF797FB00281B
:1035200043D0FFE71C9880300021FDF78FFBD0B11E
:10353000FFE71C98FFF7B6FE1C9878304FF0FF317C
:10354000FDF784FB1C98FFF7ADFD1C9800F194017A
:1035500005919C30049000F054F8049902460598B7
:1035600000F036F8FFE71C987C300021FDF76EFB79
:10357000D0B1FFE71C98FFF77FFE1C9874304FF026
:10358000FF31FDF763FB1C98FFF7B2FA1C9800F1BE
:1035900098010391B430029000F033F8029902468A
:1035A000039800F015F8FFE70FE049F68720C0F612
:1035B00001006946086049F68120C0F60100012239
:1035C00000231946F1F73CF8FFE7A3E700007A442F
:1035D00080B56F4684B00390029107F8092C0398D8
:1035E0000068029917F8092C02F001026B461A6074
:1035F0000C220123F1F781F9B0FA80F0400904B000
:1036000080BD81B0EFF3058000900098002818BFBE
:10361000012001B0704780B56F46AAB02890289865
:10362000299000202790FFE7279800286CDCFFE70F
:1036300004200A90F0F737F9039027991BA805900A
:1036400000F0A0F8059A49F61C31C0F6010121A846
:10365000049000F083F8049805F0D4F9014603982B
:103660000022069200F0DAF8279941F6F800C2F23B
:10367000000000F0FDF8039902460498116005F07F
:1036800011F9059805F00EF90A98F0F70CF9079072
:1036900027990FA8099000F075F8099A49F6253185
:1036A000C0F6010115A8089000F058F8089805F038
:1036B000A9F9069A0146079800F0E5F8279941F61E
:1036C000FC00C2F2000000F008F9079902460898D1
:1036D000116005F0E7F8099805F0E4F80A98F0F7AA
:1036E000E2F80B900121FCF79FFC279941F60010AE
:1036F000C2F2000000F0FCF801460B980860FFE7FA
:103700002798013027908FE700200C90FFE70C9856
:1037100000281EDCFFE79DF8300000900EA800F0A6
:10372000F2F80246009800230193194602F01AF9B4
:103730009DF8300002900DA800F0EDF8019B0246C4
:103740000298022102F00EF9FFE70C9801300C906C
:10375000DDE702F04EF829982AB080BD80B56F46AB
:1037600084B000900390029101920198029A002186
:1037700005F038F900F008FB0146009805F078F8EC
:1037800004B080BD80B56F468AB00390099008915F
:103790000898C00F07F8090C17F8090CC00720B1EA
:1037A000FFE708984042029002E008980290FFE785
:1037B0000298069006980A2100F01AF90590002058
:1037C00007F8150C17F8090C00F0010005990844DA
:1037D000009004A8019004F0A2FE03980099019BB8
:1037E0002D2200F045F9019804F09AFE039817F88D
:1037F000091C01F0010105F05BF80599069A00F03B
:1038000051F9012007F8150C17F8150C20B9FFE73E
:10381000039805F047F8FFE70AB080BD80B56F4612
:1038200086B00490039107F80D2C04980190059040
:1038300017F80D0CC00760B9FFE7039A49F28C61D5
:10384000C0F6010100200C23F0F7C0FD01990860CB
:103850000BE0039A49F28B61C0F6010100200C23B2
:10386000F0F7B4FD01990860FFE7059806B080BD48
:1038700080B56F4682B0019000910198009900F0E8
:1038800060F902B080BD80B56F4686B004900391A8
:1038900007F80D2C04980190059017F80D0CC0073F
:1038A00060B9FFE7039A49F28C61C0F6010100207C
:1038B0000C23F0F78BFD019908600BE0039A49F2A5
:1038C0008B61C0F6010100200C23F0F77FFD019908
:1038D0000860FFE7059806B080BD80B56F4682B0EE
:1038E000019000910198009900F034F902B080BD78
:1038F00080B56F4682B0019000910198009900F068
:1039000032F902B080BD81B0009043F67930C0F644
:10391000010001B0704781B0009043F68B40C0F6C3
:10392000010001B0704780B56F4684B007F8010C04
:10393000029117F8011C41F60010C2F2000000903D
:10394000FFF7D6FF00684FF0FF31FDF77FF917F85A
:10395000010C029B53F8042B002102F011F80146E0
:103960000098B1FA81F1490907F8091C17F8011C00
:10397000FFF7BEFF0068FDF723FA17F8090C00F007
:10398000010004B080BD80B56F4688B007F8010C17
:1039900006910592049317F8011C41F60010C2F23B
:1039A00000000290FFF7A4FF00684FF0FF31FDF721
:1039B0004DF917F8010C069A059B0499EC46CCF8D2
:1039C0000010012102F030F801460298B1FA81F1AD
:1039D000490907F8111C17F8011CFFF789FF006857
:1039E000FDF7EEF917F8110C00F0010008B080BDEA
:1039F00087B0059004910120039004984043029001
:103A00000298049948430190019804994843009012
:103A1000FFE705980499884203D2FFE703980690D0
:103A200023E005980299884204D2FFE70398013009
:103A300006901AE005980199884204D2FFE703989E
:103A40000230069011E005980099884204D2FFE701
:103A500003980330069008E000990598B0FBF1F058
:103A60000590039804300390D3E7069807B0704799
:103A700080B56F4686B00590049107F8092C029333
:103A80000598019004F017FE01460198029A04F08F
:103A9000BBFF0198049917F8092C04F08EFE0198D9
:103AA00006B080BD86B00590049103920498013859
:103AB0000290FFE70398642827D3FFE7039B48F2AF
:103AC0001F51C5F2EB11A3FB01204009642200FB4A
:103AD0001230400001900398A0FB011040090390B0
:103AE000019949F63230C0F6010001444978059A3F
:103AF000029BD1540199405C059A0299114401F846
:103B0000010C029802380290D4E703980A2811D3D6
:103B1000FFE7039840000090009949F63230C0F664
:103B2000010001444978059A51700099405C05995B
:103B3000087004E00398303005990870FFE706B07C
:103B4000704782B0019000910198009900EB8100CC
:103B500002B0704782B0019000910198009900EB8B
:103B6000810002B0704782B00190009101980099E5
:103B700000EB810002B0704780B56F4686B007F851
:103B8000010C04910392029317F8011C049A039B01
:103B90000298EC46CCF8000000F002F806B080BDB8
:103BA00080B56F4688B0D7F808C0079007F8051CA5
:103BB000059204930598009017F8051C41F604102F
:103BC000C2F20000019000F027F800990246019827
:103BD000116017F8051C00F01FF804300499082242
:103BE000EDF72AFF17F8051C41F6F800C2F20000B5
:103BF000FFF73EFE014601980968039117F8051C7E
:103C000000F00AF8029000F02BF80299024603989F
:103C100000F00DF808B080BD80B56F4682B001900D
:103C200000910198009900F025F802B080BD80B5A0
:103C30006F4684B00390029107F8092C039800683E
:103C4000029917F8092C02F001026B461A600C2247
:103C50000123F0F752FEB0FA80F0400904B080BDB5
:103C600081B0EFF3058000900098002818BF012074
:103C700001B0704782B0019000910198009901EB6A
:103C8000410100EB810002B0704780B56F4686B0FD
:103C900007F8010C04910392029317F8011C049A8F
:103CA000039B0298EC46CCF8000000F002F806B046
:103CB00080BD80B56F4688B0D7F808C0079007F878
:103CC000051C059204930598009017F8051C41F611
:103CD0001010C2F20000019000F027F8009902468F
:103CE0000198116017F8051C00F01FF804300499C2
:103CF0000822EDF7A1FE17F8051C41F6FC00C2F200
:103D00000000FFF7EAFD014601980968039117F8E2
:103D1000051C00F00AF80290FFF7A2FF0299024684
:103D2000039800F00DF808B080BD80B56F4682B0F2
:103D3000019000910198009900F01BF802B080BD3D
:103D400080B56F4684B00390029107F8092C039860
:103D50000068029917F8092C02F001026B461A60FC
:103D60000C220123F0F7C9FDB0FA80F0400904B03D
:103D700080BD82B0019000910198009901EB410152
:103D800000EB810002B0704781B00090009801B054
:103D9000704780B56F4684B0039007F8051C07F89C
:103DA000062C039801900120EFF76BFD019800F0BD
:103DB0000CF817F8051C17F8062C002001F091FFED
:103DC000019800F00CF804B080BD80B56F4682B059
:103DD00001900021084601F00CFF02B080BD80B5C3
:103DE0006F4682B001900020012101F002FF02B075
:103DF00080BD80B56F4684B0039007F8051C03981A
:103E000001900120EFF73DFD0198FFF7DEFF17F865
:103E1000051C002001F03FFF0146019807F8051C32
:103E2000FFF7DDFF17F8050C04B080BD80B56F46C5
:103E300086B0059007F8051C039207F80D3C05981D
:103E4000FFF7C3FF17F8051C039A17F80D3CEC4663
:103E50000020CCF8000001F066FF06B080BD000035
:103E600080B56F468EB00D900C9107F8092C0D9817
:103E700005900021029101704170043049F6FB3138
:103E8000C0F6010100F086F8059802990C9A42618B
:103E900017F8092C02761C30FCF7C6F80598029931
:103EA0002030FCF7C1F8059802994162283004904F
:103EB000EFF714FD05982C30EFF710FD0598029AE6
:103EC000303049F2A061C0F60101FDF74DFA0598C6
:103ED000029A343049F29761C0F60101FDF744FAC5
:103EE000059802998163C163016441648164C1647E
:103EF00050300190F2F7D2F80599024601986B46CE
:103F00001A6043F6DF72C0F6010249F60943C0F6B3
:103F1000010300F0CAFA0598783040F20811C2F2A5
:103F200000019FED1B0A01F044F80598029980F802
:103F3000FC1041F61C11C2F2000108600120039040
:103F400001F044FE0AA800F0D3FA059A014603984E
:103F500001F0FEFD0BA800F0D3FA0399059B024681
:103F6000029801F08AFE0399059800F0D1FA0599AC
:103F700004986B4605221A6049F61242C0F6010207
:103F80004FF4807300F000FB05980EB080BD00BFB9
:103F900000007A4480B56F4686B00490039104997E
:103FA000029105910398C8600398F5F7B9F80C28B9
:103FB00006D1FFE7029903980C22F5F7C4F80BE04D
:103FC000029800210C220192EDF74CFE0299019A11
:103FD0000398F5F7D9F8FFE7059806B080BD80B5DE
:103FE0006F46E0B05E905D915C925D98012813D1C0
:103FF000FFE749F60400C0F60100EFF77FFC49F641
:104000004800C0F60100EFF779FC49F66200C0F6FF
:104010000100EFF773FC42E25D98022840F04C810A
:10402000FFE75C98406849F67601C0F60101EDF7BC
:10403000BBFF90BBFFE75E9948688A684292C968F7
:104040004491EEF77FFD0246429843920A46439917
:1040500042EC101B8DED480BEEF774FD02464498C0
:1040600045920A46459942EC101B8DED460BEEF742
:1040700069FD9DED461B9DED480B41EC120B68461A
:1040800080ED022B80ED001B53EC102B49F62140F4
:10409000C0F60100EFF732FC0DE15C98406849F290
:1040A000E571C0F60101EDF77FFF002840F00281C5
:1040B000FFE700205B90FFE75B98042812DCFFE736
:1040C0004FF47A70EFF7DDFB5B98C0F1050149F61C
:1040D0003F40C0F60100EFF711FCFFE75B980130AD
:1040E0005B90E9E749F64D40C0F60100EFF706FCAA
:1040F0005E9900204190C1F8F400C1F8F0005E998B
:10410000C1F8EC00C1F8E8005E99C1F8E400C1F81C
:10411000E0005E99C1F8F8005E9A012182F8FC1077
:104120005A90FFE75A981D2812DCFFE75A9949F682
:10413000A010C0F60100EFF7E1FB4FF47A70EFF743
:10414000A0FBF1F7E5FBFFE75A9801305A90E9E749
:104150005E99002081F8FC005E982F9090ED380B5E
:104160008DED2C0BD0F8F800EEF7CAFC9DED2C1B62
:1041700041EC100B51EC110B53EC102BEEF764FEDD
:1041800041EC100B51EC100BEEF7E4FF01462F98B9
:1041900001EE101A90ED010A30EE010A80ED010ADD
:1041A0005E98339090ED3A0B8DED300BD0F8F8001F
:1041B000EEF7A6FC9DED301B41EC100B51EC110B02
:1041C00053EC102BEEF740FE41EC100B51EC100BB2
:1041D000EEF7C0FF0146339801EE101A90ED020A87
:1041E00030EE010A80ED020A5E98379090ED3C0BAC
:1041F0008DED340BD0F8F800EEF782FC9DED341B0A
:1042000041EC100B51EC110B53EC102BEEF71CFE94
:1042100041EC100B51EC100BEEF79CFF0146379868
:1042200001EE101A90ED030A30EE010A80ED030A48
:104230005E9948688A683892C9683A91EEF782FCBC
:104240000246389839920A46399942EC101B8DED96
:104250003E0BEEF777FC02463A983B920A463B99B2
:1042600042EC101B8DED3C0BEEF76CFC9DED3C1B06
:104270009DED3E0B41EC120B684680ED022B80ED6C
:10428000001B53EC102B49F62140C0F60100EFF75C
:1042900035FB5E98043000F0B0F949F67740C0F67F
:1042A0000100EFF72BFB49F6D700C0F60100EFF74E
:1042B00025FBFFE7FFE7F1E05D98042840F0E3808D
:1042C000FFE75C98406849F28D71C0F60101EDF797
:1042D0006BFE002840F0D680FFE75C988068229053
:1042E00052A8249004F01BF92299249A53A82390F1
:1042F000FAF7EDFC2398002127910A222892FAF779
:10430000CCFC01462398259104F0CCFA249804F0C3
:1043100007F9259859905C98C06826904AA82A9079
:1043200004F0FDF826992A9A4BA82990FAF7CFFCB9
:1043300029982799289AFAF7B0FC014629982B91D9
:1043400004F0B0FA2A9804F0EBF82B9851905198A9
:10435000B0F57A7F04DDFFE74FF47A705190FFE704
:104360005198012803DCFFE702205190FFE7FFE7A7
:10437000F1F7CEFA5E991291486A1490886BCA6B75
:104380000C92096C0E91EEF7DDFB02460C980D9233
:104390000A460D9942EC101B8DED200BEEF7D2FB77
:1043A00002460E980F920A460F9942EC101B8DEDB3
:1043B0001E0BEEF7C7FB0246129810920A461099A0
:1043C00042EC101B8DED1C0B406CEEF7BBFB024664
:1043D000129811920A46119942EC101B8DED1A0B9E
:1043E000806CEEF7AFFB0246129813920A461399BF
:1043F00042EC101B8DED180BC06CEEF7A3FB0246D0
:10440000149815920A46159942EC101B8DED160B67
:10441000EEF798FB9DED165B9DED184B9DED1A3B5D
:104420009DED1C2B9DED1E1B9DED200B41EC160BF5
:10443000684680ED0A6B80ED085B80ED064B80EDF1
:10444000043B80ED022B80ED001B53EC102B49F652
:104450008C40C0F60100EFF751FA5198EFF711FACE
:1044600051995998401A5990FFE7599851998842A3
:104470003FF77EAFFFE749F28E00C0F60100EFF78D
:104480003DFAFFE709E049F67220C0F60100EFF7B8
:1044900035FA4FF0FF305F9004E0FFE7FFE70020C0
:1044A0005F90FFE75F9860B080BD80B56F4688B0D1
:1044B000D7F808C0079006910592049307980390D7
:1044C00020300599069A00F056FC039804996A4634
:1044D00000235360136044F68D52C0F60102F0F7DA
:1044E00018FE0398B968F0F721FE039808B080BD64
:1044F00081B0009044F61950C0F6010001B0704739
:1045000081B0009044F64550C0F6010001B07047FC
:1045100080B56F4688B00690059107A8009000F01E
:1045200059FC082001F06CFF01460098049100F04E
:1045300051FC0146069A02A800F054FC0499029826
:10454000039A4A6008601420EFF7ADF901900199D1
:1045500000204881059801990881019944F6FB5093
:10456000C0F6010048600498019908600199012093
:10457000087340F2C850C2F2000000680199FCF7CD
:10458000E3FC019808B080BD80B56F468EB08446CC
:10459000B868CDF830C00B910A92099307F8150C52
:1045A0000C9804900DA8039000F060FC082001F026
:1045B00027FF01460398079100F058FC01460B9A2B
:1045C00005A800F00FFCDDF810E007990598069AA1
:1045D0004A600860079B0A99BDF8242017F8150C5B
:1045E000EC46CCF804E0CCF8000044F6FB50C0F6F2
:1045F000010002F019FC0EB080BD80B56F4682B09C
:1046000001900199C8680C22F4F7BEFD02B080BD8C
:1046100080B56F4692B0109007F8091C10980E9064
:1046200076210C9100220D92FFF7B3FB0E98112119
:104630000122FFF7AEFB0520EFF723F90E982D219D
:10464000FFF7D7FB0C990D9A03460E9807F80A3C22
:10465000FFF79FFB0E987521FFF7CBFB07F80A0CBD
:10466000FFE717F80A0C472817D0FFE717F80A0CDE
:104670006946486049F6CA40C0F60100086049F63C
:104680008120C0F60100012200230B931946EFF7A9
:10469000D7FF0B9807F8010CC8E00E9800F0CAF895
:1046A0000E987621089101220A92FFF772FB0E986C
:1046B0000B21A022FFF76DFB0E980C221146FFF78D
:1046C00068FB0E980D21059190220292FFF761FB85
:1046D0000E980E2180220392FFF75BFB0E9808993B
:1046E0000222FFF756FB0E9803211822FFF751FB19
:1046F000029A0E9804210791FFF74BFB039A0E983C
:104700000521FFF746FB0E98089900220992FFF752
:1047100040FB0E98522104912222FFF73AFB0E989B
:1047200014211222FFF735FB0E9851213622FFF794
:1047300030FB04990E984422FFF72BFB059A0E9844
:104740005321FFF726FB0E98099A6321FFF721FBFF
:104750000E98099A6421FFF71CFB0E986521082228
:10476000FFF717FB0E98099A6621FFF712FB0E98C8
:10477000099A6821FFF70DFB0E98099A6921FFF746
:1047800008FB0E984D210691FFF733FB0699024670
:104790000E9807F80B2C17F80B2C02F03F0207F8C5
:1047A0000B2C17F80B2C42F0400207F80B2C17F8D3
:1047B0000B2CFFF7EEFA0E980899099AFFF7E9FA21
:1047C0000E9800F042F80E9817F8091C41F04002CC
:1047D0004F21FFF7DEFA0E9817F8091C41F040024E
:1047E0005021FFF7D6FA0E980899099AFFF7D1FAE7
:1047F0000E9877219522FFF7CCFA0E9808990A9A1D
:10480000FFF7C7FA079A0E987B21FFF7C2FA0E98B6
:104810000899099AFFF7BDFA3220EFF732F80A98A3
:1048200001F0C1F90A9807F8010CFFE717F8010C2D
:1048300012B080BD80B56F4682B0019001984E21C4
:104840000022FFF7A6FA02B080BD80B56F4682B0A5
:10485000019001984E210F22FFF79BFA02B080BD14
:1048600080B56F46A6B0259025991191002027F8B4
:10487000060CADF8900027F80A0C41F62012C2F29F
:10488000000292F802C0D37843EA0C2327F8063CD2
:1048900092F804C0537943EA0C23ADF89030937931
:1048A000D27942EA032227F80A2C37F9062C00EEC7
:1048B000102AB8EEC00A8DED200ABDF9902000EE56
:1048C000102AB8EEC00A8DED210A37F90A2C00EE45
:1048D000102AB8EEC00A8DED220A37F8062CA1F88E
:1048E000D020BDF89020A1F8D22037F80A2CA1F8EA
:1048F000D420087020A81F901F98FEF7B4FB1E90CC
:104900001F98FEF7B9FB1D90FFE71E981D9988427E
:1049100021D0FFE71E981C901C9890ED000AEBF741
:10492000F7FC9FEDF11AB4EE410AF1EE10FA04DD46
:10493000FFE7119901200870FFE71C9890ED000A2D
:104940009FEDEC1A80EE010A80ED000AFFE71E9849
:1049500004301E90D9E711983830002110910C22B4
:10496000EDF780F910981B90FFE71B98022852DCA6
:10497000FFE7119840691B9900EB810090ED000A58
:104980008DED0C0A20A80E90FEF780FB9DED0C0A21
:10499000119902460E9892ED002A91ED0E1A20EE22
:1049A000020A30EE010A81ED0E0A4A691B9902EBF8
:1049B000810292ED030A8DED0D0AFEF767FB9DED76
:1049C0000D0A119902460E9892ED002A91ED0F1AE8
:1049D00020EE020A30EE010A81ED0F0A4A691B99A6
:1049E00002EB810292ED060A8DED0F0AFEF74EFBF7
:1049F0009DED0F0A0146119891ED002A90ED101AD5
:104A000020EE020A30EE010A80ED100AFFE71B9843
:104A100001301B90A9E7119941F62010C2F2000065
:104A2000037A427A42EA032227F8062C837AC27A72
:104A300042EA0322ADF89020027B407B40EA02204C
:104A400027F80A0C37F9060C00EE100AB8EEC00A77
:104A50008DED180ABDF9900000EE100AB8EEC00AFC
:104A60008DED190A37F90A0C00EE100AB8EEC00AEB
:104A70008DED1A0A37F8060CA1F8D600BDF89000A3
:104A8000A1F8D80037F80A0CA1F8DA000020487025
:104A900018A817901798FEF7E6FA16901798FEF7E1
:104AA000EBFA1590FFE716981599884225D0FFE795
:104AB00016981490149890ED000AEBF729FC9FEDDE
:104AC0008A1AB4EE410AF1EE10FA04DDFFE71199FB
:104AD00001204870FFE7149890ED000A9FED831ABB
:104AE00080EE010A9FED821A20EE010A80ED000A95
:104AF000FFE7169804301690D5E71198443000214E
:104B00000B910C22EDF7AEF80B981390FFE713987A
:104B1000022852DCFFE711984069139900EB8100ED
:104B200090ED000A8DED070A18A80990FEF7AEFA7D
:104B30009DED070A11990246099892ED002A91ED20
:104B4000111A20EE020A30EE010A81ED110A4A69BB
:104B5000139902EB810292ED030A8DED080AFEF72C
:104B600095FA9DED080A11990246099892ED002ADE
:104B700091ED121A20EE020A30EE010A81ED120ABE
:104B80004A69139902EB810292ED060A8DED0A0A39
:104B9000FEF77CFA9DED0A0A0146119891ED002A74
:104BA00090ED131A20EE020A30EE010A80ED130A8E
:104BB000FFE7139801301390A9E7119890ED011ABF
:104BC00090ED110A30EE410A80ED110A90ED021AC3
:104BD00090ED120A30EE410A80ED120A90ED031AB0
:104BE00090ED130A30EE410A80ED130A90F8FC00B4
:104BF000C007002858D0FFE71198D0F8F81001310D
:104C0000C0F8F810406CEDF79DFF02461198019234
:104C10000A46019942EC101B90ED381B51EC110B28
:104C200053EC102BEDF730FE0246119802920A4623
:104C3000029942EC101B80ED380B806CEDF782FF7F
:104C40000246119803920A46039942EC101B90ED1C
:104C50003A1B51EC110B53EC102BEDF715FE0246ED
:104C6000119804920A46049942EC101B80ED3A0B0D
:104C7000C06CEDF767FF0246119805920A46059948
:104C800042EC101B90ED3C1B51EC110B53EC102B24
:104C9000EDF7FAFD0246119806920A46069942EC93
:104CA000101B80ED3C0BFFE7119841F62011C2F27A
:104CB00000010A78497841EA022127F84E1C37F9A9
:104CC0004E1C00EE101AB8EEC00A9FED061A80EED8
:104CD000010AB3EE091A30EE010A80ED090A26B086
:104CE00080BD00BFE17A044300FCFF466F1283429F
:104CF00035FA8E3C0000004680B56F4682B00190C8
:104D0000019841F62012C2F200021D210E23FFF786
:104D10008DF8012002B080BD80B56F4682B0019051
:104D2000019900F002F802B080BD80B56F4684B0F2
:104D3000039002910298019001982030FCF740F80E
:104D400004B080BD80B56F4682B00190019900F03B
:104D500002F802B080BD80B56F4684B00390029126
:104D6000029801900198FFF73AF801981C30FCF77F
:104D700027F804B080BD83B00290019100920298A0
:104D8000019901600099416003B0704780B56F469A
:104D900086B00590049103920598019001980090C7
:104DA00000980290029820300499039A00F002F8CB
:104DB00006B080BD80B56F4684B003900291019229
:104DC000039800900098036840680299019A9847F8
:104DD00004B080BD81B0009044F61360C0F60100BD
:104DE00001B0704783B0029001910092029801993E
:104DF00001600099416003B0704780B56F4682B092
:104E0000019001980090009801684068884702B0BE
:104E100080BD80B56F4682B00190019900F002F824
:104E200002B080BD80B56F4682B0019000910099BC
:104E300001F17800D1ED090A9FED0A0A9FED0A1AE7
:104E400000F006F90120F4F7D5F9F4F71AFAC008D2
:104E50007C2805D8FFE70098783000F0E5F8FFE7F8
:104E600002B080BD000034426F12833A81B00090DE
:104E700044F67D60C0F6010001B0704780B56F4612
:104E800082B00190019900F002F802B080BD80B5B7
:104E90006F4688B007900691FFE70698017EFFF7FE
:104EA000B7FB20B9FFE70120EEF7EBFCF5E70120A7
:104EB000F4F790F9FFE7069820301421FBF7C6FEBF
:104EC00038B3FFE70698FFF717FF06981C304FF03E
:104ED000FF31FBF7BBFE0698FFF7C2FC069800F116
:104EE000300103913830029000F024F80299024614
:104EF0000398FEF76DFB069800F1340105914430EC
:104F0000049000F017F8049902460598FEF760FB3C
:104F10000FE049F6E740C0F601006946086049F62F
:104F20008120C0F60100012200231946EFF788FB1B
:104F3000FFE7C0E781B0EFF30580009000980028FC
:104F400018BF012001B0704780B56F4684B0039050
:104F5000029107F8092CFFE70298411E029188B1DF
:104F6000FFE717F8090C03994A1C0392097841409E
:104F700049F6FE40C0F6010000F008F8007807F896
:104F8000090CE9E717F8090C04B080BD80B56F463D
:104F900082B0019000910198009900F002F802B0EF
:104FA00080BD82B00190009101980099084402B040
:104FB0007047B0B502AF86B0059004918DED030A3D
:104FC00005980190049A0146B2E81850A1E81850DB
:104FD00092E8385081E83850002181622C3000F08E
:104FE00019F8019838309DED030A0499D1ED060AAD
:104FF00000F05EFA01989DED031AB7EE000A80EE0C
:10500000010A8DED020A0299416200F00DF8019843
:1050100006B0B0BD81B000900098002101604160F1
:10502000816001B07047000080B56F4682B001908A
:10503000019800218162C1620163416338309FEDB4
:10504000030A00F035FB02B080BD00BF0000000085
:1050500080B56F4692B010908DED0F0ACDED0E0A1F
:105060008DED0D1A109803909DED0F0A00F0FAF8DF
:1050700060B1FFE79DED0E0A00F0F4F830B1FFE7F4
:105080009DED0D0A00F0EEF820B9FFE70398406BA4
:105090001190E1E0039800210C91007FC00760B1FE
:1050A000FFE70BA802900FA900F0F6F802980EA9EE
:1050B00000F006F98DED0C0A08E09DED0F0A9DED5C
:1050C0000E1A30EE410A8DED0C0AFFE703989DEDB4
:1050D0000C0A90ED001A20EE010A8DED0A0A90EDFF
:1050E000000A9DED0E1A20EE010A8DED090A3830F6
:1050F0009DED090A00F082FA03988DED080A9DEDF6
:10510000080AD0ED090A90ED0C1A30EE410A8DED37
:10511000010A9DED0D0AEBF703F90399B0EE401A71
:105120009DED010A80EE010A8DED070A0C98C86218
:10513000089808639DED070A00F094F818B9FFE796
:1051400000200790FFE703989DED0A0A9DED071ADE
:1051500090ED012A90ED033A21EE031A20EE020AA7
:1051600030EE410A8DED060A90ED0A1A9DED0A0A0D
:105170009DED0D2A20EE020A30EE010A8DED050AA2
:105180009DED050A90ED021A20EE010A8DED040A4C
:1051900090ED020A9FED321AB4EE410AF1EE10FAD8
:1051A0002ADDFFE79DED050A00F05CF818B3FFE784
:1051B0009DED060A9DED041A30EE010AEBF7A8F802
:1051C000039890ED051AB4EE410AF1EE10FA11D8E9
:1051D000FFE79DED050AEBF79BF8039890ED041AA5
:1051E000B4EE410AF1EE10FA04D8FFE703990598EE
:1051F0008862FFE7FFE7FFE703989DED040A90ED63
:10520000081A30EE011A9DED060A30EE010A8DED06
:10521000060A9DED060A00F025F8C8B1FFE70398DD
:1052200090ED050A9FED0E1AB4EE410AF1EE10FA68
:105230000ADDFFE703989DED060AD0ED050A00F0B0
:10524000ACF88DED060AFFE7039906984863FFE77F
:105250000398406B1190FFE79DED110A12B080BDDD
:10526000BD37863581B08DED000A9DED000AB0EEA8
:10527000C00A9FED081A0020B4EE410AF1EE10FAC0
:1052800048BF0120B4EE410AF1EE10FAC8BF012078
:1052900001B070470000807F80B56F4684B00390F6
:1052A000029103980190029890ED000AFBF744FBED
:1052B000019880ED000A04B080BD000000000000ED
:1052C00080B56F4686B005900491059801900498CA
:1052D00090ED000AFBF730FB01988DED030A90ED8D
:1052E000000A9DED031A30EE410A8DED020AFFE738
:1052F0000298EDF727FC41EC100B9FED191B53ECC6
:10530000112B51EC100BEDF7FBFE48B1FFE79DEDC3
:10531000020A9FED181A30EE010A8DED020AE7E746
:10532000FFE70298EDF70EFC41EC100B9FED0E1B12
:1053300053EC112B51EC100BEDF7CEFE48B1FFE70B
:105340009DED020A9FED0A1A30EE010A8DED020A68
:10535000E7E79DED020A06B080BD00BF00BF00BFB9
:10536000182D4454FB210940182D4454FB2109C039
:10537000DB0FC940DB0FC9C080B56F4682B08DED31
:10538000010A9DED010AEBF78FF8B0EE401AB7EE77
:10539000000A80EE010A02B080BD8AB08DED090AD4
:1053A000CDED080A08980790099805909DED080A28
:1053B000B1EE400A8DED040A9DED050A9DED041A3B
:1053C000B4EE410AF1EE10FA05DDFFE79DED050AA6
:1053D0008DED010A04E09DED040A8DED010AFFE761
:1053E0009DED010A8DED030A039806909DED070AD5
:1053F0009DED061AB4EE410AF1EE10FA05D5FFE76D
:105400009DED070A8DED000A04E09DED060A8DED85
:10541000000AFFE79DED000A8DED020A9DED020AEC
:105420000AB070478BB00A908DED090ACDED080ADD
:10543000089807900A9800680590099804909DEDD7
:10544000050A9DED041AB4EE410AF1EE10FA05DDED
:10545000FFE79DED050A8DED010A04E09DED040ACC
:105460008DED010AFFE79DED010A8DED030A03981A
:1054700006909DED070A9DED061AB4EE410AF1EE85
:1054800010FA05D5FFE79DED070A8DED000A04E04F
:105490009DED060A8DED000AFFE79DED000A8DEDFA
:1054A000020A02980A9908600BB0704700000000D9
:1054B00080B56F468AB008908DED070ACDED060ADB
:1054C0000898029009900699016000218161C161EC
:1054D00090ED000AB5EE400AF1EE10FA0AD8FFE7A7
:1054E00002994FF07E50C860002008614861486012
:1054F000886078E002989DED070A90ED001A80EE32
:10550000010A8DED050A0598EDF71CFB41EC100B27
:105510009FED371B51EC110B53EC102BEDF794FC66
:1055200041EC100B51EC100BEDF714FE00EE100ADD
:10553000EAF730FF8DED040A9FED2F0A8DED000A8A
:10554000EAF7AEFE0298B0EE401A9DED000A31EE89
:10555000012A9DED041A22EE012AB7EE003A8DEDE4
:10556000013A32EE032A21EE011A31EE021A8DEDD4
:10557000031A9DED041A21EE011A9DED032A81EE16
:10558000021A80ED031A90ED031A31EE011A80ED34
:10559000041AC16841619DED041A21EE011ABFEEA3
:1055A000002A31EE021A31EE011A9DED032A81EE36
:1055B000021A80ED011AEAF773FE9DED011A0298B6
:1055C00030EE002A9DED040A22EE002A31EE421A46
:1055D00020EE000A30EE010A9DED031A80EE010A6A
:1055E00080ED020AFFE709980AB080BD00BF00BF46
:1055F000182D4454FB210940DB0F493F80B56F460D
:1056000086B005908DED040A059801909DED040A81
:1056100090ED014A90ED022A90ED063A90ED071ABE
:1056200023EE043A30EE430A21EE021A30EE410A2C
:105630008DED030A9DED030A00F026F818B1FFE78F
:1056400004980390FFE701999DED030A91ED033A59
:1056500091ED044A91ED052A91ED061A21EE041A06
:1056600020EE030A30EE011A91ED070A20EE020A3D
:1056700030EE010A8DED020A8869C86103988861DD
:105680009DED020A06B080BD81B08DED000A9DED52
:10569000000AB0EEC00A9FED051A0020B4EE410AE0
:1056A000F1EE10FA08BF012001B070470000807FC2
:1056B00080B56F4684B003908DED020A0398009088
:1056C0009DED020A90ED031A90ED043A90ED052A43
:1056D00031EE031A31EE021A80EE010A8DED010A55
:1056E0009DED010AFFF7BEFD30B1FFE7009901987B
:1056F00088610198C86105E0009902988861029864
:10570000C861FFE700989DED020AFFF777FF04B03C
:1057100080BD80B56F4682B0006846F20042C4F298
:105720000002904241F63010C2F2000018BF08306B
:1057300000210068019101A901F0A8F9019850B178
:105740004EF60450CEF200004FF080510160BFF3DE
:105750004F8FBFF36F8F02B080BD80B56F4682B0B0
:10576000006846F20042C4F20002904241F6301056
:10577000C2F2000018BF083000210068019101A9A1
:1057800001F084F9019850B14EF60450CEF20000B9
:105790004FF080510160BFF34F8FBFF36F8F02B0A6
:1057A00080BD80B56F4682B0016E46F2004221F4A2
:1057B000001101660068C4F20002904241F6301008
:1057C000C2F2000018BF083000210068019101A951
:1057D00001F05CF9019850B14EF60450CEF2000091
:1057E0004FF080510160BFF34F8FBFF36F8F02B056
:1057F00080BDF0B503AF2DE9000B86B0012000217C
:1058000003224FF00108002600F032FF41F630116C
:1058100041F2B414C2F20001C2F20004E946086089
:10582000022520464946CDE90066CDE90466CDE96A
:105830000258F4F71EFA4FF08040CDE900082046E8
:105840004946CDE90258CDE90466F4F712FA20463C
:10585000F4F740FA204601210022F4F758FB2046D5
:105860004FF400710022F4F752FB06B0BDE8000BC4
:10587000F0BD0000F0B503AF2DE9000F87B0006860
:1058800046F20041C4F20001B0EB010841F65C149D
:1058900018BF4FF001088842C2F200044FF0D00058
:1058A00041F2B41918FB0045C2F2000905F12806BF
:1058B00018BF4FF00009484640212A463346F4F706
:1058C0008DFA18B107B0BDE8000FF0BD4FEA4802ED
:1058D000682041F6341112FB0040C2F2000100F1D1
:1058E000180A01EB42110C30039001F1140041F64B
:1058F000C41B01F11008CDE90110081DC2F2000B14
:105900000492009009E000BFA047484640212A4683
:105910003346F4F763FA0028D4D1DBF80000DAF854
:1059200000100130CBF8000091B1D8F80040002CF5
:10593000EBD0039849F278414088C0F60101085C39
:1059400029680590029805AA036804980696DBE783
:1059500001980468002CD8D000982968036804983E
:105960003246D1E741F6341CC2F2000C0CEB401079
:1059700000EBC10C40F831200020CCF80430704717
:10598000F0B503AF2DE9000B8AB0002918BF012143
:105990000546880708210290002004914FF000413D
:1059A0000390CDE9051007904FF4000041F2B416C2
:1059B00041F6541941F63014984608900120C2F27D
:1059C0000006C2F20009C2F200040192099000BF71
:1059D0003068D0F8C400800211D5D9F800000A2838
:1059E0001CD854F825000A2101F0BEF80028EFD198
:1059F000D9F800000130C9F8000005200FE00020B0
:105A0000002D18BF0646C9F8000001A930464246DD
:105A1000F4F776F9002818BF012000E001200AB051
:105A2000BDE8000BF0BD0000F0B503AF2DE9000BA1
:105A30008AB08146002918BF0121B86889079846B5
:105A40000291002108280192039106D849F60061CD
:105A5000C0F6010151F8200013E0182809D80938D0
:105A600049F6006120F00300C0F601010844406AD5
:105A700007E01F2801D80D2003E02F288CBF0F203E
:105A80000E2004904FF0004005904FF480100690D7
:105A90004FF4001041F2B41641F6581441F6301597
:105AA00007900020C2F20006C2F20004C2F2000514
:105AB000CDE908003068D0F8C40080020ED5206817
:105AC0000A281AD855F82900012101F04DF80028BC
:105AD000F0D120680130206005200FE00020B9F1EE
:105AE000000F18BF0646206001A930464246F4F771
:105AF00007F9002818BF012000E001200AB0BDE826
:105B0000000BF0BDF0B503AF4DF8048D40F2144822
:105B100041F6C81604460025C4F20108C2F2000688
:105B200003E000BF0135102D0ED024FA05F0C007A8
:105B3000F8D0C8F8004056F835100029F2D006EB2E
:105B4000C50040688847EDE75DF8048BF0BD0000B4
:105B5000D0B502AF49F64063C0F6010333F830C058
:105B600000245FEACC7011D14FF0010E0F2C4FF0E2
:105B7000000038BF01200E2C234611D82CFA0EF35A
:105B80007446DB070EF1010EF0D000E0012041F673
:105B9000C81CC2F2000C0CEBC4034CF834105A6061
:105BA00080F00100D0BD012807D0052807D00428C7
:105BB0001CBF01207047282002E0062000E01720CB
:105BC00080B56F46F1F702FC002080BD012807D0A8
:105BD000052807D004281CBF01207047282002E0B8
:105BE000062000E0172080B56F46F1F7FFFB00208C
:105BF00080BD80B56F4649F64063C0F6010303EBF4
:105C0000C002526833F830308C461046194662465E
:105C1000F4F7A7FB002080BD80B56F4649F64061D0
:105C2000C0F6010101EBC002526831F83010104695
:105C3000F4F792FB002818BF012080BD80B56F46A5
:105C4000006843F60041C4F200010322884201F5D6
:105C5000744108BF0122401A18BF104603280BD018
:105C600041F64821C2F2000101EB001081680029D1
:105C700008BF80BDC068884780BD41F6482CC2F28D
:105C8000000C0CEB001000EBC10C40F831200020A0
:105C9000CCF80430704780B56F4682B041F0800187
:105CA00041F27C2207F8021C0021C2F2000207F830
:105CB000011C012818BF0A4641F21821C2F2000156
:105CC000002818BF1146BA1E4FF00A0C08461146AC
:105CD0000223CDF800C0F4F71BFF17F8010C02B047
:105CE00080BD80B56F4682B001F07F0107F8021CCD
:105CF00007F8012C41F27C2141F21822C2F2000186
:105D00000128C2F2000218BF0021002818BF0A466D
:105D1000B91E104602220A23F4F71EFD002818BF00
:105D2000012002B080BDF0B503AF4DF8048D82B004
:105D300041F0800107F8111C41F27C21C2F2000100
:105D400041F21826012818BF0021C2F200061D46A4
:105D50001446D7F80880002818BF0E46A7F1110195
:105D6000304601220A23F4F7F7FCAAB23046214656
:105D7000B8F1000F03D00A23F4F7E0FD01E0F5F7D6
:105D800027F8002818BF012002B05DF8048BF0BD91
:105D9000F0B503AF4DF8048D84B049F67860C0F6D5
:105DA00001008268D0E9001041F66824C2F20004C4
:105DB00045F278664FF600050392CDE901102046C2
:105DC0004FF0FF314FF40062C1F23426C0F60105F6
:105DD000EBF748FF01A920460C22EBF72DFE5620D9
:105DE00084F8FF072868B04206D14FF6FF70C0F66E
:105DF00001000078562802D0284600F057F84FF2EC
:105E00000008C0F60108D8F80000B04202D04046B1
:105E100000F04CF815F8010C56283AD04FF6060061
:105E20004FF60501C0F60100C0F601014FF607026A
:105E300000780978C0F60102127841EA002040EAB1
:105E4000024018B3F1F7D4FB18BB42F21800C4F2B9
:105E50000200016808F5FF6441F0404101604CF226
:105E6000FA312646454640F8081C00BF56F8082F70
:105E7000002073682946F1F7CDFAA54203D2002825
:105E800005F10805F2D0F1F7CAFB02E0404600F048
:105E90000DF841F66820C2F2000041464FF400625E
:105EA000EBF7CAFD04B05DF8048BF0BDF0B503AFAD
:105EB0004DF8048D86B042F2180500260446C4F25F
:105EC00002050196F1F794FB28684CF2FA3840F08D
:105ED00040402860012045F8088C0590039004F1AB
:105EE0007840C00A049002A801A90296F1F7FAFBD3
:105EF000F1F795FBF1F77CFBF0B9286814F5006F1A
:105F000040F04040286045F8088C13D241F66820E4
:105F1000C2F2000004F50065A0F1080656F8082F4B
:105F2000002073682146F1F775FA0834AC4201D2BB
:105F30000028F3D0F1F773FB06B05DF8048BF0BDD9
:105F4000F0B503AF2DE9000F85B042F2180B4FF00A
:105F50000009C4F2020BCDF80090F1F749FBDBF821
:105F600000004CF2FA3840F04040CBF800003F20EF
:105F70004BF8088C4FF0010A039001A86946CDF850
:105F800010A0CDF808A0CDF80490F1F7ABFBF1F725
:105F900046FBF1F72DFB00BBDBF800004FF60004D9
:105FA000C0F601044EF6F87640F04040C0F6010617
:105FB00004F5FF65CBF800004BF8088C56F8082F65
:105FC000002073682146F1F725FAAC4203D200287D
:105FD00004F10804F2D0F1F722FBCDF80090F1F7BC
:105FE00007FBDBF80000694640F04040CBF80000BA
:105FF0003E204BF8088C039001A8CDF810A0CDF8F6
:1060000008A0CDF80490F1F76DFBF1F708FBF1F76C
:10601000EFFA30BBDBF800004EF6F87140F040407C
:10602000CBF800004CF2FA304BF8080C41F668202F
:10603000C0F60101C2F20000A0F1080501F1080458
:1060400001F5006655F8082F00206B682146F1F72E
:10605000E1F9B44203D2002804F10804F2D0F1F7C8
:10606000DEFA05B0BDE8000FF0BDF0B503AF4DF8A6
:10607000048D86B000240194F1F7BAFA42F21805B3
:10608000C4F2020528684CF2FA3840F0404028601B
:106090003F2045F8088C0126049002A801A9059626
:1060A00003960294F1F71EFBF1F7B9FA0194F1F7A8
:1060B0009FFA286801A940F0404028603E2045F83A
:1060C000088C049002A8059603960294F1F70AFB47
:1060D000F1F7A5FA06B05DF8048BF0BDF0B503AF9B
:1060E0002DE9000F81B041F6682AC2F2000A9046FD
:1060F000524612F8053F8B465178927843EA0121C7
:1061000041EA02410029814600F08F80544614F88C
:10611000040F20B30AF104052C4600BF04F1080166
:106120004846EBF741FF10B314F804CF14F8031DF1
:10613000A2796378A6786079247940EA02204CEA53
:10614000042241EA032142EA004041EA06410844B0
:10615000054415F8080F00282C46DFD12C4604F121
:1061600008014846EBF720FF002818BF0024002C48
:106170005ED0504610F8051F4278807841EA02212F
:1061800041EA0040002800F0A480544614F8040FAF
:1061900018B30AF104052C4604F108014846EBF750
:1061A00003FF10B314F804CF14F8031DA279637829
:1061B000A6786079247940EA02204CEA042241EA78
:1061C000032142EA004041EA06410844054415F82B
:1061D000080F00282C46DFD12C4604F10801484660
:1061E000EBF7E2FE002818BF0024002C74D02046F4
:1061F00010F8041F42788378C07841EA022143EA0C
:10620000002041EA0040404568D1204610F8011FB7
:10621000A278807841EA022141EA00402044083017
:1062200059464246EBF708FC8FE00024002CA0D131
:106230004846CDF800B0ECF783F8514611F8052F29
:1062400000F1010B4B788E7842EA032242EA0642C3
:10625000002A45D0554615F8040FE8B10AF10405A7
:10626000284600BF10F804CF10F8032D8379467834
:1062700084784179007941EA03214CEA002040EA20
:10628000014042EA062141EA04410844054415F868
:10629000080F00282846E5D1284610F8041F6A791F
:1062A0008378C07841EA022143EA002041EA0040B5
:1062B000294611F8012FAB78897842EA032242EA95
:1062C000014108442844464600F1080800F1100442
:1062D0000BE00024002C8AD1032037E0012035E0B8
:1062E0004646A1F10108CC1D002508EB06005844E4
:1062F00008300AF2FF71884201D9022026E02046C8
:1063000049465A46EBF798FB009904EB0B003246DE
:10631000EBF792FB4FEA1B2188F80210414601F887
:1063200001BF4FEA1B4200208A70310A88F8000042
:1063300088F8051008F8046F310E88F80310310C46
:1063400088F8021015B101202870002001B0BDE8C6
:10635000000FF0BDF0B503AF4DF8048D41F6682194
:10636000C2F200010A4612F8053F5678927843EAD5
:10637000062343EA02428AB30D46804615F8040F0D
:1063800018B30E1D354600BF05F108014046EBF776
:106390000BFE20B315F804CF15F8031DAA796B780E
:1063A000AC7868792D7940EA02204CEA052241EA6E
:1063B000032142EA004041EA04410844064416F839
:1063C000080F00283546DFD1354605F10801404663
:1063D000EBF7EAFD002818BF002500E0002528465D
:1063E0005DF8048BF0BD014611F8012F83788978A0
:1063F00042EA032242EA01410844083070470000A3
:10640000F0B503AF4DF804BD044600F0A4FE42F21F
:106410006821C2F20001086842F26C2EC2F2000E3E
:1064200050BB42F27830C2F20000C31D23F00703D4
:1064300010F00702A0EB030618BF184642F27023C3
:10644000C2F200030025C3E9000545F2FF13002A4C
:1064500018BF3344C218083A22F007020A60C2E9A2
:1064600000550B68121AC0E9003242F27820C2F2DD
:1064700000000260CEF8002004F10803092B01D2CD
:1064800000230AE014F0070007D0093883429ABFBE
:1064900004F1100020F007030023012B4FF000044B
:1064A00074DBDEF80000834270D842F27022C2F240
:1064B000000215686C689C420FD2286848B100BF82
:1064C00044682A4605469C4207D228680028F7D12E
:1064D00003E042F27022C2F200020868854212D044
:1064E000D2F800C02E68E01A1128166031D3EC18DB
:1064F00062070AD04FF0500080F31188BFF36F8F0E
:10650000BFF34F8FFEE7002440E060606B6042F213
:106510007023C2F2000300BF1A461B68A342FBD3DC
:1065200050681618A64203D164682044144650608F
:106530006668A019984201D0184606E008688342B0
:1065400003D0D3E9000131446160A242206018BF4A
:10655000146042F278206968DEF80020C2F2000080
:106560000368511A9942CEF8001038BF016000212B
:10657000296042F27C216868C2F200010A6840F09A
:1065800000400CF108046860501C086000F0ECFD4D
:10659000600708D04FF0500080F31188BFF36F8F71
:1065A000BFF34F8FFEE720465DF804BBF0BD00004F
:1065B000B0B502AF002808BFB0BD044650F8040CC7
:1065C000002808D44FF0500080F31188BFF36F8F7C
:1065D000BFF34F8FFEE7A4F10805296849B14FF0DA
:1065E000500080F31188BFF36F8FBFF34F8F00BF50
:1065F000FEE720F0004044F8040C00F0ACFD42F24D
:106600006C21C2F2000154F8040C0A6810440860BE
:1066100042F27021C2F2000108460968A942FBD388
:1066200042688318AB4204D154F8043C05461A442E
:1066300042606A68AB188B4201D00B460AE042F216
:106640006823C2F200031B68994203D0D1E90034E9
:10665000A1186960A8422B6018BF056042F2802033
:10666000C2F2000001680131016000F07DFDB0BDA3
:10667000F0B503AF2DE9000B18B30446A0FB0105EC
:106680000E46F5B906FB04F010F1510F19D8503041
:106690009046FFF7B5FEF0B1002E814618BF50308E
:1066A000C9F80000C9F83C40C9F84060B5B14FF0E6
:1066B000500080F31188BFF36F8FBFF34F8F00BF7F
:1066C000FEE74FF0500080F31188BFF36F8FBFF3E8
:1066D0004F8F00BFFEE74FF0000922E001F0EAFD16
:1066E000D9F80000D9E90F12002602FB0103013995
:1066F00001FB0201C9F83860C9E90103FF20C9F8AC
:106700000C1089F8440089F8450009F1100001F0E7
:10671000C7FE09F1240001F0C3FE01F0EFFD89F886
:106720004C804846BDE8000BF0BDF0B503AF4DF816
:1067300004BD04465020FFF763FE4FF0000620B36F
:10674000054600600120C5E90F0601F0B3FD286889
:10675000D5E90F12AE6302FB0103013901FB02010F
:10676000C5E90103FF20E96085F8440085F845008C
:1067700005F1100001F094FE05F1240001F090FEF7
:1067800001F0BCFD2E4685F84C404EB10020306033
:10679000C6E90200304600210022002300F020F864
:1067A00030465DF804BBF0BDB0B502AF68B10C4631
:1067B00081420AD8002102220025FFF759FF002854
:1067C0001CBF846305462846B0BD4FF0500080F3DF
:1067D0001188BFF36F8FBFF34F8F00BFFEE700003C
:1067E000F0B503AF2DE9000F83B00292B8B11D469A
:1067F0000E460446E9B1022D03D1E06B012840F0BA
:106800009E8001F05FFA00BB0298F0B14FF050009B
:1068100080F31188BFF36F8FBFF34F8FFEE74FF008
:10682000500080F31188BFF36F8FBFF34F8F00BF0D
:10683000FEE7206C0028DED04FF0500080F3118876
:10684000BFF36F8FBFF34F8FFEE701F033FDA06BF7
:10685000022D5CD0E16B884259D304F1100801206D
:10686000E94600BF0299002900F08380C00702D0EA
:10687000484601F0D1F901F041FD00F06CFC01F057
:1068800019FD94F84400FF2804BF002084F8440058
:1068900094F84500FF2804BF002084F8450001F06B
:1068A0002DFD484602A901F0C5F9002864D101F088
:1068B00001FDD4F838B0D4F83CA001F01FFDD34559
:1068C00016D10299404601F0DFF8204600F0A0F80A
:1068D00000F04AFC88B94EF60450CEF200004FF0AA
:1068E00080510160BFF34F8FBFF36F8F05E000BF92
:1068F000204600F08DF800F037FC01F0DBFCA06BC7
:10690000022D04D0E16B88424FF00000AAD220464D
:1069100031462A4600F03AF854F8241FC9B12046FF
:1069200001F006F908B34EF60450CEF200004FF025
:1069300080510160BFF34F8FBFF36F8F15E04FF0B1
:10694000500080F31188BFF36F8FBFF34F8F00BFEC
:10695000FEE750B14EF60450CEF200004FF08051E9
:106960000160BFF34F8FBFF36F8F01F0C7FC0120B1
:1069700008E001F0C3FC04E0204600F049F800F014
:10698000F3FB002003B0BDE8000FF0BDF0B503AF8E
:106990004DF804BD866B036C0446DBB1154612B39B
:1069A000E0681A46EBF748F8E168206C2268091A9B
:1069B0009142E16003D2A16840420844E060A81E11
:1069C000B0FA80F040093146002E18BF012108407E
:1069D000361A15E02068002598B9A06801F0EAF998
:1069E000A56005460DE060681A46EBF725F8216CB6
:1069F000D4E9010208449042606001D320686060DD
:106A00000025711C2846A1635DF804BBF0BD0000A1
:106A1000F0B503AF4DF8048D044601F04BFC94F93A
:106A20004560012E0FDB04F1240500BF286850B13A
:106A3000284601F07DF8002818BF01F03CF970B23B
:106A4000013E0128F2DC4FF0FF0884F8458001F098
:106A500055FC01F02FFC94F94460012E0FDB04F18A
:106A6000100500BF286850B1284601F061F80028E1
:106A700018BF01F020F970B2013E0128F2DC84F861
:106A8000448001F03BFC5DF8048BF0BDF0B503AF32
:106A90002DE9000B58B10546006C90B14FF0500045
:106AA00080F31188BFF36F8FBFF34F8FFEE74FF076
:106AB000500080F31188BFF36F8FBFF34F8F00BF7B
:106AC000FEE728680C4650B301F07CFCEFF3118818
:106AD0004FF0500080F31188BFF36F8FBFF34F8FDB
:106AE000A86BE96B884218D295F9456001305FFACE
:106AF00086F9B9F1FF0FA8631DD000F0A2FDB042E6
:106B00002CD9B9F17F0F25D14FF0500080F31188B7
:106B1000BFF36F8FBFF34F8FFEE700201FE0A86821
:106B20000028D1D04FF0500080F31188BFF36F8F51
:106B3000BFF34F8FFEE755F8240F78B1284600F0D9
:106B4000F7FF01464FF001004CB100291CBF0120A6
:106B5000206004E009F1010085F84500012088F378
:106B60001188BDE8000BF0BDF0B503AF2DE9000FB3
:106B700087B0069158B10446006C90B14FF05000B8
:106B800080F31188BFF36F8FBFF34F8FFEE74FF095
:106B9000500080F31188BFF36F8FBFF34F8F00BF9A
:106BA000FEE701F08FF850B9069840B14FF0500061
:106BB00080F31188BFF36F8FBFF34F8FFEE704F1AF
:106BC0002400019000200290002004F110084FF0F2
:106BD000000A0DF1100B06AD03900CE02046FFF704
:106BE00017FF00F0C1FA01F065FBA66B01F086FB10
:106BF000002E00F0888001F05DFBA06B00B301382F
:106C0000A063206810B901F01AFAA060D8F800005B
:106C100070B1404600F08CFF50B14EF60450CEF2F9
:106C200000004FF080510160BFF34F8FBFF36F8FB3
:106C300001F064FB4FF001090020A8B976E000BF25
:106C4000069848B1039810B9584600F0E5FF0120B6
:106C50000390012040B969E001F050FB00204FF0A3
:106C60000009002862D000BF01F048FB00F073FA71
:106C700001F020FB94F84400FF2808BF84F844A0EA
:106C800094F84500FF2808BF84F845A001F036FBC2
:106C90005846294600F0CEFF00289FD101F00AFB9C
:106CA000D4F838A001F02AFBBAF1000F07D0204633
:106CB000FFF7AEFE00F058FA4FF0000A9BE720689D
:106CC0004FF0000A38B901F0F5FAA06801F00DF8AC
:106CD000029001F013FB0699019800F0D5FE2046C2
:106CE000FFF796FE00F040FA00287FF484AF4EF6DE
:106CF0000450CEF200004FF080510160BFF34F8F7F
:106D0000BFF36F8F77E7029870B101F0D3FA606A32
:106D100020B1206B0068C0F1060100E00021A068EE
:106D200001F0B2F801F0EAFA4FF00009484607B066
:106D3000BDE8000FF0BD0000F0B503AF2DE9000F76
:106D400081B000283BD0914605460E46002940D030
:106D500001F038FBEFF311884FF0500080F31188F9
:106D6000BFF36F8FBFF34F8FAC6B002C3DD095F905
:106D700044B02A6C5FFA8BFA5AB1D5E9021010447C
:106D8000E860884224BF2868E860E9683046EAF78E
:106D900053FE601EBAF1FF0FA86328D000F051FC2B
:106DA00058453AD9BAF17F0F33D14FF0500080F3F4
:106DB0001188BFF36F8FBFF34F8F00BFFEE74FF017
:106DC000500080F31188BFF36F8FBFF34F8F00BF68
:106DD000FEE7286C0028BBD04FF0500080F31188EC
:106DE000BFF36F8FBFF34F8FFEE7002016E055F81B
:106DF000100F90B1284600F09BFE0146B9F1000F3C
:106E00004FF001000AD000291CBF0120C9F8000082
:106E100004E00AF1010085F84400012088F311889C
:106E200001B0BDE8000FF0BDF0B503AF2DE9000FD4
:106E300081B04FEA820B814658469A4690460D46ED
:106E4000FFF7DEFA88B106466020FFF7D9FA48B1AD
:106E5000002160220446EAF705FF266344B94FF09B
:106E6000FF35DBE03046FFF7A3FB0024002CF6D013
:106E7000206BCDF80090D7F80890A5215A46EAF784
:106E8000F1FE206B00EB8800A0F1040020F0070663
:106E9000666475B104F13400002100BF6A5C42549D
:106EA0006A5C1AB10F2901F10101F7D3002084F8BF
:106EB0004300B9F1060F08D34FF0500080F311885A
:106EC000BFF36F8FBFF34F8FFEE704F10408FD6837
:106ED0004046C4F82C90C4F8509001F0ECFA04F14C
:106EE000180001F0E8FAC9F106000099A0613046E7
:106EF00052462461646201F0AEF8002D206018BF94
:106F00002C6001F0D7F942F2B820C2F2000001680B
:106F100042F2842B01310160C2F2000BDBF8001059
:106F200042F2B42A42F2C026C2F2000AC2F20006BD
:106F300059B1DAF80000A0BBDBF80000E16AC06AD2
:106F4000884298BFCBF800402BE0CBF800400068A7
:106F5000012826D1002500BF701901F0A1FA1435CF
:106F6000782DF9D142F24839C2F20009484601F0C1
:106F700097FA42F25C35C2F20005284601F090FA19
:106F800042F29820C2F2000001F08AFA42F2902008
:106F9000C2F20000C0F8009042F29420C2F2000059
:106FA000056042F24430C2F200000168012501315F
:106FB0000160A16442F2BC21E06AC2F200010A68E9
:106FC00005FA00F31A4300EB80000A6006EB80012B
:106FD0004A6861619368A260E3609368C2F80880C0
:106FE000C3F8048056F82010013146F8201001F053
:106FF00085F9DAF8000088B1DBF80000E16AC06AC0
:1070000088420AD24EF60450CEF200004FF0805172
:107010000160BFF34F8FBFF36F8F0125284601B08A
:10702000BDE8000FF0BD0000F0B503AF4DF8048DD2
:1070300078B1C1B142F28822C2F200021368E3B112
:107040004FF0500080F31188BFF36F8FBFF34F8F65
:10705000FEE74FF0500080F31188BFF36F8FBFF34E
:107060004F8F00BFFEE74FF0500080F31188BFF351
:107070006F8FBFF34F8F00BFFEE71368002501330A
:10708000136042F28C23C2F200031A680668B2420F
:10709000314408D20024914288BF0124B14238BF54
:1070A00001252C4007E00024914288BF0124B14211
:1070B00038BF01252C430160DCB342F28428C2F2C0
:1070C00000081E68D8F800008D1A043001F015FA87
:1070D00068B9D8F8000042F2BC22C06AC2F20002CD
:1070E0000121136801FA00F023EA00001060D8F8CB
:1070F0000000AD1945600AD342F29420C2F20000AC
:107100000068D8F80010043101F0D8F911E042F21B
:107110009020C2F200000068D8F80010043101F09D
:10712000CDF942F2B020C2F2000001688D4238BFB2
:10713000056000F019F850B94EF60450CEF2000088
:107140004FF080510160BFF34F8FBFF36F8F204628
:107150005DF8048BF0BD42F28820C2F200000168A5
:107160000131016070470000F0B503AF2DE9000F59
:1071700081B042F28824C2F20004206870B101F0AC
:1071800099F8206801382060206880B1002401F05F
:10719000B5F8204601B0BDE8000FF0BD4FF050003B
:1071A00080F31188BFF36F8FBFF34F8FFEE742F27A
:1071B000B820C2F2000000680028E7D042F2982A06
:1071C000C2F2000ADAF8001042F238340029C2F2A2
:1071D000000470D042F2BC2B42F2C02C42F2842E4A
:1071E0004FF00109C2F2000BC2F2000CC2F2000E15
:1071F000DAF80C10CE68D6E90705B16A8560356A01
:107200004B6806F1180268600020934208BF4D6089
:10721000B062086801380860D6E9020275698260C8
:107220006B68F268311D8B42506008BF6A60286845
:1072300001382860F06ADBF8002009FA00F31A43ED
:10724000CBF8002000EB80020CEB82035D687361D9
:10725000D5F80880B560C6F80C80AC68A96061609C
:107260005CF8221001314CF82210DEF80010C96AD7
:10727000884282BF42F23830C2F20000C0F800906B
:10728000DAF800000028B3D142F23834C2F2000428
:107290008EB142F29020C2F200000168096819B173
:1072A0000068C068006801E04FF0FF3042F2B02192
:1072B000C2F20001086042F23C38C2F20008D8F87D
:1072C00000505DB1012600BF00F0E0F8002818BFB3
:1072D0002660013DF8D10020C8F800002068002891
:1072E0003FF454AF4EF60450CEF200004FF0805100
:1072F0000160BFF34F8F0124BFF36F8F47E700009A
:10730000F0B503AF4DF804BD002853D0044642F257
:107310008820C2F20000016849B14FF0500080F3AC
:107320001188BFF36F8FBFF34F8F00BFFEE7016877
:1073300042F284250131016042F28C20C2F2000049
:10734000C2F2000506682868043001F0D6F860B97A
:10735000286842F2BC22C06AC2F20002012113680E
:1073600001FA00F023EA000010602868A4194460C4
:1073700009D342F29420C2F2000000682968043167
:1073800001F09CF810E042F29020C2F20000006888
:107390002968043101F092F842F2B020C2F20000F4
:1073A00001688C4238BF0460FFF7DEFE10B15DF863
:1073B00004BBF0BD4EF60450CEF200004FF08051F9
:1073C0000160BFF34F8FBFF36F8F5DF804BBF0BD5B
:1073D00080B56F4682B0002042F2AC2C009047F29C
:1073E000654049F68861C2F2000CC0F60100C0F6A3
:1073F000010180220023CDF804C0FFF715FD411CD8
:1074000025D001281CD14FF0500080F31188BFF324
:107410006F8FBFF34F8F42F2B020C2F200004FF0E7
:10742000FF31016042F2B420C2F20000012101608C
:1074300042F28C20C2F200000021016000F052FEF6
:1074400049F68460C0F60100006802B080BD4FF0CC
:10745000500080F31188BFF36F8FBFF34F8F00BFD1
:10746000FEE7000042F2C0204EF60451C2F20000D6
:10747000CEF200014FF080520368022BFCD30A6069
:10748000BFF34F8FBFF36F8FF6E70000F0B503AF88
:107490002DE9000F42F28820C2F20000006850B1CE
:1074A00042F23C30C2F2000001680131016000206C
:1074B000BDE8000FF0BD42F28C20C2F2000001686E
:1074C00011F10108C0F800802CD342F29020C2F2E2
:1074D00000000268126842B14FF0500080F311883A
:1074E000BFF36F8FBFF34F8FFEE742F29423C2F2D8
:1074F000000302681E6806601A6042F24032C2F25F
:107500000002136801331360026812681AB1006840
:10751000C068006801E04FF0FF3042F2B022C2F2D2
:107520000002106042F2B021C2F2000108688045FA
:1075300001D2002074E042F2902BC2F2000BDBF883
:1075400000000068002860D042F2BC2A42F2C02944
:10755000C2F2000AC2F20009002027E0D6F82CC0CF
:10756000DAF80030012101FA0CF52B43CAF800309B
:107570000CEB8C0309EB83056C687561A168B46042
:10758000F160A168A2604A6059F82310013149F8FE
:10759000231042F28421C2F200010968C96ADBF8B3
:1075A00000208C4588BF0120116891B3DBF80020D2
:1075B000D268D668324652F8044FA0452BD3D6E99C
:1075C00002C37469CCF80830D4F804E0F3680021F1
:1075D0009645C3F804C008BF636071612368013B2E
:1075E0002360B46A002CB9D0D6E9071365688B60B4
:1075F000336A06F1180C59600021654508BF6360C5
:10760000B162216801392160A8E74FF0FF34002002
:1076100005E04FF0FF3442F2B021C2F200010C60ED
:1076200042F23831C2F200010968002918BF012076
:10763000BDE8000FF0BD42F28C20C2F200000068ED
:10764000704742F2B820C2F20000006870470000A4
:10765000F0B503AF2DE9000F87B0009242F2882207
:10766000C2F20002136800240133136042F2B82210
:10767000C2F20002126801908A4200F29F8142F237
:10768000C02642F2842C0623C2F20006C2F2000C8D
:1076900000220BE04FF0000B029B039A42F2C0263F
:1076A000002B5A44C2F2000600F08380013B03EB3A
:1076B000830056F82010CDE902320029EAD006EB0B
:1076C0008000804658F8041F496808F10403994275
:1076D0000693C8F8001002D1C168C8F8001002EB88
:1076E000C201D8F80020019BD56803EB81010C3062
:1076F0004FF0000B0591049006E000BF0020AA4562
:107700000BF1010B3084C7D0D8F80000069940680F
:107710008842C8F8000003D104980068C8F8000047
:10772000D8F80000D0F80CA00BEBCB00D146BAF192
:10773000000F08BFDCF800900599D9F8482001EB4C
:10774000800609F134007060D9E90B01B26006F1DE
:107750001002C6F80090D9F8503019C2F161DCF877
:107760000000814516D00120307300F0A3FDD9F848
:10777000280042F29821C2F20001884204BF012091
:10778000307300F0BBFD42F2842CC2F2000C0024E6
:1077900001E000BF3473D9F830000178A529ADD1DC
:1077A00001300021435C4A1CA52B1146FAD09008F9
:1077B000A5E742F29020C2F200000668306803920A
:1077C000002872D0716802EBC200496806F1080215
:1077D00091420692716001D1F16871607168019AFD
:1077E000D1F80C9002EB800000240025059006E003
:1077F0000020C84505F10105AAF8200056D07068A0
:10780000069940688842706001D1F06870607068C5
:10781000D0F80C8005EBC500C346B8F1000F08BFD7
:10782000DCF800B00599DBF8482001EB800A0BF189
:107830003400CAF80400DBE90B01CAF808200AF199
:107840001002CAF800B0DBF8503019C2CAF81C1098
:10785000DCF80000834517D002208AF80C0000F005
:1078600029FDDBF8280042F29821C2F2000188428B
:1078700004BF01208AF80C0000F040FD42F2842C85
:10788000C2F2000C002401E08AF80C40DBF8300062
:107890000178A529ACD10130002100BF435C4A1C0E
:1078A000A52B1146FAD09008A3E7002542F29420B8
:1078B000C2F200000668306800280398284404904B
:1078C00073D0716806F10802496800EBC00091426C
:1078D0000692716001D1F16871607168019AD1F806
:1078E0000CA002EB800000240025059007E000BFFB
:1078F0000020D14505F10105ABF8200056D0706895
:10790000069940688842706001D1F06870607068C4
:10791000D0F80C9005EBC500C846B9F1000F08BFC0
:10792000DCF800800599D8F8482001EB800B08F1BD
:107930003400CBF80400D8E90B01CBF808200BF198
:107940001002CBF80080D8F8503019C2CBF81C10C8
:10795000DCF80000804517D002208BF80C0000F006
:10796000A9FCD8F8280042F29821C2F2000188420E
:1079700004BF01208BF80C0000F0C0FC42F2842C04
:10798000C2F2000C002401E08BF80C40D8F8300063
:107990000178A529ACD10130002100BF435C4A1C0D
:1079A000A52B1146FAD09008A3E70025049900986A
:1079B0006C1800281EBF014600200860FFF7D4FBAA
:1079C000204607B0BDE8000FF0BD0000D0B502AF03
:1079D00042F28820C2F20000006830B142F2383032
:1079E000C2F2000001210160D0BD42F23830C2F283
:1079F0000000002142F284240160C2F200042068E9
:107A0000006B0168B1F1A53F0BD14168B1F1A53F11
:107A100007D18168B1F1A53F03D1C068B0F1A53F9E
:107A200004D020682168343100F006FD42F2BC2009
:107A3000C2F200000068B0FA80F0C0B2C0F11F00CE
:107A400042F2C02100EB8000C2F2000151F8202078
:107A50007AB101EB8001084650F8042F5268031DEB
:107A60009A42026001D1C96801600068C068206064
:107A7000D0BD4FF0500080F31188BFF36F8FBFF37C
:107A80004F8F00BFFEE70000F0B503AF4DF804BD17
:107A900078B342F28425C2F200050C4629681831F9
:107AA00000F00CFD42F28C20C2F20000066828684B
:107AB000043000F022FD60B9286842F2BC22C06A9E
:107AC000C2F200020121136801FA00F023EA00006B
:107AD00010602868A419446015D342F29420C2F2C1
:107AE000000000682968043100F0E8FC5DF804BB80
:107AF000F0BD4FF0500080F31188BFF36F8FBFF3DC
:107B00004F8F00BFFEE742F29020C2F200000068F3
:107B10002968043100F0D2FC42F2B020C2F2000029
:107B200001688C4238BF04605DF804BBF0BD000002
:107B3000D0B502AFC068C06808B3D0E90713826A45
:107B40008B60036AD2F804E000F1180C5960002140
:107B5000E64508BF5360816211680139116042F245
:107B60008821C2F20001096899B142F29822C2F25A
:107B70000002516882628B68C161036232E04FF09B
:107B8000500080F31188BFF36F8FBFF34F8F00BF9A
:107B9000FEE7D0E9021342698B60D2F804E0C368C3
:107BA00000F1040CE645596008BF5360116842F2C9
:107BB000BC2401391160C16AC2F200044FF0010E09
:107BC00022680EFA01F31A43226042F2C02201EB4E
:107BD0008101C2F2000202EB8102516842618B68AE
:107BE0008160C3608B68C1F808C0C3F804C0116825
:107BF0000131116042F28421C2F20001C06A0968B9
:107C0000C96A884291BF002042F23831C2F20001B5
:107C1000012088BF0860D0BD42F24031C2F20001AD
:107C20000968016042F28C21C2F2000109684160DA
:107C300070470000B0B502AF20B30D4691B30446C3
:107C400000F038FB42F28C2C42F2403EC2F2000CB3
:107C5000C2F2000EDCF80020D4E90003DEF80010C8
:107C6000814201D09A4216D22868D21A904212D983
:107C7000801A2860DEF800002060DCF800006060F8
:107C800000240BE04FF0500080F31188BFF36F8F9A
:107C9000BFF34F8FFEE700200124286000F02EFB89
:107CA0002046B0BD4FF0500080F31188BFF36F8FB6
:107CB000BFF34F8FFEE742F23830C2F200000121DD
:107CC0000160704742F2B420C2F200000068002850
:107CD00004BF0120704742F28820C2F20000006811
:107CE000B0FA80F0400940007047F0B503AF4DF89E
:107CF000048D18B342F28426C2F200060446C06A1C
:107D00003168C96A88421DD2A169002904D431684A
:107D1000C96AC1F10601A16142F2C028616900EBA4
:107D20008000C2F2000808EB8000814214D0306865
:107D3000C06AE06201205DF8048BF0BD00205DF8B0
:107D4000048BF0BD216D3068C26A0020914238BFBB
:107D500001205DF8048BF0BD251D284600F0CDFB09
:107D600042F2BC21C2F2000138B9E06A01220B687C
:107D700002FA00F023EA000008603068C26A0120BD
:107D8000E2620B6800FA02F633430B6002EB8201F9
:107D900008EB8102536862619E68A360E6609E689A
:107DA0009D60756058F82120013248F821205DF867
:107DB000048BF0BDF0B503AF4DF804BD88B10446A7
:107DC00042F28420C2F200000068A0420DD04FF0C1
:107DD000500080F31188BFF36F8FBFF34F8F00BF48
:107DE000FEE700205DF804BBF0BD606D002840D0C8
:107DF000411EE06A226D616590424FF0000035D06F
:107E0000A1BB261D304600F078FB42F2BC2CC2F22A
:107E1000000C48B9E06A0122DCF8003002FA00F0F8
:107E200023EA0000CCF80000226DC2F10600E262F5
:107E3000A0610120DCF8003000FA02F11943CCF80F
:107E4000001042F2C02C02EB8201C2F2000C0CEBDB
:107E500081035A6863619568A260E56095689660E1
:107E60006E605CF8212001324CF821205DF804BBE3
:107E7000F0BD4FF0500080F31188BFF36F8FBFF358
:107E80004F8F00BFFEE70000F0B503AF4DF804BD13
:107E900020B3436D044623B3226DE06A8A4238BFA3
:107EA0000A4690421AD0012B18D142F28421C2F224
:107EB00000010968A1421ED0A169E26200295CBFED
:107EC000C2F10601A16142F2C026616900EB8000A7
:107ED000C2F2000606EB8000814216D05DF804BBBA
:107EE000F0BD4FF0500080F31188BFF36F8FBFF3E8
:107EF0004F8F00BFFEE74FF0500080F31188BFF3B3
:107F00006F8FBFF34F8F00BFFEE7251D284600F09F
:107F1000F4FA002842F2BC20C2F2000007D1E16A64
:107F20000122036802FA01F123EA01010160E16A1A
:107F3000012203688A401A43026001EB810006EBCC
:107F400080014A6861619368A260E360936895600C
:107F50005D6056F82010013146F820105DF804BB32
:107F6000F0BD0000F0B503AF2DE9000F83B005466A
:107F70000020287042F2B820C2F2000006680068B3
:107F800000EBC0008000FEF73BFA002853D03146DA
:107F900000228146FFF75CFB00280146029047D093
:107FA0004FF0200B4FF0000A1CE000BF00212954C5
:107FB000B8F82010D8F80840D8F8103005440091DF
:107FC00049F68D612846C0F6010132460194EFF76B
:107FD0000AF82846EAF7B4F902990AF1010A8A4533
:107FE000054425D00AEBCA0009EB800898F90C007B
:107FF000042807D849F69C61C0F6010151F82060B9
:1080000001E000BF0026D8F804102846EAF736F948
:108010002846EAF795F90E28C8D8A0F10F012844A0
:10802000013800BF013100F801BFFBD30F20BDE7CD
:108030004846FEF7BDFA03B0BDE8000FF0BD42F2BE
:108040008420C2F20000016819B101684A6D013252
:108050004A6500687047034648F28100C0F6010097
:108060004FF0807C21F0010103E903106FF0020062
:1080700043F8240CA3F1440043F8202C704700007F
:1080800081B00020009040F22C10C2F20000006885
:108090004FF0500181F31188BFF36F8FBFF34F8F03
:1080A000013001D0FEE700BF00980028FCD001B0ED
:1080B0007047000000000000000000000000000009
:1080C000074B19680868B0E8F04F80F30988BFF3E0
:1080D0006F8F4FF0000080F31188704700BF00BF22
:1080E00084220020B0B502AF84B04EF20040CEF240
:1080F00000004CF27021C4F20F11D0F800294B1C83
:108100009A4208D14FF0500080F31188BFF36F8F6F
:10811000BFF34F8FFEE7D0F800298A4209D14FF014
:10812000500080F31188BFF36F8FBFF34F8F00BFF4
:10813000FEE700210191017842F2703207F80D1C30
:10814000FF2101700178C2F2000207F8151C17F830
:10815000151C11F05001117060D017F8151C01F0BA
:108160005001502963D117F9151CB1F1FF3F0BDC09
:1081700001990131019117F8151C490007F8151CE8
:1081800017F9151C0029F3D40199002408294FF090
:10819000000106D001994FF4E062A2EB012101F445
:1081A000E06142F27432C2F20002116017F80D1C55
:1081B0000170D0F8201941F47F01C0F82019D0F8DF
:1081C000201941F07F41C0F8201900F03AF840F240
:1081D0002C15C2F200052C6000F04EF84EF63470FB
:1081E000CEF20000016841F04041016000F04EF81D
:1081F000FFF7ECFB039428684FF0500181F31188DE
:10820000BFF36F8FBFF34F8F013001D0FEE700BF88
:1082100003980028FCD0002004B0B0BD4FF05000FF
:1082200080F31188BFF36F8FBFF34F8FFEE74FF0DE
:10823000500080F31188BFF36F8FBFF34F8F00BFE3
:10824000FEE74EF21000CEF20000002101608160D6
:1082500040F29001C2F20001096844F6D352C1F223
:108260006202A1FB02124FF0FF3101EB921141605B
:108270000721016070470000DFF80C00016841F43D
:10828000700101607047000088ED00E00848006858
:10829000006880F308884FF0000080F3148862B60D
:1082A00061B6BFF34F8FBFF36F8F00DF00BF0000D9
:1082B00008ED00E04FF0500080F31188BFF36F8F9E
:1082C000BFF34F8F40F22C10C2F2000001684A1C2D
:1082D000026001B170474EF60450CEF20000006813
:1082E000000608BF70474FF0500080F31188BFF3BD
:1082F0006F8FBFF34F8F00BFFEE7000040F22C10DE
:10830000C2F20000016839B10139016018BF70473D
:10831000002080F3118870474FF0500080F31188DF
:10832000BFF36F8FBFF34F8FFEE700000000000028
:10833000EFF30980BFF36F8F154B1A681EF0100F13
:1083400008BF20ED108A20E9F04F10602DE90900E8
:108350004FF0500080F31188BFF34F8FBFF36F8F42
:10836000FFF734FB4FF0000080F31188BDE80900EF
:1083700019680868B0E8F04F1EF0100F08BFB0ECA5
:10838000108A80F30988BFF36F8F704700BF00BF6A
:108390008422002080B56F464FF0500080F3118892
:1083A000BFF36F8FBFF34F8FFFF770F830B14EF60A
:1083B0000450CEF200004FF080510160002080F3A5
:1083C000118880BDEFF30580102814D34EF2F031F0
:1083D000CEF20001405C42F27031C2F20001097835
:1083E000884208D24FF0500080F31188BFF36F8F9E
:1083F000BFF34F8FFEE74EF60C50CEF2000042F274
:1084000074310068C2F20001096800F4E06088423B
:1084100098BF70474FF0500080F31188BFF36F8F03
:10842000BFF34F8FFEE780B56F46FFF74BFC012887
:1084300018BFFFF7AFFF80BD80B56F464FF050000B
:1084400080F31188BFF36F8FBFF34F8F49F6B06091
:108450004EF21004C0F60100CEF20004EBF74EFA23
:10846000012080F31088002525606560A560EFF786
:1084700099FC4FF0FF3000BF04EB85010135082D5A
:10848000C1F87001C1F87002F6D1002080F31088A5
:108490000020C1F6FF70016881F3088840688047BA
:1084A0004FF0FF31024642F8081F00214260C0E948
:1084B00003220160704700210161704780B56F465B
:1084C000D1F800C01CF1010208D000F1080300BF80
:1084D0009E465B681A686245FAD901E0D0F810E060
:1084E000DEF8042008614A609160C1F808E0CEF827
:1084F000041001680131016080BDD0E901320169D9
:108500009A60D1F804C082688445536008BF4A600D
:1085100000220261086801380860086870477047E7
:10852000704708B5E9F7D0F908B5E9F7CDF908B50E
:10853000E9F7CAF908B5E9F7C7F908B5E9F7C4F9E1
:108540000FB480B584B000AF07F1180454F8042BC1
:108550007A601046E9F7F4FE00F2072323F00703E0
:10856000ADEB030D00F500717A68FC6023466846A8
:1085700000F058F8E9F7A8F908B5E9F7A5F90000FF
:1085800080B59CB0064600AF0C46A41B0E4969227C
:10859000381DE9F751FA04F1700323F00703ADEB3E
:1085A000030D6D466822391D2846E9F745FA224633
:1085B000314605F168002C44E9F73EFA002384F8BF
:1085C00068302846FFF7B0FFC19E01082DE9F04151
:1085D00000AF84B06D4605F10C04DFF844802346FB
:1085E0004FF00A0CB2FBFCF60CFB162E18F80EE04E
:1085F00003F801ED9646BEF1090F3246F2D8E41AAF
:108600008C4209D8C4F10C032246E918E9F714FAA0
:108610002046BD46BDE8F0814FF0FF34F8E700BFCB
:108620002A9F010801392DE9F0410746154600EB64
:10863000010804462A7892B344452AD2252A07D154
:108640006A78732A09D07A2A12D0252A00D10135F6
:1086500015F8012B04F8012BECE753F8042B013A31
:1086600012F8011FC9B1444513D004F8011BF7E704
:10867000AA78752AECD11E46A8EB040156F8042B03
:108680002046FFF7A3FF002803DD044403353346EB
:10869000D0E721463846FFF773FF0235CAE722705C
:1086A000E01BBDE8F0810AB1E9F7C6B97047016087
:1086B00070470068704708307047816070470368F2
:1086C000416000225A54704708B50B68B3F1804FDF
:1086D00002D30D48FFF72EFF93420BD9B3EB420FA5
:1086E0004FEA420006D2B0F1804F2ABF6FF04043FC
:1086F00008600B600868013001D5FFF712FFBDE884
:108700000840EBF7D0B800BF359F010850F8083B90
:10871000834202D01846EBF7CFB8704708B503463E
:1087200008465B689842114603D902460148FFF7A4
:1087300007FF08BD4D9F0108406801F180410139E4
:10874000091A914208B502D21846FFF7F3FE08BD98
:1087500003688B4206D840681844814294BF0020C9
:108760000120704701207047012A10B404D10A7813
:108770005DF8044B027070475DF8044BFFF793BF40
:10878000012A30B403D10B78037030BC7047002A43
:10879000FBD030BCE9F7EAB90B46012B10B4114607
:1087A000044603D122705DF8044B7047002BFAD0C9
:1087B0005DF8044B1A46E9F755BA37B50F29044658
:1087C0000191154606D9002201A9FFF77DFF019B03
:1087D0002060A360019919B120682A46FFF7DCFFE9
:1087E000019B226863600021D15403B030BD08B5FD
:1087F000521AFFF7B9FF08BD2DE9F3470A9E1F463D
:10880000436801EB0208B21A1A44A3EB08090346B5
:10881000019253F8082B9A4218BF82680D4608BF90
:108820000F2201A90446FFF74FFF82461DB12168C0
:108830002A46FFF799FF37B12EB1324639460AEB87
:108840000500FFF791FFB9F1000F07D0216835440B
:108850004A4641440AEB0500FFF786FF2046FFF732
:1088600055FF019BC4F800A0A36002B0BDE8F087EB
:1088700070B504460E460830206056F8083B9E420C
:108880000D460BD110223146FFF70DFF6B68636078
:1088900000232E606B602B72204670BD23608B68B6
:1088A000A360F3E710B50446FFF730FF204610BD84
:1088B00000680844704700002DE9F74F0C9D1446EE
:1088C00080462A4689461F462146394BFFF734FF2A
:1088D0004246D8F8043052F8086B964218BFD8F8D0
:1088E0000820A5EB040B03EB0B0A08BF0F2252452F
:1088F00051D34E443946A1444046A3EB0909FFF742
:1089000027FF80B1B9F1000F06D0AC4204D04A462F
:1089100031197019FFF734FF15B32A46394630462E
:10892000FFF722FF1CE035B1AC423CD32A46394662
:108930003046FFF725FFB9F1000F11D0AC420FD040
:108940004A4631197019FFF71BFFAC4208D2344474
:108950007B199C420FD32A4639463046FFF710FF59
:10896000D8F80030C8F804A00022404603F80A20D6
:1089700003B0BDE8F08FBC4203D82A4607EB0B01D9
:10898000CDE7E41B224639463046FFF7F9FE2A1BA5
:1089900071193019C4E700953B46224649464046C6
:1089A000FFF72AFFDCE7B9F1000FD0D0C8E700BF1E
:1089B0009A9F01087FB504461546094A03930E465F
:1089C000FFF7ACFE6268039B921B0146AA4208981F
:1089D000009028BF2A462046FFF76EFF04B070BD06
:1089E000849F01081FB50446104603910292E9F7DF
:1089F000A7FC029B0090039900222046FFF7DAFFB4
:108A000004B010BD0068704701607047F8B500BF42
:108A1000F8BC08BC9E467047F8B500BFF8BC08BC5F
:048A20009E467047B7
:108A2800DB0F49BFE4CB1640E4CB16C00000008042
:108A3800DB0F4940DB0F49C0000000000000008048
:108A4800000FC93F000F494000CB9640000FC940B6
:108A58000053FB4000CB164100ED2F41000F494168
:108A68000031624100537B41003A8A4100CB964174
:108A7800005CA34100EDAF41007EBC41000FC9413D
:108A880000A0D5410031E24100C2EE410053FB4154
:108A980000F20342003A0A420083104200CB164219
:108AA80000141D42005C234200A5294200ED2F421C
:108AB80000363642007E3C4200C74242000F49421F
:108AC800A2000000F9000000830000006E00000012
:108AD8004E000000440000001500000029000000BE
:108AE800FC0000002700000057000000D100000033
:108AF800F500000034000000DD000000C0000000A8
:108B0800DB000000620000009500000099000000F2
:108B18003C000000430000009000000041000000FD
:108B2800FE0000005100000063000000AB000000E0
:108B3800DE000000BB000000C5000000610000006E
:108B4800B7000000240000006E0000003A0000009A
:108B5800420000004D000000D2000000E0000000CC
:108B680006000000490000002E000000EA00000096
:108B780009000000D1000000920000001C00000065
:108B8800FE0000001D000000EB0000001C000000BB
:108B9800B100000029000000A70000003E0000000E
:108BA800E80000008200000035000000F500000029
:108BB8002E000000BB0000004400000084000000FC
:108BC800E90000009C000000700000002600000082
:108BD800B40000005F0000007E00000041000000BB
:108BE8003900000091000000D600000039000000A4
:108BF800830000005300000039000000F40000006A
:108C08009C000000840000005F0000008B00000052
:108C1800BD000000F9000000280000003B00000033
:108C28001F000000F800000097000000FF0000008F
:108C3800DE00000005000000980000000F000000A2
:108C4800EF0000002F000000110000008B00000062
:108C58005A0000000A0000006D0000001F0000001C
:108C68006D000000360000007E000000CF0000000C
:108C780027000000CB00000009000000B70000003A
:108C88004F000000460000003F00000066000000A2
:108C98009E0000005F000000EA0000002D000000B8
:108CA8007500000027000000BA000000C70000009F
:108CB800EB000000E5000000F10000007B00000070
:108CC8003D0000000700000039000000F700000028
:108CD8008A0000005200000092000000EA00000034
:108CE8006B000000FB0000005F000000B100000006
:108CF8001F0000008D0000005D000000080000005B
:108D0800560000000300000030000000460000008C
:108D1800FC0000007B0000006B000000AB000000BE
:108D2800F0000000CF000000BC00000020000000A0
:108D38009A000000F4000000360000001D0000004A
:108D4800A9000000E300000091000000610000009D
:108D58005E000000E60000001B00000008000000A4
:108D68006500000099000000850000005F00000019
:108D780014000000A000000068000000400000008F
:108D88008D000000FF000000D800000080000000F7
:108D98004D000000730000002700000031000000B3
:108DA8000600000006000000150000005600000044
:108DB800CA00000073000000A8000000C9000000FD
:108DC80060000000E20000007B000000C00000001E
:108DD8008C0000006B000000040000000700000089
:108DE800090000000000C93F0000F0390000DA3730
:108DF8000000A2330000842E0000502B0000C22780
:108E08000000D0220000C41F0000C61B0000441749
:108E18006937AC3168212233B40F14336821A23387
:108E28003863ED3EDA0F493F5E987B3FDA0FC93F62
:108E38000020202020202020202028282828282022
:108E4800202020202020202020202020202020201A
:108E58002088101010101010101010101010101082
:108E68001004040404040404040404101010101072
:108E7800101041414141414101010101010101013C
:108E8800010101010101010101010101101010108E
:108E9800101042424242424202020202020202020E
:108EA8000202020202020202020202021010101062
:108EB800200000000000000000000000000000008A
:108EC800000000000000000000000000000000009A
:108ED800000000000000000000000000000000008A
:108EE800000000000000000000000000000000007A
:108EF800000000000000000000000000000000006A
:108F08000000000000000000000000000000000059
:108F18000000000000000000000000000000000049
:108F28000000000000000000000000000000000039
:108F3800002E2E2E6162636465666768696A6B6CD1
:108F48006D6E6F707172737475767778797A2E2E6C
:108F58002E00E4BDA0E58FAFE883BDE59CA8E4BD85
:108F6800BFE794A8E4B88DE59088E6B395E79A84BE
:108F7800E7A1ACE4BBB6EFBC8CE8AFB7E88194E7F7
:108F8800B3BB323539323539303931383340717104
:108F98002E636F6D0D0A007461736B5F696E666F87
:108FA80000706F7765720064617465007573625F45
:108FB800746872656164007465726D5F7468726567
:108FC800616400252D2E3466202573004E616D6581
:108FD800202020202020202020202020537461746D
:108FE800652020205072692020202020537461635E
:108FF8006B2020204E756D0D0A006F70656E006342
:109008006C6F73650073746F700073687574646F48
:10901800776E007265626F6F7400626C00526562F1
:109028006F6F7420696E746F20626F6F746C6F61FC
:1090380064657220696E2035207365636F6E647392
:109048002E0D0A00726573746F72650065343032D4
:109058003335666500546869732066756E63746994
:109068006F6E206973206E6F7420617661696C6120
:10907800626C6520696E207075626C696320766524
:109088007273696F6E2E0D0A00256420646179730E
:1090980020256420686F757273202564206D696EC1
:1090A8007574657320252E3366207365636F6E644F
:1090B800730D0A0074696D65725F7461736B0044A7
:1090C80054006F6D5F6C6F67005B25735D25730DD2
:1090D8000A00257325734025733A2573241B5B30DA
:1090E800306D20001B5B33326D0061746F6D00586A
:1090F800526F626F74007E0062696E00657463006F
:1091080064657600686F6D6500707764006C730045
:10911800636400636174006563686F00636C656114
:109128007200524541444D452E7478740041746F65
:109138006D3A204475616C20362D41786973204959
:109148004D5520436F726520426F6172642056331B
:109158002E312E2068747470733A2F2F78726F62D4
:109168006F742D6F72672E6769746875622E696FE8
:109178002F0057656C636F6D6520746F207573657C
:109188002058526F626F7421004552524F523A2054
:109198004469726563746F7279206E6F7420666FAC
:1091A800756E642E004552524F523A2044697265DA
:1091B80063746F72792027257327206E6F74206679
:1091C8006F756E642E004552524F523A2046696CB4
:1091D80065206E6F7420666F756E642E004552525E
:1091E8004F523A2046696C652027257327206E6FF9
:1091F8007420666F756E642E0046696C65206E6F0C
:10920800742065786563757461626C652E0008204A
:10921800080025732573004552524F523A20496E73
:1092280076616C6964206E756D626572206F662068
:10923800617267756D656E74732E004552524F5298
:109248003A2046696C65206E6F7420777269746184
:10925800626C652E004552524F523A2046696C6541
:10926800206E6F74207265616461626C652E002FD8
:10927800257300642D2D2D202020252D31357300D8
:1092880066256325632563202020252D313573202D
:1092980073697A65202564006625632D2D202020BA
:1092A800252D31357300632D256325632020202566
:1092B8002D313573003E001B5B324B0D001B5B32BA
:1092C8004A1B5B314800205F5F20205F5F205F20E2
:1092D80020202020205F205F5F5F205F202020204B
:1092E800202020205F205F200D0A7C20205C2F207A
:1092F80020285F295F205F20285F29205F5F7C206E
:109308007C5F20205F5F5F7C207C207C0D0A7C20B6
:109318007C5C2F7C207C207C2027205C7C205C5F70
:109328005F205C2027205C2F202D5F29207C207C5B
:109338000D0A7C5F7C20207C5F7C5F7C5F7C7C5F8F
:109348007C5F7C5F5F5F2F5F7C7C5F5C5F5F5F7CC7
:109358005F7C5F7C0D0A4275696C643A4A616E20D5
:10936800203520323032352032333A35313A3536ED
:109378000D0A76657273696F6E3A312E302E360D8E
:109388000A001B5B43001B5B44001B5B73001B5BF9
:109398004B001B5B7500296C6C756E2800296C6985
:1093A8006E28006E616E00666E692D00666E692B10
:1093B80000666E6900000000000000000000F03F39
:1093C8000000000000002440000000000000594098
:1093D8000000000000408F40000000000088C340EB
:1093E80000000000006AF8400000000080842E4160
:1093F80000000000D01263410000000084D79741AC
:109408000000000065CDCD41000000205FA00242B1
:10941800000000E876483742000000A2941A6D4226
:10942800000040E59C30A2420000901EC4BCD64219
:1094380000003426F56B0C430080E03779C34143C4
:1094480000A0D885573476430000000000000000D3
:1094580001020304060708090000000001020304D2
:10946800E0120020000000002C130020040000007F
:109478000001020304050607080C101418203040E8
:10948800010002000400060008000A000C00100099
:1094980020004000800000010100000004000000DE
:1094A80002000000080000000000000004000000A6
:1094B800020000000800000001010103070100008C
:1094C8000804020408010101696E69745F74687216
:1094D8006561645F666E0063616E66645F696D7581
:1094E8000063616E66645F69640063616E66645FF1
:1094F80066625F6379636C65006163636C5F656E68
:1095080061626C65006779726F5F656E61626C6538
:1095180000717561745F656E61626C650065756C7C
:10952800725F656E61626C650063616E66645F653B
:109538006E61626C65007365745F696D7500636167
:109548006E66645F696D755F63616E0063616E6608
:10955800645F696D755F756172740063616E6664DE
:10956800206D6F64650D0A0063616E206D6F646520
:109578000D0A646174613A006163636C2C00677959
:10958800726F2C00717561742C0065756C722C00FB
:10959800666565646261636B2064656C61793A2510
:1095A800640D0A0069643A25640D0A0D0A55736151
:1095B80067653A0D0A00097365745F64656C6179C3
:1095C80020205B74696D655D20202020202020E824
:1095D800AEBEE7BDAEE58F91E98081E5BBB6E69703
:1095E800B66D730D0A00097365745F63616E5F6918
:1095F80064205B69645D202020202020202020E852
:10960800AEBEE7BDAE63616E2069640D0A000965F0
:109618006E61626C652F64697361626C65202020DD
:1096280020205B6163636C2F6779726F2F7175619E
:10963800742F65756C722F63616E66645D0D0A0028
:109648007365745F64656C61790063616E6664005C
:1096580064697361626C65007365745F63616E5FF2
:1096680069640063616E5F69643A25640D0A00E508
:1096780091BDE4BBA4E99499E8AFAF0D0A007374F7
:109688006F6900434100696D755F717561740069A8
:109698006D755F6779726F00696D755F6163636C83
:1096A80000696D755F65756C7200626D6930383878
:1096B8005F6779726F0062617369635F737472695F
:1096C8006E673A3A5F4D5F636F6E73747275637459
:1096D800206E756C6C206E6F742076616C69640006
:1096E8004148525300616872735F746872656164BF
:1096F800005B73686F775D205B74696D655D205BE7
:1097080064656C61795D20E59CA874696D65E69770
:10971800B6E997B4E58685E6AF8FE99A9464656CF7
:109728006179E68993E58DB0E4B880E6ACA1E69569
:10973800B0E68DAE0D0A007465737400E8AFB7E447
:10974800BF9DE68C81E99D99E6ADA2EFBC8CE5BC96
:1097580080E5A78BE6A380E6B58BE99BB6E6BC82DD
:109768000D0A00E8AFB7E7AD89E5BE850D0A00E947
:109778009BB6E6BC823A2566E5BAA62FE58886E957
:10978800929F0D0A0073686F770070697463683A76
:10979800256620726F6C6C3A2566207961773A25C8
:1097A800660070697463683A256620726F6C6C3A5B
:1097B8002566207961773A25660D0A007072696E10
:1097C800745F717561740025662C25662C25662CDE
:1097D80025660A004400626D693038385F63616C41
:1097E8006900626D69303838007468726561645F59
:1097F800626D693038385F6163636C0073686F77D6
:10980800205B74696D655D205B64656C61795D20C2
:10981800E59CA874696D65E697B6E997B4E5868511
:10982800E6AF8FE99A9464656C6179E68993E58D72
:10983800B0E4B880E6ACA1E695B0E68DAE0D0A00BE
:109848006C69737420E58897E587BAE6A0A1E58777
:1098580086E695B0E68DAE0D0A0063616C6920E579
:10986800BC80E5A78BE6A0A1E587860D0A006C6998
:1098780073740063616C5F63616C6900257320E633
:109888009CAAE6A0A1E587860D0A0078797A0025CA
:10989800633A25662025662025662025660D0A0080
:1098A8006572726F723A0D0A00252B386620252BD7
:1098B800386620252B38660D0A00E68980E69C89E3
:1098C800E6A0A1E58786E6ADA5E9AAA4E5B7B2E5D5
:1098D800AE8CE688900D0A00E6B8A9E5BAA6E4B809
:1098E8008DE7A8B3E5AE9A3A25660D0A00E691869B
:1098F800E694BEE696B9E59091E99499E8AFAFE3AE
:1099080080820D0A00417869733A25730D0A00E5D3
:109918008092E8AEA1E697B6256400E5BC80E5A78D
:109928008BE6A0A1E58786EFBC8CE8AFB7E4BF9DC6
:10993800E68C81E99980E89EBAE4BBAAE7A8B3E57A
:10994800AE9AEFBC8CE680BBE585B1E99C80E8A6C1
:1099580081E6A0A1E58786E585ADE4B8AAE696B9D3
:10996800E59091EFBC8CE6AF8FE4B8AAE696B9E52E
:109978009091E6A0A1E587862564E4B8AAE5BEAA89
:10998800E78EAFEFBC8CE8AFB7E88090E5BF83E720
:10999800AD89E5BE850D0A00E8BF9BE5BAA6EFBC18
:1099A8009A25642F333000E7ACAC2569E6ACA1E515
:1099B800BEAAE78EAFE7BB93E69E9C20783A256661
:1099C80020793A2566207A3A25660D0A00E6A0A194
:1099D800E58786E7BB93E69E9C20783A2566207942
:1099E8003A2566207A3A25660D0A006163636C2081
:1099F800783A252B356620793A252B3566207A3A30
:109A0800252B3566206779726F20783A252B3566C5
:109A180020793A252B3566207A3A252B35662C2075
:109A280074656D703A252B3366006163636C20782A
:109A38003A252B356620793A252B3566207A3A2542
:109A48002B3566206779726F20783A252B3566208A
:109A5800793A252B3566207A3A252B3566207465A8
:109A68006D703A252B33660D0A00E58F82E695B0B6
:109A7800E99499E8AFAF0D0A004572726F7200421F
:109A88004D4930383820776169742074696D656F85
:109A980075742E00415849535F5800415849535F27
:109AA800585F4D494E555300415849535F5900413D
:109AB8005849535F595F4D494E55530041584953D2
:109AC8005F5A00415849535F5A5F4D494E555300FC
:109AD800415849535F4E554D0000000006000000F4
:109AE8009C9A01080C000000A39A010806000000D7
:109AF800B09A01080C000000B79A0108060000009F
:109B0800C49A01080C000000CB9A01080800000064
:109B1800D89A01086465765F63616E5F0064657654
:109B28005F63616E66645F005200303030313032FE
:109B380030333034303530363037303830393130F2
:109B480031313132313331343135313631373138E1
:109B580031393230323132323233323432353236D0
:109B680032373238323933303331333233333334B6
:109B7800333533363337333833393430343134329C
:109B88003433343434353436343734383439353082
:109B98003531353235333534353535363537353871
:109BA8003539363036313632363336343635363660
:109BB8003637363836393730373137323733373446
:109BC800373537363737373837393830383138322C
:109BD8003833383438353836383738383839393012
:109BE8003931393239333934393539363937393801
:109BF80039390069636D34323638385F63616C69AE
:109C08000069636D3432363838007468726561648F
:109C18005F69636D3432363800E6A0A1E58786E6D1
:109C280095B0E68DAE20783A256620793A256620EB
:109C38007A3A25660D0A00E58092E8AEA1E697B665
:109C480025640D0A00E5BC80E5A78BE6A0A1E587A1
:109C580086EFBC8CE8AFB7E4BF9DE68C81E99980BC
:109C6800E89EBAE4BBAAE7A8B3E5AE9A0D0A00E4F9
:109C7800BF9DE5AD98E6A0A1E58786E695B0E68D9F
:109C8800AE0D0A006163636C20783A252B35662097
:109C9800793A252B3566207A3A252B35662067795F
:109CA800726F20783A252B356620793A252B356650
:109CB800207A3A252B35662074656D703A252B334A
:109CC800660049434D34323638382057686F416D45
:109CD800492069732025642C2072657472790049C3
:109CE800434D343236383820776169742074696D91
:109CF800656F75742E00005EBCE2613FDD83C29C17
:109D08007E20A3FD1F419DC3217FFCA2401E5F0151
:109D1800E3BD3E6082DC237D9FC1421CFEA0E1BF03
:109D28005D0380DE3C62BEE0025CDF81633D7C2235
:109D3800C09E1D43A1FF4618FAA427799BC584DA63
:109D48003866E5BB5907DB856739BAE40658194711
:109D5800A5FB7826C49A653BD987045AB8E6A7F9C3
:109D68001B45C6987A24F8A6441A99C7257B3A64F5
:109D780086D85B05E7B98CD2306EEDB3510F4E1023
:109D8800F2AC2F7193CD114FADF3702ECC92D38DD1
:109D98006F31B2EC0E50AFF1134DCE90722C6D3383
:109DA800D18F0C52B0EE326C8ED0530DEFB1F0AEB5
:109DB8004C1291CF2D73CA947628ABF517490856E3
:109DC800B4EA6937D58B5709EBB536688AD495CB91
:109DD8002977F4AA4816E9B7550B88D6346A2B7543
:109DE80097C94A14F6A8742AC896154BA9F7B6E875
:109DF8000A54D7896B3500000000000001000000FC
:109E0800020000000300000004000000050000003C
:109E1800060000000700000008000000090000001C
:109E28000A0000000B0000000C0000000D000000FC
:109E38000E0000000F0000001000000000000048A5
:109E48000100000000040048400000000004004831
:109E580001000000000000480080000000000048E9
:109E680080000000000400480200000000140048C0
:109E780078563412000000000000000005000000C1
:109E880049444C45000925630925750925750925A7
:109E9800750D0A0058000000520000004200000042
:109EA8005300000044000000537461636B206F7618
:109EB8006572666C6F770D0A006E6F7420656E6F41
:109EC80075676820737061636520666F7220666FBE
:109ED800726D617420657870616E73696F6E202889
:109EE800506C65617365207375626D697420667561
:109EF8006C6C20627567207265706F727420617473
:109F08002068747470733A2F2F6763632E676E75B9
:109F18002E6F72672F627567732F293A0A202020E7
:109F280020003031323334353637383900626173C6
:109F380069635F737472696E673A3A5F4D5F637203
:109F4800656174650025733A205F5F706F73202820
:109F5800776869636820697320257A7529203E200F
:109F6800746869732D3E73697A6528292028776893
:109F780069636820697320257A75290062617369AD
:109F8800635F737472696E673A3A7265706C616385
:109F9800650062617369635F737472696E673A3AE8
:109FA8005F4D5F7265706C616365000000000000C2
:089FB8007893FE7F0100000018
:089FC00069020008A14000083D
:049FC800410200084A
:109FCC00FF0000000800002000000000000000005E
:109FDC000000000000000000000000000000000075
:109FEC000000000000000000000000000000000065
:109FFC000000000000000000000000000000000055
:10A00C000000000000000000000000000000000044
:10A01C000000000000000000000000000000000034
:10A02C000000000000000000100000000100000013
:10A03C000000000000000000000000000000000014
:10A04C000100000000000000000000000000000003
:10A05C000024F400000080BF00000000000000009D
:10A06C0000000000000080BF0000000000000000A5
:10A07C00000000000000803F0000803F0000000056
:10A08C0000000000000000000000803F0000000005
:10A09C0000000000000000000000803F06000000EF
:10A0AC00C80000009A99193E0000803FCDCCCC3DF1
:10A0BC00000000009A99993E0000803F00000000CB
:10A0CC0000000000CDCCCC3DCDCC4C3E0000803F00
:10A0DC00CDCCCC3D000000009A99993E0000803F09
:10A0EC000000000000000000295C8F3DAAAAAAAA6B
:040000050800875117
:00000001FF
