:020000040800F2
:1000000000800020718900088D8F0008DD8F0008B6
:1000100069900008F5900008459100080000000074
:100020000000000000000000000000000180010846
:1000300093910008000000007182010867830108A5
:10004000C1890008C1890008C1890008C189000868
:10005000C18900089591000897910008C18900089E
:10006000C1890008C1890008C1890008A39100085E
:10007000B5910008C7910008D9910008EB910008DC
:10008000FD91000800000000C1890008C189000836
:10009000C18900080F9200082192000833920008DD
:1000A0003F920008C1890008C1890008C189000881
:1000B000C1890008C1890008C1890008C1890008F8
:1000C000C1890008C1890008C18900085D92000843
:1000D000C18900086F92000891920008C189000848
:1000E000B3920008C1890008C1890008C1890008CD
:1000F000C1890008C1890008C1890008000000000A
:1001000000000000C189000800000000C192000842
:10011000C189000800000000C1890008C1890008E9
:10012000D3920008E5920008C1890008C18900083F
:10013000C18900080000000000000000C18900081B
:10014000C1890008C189000800000000000000000B
:10015000000000000000000000000000000000009F
:10016000000000000000000000000000C18900083D
:10017000C18900080000000000000000000000002D
:1001800000000000C189000800000000000000001D
:10019000000000000000000000000000000000005F
:1001A0000000000000000000C1890008C1890008AB
:1001B000C1890008C1890008C18900080000000049
:1001C00000000000C18900080000000000000000DD
:0801D000C1890008C189000883
:100200000348044B834202D0034B03B118477047A5
:1002100030010020300100200000000005480649A0
:100220000B1AD90F01EBA301491002D0034B03B104
:100230001847704730010020300100200000000006
:1002400010B5064C237843B9FFF7DAFF044B13B11E
:100250000448AFF300800123237010BD300100205B
:10026000000000004C89010808B5044B1BB104498B
:100270000448AFF30080BDE80840CFE7000000006D
:10028000340100204C89010810EE103A10EE902A3B
:1002900023F0004302F00042134300EE103A70478F
:1002A00010EE103A184A23F0004393421BDDB3F1DD
:1002B000FF4F02DB30EE400A704700B583B068465E
:1002C00000F056FB00F003000128DDED010A9DED72
:1002D000000A0CD0022812D070B1012001F03AF8C7
:1002E00003B05DF804FBDFED090A00F077BC01F014
:1002F00031F8B1EE400AF3E700F070FCF0E700F0EF
:100300006DFCB1EE400AEBE7D80F493F000000005A
:1003100010EE103A23F0004300EE103A704700BF91
:1003200008B52DED028BF0EE408AB0EE608A00F049
:1003300015F820B9B0EE480ABDEC028B08BDB0EE4E
:10034000480A00F00BF820B1F4EEC88AF1EE10FA7A
:10035000F0DDB0EE680ABDEC028B08BD10EE103A7D
:1003600033F000400ED0A0F50003B3F1FE4F0DD3E3
:10037000074B421E9A4207D9A0F1FF40B0FA80F025
:1003800040097047022070470320704704207047DF
:10039000FEFF7F0010EE103A114A23F00043934213
:1003A00018DDB3F1FF4F02DB30EE400A704700B5B5
:1003B00083B0684600F0DCFA400000F00200DDED9A
:1003C000010A9DED000AC0F1010001F00BF803B035
:1003D0005DF804FBDFED030A012001F003B800BF64
:1003E000DA0F493F0000000008B52DED028BB0EE9A
:1003F000408A00F081F8144B93F900300133F0EE9D
:10040000408A0FD0B4EE488AF1EE10FA0AD6B0EE68
:10041000480AFFF77DFFF7EE007AB4EEE70AF1EE47
:1004200010FA04DCB0EE680ABDEC028B08BD01F0E6
:10043000A7FABDEC028B034621221A600348BDE8EF
:10044000084001F0C9B900BF00000020F49E010877
:1004500000F058B908B52DED028BF0EE408AB0EEF1
:10046000608A00F0F5F90E4B93F9003001330BD0A0
:10047000F4EE488AF1EE10FA06D6DFED0A8AB4EE01
:10048000688AF1EE10FA02D0BDEC028B08BD01F0D3
:1004900077FA88EEA80ABDEC028B2123036008BD21
:1004A000000000200000000008B52DED028BB0EE2A
:1004B000408A00F08FFB0E4B93F9003001330BD0D4
:1004C000B4EE488AF1EE10FA06D6DFED0A8AB4EEF1
:1004D000E88AF1EE10FA02D4BDEC028B08BD01F0FF
:1004E0004FFA88EEA80ABDEC028B2123036008BDF9
:1004F000000000200000000038B510EE105A25F072
:100500000044B4F17E5F2DED048B00F085807ADC31
:10051000B4F17C5F0FDAB4F1485F80F29C80DFEDCC
:10052000697A70EE277AB7EE007AF4EEC77AF1EEC8
:1005300010FA00F38D80FFF7EBFEF7EE007A37EE4E
:10054000C00AB6EE008A20EE088A9FED5F7ADFEDE2
:100550005F6A9FED5F6A9FED5F5ADFED5F5ADFEDE7
:100560005F8AE8EE076A9FED5E7AA8EE067A9FED55
:100570005D6AA6EE885AA7EE086A9FED5B7ADFED0A
:100580005B6AE5EE085AA6EE087AE5EE886AE7EEC1
:10059000087AE6EE888AB0EE480AB0EE679A00F074
:1005A00019FB534B9C4268EE888A42DC10EE103AED
:1005B00023F47F6323F00F0306EE903AA6EEE68A5B
:1005C00070EE267A88EE895AC8EE274A9FED497A5E
:1005D000DFED497AB0EE006AA4EEC67A30EE000A8A
:1005E000F0EE675AE6EEC65A90EE057A37EE657A77
:1005F00037EEC77A002D0ADCBDEC048BB1EE477AEA
:10060000B0EE470A38BD70EE407A87EEA77ABDECAF
:10061000048BB0EE470A38BD9FED367ADFED377AAE
:1006200020EE077ABDEC048BA0EE277AB0EE470AE5
:1006300038BD88EE896A9FED327ADFED307AA0EE20
:10064000060AF0EE006AA0EE267A37EEC77AD1E706
:10065000B0EE407ADBE760EE007A9FED1B7ADFEDCB
:100660001B6A9FED1C6ADFED1A5A9FED1B5AE7EEDD
:10067000876ABDEC048BA6EEA76A9FED197ADFEDC1
:10068000196AA7EEA57AA6EE275AE7EE276ADFEDEC
:10069000175A9FED156A9FED117AE5EE275AA6EEDF
:1006A000A76AA5EEA77AF7EE006AE6EE276A67EE7C
:1006B000277AB0EE407A87EEA66AA0EE067AB0EE10
:1006C000470A38BDCAF2497108EF1138047F4F3A22
:1006D0002EC69D3D461124BDA80A4E3EABAA2A3E19
:1006E000613330BF2D57014039D119C090B0A6BE3B
:1006F0009999793F2EBD3BB3DB0F493FDB0FC93FD3
:100700002EBD3B3310B582B0CDED010A019B23F025
:100710000042B2F1FF4FF0EE407A30DC10EE100AEA
:1007200020F00041B1F1FF4F29DCB3F17E5F42D0F0
:100730009C1704F0020444EAD07431B37AB3B2F1E6
:10074000FF4F40D0B1F1FF4F29D08A1AB2F1F45FC8
:100750004FEAE25134DA002B42DA3C3140DA9FEDC5
:10076000340A012C4ED0022C43D064B19FED317A73
:10077000DFED317A30EE070A30EE670A03E09DEDD7
:10078000017A37EE270A02B010BD022C10D09FED7F
:100790002B0A032C18BFB0EE670A02B010BD9FED04
:1007A000280ADFED287A0028B8BFB0EE670AEAE72A
:1007B0009FED210AE7E702B0BDE8104000F0F2BE6D
:1007C0009FED1F0ACDE7B1F1FF4F04F1FF3420D0B8
:1007D000022C26D81C4B03EB840494ED030AD2E7C9
:1007E0009DED017A87EE870AFFF792FD00F0DAFEB1
:1007F000B7E79FED107ADFED107A30EE070A37EE9B
:10080000C00AC0E710EE103A03F1004300EE103AC0
:10081000B9E7022C08D80C4B03EB840494ED000AD2
:10082000B1E79FED030AAEE79FED080AABE700BF13
:10083000000000002EBDBB33DB0F4940DB0F49C079
:10084000DB0FC93FDB0FC9BF68890108DB0F493FD8
:1008500030B583B0CDED010A019D35F0004041D0A7
:1008600010EE10EA2EF00043B3F1FF4F3ADAB0F188
:10087000FF4F37DC83423BDB0EF000443AD01EF0E2
:10088000FF4F56D1190200296FF07D0204DD4900A7
:10089000002902F1FF32FADC15F0FF4F57D10102B7
:1008A0006FF07D0C03D449000CF1FF3CFBD512F135
:1008B0007E0F47DBCEF3160343F400031CF17E0FDB
:1008C0003ADBC5F3160040F40000B2EB0C0204D191
:1008D00017E00FD04B00013A13D0191A0029F8DAAB
:1008E0005B00F8E7DDED017A60EE277A87EEA70A74
:1008F00003B030BD1D4B03EB547393ED000A03B0FE
:1009000030BD181A58BF03461BB9F3E75B000CF162
:10091000FF3CB3F5000FF9DB1CF17E0F1CDBA3F5E8
:1009200000030CF17F0C234343EACC5300EE103A52
:10093000DEE7DA157F3AAFE76FF07D01A1EB0C013E
:100940008840C2E76FF07D01891A8B40B6E74FEA15
:10095000E05CACF17F0CAAE76FF07D02A2EB0C0C1F
:1009600043FA0CF3234300EE103AC1E780890108F3
:1009700070B510EE103A894A23F00044944286B0D4
:10098000054670DD864A944210EE106A22DC002B88
:10099000DFED847A844A24F00F04B0EE407A40F30D
:1009A000E480944270EE677A09BFDFED806A9FEDC4
:1009B000807A9FED807A77EEE67A012077EEC76A3B
:1009C00077EEE67AC5ED006A77EEC77AC5ED017A73
:1009D00006B070BD784A944254DDB4F1FF4F49DA55
:1009E000E215863AA4EBC25307EE903ABDEEE77AE1
:1009F000DFED726AB8EEC77A77EEC77A8DED037ACB
:100A000067EEA67ABDEEE77AB8EEC77A77EEC77AD8
:100A10008DED047A67EEA67AF5EE407AF1EE10FAE3
:100A2000CDED057A40F09080B5EE407AF1EE10FA07
:100A300014BF02230123624901910221009103A8FE
:100A4000294600F04DF9002EC2DA95ED007AD5ED79
:100A5000017AB1EE477AF1EE677A85ED007AC5ED5D
:100A6000017A4042B4E7002285ED000A426000208E
:100A700006B070BD70EE407A0020C5ED017AC5ED7C
:100A8000007AA5E7FFF744FC9FED4E7A9FED456A9B
:100A9000F6EE007AE0EE077A9FED457AFDEEE77A12
:100AA00017EE900AF8EEE76A1F28A6EEC60A66EE71
:100AB000877AB1EE666A1EDC434A411E24F0FF03CA
:100AC00052F82120934216D030EE677A85ED007AF5
:100AD00030EE470A002E30EE670A85ED010ABFF6B8
:100AE00077AFB1EE477AB1EE400A85ED007A85ED39
:100AF000010A40426CE730EE677AE21517EE103AD1
:100B0000C3F3C753C3EBD454082CDFDDDFED277AE2
:100B10009FED287AF0EE405AE6EE275A30EE650A4D
:100B2000A6EE270AF0EE407AD6EE877A35EEE77A1F
:100B300017EE103AC3F3C753D21A192A06DCB0EEE7
:100B4000650A85ED007AC3E7032374E79FED1F7AFA
:100B50009FED1F5AB0EE650AA6EE070A75EEC07A41
:100B6000E6EE077AD6EE857AAEE7944270EE277A03
:100B700009BFDFED0E6A9FED0E7A9FED0E7A77EEDC
:100B8000A67A4FF0FF3077EE876A77EEE67AC5ED0A
:100B9000006A77EE877AC5ED017A19E7D80F493FE9
:100BA000E3CB1640800FC93FD00FC93F0044353713
:100BB0004344353708A3852E800F49430000804306
:100BC000088A010884F9223F8889010800A3852E3C
:100BD00032318D24B1EEC00A704700BF10EE103ADA
:100BE00023F00043B3F1485F2CDAFDEEC07A17EE34
:100BF000903A002B60D020EE007ADFED317A9FED45
:100C0000315ADFED315A9FED316ADFED316AA7EEDF
:100C1000275ADFED307AE7EE055AA7EE256AE7EEB0
:100C2000067AE7EE276A67EE266A60EEC00AF6EEFD
:100C3000007AE7EE260AB7EE000AD7EE270A30EE72
:100C4000600A704720EE007ADFED1D7A9FED1D5A95
:100C5000DFED1D5A9FED1D6ADFED1D6A1E4AA7EEEE
:100C6000275A9342DFED1B7AE5EE075AA5EE876A15
:100C7000E6EE077AE7EE876A66EE876AD5DD174A01
:100C8000934214DC03F17F4307EE903AB7EE006A1B
:100C900036EE676A60EEC00AF6EE005AD7EE257AA5
:100CA000E7EE260A77EEE00A36EE600A7047B6EE07
:100CB000076AF5EE027AEDE7B7EE000A704700BF6B
:100CC0004ED747ADF6740F317CF293B4010DD03797
:100CD000ABAA2A3D610BB6BA9999993E0000483FEC
:100CE0002DE9F04F2DED048BDBB01C4603930691EC
:100CF000A24B6899089253F82150111D824604F1C5
:100D0000FF38C0F2A382D31E48BF131DDB1002932D
:100D10000133DB000793DDE907239B1A0593029B50
:100D200015EB0801A3EB080316D401319FED947A6B
:100D3000699819441EAA002BA4BF50F8234007EE5F
:100D4000904A03F10103ACBFF8EEE77AF0EE477A80
:100D50008B42E2EC017AEED1002DC0F2E782039BD8
:100D60001EAA02EB830446AE4FEA830C4046EF18FE
:100D70000AEB8301B8F1000FDFED817A09DB22462F
:100D80005346F3EC016A32ED017A8B42E6EE877A44
:100D9000F7D10130B842E6EC017A04F10404E9D15C
:100DA00009AB0AAF03EB850907EB8503083B9FED11
:100DB000769ADFED748A059804930AEB0C0446AE2C
:100DC00000955AAB03EB8503002D13ED140A4FEA8F
:100DD000850B16DD06EB85033A4660EE097AB0EE28
:100DE000407AFDEEE77A73ED016AF8EEE77AB342F6
:100DF000A7EEE87A37EEA60ABDEEC77AA2EC017A32
:100E0000EBD1019000F0EEFCB0EE408AB4EE000AA7
:100E100028EE000A00F09AFCF2EE007AA0EE678A53
:100E200001980028FDEEC89AF8EEE97A38EE678A54
:100E300079DD05F1FF3EC0F1080357F82E1041FAA5
:100E400003FC0CFA03F3CB1AC0F1070219EE901A57
:100E500043FA02F26144002A47F82E3009EE901A54
:100E600069DCB5EE408AF1EE10FA40F0C080009BDC
:100E700005F1FF3B5B4510DC05F18043013B07EBCF
:100E800083030021944653F804294B4541EA0201AB
:100E9000F9D16246002940F0F280009B013B57F8EF
:100EA0002330002B40F0E780049B4FF0010C53F8F7
:100EB00004290CF1010C002AF9D06B1CAC449E46AD
:100EC000039A5119029A02EB030B0BF1804B699ABA
:100ED0000BF1FF3B06EB83051EAB02EB8B0B03EB29
:100EE0008101DBED017A9FED267AF8EEE77AB8F121
:100EF000000F0BF1040BC1ED007A0A4601F1040169
:100F000009DB534601E072ED017AF3EC016AA3427A
:100F1000A6EEA77AF7D10EF1010EE645A5EC017A0F
:100F2000DFDD65464DE740F09C806B1E57F82320BF
:100F30001212002A95DD19EE903A002D03F10103FB
:100F400009EE903A40F39881396800297FD1012D4C
:100F500026D03B464FF0010C53F8041F00297AD0ED
:100F60000CF10103C1F580719D4247F82C1016DD8C
:100F700057F82310BB4407EB83030AE0208D0108D8
:100F800000000000000080430000803B0000C93FDB
:100F90001968C1F1FF0143F8041B5B45F8D1012139
:100FA00000280CDD012800F04881022807D105F156
:100FB000FF3C57F82C3003F03F0347F82C30022A4F
:100FC0007FF44FAFB7EE000A30EE488A00293FF4B5
:100FD00048AF0992019000F005FC38EE408A099A6A
:100FE0000198B5EE408AF1EE10FA3FF440AF02925C
:100FF000DDE90732B0EE480A981A0195009D00F02D
:10100000F1FB1FED207AB4EEC70AF1EE10FADDE92C
:101010000132C0F259815FED247A059960EE277A9A
:101020000831FDEEE77A0591F8EEE77A03F1010B5E
:10103000A7EEC70AFDEEE77ABDEEC00A10EE101A61
:1010400047F8231017EE903A47F82B302EE0012393
:101050004FF0000C86E70CF1010CAC457FF47CAF3F
:101060009EE7F6EE007AB4EEE78AF1EE10FA80F22F
:10107000F2800022F5E66B1C9E469C4620E705990F
:10108000A1F1080057F82B1005902B46009D69B977
:1010900003F18043023B07EB8303014653F8040945
:1010A0000BF1FF3B08390028F8D005910598009214
:1010B000B7EE000A00F096FBBBF1000F009AC0F2F9
:1010C00028814FEA8B0E46AB03EB0E060EF1040CA3
:1010D0001FED537A07EB0C03311D73ED017AF8EE27
:1010E000E77ABB4267EE807A20EE070A61ED017A6B
:1010F000F3D1002D1FED5B6A4FF0000420DB934815
:10110000DFED937AB0EE467A3146002303E09C424D
:1011100008DBB0EC017AF1EC016A01339D42E6EEA6
:10112000877AF4DA5AAB03EB8403A34543ED287ABC
:10113000A6F1040604F1010305D0002D1C46DEDAF9
:10114000DFED837AEEE7689902291CDC002900F3C1
:1011500095800FD132ABDFED7E7A9C443CED017A75
:10116000634577EE877AF9D10AB1F1EE677A069B8B
:10117000C3ED007A19EE903A03F007005BB0BDECC6
:10118000048BBDE8F08F689B032BF3D1BBF1000FFC
:1011900000F0D4800EF5B4736B4432A913ED287AB5
:1011A00001EB8B0373ED017AF0EE476A37EE277A95
:1011B000994277EEC77A83ED007A77EEA67AC3ED8F
:1011C000017AEFD1BBF1010F40F3B8800BF1804BF6
:1011D0000EF5B4730BF1FF3B0DEB030E4FEA8B0BD7
:1011E0000BF104031EED287A0B4433A873ED017A4A
:1011F000F0EE476A37EE277A984277EEC77A83EDAA
:10120000007A77EEA67AC3ED017AEFD10BF1080BE5
:10121000DFED4F7A01EB0B03083133ED017A994290
:1012200077EE877AF9D1002A56D10699329A339B04
:101230000A604B60C1ED027A9CE705F1FF3C57F86C
:101240002C3003F07F0347F82C30B8E608230793CF
:10125000002302935FE519EE903A002D03F101039C
:1012600009EE903AC8BF02223FF76EAEF7EE007A61
:1012700037EEC88A0222F4E5002191E632A9DFEDBB
:10128000347A01EB830333ED017A994277EE877A62
:10129000F9D19DED327A8ABB069BBBF1000FC3EDFD
:1012A000007A77EE677A0BDD33A90123B1EC017A7E
:1012B00001339B4577EE877AF8DA0AB1F1EE677A67
:1012C000069BC3ED017A55E7BDEEC00A9B4610EEC2
:1012D000101A47F82310E9E6DDED326A9DED337A06
:1012E000069BF1EE666AB1EE477AF1EE677AC3EDDE
:1012F000006A83ED017AC3ED027A3BE7069BF1EECB
:10130000676ABBF1000F77EE677AC3ED006ACBDC4A
:10131000D4E7689B022B0DDC002B14DC7FF42AAF92
:10132000DFED0B7A002A3FF422AF1EE7039B4FEA62
:10133000830C35E5689B032B7FF41CAFDFED047A4B
:10134000002AC9D171E7DFED027AA2E7308D0108EA
:101350000000000010EE103A23F00043B3F1485FA4
:1013600004DAFDEEC07A17EE903A5BB360EE007AD5
:101370009FED157ADFED155A9FED156ADFED156AC1
:10138000E7EE875A9FED147AA5EEA76A20EE275A5A
:10139000E6EE276AA6EEA77A30B9DFED106AE7EE2F
:1013A000876AA6EE850A704727EE457AF6EE006A50
:1013B000A0EEA67ADFED0A6AD7EE270AE5EE260A46
:1013C00030EE600A704700BFD3C92E2F342FD7B23A
:1013D0001BEF3836010D50B98988083CABAA2ABEEC
:1013E000ABAA2A3E08B510EE103A23F00042B2F143
:1013F000465FF0EE407A0FDABDEEC07A17EE101AB3
:1014000001BB431C134300F0A080012803D0BFEEB2
:10141000007A87EE270A08BD50498A4212DB002B6A
:10142000B8BFF1EE407A9FED4E7A9FED4E0AB8BFFD
:10143000F1EE600A70EE677A37EE600ADFED4A0A75
:1014400070EE277A67EEA76ADFED484ADFED485A6B
:101450009FED485A9FED486A404926EEA67A8A4297
:10146000E7EE245AA7EE056ADFED444A9FED445AA1
:10147000E5EE874AA6EE075ADFED425A9FED426A33
:10148000E4EE875AA5EE076ADFED404A9FED405A29
:10149000E5EE874AA6EE075A9FED3E6ADFED3E5A1B
:1014A000A4EE876AE5EE075AB0EE467AA5EEA67A74
:1014B00027EEA65AB0EE606AA7EE056ADFED374A5E
:1014C000E6EE260AE5EE240A37EEA00A1FDA012826
:1014D000A1D0BFEE007AC7EE006A314B10EE102AA1
:1014E0001A4006EE102A16EE902A76EE677A13401E
:1014F00000EE103AB7EE007A70EEE70AF0EE477AA7
:10150000E6EE007AE0EE807AA7EEA60A08BD07EEC6
:10151000100AB8EEC77A60EE005A30EE070A9B1741
:10152000C5EE806A03F00203C3F10103B0EE006A66
:1015300076EEE00A00EE103A77EEE07AB8EEC00AF6
:10154000A7EEC67A20EE070A08BDFEF7E1FEB7EE69
:10155000007AF0EE407A87EE270A08BD40A12C3FC2
:1015600068212233DA0F493F000000005FAE9BB7CD
:1015700045F4A3388453D9377AC09538C8261A3A27
:10158000B937813916696B3B48DEBE3AA427B33CB4
:101590001F37113C8988083ED10D5D3DABAAAA3E9C
:1015A00000F0FFFF38B510EE105A25F00044B4F1FA
:1015B000A14FF0EE407A0BDBB4F1FF4F58DCDFEDCA
:1015C000517A9FED510A002DC8BFB0EE670A38BDB1
:1015D0004E4B9C425BDCB4F1445F4CDB4FF0FF327E
:1015E00067EEA76ADFED4A4ADFED4A5A9FED4A5A95
:1015F0009FED4A4A26EEA67AB0EE666AE7EE245AD6
:10160000531CDFED474ADFED476AA5EE875AE7EE48
:10161000246ADFED455ADFED454AE6EE875AA5EE2E
:10162000074A9FED435ADFED436AA5EE875AE4EE81
:10163000074ADFED415AE4EE876AE5EE075A66EEA7
:10164000866A25EE877A37D03C4B03EB820376EE31
:10165000876A93ED000A93ED047A96EEA70A002DAF
:1016600070EE677A37EE670AB1DAB1EE400A38BD3C
:1016700030EE000A38BD9FED327A30EE077AF7EE91
:10168000006AB4EEE67AF1EE10FAA7DD38BDFEF797
:101690003FFE2C4B9C4216DCA3F5D0039C4227DC7A
:1016A000F0EE007ABFEE007AA0EE277A002230EE4C
:1016B000270AC7EE007A93E776EE876AE6EEE77AC6
:1016C000B0EE670A38BD204B9C420BDCF7EE087A7F
:1016D000B7EE007AA0EE277A022230EE670AC0EE5B
:1016E000077A7DE7BFEE007AC7EE007A032277E73C
:1016F000F7EE007A30EE677A30EE270A0122C7EE65
:10170000007A6DE7DB0FC93FDB0FC9BFFFFFDF3E8C
:10171000D769853C59DA4B3D356B883D6E2EBA3D15
:1017200021A215BD6BF16EBD95879DBD2549123E69
:10173000388EE3BDABAAAA3ECDCC4CBE588D010875
:10174000CAF24971FFFF973FFFFF1B4010EE102ABE
:10175000C2F3C7537F3B162B22F0004128DC002B3D
:1017600018DB1A4919410A4221D0DFED197A70EECF
:10177000277AF5EEC07AF1EE10FA18DD002A04DAC5
:101780004FF4000040FA03F31A4422EA010300EE8A
:10179000103A7047DFED0E7A70EE277AF5EEC07AD8
:1017A000F1EE10FA03DD002A08DB9FED0A0A70470C
:1017B000B1F1FF4FFBD330EE000A7047FFEE007A25
:1017C000002918BFB0EE670A704700BFFFFF7F0017
:1017D000CAF24971000000009FED010A704700BF86
:1017E0000000C07F82B08DED010A019B33F0004202
:1017F0002AD0B2F1FF4F23D213F0FF4F28D19DED35
:10180000017ADFED2A7A2A4B67EE277A9842CDEDEE
:10181000017A37DB019BC3F3C752193A0244FE2A0F
:101820001ADD9FED240A9FED247A019B002BF0EE38
:10183000407AB8BFB0EE470A20EE270A02B07047E0
:1018400030EE000A02B070479DED010A02B0704709
:10185000D20D0244FE2AE4DC002A0BDC12F1160F42
:1018600017DA4CF250339842DBDC9FED140A9FEDFF
:10187000147ADAE723F0FF4343EAC25300EE103A4A
:1018800002B070479FED0D0ADDED017A27EE800A68
:10189000D8E7193223F0FF4343EAC253DFED097A58
:1018A00007EE103A27EE270ACCE700BF0000004CF5
:1018B000B03CFFFFCAF24971CAF249F16042A20D81
:1018C0006042A28D0000003308B5062000F0B0FA97
:1018D000012001F0E3FF00BF002200F003B800BFC9
:1018E00000F0AAB870B4840746D04C1E002941D03D
:1018F000D5B2034602E0611EE4B30C4603F8015B77
:101900009907F8D1032C2ED9D5B245EA05250F2C1D
:1019100045EA054519D9264603F11001103E0F2E60
:1019200041F8105C41F80C5C41F8085C41F8045C3B
:1019300001F11001F2D8A4F1100121F00F0104F01F
:101940000F041031032C0B440DD91E4621460439D7
:10195000032946F8045BFAD8211F21F00301043162
:101960000B4404F003042CB1D2B21C4403F8012B45
:10197000A342FBD170BC70470C460346C2E700008F
:10198000014B1868704700BF0400002070B50D4E71
:101990000D4D761BB61006D0002455F8043B0134DB
:1019A0009847A642F9D1094E094D761B16F0CEFF95
:1019B000B61006D0002455F8043B01349847A642DF
:1019C000F9D170BD009F0108009F0108089F010820
:1019D000009F0108032A70B515D940EA010C1CF0DC
:1019E000030F04460B4621D1194620460E680568B0
:1019F000B54204F1040403F1040317D1043A032AA5
:101A000020461946F0D8541EA2B100F1FF3C01391E
:101A100001E0C3180CD01CF801EF11F8012F964516
:101A2000A4EB0C03F5D0AEEB020070BD541EECE746
:101A3000184670BD104670BD844641EA000313F09D
:101A400003036DD1403A41D351F8043B40F8043BC5
:101A500051F8043B40F8043B51F8043B40F8043B88
:101A600051F8043B40F8043B51F8043B40F8043B78
:101A700051F8043B40F8043B51F8043B40F8043B68
:101A800051F8043B40F8043B51F8043B40F8043B58
:101A900051F8043B40F8043B51F8043B40F8043B48
:101AA00051F8043B40F8043B51F8043B40F8043B38
:101AB00051F8043B40F8043B51F8043B40F8043B28
:101AC00051F8043B40F8043B403ABDD2303211D3C8
:101AD00051F8043B40F8043B51F8043B40F8043B08
:101AE00051F8043B40F8043B51F8043B40F8043BF8
:101AF000103AEDD20C3205D351F8043B40F8043BC8
:101B0000043AF9D2043208D0D2071CBF11F8013BC5
:101B100000F8013B01D30B8803806046704700BF8B
:101B2000082A13D38B078DD010F003038AD0C3F19A
:101B30000403D21ADB071CBF11F8013B00F8013B7C
:101B400080D331F8023B20F8023B7BE7043AD9D33B
:101B5000013A11F8013B00F8013BF9D20B78037010
:101B60004B7843708B7883706046704788420DD9FC
:101B70008B1883420AD900EB020CBAB1624613F803
:101B800001CD02F801CD9942F9D170470F2A0ED844
:101B9000034602F1FF3C4AB10CF1010C013B8C44BD
:101BA00011F8012B03F8012F6145F9D1704740EA84
:101BB00001039B0750D1A2F1100370B501F1200C75
:101BC00023F00F0501F1100E00F11004AC441B09C5
:101BD0005EF8105C44F8105C5EF80C5C44F80C5C39
:101BE0005EF8085C44F8085C5EF8045C44F8045C49
:101BF0000EF1100EE64504F11004E9D1013312F0A4
:101C00000C0F01EB031102F00F0400EB031327D0BC
:101C1000043C24F003064FEA940C1E441C1F8E461D
:101C20005EF8045B44F8045FB442F9D10CF101049E
:101C300002F0030203EB840301EB840102F1FF3C99
:101C40004AB10CF1010C013B8C4411F8012B03F853
:101C5000012F6145F9D170BD02F1FF3C03469BE7BE
:101C60002246EBE7830730B548D0541E002A3FD008
:101C7000CAB2034601E0013C3AD303F8012B9D07A9
:101C8000F9D1032C2DD9CDB245EA05250F2C45EA13
:101C9000054536D9A4F1100222F00F0C03F1200EF5
:101CA000E6444FEA121C03F1100242E9045542E9EE
:101CB000025510327245F8D10CF1010214F00C0FEC
:101CC00003EB021204F00F0C13D0ACF1040323F069
:101CD00003030433134442F8045B9342FBD10CF03A
:101CE00003042CB1CAB21C4403F8012B9C42FBD163
:101CF00030BD64461346002CF4D1F9E70346144680
:101D0000BFE71A46A446E0E738B5446C0CB10020A2
:101D100038BD8021054600F0DBFC0246686430B126
:101D2000031F7C3243F8044F9342FBD1EFE74FF09F
:101D3000FF3038BD1F29F8B5054608D8466C0C465B
:101D400017464EB156F8240046F82470F8BD162305
:101D500003604FF0FF30F8BD802100F0B9FC06466B
:101D6000686440B1031F00F17C05002143F8041FA3
:101D70009D42FBD1E6E74FF0FF30F8BD1F2938B593
:101D8000054620D8426C0C466AB152F8213053B156
:101D9000012B16D0591C10D00025204642F82450A3
:101DA0009847284638BD284600F0F8F822460146F4
:101DB0002846BDE8384000F0DBB816230360012058
:101DC00038BD002038BD162303604FF0FF3038BD0A
:101DD0001F292AD8426C38B50C46054682B152F804
:101DE000243002EB84024BB1591C19D0012B15D0C1
:101DF0000025204615609847284638BD012038BD8B
:101E0000802100F065FC0246686458B1031F002180
:101E10007C3043F8041F9842FBD1E0E7032038BD33
:101E2000022038BD4FF0FF3038BD4FF0FF30704713
:101E300038B5144B1F281D681FD86A6C044662B160
:101E400052F820304BB1012B15D0591C0FD0002572
:101E500042F820509847284638BD284600F09EF8A2
:101E6000224601462846BDE8384000F081B81623D6
:101E70002B60012038BD002038BD16232B604FF0A9
:101E8000FF3038BD04000020124B1F2870B51E68BB
:101E900008D80D46716C044649B151F8240041F848
:101EA000245070BD162333604FF0FF3070BD802189
:101EB000304600F00DFC0146706440B1031F00F194
:101EC0007C0C002243F8042F6345FBD1E5E74FF07B
:101ED000FF3070BD0400002038B50B4B1D686C6CE2
:101EE0000CB1002038BD8021284600F0F1FB686469
:101EF00038B1031F00F17C0243F8044F9342FBD139
:101F0000EFE74FF0FF3038BD0400002038B5174B25
:101F10001F281D6826D86A6C044682B152F8243006
:101F200002EB84024BB1591C1AD0012B16D00025AC
:101F3000204615609847284638BD012038BD8021CD
:101F4000284600F0C5FB0246686458B1031F002113
:101F50007C3043F8041F8342FBD1DFE7032038BD08
:101F6000022038BD4FF0FF3038BD00BF0400002014
:101F700070B50C46084D03460026204611461C4607
:101F80002E6001F075FC431C00D070BD2B68002B47
:101F9000FBD0236070BD00BF5401002001F060BC85
:101FA000A2EB0300704700BF02780B78012A28BF1C
:101FB0009A42F5D16DE9044540EA0104CDE9026792
:101FC0006FF0000C4FEA447212B380EA010414F07F
:101FD000070F6AD100F0070420F0070004F00305A2
:101FE00021F007014FEAC505F0E8042314F0040FBF
:101FF000F1E804670CFA05F462EA040266EA0406F2
:102000000AD063EA0403624667EA0407664603E00F
:10201000F0E80423F1E8046782FA4CF582EA06044A
:10202000A4FA8CF46CBB83FA4CF583EA0705A5FA95
:102030008CF595B950E9022351E9026782FA4CF513
:1020400082EA0604A4FA8CF483FA4CF583EA0705C5
:10205000A5FA8CF52543DBD09CB92DBAB5FA85F4E9
:1020600024F0070427FA04F1DDE9026723FA04F3F8
:1020700003F0FF0001F0FF01FDE80445A0EB0100C3
:10208000704724BAB4FA84F424F0070426FA04F161
:10209000DDE9026722FA04F202F0FF0001F0FF011D
:1020A000FDE80445A0EB0100704714F0030F3CD19C
:1020B00010F0030428D150F8082B51F8083B82FA9D
:1020C0004CF582EA0305A5FA8CF55DB950F8042CAD
:1020D00051F8043C82FA4CF582EA0305A5FA8CF526
:1020E000002DE8D02DBAB5FA85F424F0070423FAC0
:1020F00004F122FA04F202F0FF0001F0FF01FDE812
:102100000445A0EB010070474FEAC40420F003002F
:1021100050F8082B21F0030151F8083B0CFA04F4A5
:1021200062EA040263EA0403C9E710F003041AD068
:10213000A1EB040120F00300E40750F8042B06D0C3
:102140000FD28B785FFAA2F4E41A06D12BB1CB78C8
:102150005FFAB2F4E41A00D11BB920465DF8104BC7
:10216000704701F1040150F8042BCC0721F0030162
:1021700051F8043B48D824D222F07F4482FA4CF52F
:1021800094EA1325A5FA8CF50AD165B951F8043BF8
:1021900084EA0204B4EB036F0ED150F8042BEBE792
:1021A0004FEA132355E035F07F454DD10878FDE81F
:1021B0000445C0F1000070474FEA126203F0FF03CC
:1021C00047E002EA1C4482FA4CF594EA1345A5FA6A
:1021D0008CF50AD165B951F8043B84EA0204B4EBEA
:1021E000034F0CD150F8042BEBE74FEA134330E0D8
:1021F00015EA1C4528D10B884FEA124229E04FEA24
:10220000124203EA1C4324E002F0FF0482FA4CF578
:1022100094EA1365A5FA8CF50AD165B951F8043B27
:1022200084EA0204B4EB032F09D150F8042BEBE746
:102230004FEA13630DE015F0FF0F05D10B684FEA6D
:10224000122223F07F4304E04FF00000FDE8044534
:10225000704712BA1BBA82FA4CF482EA0304A4FA59
:102260008CF5B5FA85F402FA04F203FA04F34FEAA6
:102270001260FDE80445A0EB1360704780EA01029C
:10228000844612F0030F4FD111F0030F32D14DF8F5
:10229000044D11F0040F51F8043B0BD0A3F10132AF
:1022A0009A4312F0803F04BF4CF8043B51F8043BC2
:1022B00016D100BF51F8044BA3F101329A4312F03A
:1022C000803FA4F101320BD14CF8043BA24312F041
:1022D000803F04BF51F8043B4CF8044BEAD023463E
:1022E0000CF8013B13F0FF0F4FEA3323F8D15DF8F0
:1022F000044B704711F0010F06D011F8012B0CF8B8
:10230000012B002A08BF704711F0020FBFD031F82F
:10231000022B12F0FF0F16BF2CF8022B8CF80020B6
:1023200012F47F4FB3D1704711F8012B0CF8012B39
:10233000002AF9D1704700BF000000000000000033
:1023400090F800F06DE9024520F007016FF0000CF5
:1023500010F0070491F820F040F049804FF000049D
:102360006FF00700D1E9002391F840F000F1080078
:1023700082FA4CF2A4FA8CF283FA4CF3A2FA8CF3B0
:102380004BBBD1E9022382FA4CF200F10800A4FA17
:102390008CF283FA4CF3A2FA8CF3E3B9D1E904236B
:1023A00082FA4CF200F10800A4FA8CF283FA4CF3A2
:1023B000A2FA8CF37BB9D1E9062301F1200182FA5C
:1023C0004CF200F10800A4FA8CF283FA4CF3A2FA62
:1023D0008CF3002BC6D0002A04BF04301A4612BA70
:1023E000B2FA82F2FDE8024500EBD2007047D1E973
:1023F000002304F00305C4F100004FEAC50514F002
:10240000040F91F840F00CFA05F562EA05021CBFD2
:1024100063EA050362464FF00004A9E7A2B330B5B2
:1024200040EA0104A40784460B462AD09CF8000029
:102430000C7884422FD1012A0DD0E64660B11EF8F7
:10244000010F11F8014F6FEA0E03A042134422D18D
:102450001CEB0303F2D1002030BD0468194653F889
:10246000045BA4F1013EAC4284462EEA040E00F166
:1024700004000BD1043A84461946ECD01EF0803F8C
:10248000E9D1032AE9D8D1E7104670479CF800004B
:102490000C78A042D1D0001B30BD00BF30B540EA5F
:1024A0000104A30701D1032A0FD8844601F1FF3E9E
:1024B00007E01EF8011F03F8011B541EC1B19C4622
:1024C00022466346002AF4D130BD0B4684461946A5
:1024D00053F8045BA5F1013424EA050414F0803FAD
:1024E000E4D1043A032A4CF8045B1946EFD8DDE73F
:1024F0006244002CE8D003F8011B9342FBD130BDAD
:1025000071B1034600EB010C01E0634506D01A46A9
:10251000013311780029F8D1101A7047181A704742
:102520000846704771B138B503460C46002501E0F6
:10253000431C05462146184600F036F90028F7D11D
:10254000284638BD00F030B92DE9F04F81464548A6
:102550008E4675461EF801CB10F80C4014F00804A6
:10256000F7D1BCF12D0FE34654D0BCF12B0F08BFBF
:102570009EF800B06FF0004808BF05F1020E1BB1D5
:10258000102B4FD01F4604E0BBF1300F55D00A236B
:102590001F460025B8FBF7F6284607FB168A07E01A
:1025A000864215D329D007FB00C001251EF801BBC8
:1025B000ABF1300CBCF1090F06D9ABF1410CBCF109
:1025C000190F08D8ABF1370C63450DDD002DE7DAA4
:1025D0004FF0FF35EAE7ABF1610CBCF1190F03D8FE
:1025E000ABF1570C6345F1DC002D0BDB04B140422D
:1025F0000AB195BB1160BDE8F08FE245D3DA4FF028
:10260000FF35D3E72223C9F800301AB30EF1FF31AA
:102610004046EFE79EF800B04FF0004805F1020E8B
:102620000124ACE7BBF1300FACD19EF8000000F004
:10263000DF00582807D01F46ABE79EF8003003F0B4
:10264000DF03582B0BD110279EF801B03B460EF14B
:10265000020E9EE74046BDE8F08F8046D6E708238D
:102660001F4696E7798D0108012B02D0242B00D854
:102670006AE710B5FFF784F916230360002010BD48
:10268000012A08D0242A06D8844606481346006842
:102690000A46614658E710B5FFF772F91623036042
:1026A000002010BD04000020012A08D0242A06D8EA
:1026B00084460648134600680A46614644E710B55A
:1026C000FFF75EF916230360002010BD0400002010
:1026D000F8B5CD1C25F0030508350C2D38BF0C25A9
:1026E000002D064623DBA94221D8254F00F0C2F871
:1026F0003A6822B3144603E063682246FBB11C46E5
:1027000023685B1BF8D40B2B15D8636894420CBF6D
:102710003B605360304600F0AFF804F10B00231D1E
:1027200020F00700C21A01D01B1AA350F8BD0C23D9
:1027300033600020F8BD23601C442560EAE7796817
:10274000C9B12946304600F01DF8431C0CD0C41C0A
:1027500024F00304A04205D0211A304600F012F8FC
:10276000013001D02560D5E70C233046336000F0FE
:1027700083F80020F8BD304600F004F87860E0E708
:102780004C01002038B5074D0022044608462A6057
:1027900001F076F8431C00D038BD2B68002BFBD02D
:1027A000236038BD5401002011F0FF01034644D0DE
:1027B000820732D110B5046841EA012E4EEA0E4E6E
:1027C0008EEA0402A2F1013323EA0203A4F10132EA
:1027D00022EA0402134313F0803F0FD150F8044F54
:1027E00084EA0E0CA4F10133ACF1013223EA0403B4
:1027F00022EA0C02134313F0803FEFD0037823B991
:1028000036E010F8013F002B32D09942F9D110BDCB
:102810008A4211D09A071846CCD0184613F8012BDB
:10282000002AF5D1104670479907184607D0184678
:1028300001330278002AF7D170478207F7D1026886
:10284000A2F1013323EA020313F0803F08D150F8CC
:10285000042FA2F1013323EA020313F0803FF6D0E4
:102860000378002BE8D010F8013F002BFBD1704714
:10287000184610BD704700BF704700BF81F000418F
:1028800002E000BF83F0004330B54FEA41044FEA55
:10289000430594EA050F08BF90EA020F1FBF54EAF0
:1028A000000C55EA020C7FEA645C7FEA655C00F08C
:1028B000E2804FEA5454D4EB5555B8BF6D420CDD5D
:1028C0002C4480EA020281EA030382EA000083EAE0
:1028D000010180EA020281EA0303362D88BF30BD80
:1028E00011F0004F4FEA01314FF4801C4CEA1131D6
:1028F00002D0404261EB410113F0004F4FEA033335
:102900004CEA133302D0524263EB430394EA050FBF
:1029100000F0A780A4F10104D5F1200E0DDB02FA2E
:102920000EFC22FA05F2801841F1000103FA0EF2C2
:10293000801843FA05F359410EE0A5F120050EF188
:10294000200E012A03FA0EFC28BF4CF0020C43FAB9
:1029500005F3C01851EBE37101F0004507D54FF0C6
:10296000000EDCF1000C7EEB00006EEB0101B1F516
:10297000801F1BD3B1F5001F0CD349085FEA30005C
:102980004FEA3C0C04F101044FEA445212F5800F67
:1029900080F09A80BCF1004F08BF5FEA500C50F104
:1029A000000041EB045141EA050130BD5FEA4C0CE7
:1029B000404141EB0101013C28BFB1F5801FE9D244
:1029C00091F0000F04BF01460020B1FA81F308BF67
:1029D0002033A3F10B03B3F120020CDA0C3208DD33
:1029E00002F1140CC2F10C0201FA0CF021FA02F10E
:1029F0000CE002F11402D8BFC2F1200C01FA02F17E
:102A000020FA0CFCDCBF41EA0C019040E41AA2BFA2
:102A100001EB0451294330BD6FEA04041F3C1CDA6A
:102A20000C340EDC04F11404C4F1200220FA04F08A
:102A300001FA02F340EA030021FA04F345EA030134
:102A400030BDC4F10C04C4F1200220FA02F001FAF6
:102A500004F340EA0300294630BD21FA04F0294678
:102A600030BD94F0000F83F4801306BF81F4801111
:102A70000134013D4EE77FEA645C18BF7FEA655C84
:102A800029D094EA050F08BF90EA020F05D054EA56
:102A9000000C04BF1946104630BD91EA030F1EBF5B
:102AA0000021002030BD5FEA545C05D1400049415F
:102AB00028BF41F0004130BD14F580043CBF01F552
:102AC000801130BD01F0004545F0FE4141F4700138
:102AD0004FF0000030BD7FEA645C1ABF1946104613
:102AE0007FEA655C1CBF0B46024650EA013406BF14
:102AF00052EA033591EA030F41F4002130BD00BFD3
:102B000090F0000F04BF0021704730B54FF480648F
:102B100004F132044FF000054FF0000150E700BF10
:102B200090F0000F04BF0021704730B54FF480646F
:102B300004F1320410F0004548BF40424FF000015C
:102B40003EE700BF42004FEAE2014FEA31014FEA9F
:102B500002701FBF12F07F4393F07F4F81F06051EE
:102B6000704732F07F4208BF704793F07F4F04BF39
:102B700041F40021704730B54FF4607401F0004516
:102B800021F000411CE700BF50EA010208BF704776
:102B900030B54FF000050AE050EA010208BF704767
:102BA00030B511F0004502D5404261EB41014FF4D0
:102BB000806404F132045FEA915C3FF4D8AE4FF0D8
:102BC00003025FEADC0C18BF03325FEADC0C18BFBB
:102BD000033202EBDC02C2F1200300FA03FC20FA0C
:102BE00002F001FA03FE40EA0E0021FA02F1144459
:102BF000BDE600BF70B54FF0FF0C4CF4E06C1CEA72
:102C000011541DBF1CEA135594EA0C0F95EA0C0FE2
:102C100000F0DEF82C4481EA030621EA4C5123EA55
:102C20004C5350EA013518BF52EA033541F4801184
:102C300043F4801338D0A0FB02CE4FF00005E1FB37
:102C400002E506F00042E0FB03E54FF00006E1FB81
:102C500003569CF0000F18BF4EF0010EA4F1FF04C4
:102C6000B6F5007F64F5407404D25FEA4E0E6D4104
:102C700046EB060642EAC62141EA55514FEAC52015
:102C800040EA5E504FEACE2EB4F1FD0C88BFBCF591
:102C9000E06F1ED8BEF1004F08BF5FEA500E50F142
:102CA000000041EB045170BD06F0004646EA010108
:102CB00040EA020081EA0301B4EB5C04C2BFD4EB3A
:102CC0000C0541EA045170BD41F480114FF0000E33
:102CD000013C00F3AB8014F1360FDEBF002001F0A1
:102CE000004170BDC4F10004203C35DA0C341BDC1B
:102CF00004F11404C4F1200500FA05F320FA04F0ED
:102D000001FA05F240EA020001F0004221F0004120
:102D100010EBD37021FA04F642EB06015EEA430E93
:102D200008BF20EAD37070BDC4F10C04C4F12005C3
:102D300000FA04F320FA05F001FA04F240EA020076
:102D400001F0004110EBD37041F100015EEA430E47
:102D500008BF20EAD37070BDC4F1200500FA05F267
:102D60004EEA020E20FA04F301FA05F243EA0203E6
:102D700021FA04F001F0004121FA04F220EA0200F5
:102D800000EBD3705EEA430E08BF20EAD37070BD3B
:102D900094F0000F0FD101F00046400041EB01011B
:102DA00011F4801F08BF013CF7D041EA060195F0FD
:102DB000000F18BF704703F00046520043EB0303B7
:102DC00013F4801F08BF013DF7D043EA06037047A4
:102DD00094EA0C0F0CEA135518BF95EA0C0F0CD0AF
:102DE00050EA410618BF52EA4306D1D181EA0301F5
:102DF00001F000414FF0000070BD50EA410606BFEF
:102E00001046194652EA430619D094EA0C0F02D133
:102E100050EA013613D195EA0C0F05D152EA033678
:102E20001CBF104619460AD181EA030101F0004196
:102E300041F0FE4141F470014FF0000070BD41F0DF
:102E4000FE4141F4780170BD70B54FF0FF0C4CF4B9
:102E5000E06C1CEA11541DBF1CEA135594EA0C0FD8
:102E600095EA0C0F00F0A7F8A4EB050481EA030E25
:102E700052EA03354FEA013100F088804FEA03330C
:102E80004FF0805545EA131343EA12634FEA0222DA
:102E900045EA111545EA10654FEA00260EF000419B
:102EA0009D4208BF964244F1FD0404F5407402D2ED
:102EB0005B084FEA3202B61A65EB03055B084FEA7E
:102EC00032024FF480104FF4002CB6EB020E75EB7B
:102ED000030E22BFB61A754640EA0C005B084FEAA3
:102EE0003202B6EB020E75EB030E22BFB61A754620
:102EF00040EA5C005B084FEA3202B6EB020E75EB6B
:102F0000030E22BFB61A754640EA9C005B084FEAE2
:102F10003202B6EB020E75EB030E22BFB61A7546EF
:102F200040EADC0055EA060E18D04FEA051545EADE
:102F300016754FEA06164FEAC30343EA52734FEA87
:102F4000C2025FEA1C1CC0D111F4801F0BD141EA00
:102F500000014FF000004FF0004CB6E711F4801F65
:102F600004BF01430020B4F1FD0C88BFBCF5E06F45
:102F70003FF6AFAEB5EB030C04BFB6EB020C5FEA55
:102F8000500C50F1000041EB045170BD0EF0004EAA
:102F90004EEA113114EB5C04C2BFD4EB0C0541EADC
:102FA000045170BD41F480114FF0000E013C90E6D9
:102FB00045EA060E8DE60CEA135594EA0C0F08BF9D
:102FC00095EA0C0F3FF43BAF94EA0C0F0AD150EA9C
:102FD00001347FF434AF95EA0C0F7FF425AF10462F
:102FE00019462CE795EA0C0F06D152EA03353FF457
:102FF000FDAE1046194622E750EA410618BF52EAD4
:1030000043067FF4C5AE50EA41047FF40DAF52EAA7
:1030100043057FF4EBAE12E74FF0FF3C06E000BF44
:103020004FF0010C02E000BF4FF0010C4DF804CD51
:103030004FEA410C7FEA6C5C4FEA430C18BF7FEA11
:103040006C5C1BD001B050EA410C0CBF52EA430C3F
:1030500091EA030F02BF90EA020F0020704710F1BF
:10306000000F91EA030F58BF994208BF90422CBF4E
:10307000D8176FEAE37040F0010070474FEA410C47
:103080007FEA6C5C02D150EA013C07D14FEA430C65
:103090007FEA6C5CD6D152EA033CD3D05DF8040BD6
:1030A000704700BF8446104662468C461946634608
:1030B00000E000BF01B5FFF7B7FF002848BF10F1DF
:1030C000000F01BD4DF808EDFFF7F4FF0CBF012024
:1030D00000205DF808FB00BF4DF808EDFFF7EAFFA0
:1030E00034BF012000205DF808FB00BF4DF808ED5B
:1030F000FFF7E0FF94BF012000205DF808FB00BF50
:103100004DF808EDFFF7CEFF94BF012000205DF8D9
:1031100008FB00BF4DF808EDFFF7C4FF34BF0120E6
:1031200000205DF808FB00BF4FEA410C7FEA6C5CB1
:1031300002D150EA013C0AD14FEA430C7FEA6C5CB1
:1031400002D152EA033C02D14FF0000070474FF029
:10315000010070474FEA4102B2F1E04324BFB3F5EA
:10316000001CDCF1FE5C0DD901F0004C4FEAC002FE
:103170004CEA5070B2F1004F40EB830008BF20F0E2
:103180000100704711F0804F21D113F13872BCBF9C
:1031900001F00040704741F480114FEA5252C2F1F1
:1031A0001802C2F1200C10FA0CF320FA02F018BF3A
:1031B00040F001004FEAC1234FEAD32303FA0CFC8D
:1031C00040EA0C0023FA02F34FEA4303CCE77FEA1C
:1031D000625307D150EA01331EBF4FF0FE4040F466
:1031E0004000704701F0004040F0FE4040F4000015
:1031F000704700BF80F0004002E000BF81F0004156
:1032000042001FBF5FEA410392EA030F7FEA226C8C
:103210007FEA236C6AD04FEA1262D2EB1363C1BF1C
:10322000D218414048404140B8BF5B42192B88BF8B
:10323000704710F0004F40F4000020F07F4018BFAE
:10324000404211F0004F41F4000121F07F4118BFCE
:10325000494292EA030F3FD0A2F1010241FA03FC76
:1032600010EB0C00C3F1200301FA03F100F000435E
:1032700002D5494260EB4000B0F5000F13D3B0F126
:10328000807F06D340084FEA310102F10102FE2A95
:1032900051D2B1F1004F40EBC25008BF20F0010005
:1032A00040EA03007047490040EB0000013A28BFA4
:1032B000B0F5000FEDD2B0FA80FCACF1080CB2EB27
:1032C0000C0200FA0CF0AABF00EBC25052421843A5
:1032D000BCBFD0401843704792F0000F81F400014A
:1032E00006BF80F400000132013BB5E74FEA41031D
:1032F0007FEA226C18BF7FEA236C21D092EA030F89
:1033000004D092F0000F08BF0846704790EA010F02
:103310001CBF0020704712F07F4F04D1400028BF2F
:1033200040F00040704712F100723CBF00F5000011
:10333000704700F0004343F0FE4040F40000704747
:103340007FEA226216BF08467FEA236301464202F3
:1033500006BF5FEA412390EA010F40F48000704706
:103360004FF0000304E000BF10F0004348BF4042AC
:103370005FEA000C08BF704743F0964301464FF0E8
:1033800000001CE050EA010208BF70474FF0000344
:103390000AE000BF50EA010208BF704711F0004385
:1033A00002D5404261EB41015FEA010C02BF844655
:1033B0000146002043F0B64308BFA3F18053A3F5B4
:1033C0000003BCFA8CF2083AA3EBC25310DB01FAFB
:1033D00002FC634400FA02FCC2F12002BCF1004F7F
:1033E00020FA02F243EB020008BF20F00100704710
:1033F00002F1200201FA02FCC2F1200250EA4C0064
:1034000021FA02F243EB020008BF20EADC707047A9
:103410007BB972B90029BEBF00204FF0004106E021
:1034200008BF00281CBF6FF000414FF0FF3000F0D4
:10343000F5B9ADF1080C6DE904CE002909DB002BCC
:103440001ADB00F083F8DDF804E0DDE9022304B0C4
:103450007047404261EB4101002B1BDB00F076F826
:10346000DDF804E0DDE9022304B0404261EB4101F4
:10347000524263EB43037047524263EB430300F055
:1034800065F8DDF804E0DDE9022304B0404261EBB9
:1034900041017047524263EB430300F057F8DDF8F7
:1034A00004E0DDE9022304B0524263EB43037047BA
:1034B00053B94AB9002908BF00281CBF4FF0FF319B
:1034C0004FF0FF3000F0AAB9ADF1080C6DE904CE61
:1034D00000F03CF8DDF804E0DDE9022304B07047B9
:1034E00038B50022002304460D46FFF7F5FD28B944
:1034F00020462946BDE8384000F00AB8204605F1CC
:10350000004100F005F8404261EB410138BD00BFC9
:10351000D0B50C4B002206460F46FFF76BFB00F0C0
:103520007FF90446FFF7ECFA074B0022FFF762FB36
:1035300002460B4630463946FFF7A4F900F070F911
:103540002146D0BD0000F03D0000F0412DE9F047DC
:10355000089D04468E46002B4DD18A42944669D977
:10356000B2FA82F252B101FA02F3C2F1200120FA5A
:1035700001F10CFA02FC41EA030E94404FEA1C48A8
:10358000210CBEFBF8F61FFA8CF708FB16E341EAA4
:10359000034306FB07F199420AD91CEB030306F12A
:1035A000FF3080F01F81994240F21C81023E63444B
:1035B0005B1AA4B2B3FBF8F008FB103344EA0344EF
:1035C00000FB07F7A7420AD91CEB040400F1FF3304
:1035D00080F00A81A74240F207816444023840EA41
:1035E0000640E41B00261DB1D4400023C5E900437A
:1035F0003146BDE8F0878B4209D9002D00F0EF80FD
:103600000026C5E9000130463146BDE8F087B3FA2F
:1036100083F6002E4AD18B4202D3824200F2F98017
:10362000841A61EB030301209E46002DE0D0C5E91A
:10363000004EDDE702B9FFDEB2FA82F2002A40F066
:103640009280A1EB0C014FEA1C471FFA8CFE012669
:10365000200CB1FBF7F307FB131140EA01410EFB0D
:1036600003F0884208D91CEB010103F1FF3802D2B4
:10367000884200F2CB804346091AA4B2B1FBF7F0AE
:1036800007FB101144EA01440EFB00FEA64508D9D1
:103690001CEB040400F1FF3102D2A64500F2BB800E
:1036A0000846A4EB0E0440EA03409CE7C6F120075D
:1036B000B34022FA07FC4CEA030C20FA07F401FAA3
:1036C00006F31C43F9404FEA1C4900FA06F3B1FB2C
:1036D000F9F8200C1FFA8CFE09FB181140EA014191
:1036E00008FB0EF0884202FA06F20BD91CEB01012E
:1036F00008F1FF3A80F08880884240F28580A8F186
:1037000002086144091AA4B2B1FBF9F009FB1011D7
:1037100044EA014100FB0EFE8E4508D91CEB010175
:1037200000F1FF346CD28E456AD90238614440EA18
:103730000840A0FB0294A1EB0E01A142C846A64698
:1037400056D353D05DB1B3EB080261EB0E0101FA21
:1037500007F722FA06F3F1401F43C5E9007100267E
:103760003146BDE8F087C2F12003D8400CFA02FCD4
:1037700021FA03F3914001434FEA1C471FFA8CFEE4
:10378000B3FBF7F007FB10360B0C43EA064300FBD4
:103790000EF69E4204FA02F408D91CEB030300F172
:1037A000FF382FD29E422DD9023863449B1B89B229
:1037B000B3FBF7F607FB163341EA034106FB0EF3B2
:1037C0008B4208D91CEB010106F1FF3816D28B425F
:1037D00014D9023E6144C91A46EA004638E72E462B
:1037E000284605E70646E3E61846F8E64B45A9D223
:1037F000B9EB020864EB0C0E0138A3E74646EAE792
:10380000204694E74046D1E7D0467BE7023B61443F
:1038100032E7304609E76444023842E7704700BFA8
:103820004A0011D212F5001211D20DD56FF478733F
:10383000B3EB62520ED44FEAC12343F0004343EA94
:10384000505323FA02F070474FF00000704750EADF
:10385000013002D14FF0FF3070474FF00000704749
:10386000024B58221A604FF0FF307047540100207D
:10387000024B58221A604FF0FF307047540100206D
:10388000044A05491368002B08BF0B461844106012
:10389000184670475801002030750020FEE700BF31
:1038A00080B56F469CB01A901A981B9005F050FD99
:1038B00000200E90199018901790169048F6796194
:1038C000C0F6010111A816AA0C9200F0AEF803F0A0
:1038D0004BFE0E9902460C980A9200F0D5F801466C
:1038E0000A98086003F034FE01460C980B91012100
:1038F00000F0CAF801460B98086003F02FFE01465D
:103900000C980D91022100F0BFF80D9902460E9817
:1039100011601090FFE7109802282DDCFFE7109946
:1039200016A8089000F0B0F8014608980968C94345
:103930000691109900F0A8F80699024608981160BF
:10394000109900F0A1F801460898096807911099AC
:1039500000F09AF8079A01460898498841EA02411E
:103960000991109900F090F8014609980860FFE766
:10397000109801301090CEE716A803900021059111
:1039800000F082F80146039809680191012100F0D6
:103990007BF8019902460398126851400291022176
:1039A00000F072F80299024603981268514004919F
:1039B000032100F069F8049902460598116040F26D
:1039C0005C12C2F2000211A911600F90FFE70F987C
:1039D000032821DCFFE70F9911A800F055F80068D3
:1039E00000900F9916A800F04FF80146009809685A
:1039F00088420CD0FFE7FFE748F69A60C0F6010066
:103A000000F08AF840F6B83000F049F8F4E7FFE734
:103A10000F9801300F90DAE740F25C11C2F200011A
:103A2000002008601B981CB080BD80B56F4686B032
:103A30000490039102920499019105910398086101
:103A4000039805F08BFC102806D1FFE70199039835
:103A5000102205F096FC14E00199DDF808C0DCF8AE
:103A60000000DCF80420DCF80830DCF80CC0C1F8F9
:103A70000CC08B604A6008600398102205F0A2FC1D
:103A8000FFE7059806B080BD80B56F4682B0019013
:103A900000910198009900F00BF802B080BD80B54C
:103AA0006F4682B00190019813F0CEFB02B080BD4A
:103AB00082B0019000910198009900EB810002B062
:103AC000704780B56F4682B00190019812F03CFCBF
:103AD00002B080BD80B56F4682B00190019812F0AF
:103AE0000BFD02B080BD80B56F4640F26010C2F29F
:103AF000000000F001F880BD81B000900098002126
:103B0000016001B0704780B56F4640F26410C2F2A8
:103B10000000FFF7F1FF80BD83B080B56F4685B030
:103B20003B61FA60B960049007F108000390049AC1
:103B300003980290029B40F6B030C2F200000430BD
:103B400001904FF4807102F0AFFD0198FEF7F8FB91
:103B50000146019805F05DFE002005B0BDE88040FB
:103B600003B0704780B56F4690B00F900F980790E4
:103B700005F092FE43F66740C0F6000002F002F83E
:103B800000F069FE49F2DE11C0F6010143F6814200
:103B9000C0F600020023069300F028FD0EA800F0F6
:103BA000A5F8069B024668464360036040F2681031
:103BB000C2F20000039048F6DF61C0F6010101F097
:103BC000B8FB039801F0CCFB0DA800F097F8069B1A
:103BD000024668464360036040F28810C2F200006B
:103BE000049048F6E961C0F6010101F0A2FB0498D7
:103BF00001F0B6FB0CA800F089F8069B0246684667
:103C00004360036040F2A810C2F20000059048F63D
:103C1000EF61C0F6010101F08CFB059801F0A0FBFB
:103C200006996A460320106040F26410C2F2000058
:103C300048F6F462C0F601024FF4807300F06EF8AB
:103C400006996A460420106040F26010C2F200003B
:103C500048F6FF62C0F601024FF4407300F097F897
:103C6000079810B080BD80B56F4682B0019000917A
:103C70000198009905F0CDFD009802B080BD0000CC
:103C800080B56F4686B00490039105F0F9FD20B928
:103C9000FFE7072007F8010C21E004984068029034
:103CA00005F012FCFFF76EFB00EE100A9FED0E1AF6
:103CB00080EE010A10EE100AFEF744FF41EC100BF3
:103CC00002986946086053EC102B48F60B70C0F65A
:103CD000010001F0DBFA002007F8010CFFE717F8FC
:103CE000010C06B080BD00BF0024744981B0009073
:103CF00043F60160C0F6000001B0704781B000904B
:103D000043F65B60C0F6000001B0704781B00090E0
:103D100044F2E300C0F6000001B0704780B56F4682
:103D20008EB08446B868CDF830C00B910A920993E2
:103D300007F8150C0C9804900DA8039000F056FAA3
:103D4000082012F001FB01460398079100F04EFA9B
:103D500001460B9A05A800F051FADDF810E007992A
:103D60000598069A4A600860079B0A99BDF82420C6
:103D700017F8150CEC46CCF804E0CCF8000044F23F
:103D80001320C0F6000012F0F3FF0EB080BD80B526
:103D90006F468EB08446B868CDF830C00B910A9259
:103DA000099307F8150C0C9804900DA8039000F0E7
:103DB00051FA082012F0C8FA01460398079100F062
:103DC00049FA01460B9A05A800F018FADDF810E050
:103DD00007990598069A4A600860079B0A99BDF8FA
:103DE000242017F8150CEC46CCF804E0CCF80000C1
:103DF00044F21320C0F6000012F0BAFF0EB080BDEE
:103E000080B56F4684B00390029101920399029AA3
:103E1000019B00F002F804B080BD80B56F4686B00B
:103E2000059004910392029340F2C810C2F2000080
:103E3000019014F03BF848F61470C0F60100FFF74B
:103E40006BFE01984FF48061FEF75AFB0146019822
:103E500005F0DFFC002006B080BD80B56F4684B061
:103E60000390029101920399029A019B00F002F8DB
:103E700004B080BD80B56F46A8B00690059104924D
:103E800003930498012801D1FFE714E10498022864
:103E900040F01081FFE70398406848F64271C0F691
:103EA0000101FEF781F808BBFFE703F0DAFF07A87E
:103EB00003F079FF0B98AA2801D1FFE715E0022053
:103EC0000790AA200B900020C1F6FF70119003F01C
:103ED0009FFC03F0C0FC07A803F0F0FD03F0E0FC3A
:103EE00003F0D0FC03F0ABFCFFE7E2E0039840688E
:103EF00048F64771C0F60101FEF756F8E8B9FFE74A
:103F000003F0B8FF14A803F04EFF1898BB2801D1A6
:103F1000FFE711E002201490BB20189003F078FC1A
:103F200003F099FC14A803F0C9FD03F0B9FC03F0F9
:103F3000A9FC03F084FCFFE7BAE00398406848F668
:103F40004D71C0F60101FEF72FF818B9FFE703F035
:103F50009AFFACE00398406848F65271C0F6010140
:103F6000FEF722F818B9FFE703F08DFF9EE00398F3
:103F7000406848F65B71C0F60101FEF715F838B9E4
:103F8000FFE701202390239880F3138800F096F830
:103F90000398406848F66271C0F60101FEF704F824
:103FA00000285BD1FFE748F66570C0F60100FFF717
:103FB000B3FD41F28830FFF772FD01F0CEFD012024
:103FC000019005F06DFA0020029005F069FA019960
:103FD00002982691269981F310884EF21001CEF2B4
:103FE000000108604EF21401CEF2000108604EF2AA
:103FF0001801CEF20001086003F0E4FF029822905D
:10400000FFE72298072814DCFFE7229A4EF280117E
:10401000CEF200014FF0FF3041F82200229A4EF21A
:104020008021CEF2000141F8220022980130229036
:10403000E7E700202590259880F310880020C1F63E
:10404000FF7000682790279880F308880420C1F645
:10405000FF70006821902198804725E00398406810
:1040600048F68C71C0F60101FDF79EFF48B9FFE7E5
:1040700005F0C9F901202490249880F3138800F0FA
:104080001DF80398406848F69471C0F60101FDF7E9
:104090008BFF38B9FFE748F69D70C0F60100FFF7C7
:1040A0003BFDFFE7FFE7FFE7FFE7FFE7FFE7FFE78E
:1040B000FFE7FFE7FFE7002028B080BDBFF34F8F89
:1040C0004EF60C51CEF20001086800F4E0600422C4
:1040D000C0F2FA5210430860BFF34F8FFFE700BFF2
:1040E000FDE780B56F4684B0039002910192039979
:1040F000029A019B00F004F804B080BD00000000AB
:1041000080B56F468AB0099008910792069305F032
:10411000D6F9059005984AF6AB21CAF6AA21A0FB6C
:10412000012109094BF2C533C9F2A213A1FB0321F6
:10413000CA0A44F6D351C1F26201A2FB01C292093C
:104140000492A0FB0112910944F2075CCCF22E2CE0
:10415000A1FB0CEC4FEA1C4C40F2A32E0CFB0EFC16
:10416000A1EBCC1CACFB03EC4FEADC2CCDF808C077
:10417000A1FB0331C90A4FF461635943C1EB9211AA
:1041800048F68902C8F68802A1FB02214909039179
:1041900000EE100AB8EE400ADFED130AFCF75AF9F8
:1041A00010EE100AFEF7CEFC41EC100B51EC100B98
:1041B0009FED0B0B53EC102BFEF746FE029A039B70
:1041C0008C4604994CEC100B684680ED000B48F6C9
:1041D000D170C0F60100FFF79FFC00200AB080BD3F
:1041E0000000000000408F4000606A4781B00090EE
:1041F00044F22B20C0F6000001B0704783B002905B
:10420000019100920298019901600099416003B008
:10421000704780B56F4682B0019001980090009879
:1042200001684068884702B080BD80B56F4682B0A3
:104230000190019900F002F802B080BD80B56F4690
:1042400082B001900091FFE705F093FB0A2012F085
:10425000FBFFF9E781B0009044F26520C0F6000052
:1042600001B0704780B56F4682B00190019900F0AF
:1042700002F802B080BD80B56F4682B00190009117
:10428000FFE7FFE705F0FCFA20B9FFE70120FFF7A1
:1042900006FCF7E701F09EFFFFE705F0F7FA28B10B
:1042A000FFE705F0C8FA01F095F8FFE705F0E8FA36
:1042B00008B9FFE703E00A2012F0C6FFEDE7E0E7E8
:1042C00080B56F46FFF70FFCFFF71DFC80BD80B582
:1042D0006F4686B005900598029000F01BF8029892
:1042E00008300190FFF708FC0198029940F2C8528B
:1042F000C2F2000211606A460321116048F6FC72A6
:10430000C0F6010200214FF4807300F012F8029809
:1043100006B080BD80B56F4682B0019001980090D4
:10432000043000F067F8009800F0DDFC009802B05F
:1043300080BD80B56F468EB08446B868CDF830C079
:104340000B910A92099307F8150C0C9804900DA88C
:10435000039000F05DF8082011F0F6FF0146039885
:10436000079100F055F801460B9A05A8FFF746FFA4
:10437000DDF810E007990598069A4A600860079BE7
:104380000A99BDF8242017F8150CEC46CCF804E087
:10439000CCF8000044F21320C0F6000012F0E8FC54
:1043A0000EB080BD80B56F4684B002900191029836
:1043B000007BC00720B9FFE7012007F8010C15E0DA
:1043C00002994889013048810299088949898842BF
:1043D00008DCFFE7029900204881029908684968D3
:1043E0008847FFE7012007F8010CFFE717F8010CE9
:1043F00004B080BD80B56F4682B0019001980090F6
:10440000012012F036F901460098016002B080BD2B
:1044100081B0009044F22140C0F6000001B0704726
:1044200080B56F4682B00190019900F002F802B0A9
:1044300080BD80B56F4684B00390029105F03FF8CF
:104440000190FFE740F2C850C2F2000000900068FF
:1044500044F2A531C0F60001002200F008F80098EF
:1044600000680830012101AA00F030F8EAE780B5C1
:104470006F4688B007900691059207980090043027
:1044800000F032F800980021049100680490FFE7E2
:1044900000990498884213D0FFE70498029002988C
:1044A0001038019001980390069A03980599904757
:1044B00008B9FFE704E0FFE7049800680490E7E725
:1044C0000098043000F01FF808B080BD80B56F463A
:1044D00084B0039002910192FFE70198029912F0D3
:1044E00047FDFFE704B080BD80B56F4682B0019004
:1044F000019800684FF0FF3112F0DAFA002818BF77
:10450000012002B080BD80B56F4682B00190019855
:104510000068002319461A4612F006F902B080BD61
:10452000F0B503AF2DE9000782B08A465AF8046F50
:10453000564555D098469146044604E00120D8B32C
:10454000366856454CD056F8140C10B1216881429B
:10455000F4D116F8101C022922D0606801290FD06E
:104560000029EBD156E9033221689D18A942E5D311
:1045700056F8041C1844FDF72DFA0028DED10BE094
:1045800056F80C1C22680B1D9A42D7D3405856E9A6
:104590000212401A9042D1D200200028D0D10BE064
:1045A00056E903012268084482424FF0000038BFF8
:1045B00001200028C4D100BF16F8100C022803D235
:1045C0007068D4E9002105E0BAD1616856E9033288
:1045D000706819444B46CDF8008000F09EFAAFE7B2
:1045E000002002B0BDE80007F0BD000082B0F0B5C9
:1045F00003AF2DE9000782B004460D4607F108001D
:10460000C7E9022301900CB175B9A0E0019A1046E8
:1046100050F8041F019052F8080B019200F072FC50
:104620000446002D00F093802878002800F08F8049
:1046300048F6785A49F207086E1CC0F6010A4FF096
:104640000009C0F6010804E016F8010B002800F08C
:104650007E800AEB00014978024601F0030102293D
:1046600008BF203A012908BF0246A2F141011729DB
:104670004FF0000000F26C80DFE801F01A6A1E0CB7
:1046800022306A6A6A6A3B496A6A6A6A6A6A515986
:104690006A6A6A610198014651F8043F019150F835
:1046A000082B414601900020009400F059F8CBE718
:1046B000204600F092FCC7E7606811F045FE42E03A
:1046C000019A104650F8041F02F10C030190106883
:1046D00092680193234600F064FDB5E70198011D3F
:1046E00001910168216500F1080140680191606550
:1046F000AAE7019A104650F8041F936801901068C9
:1047000002F10C052246019500F04BFD9CE7019853
:10471000011D01910168204600F0FBFC94E701981F
:10472000011D01910168204600F0D4FC8CE701983E
:10473000011D01910068214600F0EBFC84E701981F
:10474000011D01910068206184F800907CE72046FB
:1047500002B0BDE80007BDE8F04002B070470000BD
:1047600082B0F0B503AF4DF8048D82B00D46BA604B
:10477000FB6028B10021044600F09DFC2DB938E013
:10478000002000F086FC04469DB3287807F108015C
:10479000019170B348F678560135C0F601064FF026
:1047A000040809E00198011D01910068214600F00C
:1047B00091FC15F8010BE0B13118497801F00302C2
:1047C000022A014608BF2039012A08BF01465429A0
:1047D000E8D044290CD184F800800198011D019192
:1047E0000168E16000F10801406801912061E0E7A3
:1047F0000024204602B05DF8048BBDE8F04002B012
:104800007047B0B502AF40F2CC5049F20A01C2F293
:104810000000C0F601013D2200F0ABFB01200021A9
:104820000322012411F0C8FE40F22865C2F20005FF
:10483000002100220023286011F076FF2868002163
:104840000022002311F070FF40F22C61C2F200013F
:1048500000200C70B0BD40F2CC50C2F20000704796
:10486000F0B503AF2DE9000F83B0154640F22C627E
:10487000C2F200021278012A40D140F2286AC2F244
:10488000000A0646DAF800000C46D7F808B04FF0E8
:10489000FF31994612F00CF940F22D68C2F200087F
:1048A00088F83C4040F26A64C2F2000449F2110206
:1048B000C0F6010220463C213346CDF800B002F09C
:1048C000BFFC07F10C0340463C212246029301F055
:1048D000EBFE40F2CC50C2F2000041463D222B4696
:1048E000CDF8009000F019F9DAF8001004460846F7
:1048F00000210022002311F017FF00E007242046CA
:1049000003B0BDE8000FF0BDF0B503AF2DE900071F
:1049100004460078042828D80E46DFE800F061033A
:104920002A2D3200E0689246806883B3002100227D
:1049300012F0A6F9012832D1D4F80C80B14659F80A
:104940000C0FD8F80410884209D8D8F85020002A53
:1049500054D0D8F854104846904700284ED0E0680C
:104960000021806812F036F83AE00120BDE8000727
:10497000F0BD0120207333E0E068316900F095F963
:104980002EE0D4E9032106F10C00904728E0BAF1AB
:10499000000F08D04FF0FF3112F08AF808E0032032
:1049A000BDE80007F0BD002112F082F8012817D100
:1049B000D4F80C80B14659F80C0FD8F8041088428E
:1049C00007D8D8F850207AB1D8F854104846904704
:1049D00050B1E068002180680022002311F0A4FE9D
:1049E0000020BDE80007F0BD98F8000080B108F194
:1049F0000C0049460822FDF71FF812E098F8000065
:104A000040B308F10C0049460822FDF715F82AE0EA
:104A1000D8F81000D6E90321FDF70EF8F068C8F8C1
:104A20000C00D8F8581029B108F10C0052460023A8
:104A3000FFF776FD464656F8485FB542C9D000BF3D
:104A4000281F414652460023FFF75EFF2D68B542FE
:104A5000F6D1BEE7D8F81000D6E90321FCF7ECFF49
:104A6000F068C8F80C00D8F8581029B108F10C000B
:104A700052460123FFF754FD464656F8485FB542BB
:104A80003FF46DAF281F414652460123FFF73CFF1C
:104A90002D68B542F6D162E7F0B503AF2DE9000706
:104AA0000546884608686968884207D892462A6D94
:104AB00099463AB1696D4046904718B10120BDE86A
:104AC0000007F0BD287830B105F10C0041460822FE
:104AD000FCF7B2FF07E02869D8E90021FCF7ACFF3A
:104AE000D8F80000E860A96D29B105F10C00524624
:104AF0004B46FFF715FD2C4654F8486FA64208D0E8
:104B0000301F294652464B46FFF7FEFE3668A64246
:104B1000F6D10020BDE80007F0BDF0B503AF2DE9E8
:104B2000000B82B0D7F80880044680681E46914684
:104B3000B8F1000F0D4606D00021002212F0A0F8B7
:104B400001280BD01DE026B14FF0FF3111F0B0FF6E
:104B500004E0002111F0ACFF012812D16946204683
:104B600032464346CDE90095FFF796FFA168B8F1BC
:104B7000000F044608464FF0000104D011F02AFF50
:104B800005E0032403E00022002311F0CDFD2046C0
:104B900002B0BDE8000BF0BDB0B502AF0446002086
:104BA00000F077FA054600F03EFB2046294600F06B
:104BB00091FA2846B0BDF0B503AF4DF804BD0546E7
:104BC000007B60B1A868144680680E464AB1002197
:104BD000002212F055F8012807D003241AE001241E
:104BE00018E04FF0FF3111F063FF0020A96828732F
:104BF000D1E903213046FCF71FFFA8680021806837
:104C00001CB1002411F0E6FE04E000220023002481
:104C100011F08AFD20465DF804BBF0BDD0B502AFAF
:104C200040F2A66C0020C2F2000C00BF0CF800009D
:104C30000130B0F5807FF9D14FF0000E8C2200BF1B
:104C40001CF80E306FF00700194682EA5303CC07B8
:104C500008BF4B080130F7D30CF80E300EF1010EEF
:104C6000BEF5807F08BFD0BDEAE70000D0B502AF37
:104C700048F2203140F2A87C4FF0000ECEF6B85139
:104C8000C2F2000C0823704681EA5002C40708BF34
:104C90004208013B1046F7D14CF82E000EF1010EF0
:104CA000BEF5807F08BFD0BDECE7D0B502AF0446AB
:104CB000007A00281CBF0520D0BD2068D4E9042359
:104CC00002FB0030FCF7B8FED4E90001E268431CA7
:104CD0000020934228BF03468B42236002BF01207D
:104CE00020720020D0BD006070470A680260086032
:104CF000704780B56F46006800F001F880BDB0B520
:104D000002AF90B10D46416804462846FDF74CF9C4
:104D1000002808D04FF00C0048BF08202058294632
:104D2000FFF7EDFF04462046B0BD0020B0BD0000F7
:104D3000F0B503AF4DF8048D0026C1E902660E619F
:104D4000804600680D460121297060B106466868FA
:104D50007168FDF729F900284FF00C0048BF0820C2
:104D600030580028F2D12E615EB168687168FDF795
:104D70001BF9B0F1FF3FCCBF06F10C0006F10800B3
:104D800000E0404605602A694FF0000C002A85F8D3
:104D900000C000F09280012106E000BF2A461546BF
:104DA0001269002A00F089801378002B40F085807A
:104DB00013699E68B24207D00EB1307860B1012607
:104DC000002EEBD00FE000BFDE680EB13478FCB1EE
:104DD0000126002EE2D022E0317000261D4611701F
:104DE0001E70002EDAD09668AE4202D014462A46D3
:104DF0002FE0F468002C946018BF226110693061C4
:104E000014690CB354F80C0F904218BF043C1CE01A
:104E1000317000261D4611701E70002EBED0D6685F
:104E2000AE4202D014462A462FE0B468002CD4606B
:104E300018BF22611469346114690CB354F8080F67
:104E4000904218BF04341CE0444626602C46F260B1
:104E50001661DE682170B56883F800C0002DDD6042
:104E600018BF2B61186930611D692DB155F8080F05
:104E7000984218BF043500E045462E60B3601AE042
:104E8000444626602C46B26016619E682170F56823
:104E900083F800C0002D9D6018BF2B611869306138
:104EA0001D692DB155F80C0F984218BF043D00E064
:104EB00045462E60F3601E6171E7D8F800100122AC
:104EC00001200A705DF8048BF0BDD0B502AF01205F
:104ED0000021032211F070FB40F6AC34C2F2000452
:104EE000002100220023206011F01EFC2068002118
:104EF0000022002311F018FCFFF7B8FEFFF78EFE2A
:104F00000020D0BDF0B503AF4DF8048D06465C20FF
:104F1000884611F019FA00215C220446FCF7A2FE33
:104F200004F11405284631461922FDF7B7FA01208D
:104F3000207004F14800A563C4F80480FFF7D3FE95
:104F400004F14C00FFF7CFFE01200021032211F0F5
:104F500033FB002100220023A06011F0E5FBA068D4
:104F600000210022002311F0DFFB20465DF8048BB6
:104F7000F0BDF0B503AF4DF8048D90460E4600210C
:104F80005C220446FCF76EFE04F114052846314607
:104F90001922FDF783FA0120207004F14800A5636F
:104FA000C4F80480FFF79FFE04F14C00FFF79BFE5E
:104FB00001200021032211F0FFFA0021002200232A
:104FC000A06011F0B1FBA06800210022002311F0C5
:104FD000ABFB20465DF8048BF0BDB0B502AF0446D4
:104FE0001430002100F01EF800281CBF0120B0BDC5
:104FF00040F6AC35C2F2000528684FF0FF3111F0E1
:1050000057FD40F6A83004F13401C2F20000FFF76A
:105010008FFE2868002100220023002411F084FB69
:105020002046B0BDF0B503AF2DE9000B40F6AC391A
:1050300040F6A8380D460446C2F20009C2F2000844
:1050400005E000BF012012F0FFF8013DC5B1D9F81D
:1050500000004FF0FF3111F02BFD40462146FFF7D5
:1050600048FED9F800100646084600210022002319
:1050700011F05AFB46B9002DE4D10025002DE6D1F0
:105080000020BDE8000BF0BDA6F13400BDE8000B28
:10509000F0BDB0B502AF0446142011F055F900215F
:1050A00014220546FCF7DEFD002C1EBF01202870EF
:1050B000EC602846B0BDB0B502AF0D460021142209
:1050C0000446FCF7CFFD002D1EBF01202070E560D7
:1050D0002046B0BDF0B503AF4DF804BD40F6AC3688
:1050E000C2F20006054630680C468D604FF0FF3175
:1050F00011F0DEFC201D05F14801FFF7F6FD3068D8
:1051000000210022002311F00FFB00205DF804BBFA
:10511000F0BDF0B503AF2DE9000B0546142088461D
:1051200011F012F9002114220646FCF79BFD40F60F
:10513000AC39B8F1000F1EBF01203070C6F80C80EA
:10514000C2F20009D9F800004FF0FF31B56011F04C
:10515000AFFC301D05F14801FFF7C7FDD9F800008D
:1051600000210022002311F0DFFA0C2011F0ECF8EE
:1051700004464660D9F800004FF0FF31A56011F0F9
:1051800097FC08F14C012046FFF7AFFDD9F800006D
:1051900000210022002311F0C7FA0020BDE8000B17
:1051A000F0BDF0B503AF2DE9000B16460C4600210B
:1051B000142298460546FCF755FD40F6AC39B8F187
:1051C000000F1EBF01202870C5F80C80C2F2000934
:1051D000D9F800004FF0FF31AE6011F069FC281DD6
:1051E00006F14801FFF781FDD9F8000000210022F7
:1051F000002311F099FAD9F800004FF0FF316560F3
:10520000A66011F055FC08F14C012046FFF76DFD3A
:10521000D9F8000000210022002311F085FA0020B7
:10522000BDE8000BF0BD01460220087000220020FE
:105230000A737047D0B502AFFFF747FE0446FFF789
:10524000E0FA2044C0B2D0BD83B0B0B502AF81B0A7
:1052500040F6B035C2F20005844607F108002C1D67
:105260000EC007F1080320464FF480716246009398
:1052700001F01AFA2D682046FDF762F80146204633
:10528000A84701B0BDE8B04003B0704783B0F0B5A7
:1052900003AF4DF804BD83B040F6B035C2F200054F
:1052A000844607F108002C1D0EC007F108032046B4
:1052B0004FF480716246029301F0F6F92A6849F2D0
:1052C000FF10C0F60100062190472E682046FDF72A
:1052D00037F801462046B047D5F8F40405F57A7151
:1052E000884212BF046849F23E04C0F6010449F244
:1052F0001A0049F22C0149F2320249F23703C0F692
:105300000100C0F60101C0F60102C0F601030094DD
:10531000FFF79AFF48F6117005F58271C0F601009B
:10532000FFF792FF03B05DF804BBBDE8F04003B0A7
:105330007047D0B502AFD7E902EC002404770160D2
:10534000C0E9023E80F810C04261D0BDB0B502AFE6
:105350000C46054618300831FFF7C7FC6C60B0BD3D
:10536000B0B502AF40F6B035C2F2000504461830C1
:1053700005F55C71FFF7B9FC05F55A706060B0BDCA
:1053800080B56F4682B040F6B031C2F20001D1F86C
:10539000F40401F57A71884212BFD0F800C049F2D6
:1053A0003E0CC0F6010C49F21A0049F22C0149F2F8
:1053B000320249F23703C0F60100C0F60101C0F61F
:1053C0000102C0F60103CDF800C0FFF73DFF02B0B7
:1053D00080BD0000F0B503AF2DE9000F83B00D28AC
:1053E00002D00A2840F0D78040F6B036C2F200065C
:1053F000D6F8E804D6F8EC1432680844C6F8E80495
:1054000048F6CE70C0F6010003219047D6F8E804B4
:1054100006F58278002408F80040B6F842034CF6FE
:10542000CD4500FB05F1C90C01EB8101A0EB410169
:1054300089B206EB411101304FF48072A6F84203A5
:1054400001F5BE704146A6F84023FCF717FFB6F8F9
:10545000420300FB05F1C90C01EB8101A0EB410007
:10546000B6F84413A6F84203013188B20A28D6F8E8
:10547000E80428BF0A21A6F8441370B10138311896
:1054800091F80421202A08D101F58271C6F8E804B8
:105490000C70D6F8E8040028F0D106F2031100BF22
:1054A00011F8010F2028FBD0D6F8E804002844D0DA
:1054B00006F5927528462022C6F86451FCF7EEFFE7
:1054C00000200021002405E0DBB1E2B2062A01F150
:1054D000010116D016FA81F292F82431202BF3D173
:1054E0008BB2334493F8253102F59272202B107061
:1054F000EBD00134E3B2013206EB8303C3F864213D
:10550000E3E7284600F076FF70B1416969B949F2D6
:105510004110C0F60100FFF797FE326848F6CE70E2
:10552000C0F6010003219047002030B143690121FA
:1055300051FA84F106F5B2729847D6F8F40406F5EC
:105540007A71884212BF056849F23E05C0F601052E
:1055500049F21A0049F22C0149F2320249F23703AA
:10556000C0F60100C0F60101C0F60102C0F6010359
:105570000095FFF769FE0020C6F8E804C6F8EC04C1
:1055800086F8F004404600212022FCF76BFB03B0B4
:10559000BDE8000FF0BD40F6B03AC2F2000A9AF83A
:1055A000F01489B1022941D00129F0D148F678528E
:1055B000C0F601021044407810F0970F00F01B82F3
:1055C000481C8AF8F004E2E71A284EDC032800F0B1
:1055D000A480092840F044820AF2031111F8010F57
:1055E0002028FBD00AF592752846FCF747FE28468E
:1055F0002021FCF797FF002818BF451C28462F21C3
:10560000FCF790FFAB4630B183461BF8011F002921
:105610001CBF00210170AB4500F01181284600F04D
:1056200055FE0028B3D0814601241BE141380328F0
:1056300000F2E181DFE800F002A7C6DCBAF940031E
:10564000BAF8442381B2B1F5807F40F0ED80002AA2
:1056500000F0F280BAF842034CF6CD410930CCF6A6
:10566000CC41A0FB0112D108BBE11B2800F0D8807F
:105670007F2840F0F581DAF8E80400283FF487AF8E
:1056800049F25610C0F60100FFF7DEFDDAF8E80433
:1056900000210138CAF8E804504480F80411DAF80F
:1056A000EC0400283FF473AF002000BFDAF8E814E0
:1056B0004218524492F805215144014481F80421D2
:1056C000DAF8EC1401308842F0D3DAF8E8040AF58D
:1056D000827408440021215449F25A1049F2D2211F
:1056E00049F2D622C0F60100C0F60101C0F601025F
:1056F000FFF7AAFDDAF8E804DAF80020DAF8EC148B
:105700002044904748F6117049F2DA21C0F60100B2
:10571000C0F60101FFF798FD39E7DAF8002048F6F6
:10572000CE70C0F60100032190470020CAF8E804BB
:10573000CAF8EC04DAF800208AF8F00449F2FF1005
:10574000C0F6010006219047DAF8F4040AF57A71F0
:10575000884212BF066849F23E06C0F6010649F2C9
:105760001A0049F22C0149F2320249F23703C0F61D
:105770000100C0F60101C0F60102C0F60103009667
:10578000FFF762FD03E7BAF9400381B20A2916D098
:10579000BAF84433BAF842230A2B40F0CB8002F126
:1057A00009014CF6CD42CCF6CC42A1FB0223DA082B
:1057B00002EB8202A1EB4201814240F0C8804FF42B
:1057C0008071D2E0DAF8EC04002800F01481DAF8F5
:1057D000E81401380131CAF8E814CAF8EC0448F6B4
:1057E000117049F2CA21C0F60100C0F6010114E0AF
:1057F000DAF8E804002800F0FE80DAF8EC1401384A
:10580000CAF8E804481CCAF8EC0448F6117049F2DA
:10581000CE21C0F60100C0F60101FFF715FDEAE058
:1058200001208AF8F004B2E60A2A40F08A80BAF829
:105830004213884240F0CB804FF48070D5E0DAF814
:10584000F4940AF55A709BF80020A9EB0001B1FA14
:1058500081F1B2FA82F349095B09002A08BF814647
:1058600043EA010448F69761C0F601015846FCF787
:105870009BFB002800F0F38048F69861C0F6010118
:105880005846FCF791FB002800F0E9805846029446
:10589000FCF756FD59F8085F80464D454FF000046F
:1058A00027D1DAF870530AF55C79A5EB0900B0FA54
:1058B00080F00299400908432DD0A0B200283FF49F
:1058C00066AE012840F09B80DAF8F824116811F8E0
:1058D0000800002800F0C08041444C1EC0B200F017
:1058E000CFF8A07801340028F8D150E62D684D4556
:1058F000D7D02E4656F8181D58464246FCF78EFD66
:105900000028F3D10134A1B2304600F055FEEDE796
:105910002D684D45D1D02E4656F8181D58464246A2
:10592000FCF77CFD0028F3D10134A1B2304600F031
:1059300043FEEDE7013A0131824208BF4FF4807126
:1059400013E0481E002908BF4FF480704DE046F276
:1059500067610130C6F2666150FB01F18A1002EB0B
:10596000D17101EB8101A0EB410188B2B0F5807FDC
:105970003FD10020CAF8E804CAF8EC04DAF80020A5
:105980008AF8F00449F2FF10C0F6010006219047A2
:10599000DAF8F4040AF57A71884212BF066849F20F
:1059A0003E06C0F6010649F21A0049F22C0149F2FE
:1059B000320249F23703C0F60100C0F60101C0F619
:1059C0000102C0F601030096FFF73EFC13E046F229
:1059D00067610930C6F2666150FB01F18A1002EB83
:1059E000D17101EB8101A0EB410080B2B0F5807F65
:1059F00001D000F091FD00208AF8F004C7E5DAF844
:105A0000002048F6CE70BAF8FC44C0F6010003212D
:105A10009047FFF7B5FC34B3DAF80020DAF8E81461
:105A20000AF582709047BAF8FC041FFA88F18842A0
:105A30007FF6ADAD4FF0FF3010FA88F4DAF8F804D5
:105A4000006820444078FFF7C5FCBAF8FC04A11CAC
:105A500001348142F2D39AE5127F012A0CD12F2022
:105A600000F00EF893E548F611700AF58271C0F661
:105A70000100FFF7E9FB8AE500287FF42DAF86E5FA
:105A8000B0B502AF82B040F6B034C2F20004D4F830
:105A9000E824D4F8EC1407F8090C0A441D2A45D868
:105AA00061B100BFD4F8E8040A18224492F8032137
:105AB00020440844013980F80421F3D12268A7F179
:105AC000090001219047D4F8E80417F8091C204484
:105AD00080F80411D4F8E814D4F8EC040131C4F8C7
:105AE000E81418B3084404F582750021295449F2DA
:105AF0005A1049F2D22149F2D622C0F60100C0F66E
:105B00000101C0F60102FFF79FFBD4F8E804226808
:105B1000D4F8EC142844904748F6117049F2DA2181
:105B2000C0F60100C0F60101FFF78EFB02B0B0BD68
:105B300080B56F4640F6B030C2F200000021C0F8D8
:105B4000E814C0F8EC14026880F8F01449F2FF1071
:105B5000C0F601000621904780BD80B56F4640F633
:105B6000B030C2F200000021C0F8E814C0F8EC1414
:105B7000026880F8F01449F20520C0F601000921FE
:105B8000904780BDF0B503AF2DE9000F83B040F61C
:105B9000B034C2F2000420604FF48070A4F84003D7
:105BA00049F2B800C0F6010004F554760125C4F8A6
:105BB0004803304684F8645304F55278FFF793F8AD
:105BC00049F24000C0F6010004F55C79C4F86803AE
:105BD000484684F8845304F55A7BFFF784F849F269
:105BE0004400C0F60100C4F8A80304F56C7084F802
:105BF000C453FFF778F849F24800C0F60100C4F832
:105C0000880304F5647084F8A453FFF76CF804F576
:105C10007270019049F24C0084F8E453C0F6010020
:105C200004F57475C4F8C80328464FF0010AFFF75D
:105C30005AF804F57A70029049F2320084F804A40C
:105C4000C0F6010004F57C7AC4F8E8035046FFF77B
:105C50004AF804F560703146FFF747F804F56870BC
:105C60003146C4F86C83FFF740F804F57070314694
:105C7000C4F88C83FFF739F804F578703146C4F81E
:105C8000AC83FFF732F804F580602946C4F8CC8372
:105C9000FFF72BF801980025C4F8EC0349F25100F6
:105CA000C0F60100C4F8280445F63160C0F60000D3
:105CB000C4F83C0404F58860494684F84454C4F8A8
:105CC0003054C4F8345484F83854FFF70EF849F2CD
:105CD0005500C0F60100C4F8480445F67160C0F6EE
:105CE0000000C4F85C0404F58C604946C4F82CB488
:105CF00084F86454C4F85054C4F8545484F8585484
:105D0000FEF7F3FF49F25800C0F60100C4F868043A
:105D100045F69F70C0F60000C4F87C0404F590605E
:105D20004946C4F84CB484F88454C4F87054C4F898
:105D3000745484F87854FEF7D8FF49F25B00C0F63B
:105D40000100C4F8880446F22100C0F60000C4F83F
:105D50009C0404F594604946C4F86CB484F8A454D7
:105D6000C4F89054C4F8945484F89854FEF7BDFFD6
:105D700049F25F00C0F60100C4F8A80446F2D90059
:105D8000C0F60000C4F8BC0404F598604946C4F8A5
:105D90008CB484F8C454C4F8B054C4F8B45484F82F
:105DA000B854FEF7A2FF49F26400C0F60100C4F83F
:105DB000C80446F2A910C0F60000C4F8DC0404F5DB
:105DC0009C604946C4F8ACB484F8E454C4F8D05498
:105DD000C4F8D45484F8D854FEF787FF412149F21F
:105DE0006A00C4F814140121C0F6010084F81814E4
:105DF00049F27501C4F8080404F52F70C0F60101DA
:105E0000C4F8CCB484F82454C4F81004C4F81C5466
:105E1000FCF734FA04F584605146FEF766FF0298F9
:105E2000C4F80C04C4F8F40403B0BDE8000FF0BDDE
:105E3000D0B502AF40F6B034C2F20004D4F8F40496
:105E400004F55271884202D000F00DFC06E0226891
:105E500049F2B800C0F6010001219047226848F6D7
:105E6000CE70C0F60100032190470020D0BD000095
:105E7000F0B503AF2DE9000F83B0012906D140F63C
:105E8000B030C2F20000D0F8F44406E05068154685
:105E900000F01CFA0446002861D054F8086FA642AE
:105EA0005BD040F6B03848F6CE7949F2EE1A49F2A6
:105EB000BB1BC2F20008C0F60109C0F6010AC0F619
:105EC000010B18E056E9040256F8183C00284FF080
:105ED000720108BF2D21002A4FF07702504608BFFB
:105EE0002D22FFF7B1F9D8F800204846032190474A
:105EF0003668A64231D0307950B10228E2D001286C
:105F0000F1D156F8181C5846FFF79EF9EBE700BF91
:105F100056F8040C56F8102C00284FF0780108BFF2
:105F20002D218AB116F8080C7723002856F8180C92
:105F300056F80C5C08BF2D23009049F2C810C0F63B
:105F4000010072220195CCE756F8182C56F80C3C4B
:105F500049F2E010C0F60100C3E700201BE06968C9
:105F600049F2ED000A7849F2D103C0F60100C0F60B
:105F70000103002A08BF1846FFF766F940F6B03063
:105F8000C2F20000026848F6CE70C0F6010003219C
:105F900090474FF0FF3003B0BDE8000FF0BDD0B523
:105FA00002AF02290BD0012916D140F6B030C2F25F
:105FB000000000F57A71C0F8F4140020D0BD5068DC
:105FC000144600F083F970B140F6B031C2F200011E
:105FD000C1F8F4040020D0BD49F25F10C0F6010002
:105FE000FFF732F90EE0616849F2ED000A7849F2F4
:105FF000D103C0F60100C0F60103002A08BF18460D
:10600000FFF722F940F6B030C2F20000026848F60D
:10601000CE70C0F60100032190474FF0FF30D0BD95
:10602000F0B503AF4DF8048D02291CD1506800F083
:10603000E1F9002845D00446007F022827D0002837
:106040003FD1A068002842D0E168FCF759FA40F639
:10605000B031C2F200010B68A16802460846114641
:106060009847002407E049F25F10C0F60100FFF7EF
:10607000EBF84FF0FF3440F6B030C2F20000026897
:1060800048F6CE70C0F60100032190471BE0A068DF
:10609000E8B140F6B038C2F2000808F2FD2500BFB2
:1060A000A3682046294640229847012809DB064676
:1060B000D8F80020284631469047402EF0D00024E2
:1060C00001E04FF0FF3420465DF8048BF0BD49F24B
:1060D0009D10C0F60100CAE7B0B502AF042914460E
:1060E00015D002291BD1616848F61170C0F6010075
:1060F000FFF7AAF840F6B030C2F20000026848F696
:10610000CE70C0F60100032190470020B0BDA0680A
:1061100049F2FD11C0F60101FBF746FF98B149F2C3
:106120005F10C0F60100FFF78FF840F6B030C2F202
:106130000000026848F6CE70C0F6010003219047C7
:106140004FF0FF30B0BDE06800F054F90028F7D000
:106150000546007F022815D00028F1D1A868F0B1CB
:10616000287CE0B160682021FCF7CAF9D5E9023546
:106170006168421C1846AA4288BF2A46FBF75CFCAD
:106180000020B0BDE86850B160682021FCF7B8F984
:10619000EB686168421C284698470020B0BD49F270
:1061A0008310C0F60100BEE780B56F4640F6B03000
:1061B000C2F200000021C0F8E814C0F8EC14026834
:1061C00080F8F01449F20520C0F60100092190473B
:1061D000002080BDF0B503AF4DF8048D82B040F6CD
:1061E000B038C2F200080020C8F8E804C8F8EC048F
:1061F000D8F8002088F8F00449F20520C0F6010024
:106200000921904749F20E2448F61175C0F60104A1
:106210006FF03F06C0F6010506E000BF28462146A4
:10622000FFF712F87C2E0AD240367B2EF6D8D8F82B
:10623000002020464021904740347C2EF4D348F67D
:10624000CE74D8F80020C0F6010420460321904700
:10625000D8F8002049F2BA00C0F601001721904793
:10626000D8F80020204603219047D8F8F40408F518
:106270007A71884212BF066849F23E06C0F60106EE
:1062800049F21A0049F22C0149F2320249F237036D
:10629000C0F60100C0F60101C0F60102C0F601031C
:1062A0000096FEF7D1FF02B05DF8048BF0BD40F61A
:1062B000B030C2F2000000F56270704740F6B030B6
:1062C000C2F2000000F55A7070470000F0B503AF4D
:1062D0002DE9000F83B00446FCF732F8054640F67E
:1062E000B030C2F20000D0F8F4A4002D7CD02178A8
:1062F0002F2907D1013D00F5527A75D00134691C70
:1063000009D171E0691E625C2F2A02BF002262542B
:106310000D46691C68D04FF0000B00F552704FF02D
:1063200000084FF00009009001950EE000988245AA
:1063300014BFDAF804A0824608F101092F2004F8FE
:106340000800A84508F101084ED014F808002F28CD
:1063500001D00028F5D104EB090648F69760C0F695
:106360000100314604F808B0FBF71EFE0028DDD01E
:1063700048F69860C0F601003146FBF715FE00288C
:10638000DAD0504650F808BF834525D008F1010007
:106390000290002608E000BF0120F0B1DBF800B059
:1063A0000AF10800834518D09BF804000128F3D1B6
:1063B000ABF11805296804EB0900FBF7F5FD00288F
:1063C000EAD12F20DDF8089004F80800012600200B
:1063D000AA460028E2D100E00026019DF0074FF018
:1063E000000BAED14FF0000A504603B0BDE8000FDD
:1063F000F0BD0000F0B503AF2DE9000F81B02F21F3
:106400008246FCF78FF8D04630B1804618F8011F5D
:1064100000291CBF0021017040F6B03BD045C2F2FC
:10642000000B08D05046FFF751FF002855D0044616
:106430005D46012009E0DBF8F4445D46A4EB0B0067
:10644000A0F55A70B0FA80F0400954F8086F009037
:10645000A64216D03079012807D0A6F1180BDBF838
:1064600000104046FBF7A0FD30B1012000284ED0BF
:106470003668A642EED104E00020D9460028F7D1C4
:1064800045E0D5F8704305F55C76A01BB0FA80F0C6
:1064900000994009AB4608430AD09AF8001049F227
:1064A0000E1249F22510C0F60102C0F601001EE0EE
:1064B0002079012806D0A4F1180529684046FBF789
:1064C00073FD28B1012010B32468B442F0D1E4E791
:1064D0000020A9460028F7D119E09AF8001049F2E7
:1064E000D10249F2ED00C0F60102C0F60100002918
:1064F000514608BF1046FEF7A7FEDBF8002048F61D
:10650000CE70C0F60100032190474FF000094846C5
:1065100001B0BDE8000FF0BDF0B503AF4DF804BD0C
:1065200082B040F6B0360446C2F200060020C6F83B
:10653000E804C6F8EC04326886F8F00449F2FF106B
:10654000C0F6010006219047D6F8F40406F57A71EA
:10655000884212BF056849F23E05C0F6010549F2BE
:106560001A0049F22C0149F2320249F23703C0F60F
:106570000100C0F60101C0F60102C0F6010300955A
:10658000FEF762FE06EB4410A6F8404300F5BE7429
:106590002046FBF7D5FE06F58275C6F8E8042846C6
:1065A0002146FBF76BFE3268D6F8E8142846904780
:1065B00002B05DF804BBF0BDB0B502AF02290446DD
:1065C0000BD0012925D140F6B030C2F200000021E5
:1065D000C0F8F844A0F8FC14B0BD40F6B035C2F2E3
:1065E00000052A6848F6CE70C0F6010003219047E6
:1065F000D5F8F804016848F61170C0F60100FEF7FE
:1066000023FED5F8F8040068FBF79AFE0138A5F8D8
:10661000FC04206840F6B0320021C2F2000209E01A
:10662000A2F8FC14C2F8F844B2F8FC34994201F123
:10663000010109D2D2F8F8341B685D5C435C9D42CD
:10664000EED1002BF0D1EBE7126848F6CE70C0F621
:10665000010003219047216848F61170C0F601003F
:10666000FEF7F2FDB0BDD0B502AF044640F6B03043
:10667000C2F2000000F55270844208BFD0BD6068CD
:10668000002818BFFFF7EFFF216849F2B710C0F6E6
:106690000100FEF7D9FDD0BD80B56F4602F031FE96
:1066A00007F0EDFA002080BD80B56F4686B09C46AD
:1066B0000023CDE90133CDE90333059330B16FF009
:1066C0000043994238BF0B460390059301A8114639
:1066D000624600F005F806B080BD00000000000032
:1066E000F0B503AF2DE9000F81B02DED0C8B9CB000
:1066F0009FED218B9FED229B9FED23AB9FED24BB54
:106700009FED25CB91460E4604464FF0250A3546AF
:10671000013603E0A26850540136013516F8010C29
:10672000002800F0598525280CD0D4E903124B1C11
:106730009142E360F0D22268002AEBD06168904772
:10674000EAE700BF3078002800F046854FF0000BE4
:106750003178A1F12002102A30D80120DFE802F0C0
:10676000252E2E272E2E2E2E2E2E2E292E2B2E2E61
:10677000200000BF00BF00BFFFFFFFFFFFFFEFFFD4
:10678000FFFFFFFFFFFFEF7F0000000065CDCD4161
:106790000000000065CDCDC1000000000000E03F1A
:1067A0004BEA000B01360135D2E70820F8E710204C
:1067B000F6E70420F4E70220F2E700BFA1F1300081
:1067C000092811D84FF0000815F8010F08EB8801CF
:1067D0006A7800EB4100A2F130010A29A0F13008EB
:1067E000F2D36E1C18E000BF2A2913D159F8040B0C
:1067F0000028804648BFC0F10008002816F8010FA5
:1068000048BF4BF0020B38B9002000287FF47FAF5F
:1068100000F0E2BC4FF0000830782E281CD1314641
:1068200011F8010F002858D0A0F13002092A4BF4CA
:10683000006B2ED8701E0025827805EB8501C37889
:1068400002EB4101A1F13005A3F130010A2900F169
:106850000100F1D3861C00E00025307868384FEA4B
:106860007000092850D8DFE800F00521294F4F4F6C
:106870003F4F4F48314611F8010F70B3682840F080
:10688000298116F8020F002800F041824BF0C00B5E
:106890003AE02A2840F0BA8016F8021F59F8040B93
:1068A000002900F0D58120EAE075D6E716F8010F3F
:1068B000002800F005814BF4806B25E0314611F88B
:1068C000010F50B16C2840F0098116F8020F002822
:1068D00000F022824BF4C06B16E000200E46002828
:1068E0007FF415AF00F078BC16F8010F50B9002006
:1068F00000287FF40CAF00F06FBC16F8010F0028E1
:1069000000F0E3804BF4007B3078A0F1250153299F
:1069100000F2F780DFE811F0E600F500F500F50081
:10692000F500F500F500F500F500F500F500F500BF
:10693000F500F500F500F500F500F500F500F500AF
:10694000F500F500F500F500F500F500F500F5009F
:10695000F500F500F500F500F5005400F500F50030
:10696000F500F500F500F500F500F500F500F5007F
:10697000F500F500F500F500F500F500F5007F00E5
:10698000F500F500F500F500F500F500F500F5005F
:10699000F5007F0049017D00F5005400F500F50089
:1069A0007D00F500F500F500F500F5007F0003011E
:1069B000F500F5001701F5007F00F500F5007F00F8
:1069C000462809F1070020F0070090ED00DB109049
:1069D0005AEC1D9B484651464A46534608BF4BF069
:1069E000200BFCF7A1FB002840F0EF8353EC182BA1
:1069F00048465146FCF770FB002800F0F38049F24E
:106A0000EF212046C0F601010422C3E300250E4613
:106A100023E74BF4804BA0F15801202915D810230F
:106A2000DFE801F0181313131313131313131113C7
:106A30001313131313131313131313171313131322
:106A4000131313131800022304E02BF0100B0A2376
:106A500000E00823582808BF4BF0200B5FEA0B50DA
:106A600048BF2BF0010B5FEA4B4006F1010614D43E
:106A70005FEA4B5000F1E8815FEA8B502BF00C0C81
:106A800000F1DC805FEA4B6000F12381D9F800104F
:106A90005FEA0B6048BF89B21DE15FEA4B5000F12D
:106AA000D3815FEA8B5000F1CC805FEA4B6000F14C
:106AB0001D81D9F800005FEA0B6148BF00B217E101
:106AC000002000287FF423AE86E3002000287FF416
:106AD0001EAE81E34BF0800B0E4615E74BF4007BB6
:106AE0000E4611E7D4E90301421C8842E26080F0BF
:106AF000AA812268002A00F03C8161682520904725
:106B0000A1E1D4E903124B1C9142E36080F09B8128
:106B10002268002A00F031816168904793E159F8BA
:106B2000041B42F2010000294BEA000C00F0F9803E
:106B300000952046002210230A25CDF808C00195B3
:106B400000F09EFB7FE159F8041B002900F0F38060
:106B500008784FF0000C0028084611910ED0284606
:106B6000002D08BF6FF000404142119810F8013F1E
:106B700001314CF100020BB1002AF7D011990BF44E
:106B8000006A401AA8422A4638BF0246BAF1000FEE
:106B900008BF02461BF00200109040F015814245EC
:106BA00080F00D81A8EB020B3BE01BF0020A54D1F0
:106BB000B8F1020FC0F0CB80A8F1010505E0A16893
:106BC00020220A54013D00F0C480D4E90301421C94
:106BD0008842E260F6D22268002AF0D06168202064
:106BE0009047EFE7484653EC192B5146FCF792FAD1
:106BF000A8B31BF0040049F2F421C0F6010149F2E8
:106C0000F9204FF00402C0F6010008BF014608BF9A
:106C10000322BEE2A16820220A54BBF1010B00F05E
:106C2000D080D4E90301421C8842E260F5D2226898
:106C3000002AEFD0616820209047EEE759F8041B46
:106C40004BE059F8040B0146002848BF414255E08B
:106C5000002000287FF45BADBEE201257BE053EC11
:106C60001A2B48465146FCF755FA002840F0978207
:106C700053EC1B2B48465146FCF72EFA002840F0F7
:106C80008E825FEA0B50CDF830A058BF0625122D3A
:106C9000C0F0DF80A5F1120EBEF11F0F28BF4FF02C
:106CA0001F0E0EF101014FF0000A302314A85246C6
:106CB0000AF1010A51458354F9D16FEA0E000544E7
:106CC000AAF101001F284FF0000038BF01200990F1
:106CD000C3E099F8001009F1040920460022CDE92B
:106CE0000058CDF808C000F0CBFAADE099F90000EB
:106CF0000146002848BF414209F10409C20F20465D
:106D0000CDE90058CDF808B000F0BAFA9CE00020B8
:106D100000287FF4FCAC5FE2002000287FF4F7AC91
:106D20005AE249F2E5212046C0F6010105220A2374
:106D3000CDF800C008E049F2DE212046C0F601018E
:106D400006224346CDF800B000F07EFB7BE0022532
:106D500001E008F10105D4E9031259F8040B4B1CBA
:106D60009142E3600ED2226852B16168C0B290478E
:106D700008E0A16801F800A065E0A268505462E054
:106D8000A2685054BAF1000F4FF0250A5BD0454578
:106D900059D2A8EB050505E0A16820220A5400BFDE
:106DA000013D50D0D4E90301421C8842E260F7D291
:106DB0002268002AF0D0616820209047F0E7013275
:106DC00002E0119908F1010208781192E8B101F18D
:106DD000010B04E0A26850541BF8010BA8B1013D5F
:106DE0004FF0000141F10001BAF1000F00D061B194
:106DF000D4E903124B1C9142E360EDD22268002AD1
:106E0000E8D06168C0B29047E6E710984FF0250AD5
:106E10000028119817D0404515D2A8EB000505E0D1
:106E2000A16820220A5400BF013D0CD0D4E903011F
:106E3000421C8842E260F7D22268002AF0D06168E2
:106E400020209047F0E70136012000287FF45FAC56
:106E5000C2E1012009904FF0000A8DED12DB9DF890
:106E60004F0080F080008DF84F000C9ADDE9120190
:106E7000002A4CBF8146114648460B91FCF730FB77
:106E8000CDE90D01FBF788FE0B460B9902464846FB
:106E9000CDF81090FBF7F6FC49F20032C0F6010283
:106EA00002EBC50292ED000B53EC102BCDE907234A
:106EB000FBF7A0FE81460A91FCF712FB11900F919F
:106EC000FBF76AFE0B460A9902464846FBF7DAFCD6
:106ED00053EC1C9B4A46CDE905100A93FCF71AF9BE
:106EE000CDF80C9090B111980F99013041F100014B
:106EF00011908946FBF750FE02460B46DDE907017B
:106F0000FCF7F4F8D0B9DDF838C024E0DDE905106D
:106F10000A9B4A46FCF7D6F8D8B1DDF83C90119BA5
:106F2000DDF838C043EA0900B0FA80F040091843A0
:106F300000F001001B1849F100090DE00D98DDF883
:106F400038C001300D904CF1000C00234FF00009C7
:106F500002E0DDE90EC9119BF5B90D986146CDF847
:106F60003C90CDF838C09946FBF716FE02460B461A
:106F700004980B99FBF786FC039A0A9BFCF7ACF884
:106F8000B0FA80F00D9940094B46DDE90EC9084082
:106F900009184CF1000C0D91C5B35FEACB4028D520
:106FA0005FEACB6025D4581E79F1000021DB013562
:106FB000CDF838C01193184649460A220023FCF741
:106FC00027FA0A22A0FB02C301EB810203EB420273
:106FD000119B013DB3EB0C0369EB02021A43119BB9
:106FE00004BF89460346002AE4D008BF013DDDF80E
:106FF00038C041F2100000EA0B00B0F5805F59D1B3
:10700000581E79F1000055DA0D9D11E00BF01000CB
:10701000012181EA101009990D9D81F001010843B9
:107020000DF1500904D12E2009F80A000AF1010AD5
:10703000BAF11F0F23D8284661460A220023E146F1
:10704000FCF7E6F900EB8002A5EB42020A3D6FF087
:10705000120369F1000EED1A4FF0FF357EEB0503C8
:1070600002F1300C0AF1010214AB03F80AC007D296
:10707000BAF11F0F05468C469246DCD300E052461B
:107080000BF00300012813D1B8F1000F4FF03003CB
:1070900014A93FD00C9800284FF0000048BF0120F1
:1070A0001BF00C0518BF01252843A8EB000833E0AE
:1070B00014A93AE00998CDF838C0002844D0184601
:1070C000CDF83C9049460A2299460023013DFCF741
:1070D0009FF900EB8002A9EB42020F9B3032B9F11D
:1070E0000A0C119263F100026FF01203BCEB030370
:1070F0004FF0FF3372EB0303119A0AF1010E14AB48
:1071000003F80A2021D2BAF11F0FF246034689463E
:10711000D5D31AE04FF000081F2A06D8424504D202
:107120008B541E2A02F10102F8D91F2A31D80C987B
:10713000002807D45FEA4B7028D45FEA0B7028D58B
:10714000202024E02D2022E0D646BEF1200F4FF073
:10715000000038BF0120BEF11F0F2BD8DDF838C06A
:107160000DF150095DB369420D9D3023BEF11F0F33
:107170004FF0000009F80E3038BF0120BEF11E0F9D
:107180000EF1010E1CD80131F0D119E02B208854EA
:10719000013220464346CDF800B000F055F9109872
:1071A000013600F1080901204FF0250A00287FF47C
:1071B000AEAA11E0DDE90D5C0DF1500900E00D9D76
:1071C0000028F2467FF42FAF32E749F2EB21204648
:1071D000C0F601010322DDE7206838B1E0681CB089
:1071E000BDEC0C8B01B0BDE8000FF0BD206900289C
:1071F000F4D0A1680029F1D0E268824228BF421E83
:1072000000208854EAE782B080B56F4686B0C7E9AF
:10721000022307F1080200230092CDE90133CDE9F2
:107220000333002805931EBF03906FF000400590C4
:1072300001A8FFF755FA06B0BDE8804002B07047DC
:1072400081B080B56F4687B09446BB6007F10802F5
:1072500000230192CDE90233CDE90433069330B126
:107260006FF00043994238BF0B460490069302A882
:107270006146FFF735FA07B0BDE8804001B07047BE
:10728000F0B503AF2DE900078AB0D7F810809C460F
:10729000D9B108F0200383F0610303F1F60900255A
:1072A0000DF1080EB1FBFCF64B4606FB1C140A2C34
:1072B00038BF302323446C1C61450EF8053014D3CD
:1072C0001F2D25463146EDD30FE05FEA085106D465
:1072D00030218DF8081028F01008012405E0002462
:1072E000BCF1100F08BF28F01008D7E902935FEA3D
:1072F000887122D463B15FEAC87105D018F00C011F
:1073000018BF012111435B1A5FEAC87104D114E070
:1073100000235FEAC87110D09C420ED21F2C0CD8FB
:1073200002A93025264600BF06F1010E9E458D5567
:1073300004D21F2E7646F7D300E0A646CE4516D2DD
:10734000BEF11F0F13D8AEF101010DF1080E4FF081
:10735000300A00BF4E1C0EEB01051E2E85F801A061
:1073600003D8023149453146F4D306F1010EA64552
:10737000464688BF26F01006BCF1080F42F2100105
:1073800018BF46460E4244D0310517D4BEF1000F57
:1073900014D0CE4518BF9E4510D1A64588BFAEF18A
:1073A000010EBEF1000F1AD0BCF1100F02D0BCF1DB
:1073B000020F03D1A64588BFAEF1010EBCF1100F3C
:1073C00012D116F0200104D1BEF1200F01D2782194
:1073D00011E049B1BEF1200F06D258210BE04FF069
:1073E000000EBCF1100FECD0BCF1020F08D1BEF1C1
:1073F0001F0F05D8622102AD05F80E100EF1010E27
:10740000BEF11F0F05D802A9302501F80E500EF16C
:10741000010EBEF11F0F0ED80AB12D2106E0710733
:1074200003D4310707D5202100E02B2102AA02F85E
:107430000E100EF1010E02A97246009600F004F83B
:107440000AB0BDE80007F0BDF0B503AF2DE9000FAD
:1074500081B00546B868D5F80C909B461646800763
:10746000884618D15E4516D2ABEB06044FF0200AD1
:1074700004E0A96801F800A0013C0CD0D5E90301A3
:10748000421C8842EA60F7D22A68002AF1D0696873
:1074900020209047F0E7B86800F0020A9EB1A8F1FA
:1074A000010403E0AA685054013E0CD0D5E9031250
:1074B000A05D4B1C9142EB60F6D22A68002AF1D005
:1074C00069689047F0E7BAF1000F1AD0E868A0EBBE
:1074D0000901594515D2202407E0A9680C5400BFC2
:1074E000E868A0EB090159450BD22969421C884282
:1074F000EA60F5D22A68002AEFD069682020904718
:10750000EEE701B0BDE8000FF0BD80B56F46032087
:1075100000F030F80F2006F061FB00281CBF0120AE
:1075200080BD01F04EFA002080BD40F26C0041F2B7
:10753000B001C2F20000C2F2000100680A68104403
:107540000860704741F2B000C2F200000068704766
:1075500047F29050C1F6FF700068704747F29450B0
:10756000C1F6FF700068704747F29850C1F6FF708F
:10757000006870474EF60C51CEF200010A684FF6D3
:10758000FF031A4060F30A2242F0806040F0FD7071
:1075900008607047D0B502AF4EF60C5CCEF2000C1E
:1075A000DCF80030C3F3022E8EF00704042C28BF51
:1075B0000424BEF103034FF0FF3E0EFA04F438BF7B
:1075C0000023A14399400EFA03F39A4300F00F03FE
:1075D000043B1143634409010C3300F16042B0F1F4
:1075E000FF3FC8BF02F564431970D0BD002848BFF3
:1075F000704700F01F01012202FA01F14EF2001261
:107600004009CEF2000242F820107047002848BF1F
:10761000704700F01F01012202FA01F14EF28012C0
:107620004009CEF2000242F82010BFF34F8FBFF3A3
:107630006F8F7047F0B503AF2DE9000F81B040F2B6
:10764000700AC2F2000A90469AF80020012A01D17D
:107650000225A8E0044642F21006012099468B4616
:10766000C4F202068AF80000FFF76CFF054600BF6F
:107670003068C00308D5FFF765FF401BB0F57A7F7F
:10768000F6D90325002016E030684CF2FA310140AB
:1076900007D0DAF8040001250843CAF804000846B8
:1076A00005E032680120D2074FF0000503D0B1FA9F
:1076B00081F130604809002872D00020CAF8040027
:1076C00056F8101C490506D556F8100C20F48060B9
:1076D00046F8100C02208AF81C0024B3601E012812
:1076E00030D87068ABF1040140F480207060EFF393
:1076F000108C72B6A8F10402402300BF52F8045F58
:10770000013B180641F8045FF8D1B4F1020918BF33
:107710004FF001098CF310884FF0FF38022C08BF9E
:107720006FF4802812E0706840F001007060CBF8C0
:107730000080BFF36F8FCBF804906FF001084FF01B
:10774000000903E04FF0FF384FF00109FFF7FAFEA0
:10775000044600BF3068C00307D5FFF7F3FE001BE7
:10776000B0F57A7FF6D9032511E030684CF2FA3192
:10777000084006D0DAF8041001250143CAF80410C5
:1077800004E030680025C00701D001203060B9F165
:10779000000F03D1706800EA0800706000F05EF925
:1077A00000208AF80000284601B0BDE8000FF0BDB7
:1077B000F0B503AF4DF804BD42F210060446C4F222
:1077C0000206FFF7BFFE05463068C00308D5FFF785
:1077D000B9FE401BA042F7D903205DF804BBF0BD01
:1077E00030684CF2FA31014008D040F27000C2F229
:1077F000000042680A434260012005E03068C0078B
:107800004FF0000001D0012131605DF804BBF0BDF4
:1078100042F20800C4F20200C168B1F1FF3FC4BFE8
:107820000020704740F22311C4F26751016048F60E
:10783000AB11CCF6EF510160C068C00F704742F247
:107840001400C4F20200016841F0004101600068C8
:10785000C043C00F704742F20C00C4F202008168BE
:1078600049005CBF0020704742F63B21C0F6190179
:10787000016046F67F61C4F65D4101608068C0F337
:107880008070704742F21400C4F20200016841F0B7
:10789000804101600068012121EA9070704700007A
:1078A000B0B502AF42F21005C4F20205686840F0BC
:1078B00000606860FFF746FE044600BF2868C0030A
:1078C00007D5FFF73FFE001BB0F57A7FF6D90320FE
:1078D000B0BD28684CF2FA31014009D040F2700086
:1078E000C2F2000042680A43426001202960B0BD34
:1078F0002868C0074FF0000008BFB0BD0121296013
:10790000B0BD0000F0B503AF2DE9000740F27009EB
:10791000C2F2000999F80020012A03D10220BDE833
:107920000007F0BD8246012089F800004FF47A700C
:107930008846FFF73DFF002840F08A8042F20004AD
:107940000021C4F20204C9F804102168226852051B
:1079500002D4C1F3402109E0226811F400714FF014
:10796000030122F4806208BF0221226089F81C1002
:10797000DAF80010012914D19AF80400C00703D0E6
:10798000606940F004006061606940F480306061CB
:107990004FF47A70FFF70CFF616921F00401616117
:1079A0002DE04FF0FF31C8F80010DAE902613144F0
:1079B0008E4224D2F50000BF606905F4FF6120F417
:1079C000FC7008436061606940F0020060616069BA
:1079D00040F4803060614FF47A70FFF7E9FE61692E
:1079E00021F4FD71616140B9DAE9021201361144F6
:1079F0008E4205F10805DFD301E0C8F8006099F870
:107A00001C1001F0FD02012A0FD1226822F400723D
:107A10002260226842F400622260226822F400623E
:107A20002260226842F40072226001F0FE01022905
:107A30000BD1216841F480512160216821F48051EB
:107A40002160216841F480612160002189F81C10C7
:107A5000002189F80010BDE80007F0BD40F2700079
:107A6000C2F20000027F02F0FD01012942F2000192
:107A7000C4F202010FD10B6823F400730B600B6892
:107A800043F400630B600B6823F400630B600B6826
:107A900043F400730B6002F0FE02022A0BD10A6865
:107AA00042F480520A600A6822F480520A600A682E
:107AB00042F480620A60002101777047F0B503AF9D
:107AC0002DE9000F81B040F27009C2F2000999F867
:107AD0000010012901D1022460E1054601200024A3
:107AE00089F80000C9F80440287842F21408C00759
:107AF000C4F2020823D005F1040B9BE8400C4FF4BC
:107B00007A70FFF755FE0446B0B9012E05D046B98C
:107B10004AEA0B40C8F8180003E04AEA0B40C8F8EC
:107B20001C00D8F8000040F40030C8F800004FF402
:107B30007A70FFF73DFE0446002C18BF0124287818
:107B4000800719D52E694FF47A70FFF731FE80B99E
:107B5000D8F80C0020F0FF003043C8F80C00D8F82B
:107B6000000040F40030C8F800004FF47A70FFF7CE
:107B70001FFE002818BF01242878400740F192809A
:107B8000D5E9056A4FF47A70FFF712FE002840F03D
:107B9000868006F00200C10266F308210AEAC620C8
:107BA00066F349210AF4E06200F48050F30766F3BB
:107BB0008A2118BF104416F004020AF4005318BFBB
:107BC000184441EAC22116F480520AF4804318BFD7
:107BD000184441EA820116F008020AF4803318BF03
:107BE000184341EA423116F010020AF4003318BF7C
:107BF000184341EA423C0AF48022B30648BF1043CE
:107C00000AF40022730648BF10430AF40002B305C9
:107C100048BF10430AF08072730548BF10430AF052
:107C20000072330548BF10434FF4402216F4005E43
:107C30000AF0806318BF18430AF0006102EA463276
:107C400016F4804318BF084306F4606142EA4E32DE
:107C500042EA813141EA433141EA0C0116F4004223
:107C60000AF040521CBF104341F040510AF08043DB
:107C700016F4803218BF1843D8F80C3041EA82312C
:107C800023EA01010843C8F80C00D8F8000040F4CA
:107C90000030C8F800004FF47A70FFF789FD002823
:107CA00018BF01242878000737D5D5E9086B5E4551
:107CB00033D0D5F81CA04FF47A70FFF779FD48BB9C
:107CC0005FEACA7014D0D8F8101043F6FF7206F1BC
:107CD0007840914341EAD000C8F81000D8F8140069
:107CE0000BF178416FF30D0040EAD100C8F81400A1
:107CF000D8F814004FEADA7161F3DF70C8F81400A5
:107D0000D8F8000040F40030C8F800004FF47A7052
:107D1000FFF74EFD002818BF0124287880061DD5E6
:107D2000D5E90B6A4FF47A70FFF742FD98B9012E3E
:107D300007D1D8F85C0020F07F0040EA0A00C8F8BC
:107D40005C00D8F8000040F40030C8F800004FF4A0
:107D50007A70FFF72DFD002818BF01242878C0068F
:107D600019D5AD6A4FF47A70FFF722FD80B9D8F8C3
:107D70005C0020F480302843C8F85C00D8F800008C
:107D800040F40030C8F800004FF47A70FFF710FD9F
:107D9000002818BF0124002089F80000204601B007
:107DA000BDE8000FF0BD426842F2200CC4F2020CA4
:107DB0000623012A036011D80723036022B1012A98
:107DC0000CD10CF1100201E00CF10C02136803F06D
:107DD0003F0383601268C2F30542C260DCF80020F2
:107DE000D2B21346AA2A18BFBB23CC2A08BF134617
:107DF0000361DCF80030C26923F0FF03012A8361CC
:107E000019D10368D10743F0080303600DD0DCF8F3
:107E100004104FF0006361F3D0030362DCF8081034
:107E20004FF0006361F3D0034362DCF8081001F007
:107E300000411143C1610268C16A42F0100303604E
:107E4000DCF85030012903F48033836218BF704797
:107E500042F030010160DCF8501001F07F01016355
:107E6000704742F20000C4F20200016841F4802130
:107E70000160704742F20000C4F20200016821F480
:107E800080210160704747F20000C4F200000168E1
:107E9000032262F3020101604EF61050CEF20000A0
:107EA000016841F00401016030BF7047B0F5007F08
:107EB0003BD0002872D147F2000CC4F2000CDCF871
:107EC0000010DCF8802001F4C06122F48072B1F56A
:107ED000806FCCF8802026D1DCF80010012262F3FC
:107EE0004A21CCF8001040F29001C2F2000109686A
:107EF000322359434DF68363C4F21B33A1FB0313B2
:107F000002EB9341002200BFDCF81400013942F17A
:107F10000003400501D5002BF6D1DCF81400400524
:107F200044BF032070470020704747F2000CC4F2A2
:107F3000000CDCF80010DCF8802001F4C06142F491
:107F40008072B1F5806FCCF88020ECD1DCF80010A5
:107F5000012262F34A21CCF8001040F29001C2F2F3
:107F600000010968322359434DF68363C4F21B3381
:107F7000A1FB031302EB9341002200BFDCF81400C5
:107F8000013942F10003400501D5002BF6D1DCF8A0
:107F90001400400544BF03207047C4E747F20000C7
:107FA000C4F200000168022262F34A21016000204D
:107FB000704747F20800C4F20000016841F48041B4
:107FC00001607047F0B503AF4DF804BD41F2000504
:107FD000C4F20205FFF7B6FA2968044641F480703E
:107FE000286000BF2868400505D4FFF7ABFA001BE6
:107FF0000228F7D914E0686840F080406860FFF715
:10800000A1FA0446012041F28836A860A86800F071
:108010000C00042808D0FFF795FA001BB042F5D9F0
:1080200003205DF804BBF0BD40F26800C2F200001E
:1080300040F2900142F200420068C2F20001C0F238
:10804000F4020A6005F0CAFD18B101205DF804BB16
:10805000F0BD4FF4807028602860FFF773FA044683
:108060002868800105D5FFF76DFA001B0228F7D9B3
:10807000D6E74FF48050E86000204FF0FF31A86150
:108080002962D5F8941041F40001C5F894105DF808
:1080900004BBF0BDF0B503AF2DE9000B82B00028A2
:1080A00000F011818146007841F20006C007C4F259
:1080B00002065FD199F8000080077DD499F800008E
:1080C000000700F1A18099F80000400700F1BF808F
:1080D00099F80000800600F10B81D9F81C40002CB3
:1080E00000F01F82B06800F00C000C2840F06281A4
:1080F000012C00F0E880F068D9F8201000F00302AD
:108100008A4240F0E080D9F824206FF00F0300F09D
:10811000F00103EB0212914240F0D580D9F828100B
:1081200000F4FE42B2EB012F40F0CD80D9F82C10C4
:1081300000F07842B2EBC16F40F0C580D9F8302032
:108140000023CFF6E07303EB025200F4C0016FF39B
:108150001402914240F0B780D9F834104FF07E42BB
:1081600002EB016100F0C06001F07E41884240F006
:10817000AA80D6E1B06800F00C01F06808295CD054
:10818000032281F00C0122EA00000844B0FA80F0DA
:10819000400952D1D9F80450B5F5A02F00F0D58090
:1081A000B5F5803F00F0D580306820F48030306035
:1081B000306820F48020CFE0B068F16800F00C0057
:1081C000042868D001F0030180F00C0081F0020166
:1081D0000844B0FA80F040095DD1D9F80C1030683D
:1081E000002900F0D58040F480703060FFF7AAF9D4
:1081F000054600BF3068400500F1FE80FFF7A2F998
:10820000401B0228F6D930E1D9F81410D6F89400B2
:10821000002900F0888040F00100C6F89400FFF7C4
:1082200091F90546D6F8940080073FF54CAFFFF76B
:1082300089F9401B0228F5D917E1306880037FF5E2
:1082400039AFD9F8040000287FF434AF3BE0B06DBB
:1082500010F0805808D1B06D40F08050B065B06D1E
:1082600000F080500190019847F20004C4F200042D
:108270002068C00529D4206840F480702060FFF792
:1082800061F905462068C0051FD4FFF75BF9401B64
:108290000228F7D9E9E03068400502D5D9F80C008A
:1082A00088B17068D9F8101020F0FE4040EA0160F3
:1082B000706040F26800C2F20000006805F08EFCB9
:1082C00000283FF4FBAE01202CE1D9F80850052D21
:1082D00000F0AF80012D00F0B280D6F8900020F0C1
:1082E0000100C6F89000D6F8900020F00400AAE043
:1082F000D9F81810D6F89800002900F0868040F0D0
:108300000100C6F89800FFF71DF90546D6F8980059
:1083100080073FF5E2AEFFF715F9401B02284FF04A
:108320000300F3D9FEE020F00100C6F89400FFF747
:1083300009F90546D6F8940080077FF5C4AEFFF72B
:1083400001F9401B0228F5D98FE0306840F4802005
:108350003060306840F480303060FFF7F3F8002D73
:10836000054611D0306880033FF5A4AEFFF7EAF868
:10837000401B6428F6D978E0FFF7E4F8401B642836
:108380004FF0030000F2CE8030688003F4D491E611
:1083900020F480703060FFF7D5F80546306840055E
:1083A0007FF58CAEFFF7CEF8401B02284FF003009C
:1083B000F4D9B7E0306820F080703060FFF7C2F881
:1083C000022C05460CD100BF3068800164D5FFF750
:1083D000B9F8401B02284FF00300F5D9A2E000BF16
:1083E0003068800140F19680FFF7ACF8401B02280E
:1083F0004FF00300F4D995E07068D9F8101020F020
:10840000FE4040EA0160706058E620F00100C6F8C6
:108410009800FFF797F80546D6F8980080077FF593
:108420005CAEFFF78FF8401B02284FF00300F3D932
:1084300078E0D6F8900040F00400C6F89000D6F836
:10844000900040F00100C6F89000FFF77BF8002D87
:10845000054641F2883412D0D6F89000800712D435
:10846000FFF770F8401BA042F6D903205AE000BF86
:10847000FFF768F8401BA0424FF0030052D8D6F82F
:1084800090008007F4D4B8F1000F7FF421AEB06DF6
:1084900020F08050B0651BE6F06848F20C01C0F295
:1084A0009F1109F1200E00EA010C9EE80E406FF0CA
:1084B0000F05D9E90C4005EB02120025CFF6E07557
:1084C00041EA0C0105EB045411436FF314044FF01F
:1084D0007E4541EA032105EB0060214300F07E4028
:1084E00041EACE610843F060306840F0807030604F
:1084F000F06840F08070F060FFF724F804463068C0
:1085000080010ED4FFF71EF8001B02284FF0030075
:10851000F5D907E0F0684FF6FC71CFF6EE61084040
:10852000F060002002B0BDE8000BF0BDF0B503AF75
:108530002DE9000F81B0002800F0018142F200090E
:10854000C4F202090446D9F800008B4600F00F007F
:1085500088420ED2D9F8000020F00F0040EA0B004C
:10856000C9F80000D9F8000000F00F00584540F0AD
:10857000E680216841F20808C807C4F202080CD15D
:108580004FF0000A206881074BD4BAF1800F61D107
:10859000D8F8000020F0F0005AE06068022800F0EF
:1085A000CA80032840F0CD8058F8082C920140F191
:1085B000C680D8F80420D8F8043042F2004602F011
:1085C0000302C3F30313C0F2F4060133032A04BF0A
:1085D00043F20066C0F26E16D8F80420B6FBF3F33F
:1085E000D8F80460C2F306225A43C6F34163022658
:1085F00006EB4303B2FBF3F24BF20043C0F2C44379
:108600009A4240F2E780D8F8002012F0F00F00F014
:10861000D780890740F1DE80A168002940F0DA8028
:10862000CEE0410705D5D8F8001041F4E061C8F864
:108630000010000706D5D8F80000072161F30D20CF
:10864000C8F80000D8F80000A16820F0F000084346
:10865000C8F80000D9F8000000F00F00584519D9FB
:10866000D9F8000020F00F0040EA0B00C9F8000024
:10867000FEF768FF064641F2883500BFD9F80000D2
:1086800000F00F00584505D0FEF75CFF801BA842A4
:10869000F4D9BBE02068410707D5D8F80010E2689C
:1086A00021F4E0611143C8F80010000708D5D8F89C
:1086B0000000216920F4605040EAC100C8F80000C1
:1086C000D8F8000042F20041C0F2F40100F00C00C2
:1086D0000428084600F09D80D8F8000000F00C0047
:1086E000082843F20060C0F26E1000F09280D8F8C3
:1086F000002002F00C020C2A40F08A80D8F80420F6
:10870000D8F8043002F00302C3F303130133032A41
:1087100008BF0146D8F80400B1FBF3F1D8F80420F3
:10872000C0F306204843C2F34161022202EB41013B
:10873000B0FBF1F06DE058F8081C890305D4012066
:1087400080E058F8081C4905F9D5D8F8001001F068
:108750000C0104293ED0D8F8001001F00C010829C2
:1087600038D0D8F8001001F00C010C2932D1D8F81B
:108770000410D8F8042042F2004301F00301C2F3D0
:108780000312C0F2F4030132032904BF43F2006371
:10879000C0F26E13D8F80410B3FBF2F2D8F804302C
:1087A000C1F306215143C3F34162022303EB4202AA
:1087B000B1FBF2F14BF20042C0F2C442914209D93E
:1087C000D8F80010082262F307114FF0800AC8F8A9
:1087D000001001E04FF0000AD8F8001021F003016A
:1087E0000843C8F80000FEF7ADFE064641F28835A2
:1087F000D8F80000616800F00C00B0EB810F3FF486
:10880000C1AEFEF79FFE801BA842F1D9032019E0FC
:108810000020D8F8001049F29032C1F30311C0F6DD
:108820000102515C40F2900201F01F0120FA01F1B7
:1088300040F26800C2F200000068C2F2000211605B
:1088400005F0CCF901B0BDE8000FF0BD41F20C011C
:10885000C4F2020151F8040C42F20042C0F2F402E8
:1088600000F00C000428104608BF704751F8040CB3
:1088700000F00C00082843F20060C0F26E1021D016
:1088800051F8043C03F00C030C2B1CBF0020704774
:10889000D1F800C00B680CF0030CC3F303130133D1
:1088A000BCF1030F08BF02460868B2FBF3F2096887
:1088B000C0F306205043C1F34161022202EB4101A3
:1088C000B0FBF1F0704740F2900041F20801C2F2B3
:1088D0000000C4F202010068096849F2A032C1F345
:1088E0000221C0F60102515C01F01F01C84070472F
:1088F00040F2900041F20801C2F20000C4F202010D
:108900000068096849F2A032C1F3C221C0F6010231
:10891000515C01F01F01C84070470F22026041F214
:108920000802C4F20202136803F0030343601368F1
:1089300003F0F0038360136803F4E063C36012681C
:108940004FF4E06303EAD202026142F20000C4F293
:108950000200006800F00F00086070474EF6885073
:10896000CEF20000016841F4700101607047000020
:108970000D488546FFF7F2FF0C480D490D4A0023CC
:1089800002E0D458C4501B1DC4188C42F9D30A4AC3
:108990000A4C002301E01360121DA242FBD3F8F73A
:1089A000F5FFFDF779FEFEE70080002000000020C3
:1089B000300100200C9F0108300100202C750020A0
:1089C000FEE780B56F4682B041F25800C4F2020063
:1089D0008168002241F001018160816801F001019C
:1089E00001910199016841F08051016000680F21F7
:1089F00000F08050009000986FF00100FEF7CAFD73
:108A0000052005210022FEF7C5FD0520FEF7EEFD3D
:108A1000FFF7CFFA02B080BDD0B502AF98B00446E0
:108A200000201790CDE91500CDE9130002A84421DC
:108A3000F8F752FF206846F20041C4F20001884274
:108A400001D018B0D0BD4FF4805002904FF00070AC
:108A50000E9002A801F0D6FD002818BF04F0F8FD22
:108A600041F24C00C4F20200C16841F00071C160E3
:108A7000C16801F0007101910199016841F00101A3
:108A80000160006813A900F00100019001984FF403
:108A9000C0501390022014900020CDE91500092049
:108AA00017904FF0904001F0BBFC152005210022EB
:108AB000FEF770FD1520FEF799FD16200521002216
:108AC000FEF768FD1620FEF791FD18B0D0BDF0B599
:108AD00003AF2DE9000786B00446006843F6004165
:108AE000C4F2000100268842CDE90466CDE90266A1
:108AF000019670D043F20001C4F20101884240F0B7
:108B0000CD8041F24C00C4F2020041690DF104092C
:108B100041F480514161416940F2300801F48051D3
:108B2000009100990168022541F00101016000688F
:108B3000002600F0010000900098A0200190012084
:108B400003904FF0050A4FF090404946C4F20208E6
:108B500002950496CDF814A001F062FC4020CDE906
:108B6000010503A880E860044FF09040494601F0F9
:108B700057FC41F2A04508F12800C2F200050A2185
:108B80004FF0800985E843002846C5E90369C5E937
:108B90000566C5E9076600F0EDFE002818BF04F081
:108BA00057FDA565AC6241F2005508F13C00C2F2E8
:108BB00000050B21102285E847022846C5E9056615
:108BC000C5E9076600F0D6FE00284FF0230618BF5F
:108BD00004F03EFD58E041F24C00C4F20200C168CE
:108BE00040F2300841F40041C160C168C4F202089B
:108BF00001F4004100910099016841F00201016017
:108C0000006801A900F0020000900098382001904F
:108C10000220CDE902060620059040F20040C4F68D
:108C20000000049601F0FCFB41F26055C2F2000521
:108C30000E204FF08009C5E900802846C5E902668C
:108C4000C5E90496C5E906662E6200F093FE002889
:108C500018BF04F0FDFCA565AC6241F2C05508F1F7
:108C60001400C2F200050F211022002385E80F0234
:108C70002846C5E90533C5E9073300F07BFE4FF010
:108C8000330608B104F0E4FC304605210022656596
:108C9000AC62FEF77FFC3046FEF7A8FC06B0BDE8EC
:108CA0000007F0BD80B56F4682B00068B0F1804F1C
:108CB0001CD042F60041C4F20101884223D141F2A6
:108CC0005800C4F202008168002241F40061816012
:108CD00080680F2100F40060019001981820FEF7D1
:108CE00059FC1820FEF782FC02B080BD41F258000A
:108CF000C4F20200016841F001010160006800F067
:108D000001000090009802B080BD80B56F4686B02B
:108D100000680021B0F1804F0591CDE90311029167
:108D2000019117D042F60041C4F2010188422CD1D2
:108D300041F24C00C4F20200016841F001010160FF
:108D4000006800F00100009000984FF480700190DE
:108D500006200FE041F24C00C4F20200016841F02D
:108D600001010160006800F00100009000980220FD
:108D700001900120022102910021CDE9031105900B
:108D800001A94FF0904001F04BFB06B080BDF0B55B
:108D900003AF2DE9000B98B00446002602A8442139
:108DA0001796CDE91566CDE91366F8F795FD2068AD
:108DB00044F20041C4F20001884273D043F600013E
:108DC000C4F20101884240F0DC80012002900026BC
:108DD00002A8039601F016FC002818BF04F038FC26
:108DE00041F25800C4F20200816841F24C0841F49B
:108DF000804181608068C4F2020800F480400190E4
:108E00000198D8F8000013A940F00100C8F800004C
:108E1000D8F8000000F00100019001984FF4C06004
:108E200013900220CDE91406072017904FF09040D0
:108E3000169601F0F5FA0820C4F2020041F220650E
:108E400000F58060C2F2000518214FF0800985E826
:108E500043002846C5E90369C5E90566C5E9076613
:108E600000F088FD002818BF04F0F2FBC4F8805021
:108E7000AC6241F28065A8F54360C2F20005192199
:108E80001022002385E80F022846C5E90533C5E90D
:108E9000073300F06FFD00284FF0250618BF04F0DF
:108EA000D7FB64E0022502A80295049601F0AAFB14
:108EB000002818BF04F0CCFB41F25800C4F20200B5
:108EC000016840F2080841F40031016000680026A2
:108ED00000F400300190019841F24C00C4F202000D
:108EE0000168C4F2020841F001010160006813A9A1
:108EF00000F00100019001980C20CDE91305072036
:108F000017904FF09040CDE9156601F089FA41F2D3
:108F1000E065C2F200051A204FF08009C5E9008023
:108F20002846C5E90266C5E90496C5E906662E62CB
:108F300000F020FD002818BF04F08AFBC4F8805020
:108F4000AC6241F2407508F11400C2F200051B2129
:108F5000102285E847022846C5E90566C5E9076687
:108F600000F008FD4FF0260608B104F071FB304612
:108F700005210022E567AC62FEF70CFB3046FEF7E8
:108F800035FB18B0BDE8000BF0BD000080B56F46A2
:108F90004EF21004CEF20004012080F31088002568
:108FA00025606560A560FFF70DF84FF0FF3000BF4A
:108FB00004EB85010135082DC1F87001C1F870027C
:108FC000F6D1002080F310880020C1F6FF70016800
:108FD00081F3088840688047FEE7000080B56F464F
:108FE0004EF21004CEF20004012080F31088002518
:108FF00025606560A560FEF7E5FF4FF0FF3000BF1C
:1090000004EB85010135082DC1F87001C1F870022B
:10901000F6D140F20009C1F6FF79002686F31088E8
:109020004FF001084FF0FF35D9F8000080F30888B1
:10903000D9F80400804788F3108826606660A6602F
:10904000FEF7C0FF002000BF04EB800101300828BC
:10905000C1F87051C1F87052F6D186F31088D9F872
:10906000000080F30888E3E780B56F464EF21004F5
:10907000CEF20004012080F3108800252560656091
:10908000A560FEF79FFF4FF0FF3000BF04EB8501A6
:109090000135082DC1F87001C1F87002F6D140F217
:1090A0000009C1F6FF79002686F310884FF0010809
:1090B0004FF0FF35D9F8000080F30888D9F8040094
:1090C000804788F3108826606660A660FEF77AFF06
:1090D000002000BF04EB800101300828C1F8705166
:1090E000C1F87052F6D186F31088D9F8000080F3E9
:1090F0000888E3E780B56F464EF21004CEF2000414
:10910000012080F31088002525606560A560FEF7CA
:1091100059FF4FF0FF3000BF04EB85010135082DEA
:10912000C1F87001C1F87002F6D1002080F31088F8
:109130000020C1F6FF70016881F30888406880470D
:10914000FEE7000080B56F464EF21004CEF2000438
:10915000012080F31088002525606560A560FEF77A
:1091600031FF4FF0FF3000BF04EB85010135082DC2
:10917000C1F87001C1F87002F6D1002080F31088A8
:109180000020C1F6FF70016881F3088840688047BD
:10919000FEE77047704780B56F46012001F023FA63
:1091A00080BD80B56F4641F2E060C2F2000000F081
:1091B00061FD80BD80B56F4641F24070C2F2000093
:1091C00000F058FD80BD80B56F4641F26050C2F29C
:1091D000000000F04FFD80BD80B56F4641F2C050E9
:1091E000C2F2000000F046FD80BD80B56F4641F23E
:1091F000A040C2F2000000F03DFD80BD80B56F468A
:1092000041F20050C2F2000000F034FD80BD80B594
:109210006F4641F2B410C2F2000001F038F880BD90
:1092200080B56F4641F2B410C2F2000001F02FF891
:1092300080BD80B56F46802001F0D5F980BD80B536
:109240006F4641F2E020C2F2000002F017FD41F249
:10925000A070C2F2000002F011FD80BD80B56F4623
:1092600041F21820C2F2000002F009FA80BDD0B528
:1092700002AF41F27834C2F20004204603F0ACFEA3
:1092800041F2B400C2F20000016820468847D0BD18
:10929000D0B502AF41F20C44C2F20004204603F004
:1092A0009BFE41F2B400C2F20000016820468847EC
:1092B000D0BD80B56F464FF4004001F094F980BDF9
:1092C00080B56F4641F27C20C2F2000002F0D7F96F
:1092D00080BD80B56F4641F22060C2F2000000F010
:1092E000C9FC80BD80B56F4641F28060C2F20000CB
:1092F00000F0C0FC80BD41F2B401C2F20001086080
:10930000704780B56F4640F26800C2F200000F213E
:109310000160FEF7FAF804F05FF904F0BAFB04F01C
:1093200054FB04F099F904F0C5F904F00FFB04F0C4
:10933000CBFA04F081FA04F0E5F904F00FFA41F2F7
:10934000A070C2F2000002F037FB00F0D1F980BD3E
:1093500080B56F460CF0C0FC002080BD80B56F4624
:109360000CF09CFF58B110F8041F42788378C07845
:1093700041EA022143EA002041EA004080BD00208A
:1093800080BDF0B503AF4DF804BD14460E460CF099
:1093900085FFA0B1014611F8042F4B788D78C9786C
:1093A00042EA032245EA012142EA0141A14206D1F3
:1093B0000CF0BDFF014630462246F8F73DFB5DF854
:1093C00004BBF0BDF0B503AF4DF804BD14460D4627
:1093D00006460CF063FF60B110F8041F42788378F2
:1093E000C07841EA022143EA002041EA0040A0425D
:1093F00006D13046294622460CF014FE0CF044FDFE
:109400005DF804BBF0BD80B56F460CF0D2FD80BDA9
:1094100080B56F4649F2A831C0F6010101EBC002E8
:1094200051F83000918802F013FB002080BD00004D
:10943000B7EE001AB4EE410AF1EE10FAC8BFB0EE72
:10944000410A9FED151AB5EE400AF1EE10FA48BF39
:10945000B0EE410A9FED111A49F2A83120EE010A3F
:10946000C0F6010101280CD0002851F83000BDEEF3
:10947000C00A006810EE101A14BFC16441630020D6
:10948000704751F83000BDEEC00A006810EE101AA7
:1094900081630020704700BF000000000000C84248
:1094A00080B56F4649F2A831C0F6010101EBC00258
:1094B00051F83000918802F07BFB002080BD80B520
:1094C0006F460EF05CF880BDF0B503AF4DF804BDFB
:1094D000EFF3108472B60EF052F84EF21805CEF289
:1094E00000052E6884F3108804460EF048F82968B9
:1094F000844208BF314655F8043C4FF47A72514318
:109500000133B1FBF3F15043401A00F57A700021AA
:109510005DF804BBF0BD80B56F46006844F20041C1
:10952000C4F200010322884201F5744108BF012200
:10953000401A18BF104603280DD041F2B80100EBC5
:10954000C000C2F2000101EBC0008168002908BF21
:1095500080BDC068884780BD80B56F46006844F212
:109560000041C4F200010322884201F5744108BFA2
:109570000122401A18BF104603280ED041F2B8024B
:1095800000EBC000C2F2000252F83010002908BF00
:1095900080BD02EBC0004068884780BD80B56F4643
:1095A000006844F20041C4F200010322884201F540
:1095B000744108BF0122401A18BF104603280DD07D
:1095C00041F2B80100EBC000C2F2000101EBC000A3
:1095D0008169002908BF80BDC069884780BD80B50A
:1095E0006F46006844F20041C4F200010322884241
:1095F00001F5744108BF0122401A18BF1046032824
:109600000DD041F2B80100EBC000C2F2000101EB45
:10961000C0000169002908BF80BD4069884780BD3E
:1096200080B56F46006844F20041C4F20001032295
:10963000884201F5744108BF0122401A18BF104644
:1096400003280DD041F2B80100EBC000C2F20001C6
:1096500001EBC000016A002908BF80BD406A88474D
:1096600080BD80B56F46006844F20041C4F200013D
:109670000322884201F5744108BF0122401A18BF35
:10968000104603280DD041F2B80100EBC000C2F231
:10969000000101EBC000816B002908BF80BDC06BD9
:1096A000884780BD80B56F460068C169C9061ED570
:1096B00044F20041C4F200010322884201F57441E2
:1096C00008BF0122411A18BF114610220329026265
:1096D0000DD001EBC10041F2B801C2F2000101EB73
:1096E000C000016C002908BF80BD406C884780BD68
:1096F00080B56F4649F2A560C0F60000FFF7FBFD9C
:1097000041F27830C2F200000068016841F01001B7
:10971000016041F20C40C2F200000068016841F0B3
:109720001001016080BD00EBC00C41F2B800C2F234
:10973000000000EBCC0000EBC10C40F83120002011
:10974000CCF80430704780B56F4641F20C4CC2F241
:10975000000C012818BF4FF0000C002841F27830AF
:10976000C2F2000018BF604692B21BB10A2303F098
:109770009FF801E003F046FA002818BF012080BDE1
:1097800080B56F4641F20C4CC2F2000C012818BFA4
:109790004FF0000C002841F27830C2F2000018BFF0
:1097A000604692B21BB10A2303F0B8F901E003F05E
:1097B0000DFB002818BF012080BD41F20C4141F291
:1097C0007832C2F200010128C2F2000218BF002163
:1097D000002818BF0A46D2F88000B2F85C10006872
:1097E0004068081A704780B56F4641F20C42C2F2D9
:1097F00000020021012818BF0A4641F27831C2F266
:109800000001002818BF1146084603F065FB002040
:1098100080BD80B56F460A46014601200023FFF750
:1098200092FF41F24810C2F2000000680A210DF0D8
:109830003FF9002080BD80B56F4641F24C1CC2F25A
:10984000000C9CF80000C8B141F2B11EC2F2000E3B
:109850009EF8000041F2B211C2F20001431C0978E7
:10986000DAB28A4241F24D11C2F20001085C8EF870
:10987000003024BF00218CF8001080BD002080BD86
:1098800041F2B310C2F200000078704741F24C1070
:10989000C2F200000078704780B56F4649F6E902D1
:1098A000C0F60002012008210023FFF73CFF49F623
:1098B0003B12C0F60002012001210023FFF733FF15
:1098C00041F24D11C2F20001012064220023FFF792
:1098D00057FF0120002103220CF06EFE41F24811D7
:1098E000C2F20001086080BD80B56F4641F2B3103E
:1098F000C2F20000017889B10120FFF75EFF41F25A
:10990000B211C2F20001087041F2B110C2F20000BF
:109910000021017041F24C10C2F2000001210170DF
:109920000120FFF760FF41F24D11C2F2000101205A
:1099300064220023FFF724FF80BD80B56F4682B00C
:1099400041F24810C2F2000000210068019101A913
:109950000DF040F8019850B14EF60450CEF20000E0
:109960004FF080510160BFF34F8FBFF36F8F02B094
:1099700080BD704700284FF0010C00F08E80F0B5DC
:1099800003AF2DE9000F0021C4F2020103684FF676
:10999000F83201F58168CBF6FD72434538BF02F518
:1099A00080624CF6CD451A44CCF6CC45A2FB052E80
:1099B0006FF0070252FA83F2A2FB052901F58065D8
:1099C0006FF00304D0E9026BD0F810A03CBF002573
:1099D000C4F2020504EA9E04C0E91054022580F88E
:1099E00025501D6847F6F07225EA0202324342EA2A
:1099F0000B02456942EA0A0281692A43C56911439B
:109A0000026A294311430022C4F20202196002F5DE
:109A10000261434538BF02F500611346621803F541
:109A20000861C164C9F304110CFA01F3B6F5804F63
:109A30008264036504BF00214160466840F68401EA
:109A4000F5B21560721EC4F20201032A0B6013D82E
:109A500002790026013A01EB820302F01F02012580
:109A600043F87C6F01F1BC0605FA02F2C0E9153635
:109A7000C265C1F8C02003E00021C0E91511C1652D
:109A80004FF0000C0121C0F83CC080F8251080F890
:109A900024C0BDE8000FBDE8F04060467047F0B557
:109AA00003AF2DE9000B90F824C0BCF1010F42D0A8
:109AB0004FF0010C80F824C090F825C0BCF1010FD4
:109AC00036D14FF0020C80F825C04FF0000CC0F8E2
:109AD0003CC0D0F800C000F14C0E9EE83040DCF8ED
:109AE0000060BEF1000F26F00106CCF80060656052
:109AF0001CBFD0E916456560D0E91056D0F8089033
:109B000006F01F060124D0F83080B4406C60CCF819
:109B10000430B9F1100F0B4604BF13460A46B8F1E2
:109B2000000FCCF80830CCF80C2008D00E210DE046
:109B3000002180F824100220BDE8000BF0BDDCF805
:109B4000001021F00401CCF800100A21DCF80020FC
:109B50001143CCF80010806C0168C90303D501687B
:109B600041F480710160BEF1000F05D0DEF8000005
:109B700040F48070CEF80000DCF8000040F00100F6
:109B8000CCF800000020BDE8000BF0BD80B56F46AA
:109B9000014690F82500022824D10868D1E910CEAA
:109BA0008A6C036823F00E030360136823F4807348
:109BB0001360026822F0010202600EF01F00012211
:109BC00002FA00F0CCF80400D1E913205060486D8F
:109BD00030B1026822F480720260D1E9160242605C
:109BE000002002E00420C8630120012281F8252022
:109BF000002281F8242080BD80B56F4690F82510A2
:109C000002292DD10168D0E910CE826C0B6823F0B7
:109C10000E030B600B6823F001030B60116821F445
:109C2000807111600EF01F02012101FA02F2CCF8DE
:109C30000420D0E913325A60426D32B1136823F424
:109C400080731360D0E91623536080F82510826B6F
:109C5000002180F824100AB190470021084680BDF9
:109C60000421C1630121002280F8251080F82420FE
:109C7000084680BDB0B502AFD0E910C30268DCF879
:109C8000001003F01F030424D2F800E09C400C42B3
:109C900018BF1EF004051BD102249C400C4218BFC3
:109CA0001EF0020522D1D94009071ED51EF0080179
:109CB00008BFB0BD116821F00E011160012101FA49
:109CC00003F2CCF80420C16380F82510416B1AE040
:109CD0001168890603D4116821F004011160CCF8E1
:109CE0000440016B002918BF8847B0BD1168890680
:109CF00006D4116821F00A011160012180F82510B5
:109D0000CCF80440C16A0022002980F82420ECD05D
:109D10008847B0BDB0B502AFE0B1044690F85C0032
:109D200028B9002084F85D002046FEF775FE206803
:109D3000816921F010018161FDF704FC054600BF37
:109D400020688169090707D5FDF7FCFB401B0B283C
:109D5000F6D312E00120B0BD816941F001018161BB
:109D6000FDF7F0FB054600BF20688169C9070DD1EA
:109D7000FDF7E8FB401B0B28F6D3206E032140F0D3
:109D800001002066012084F85C10B0BD826946F2B3
:109D90000041C4F2000142F002028842826102D115
:109DA0006268C1F80021217C8269012922F0400209
:109DB00018BF40328261617C8269012922F48042AD
:109DC00008BF02F580428261A17C8269012922F4E8
:109DD000805218BF02F5805282618169D4E902C2C3
:109DE00021F4407343EA0C038361836923F0A403E5
:109DF0008361036923F0100303619AB1012A0DD036
:109E0000022A09D08369032A43F08003836103692E
:109E100043F01003036105D1202200E0042283698E
:109E20001A438261D4E90552D4E907316FF0FF0E7D
:109E3000013A0EEB032343EA426200230139CFF6D5
:109E4000FF73114303EB05421143BCF5407FC16131
:109E500010D1D4E909C2D4E90B51013A0EEB052522
:109E60002A436FF00F0505EB0111114303EB0C4280
:109E70001143C160D4E90D2CE56BD0F8C0304AF233
:109E8000FC31C4F200012B43C0F8C0300B1D236429
:109E9000D0F8803023F4F81343EA0242C0F880205F
:109EA00001F174026264D0F8802022F0706242EA0C
:109EB0000C62C0F8802001F1B400A06401F5C67006
:109EC000E06401F51970206501F51F7060650020E0
:109ED00001F5547241F8040F9142FBD30020012197
:109EE000A065206684F85C10B0BD80B56F4690F820
:109EF0005C20013A012A13D80A68BAB101F1040EB4
:109F0000D1E904319EE80450406C43EA4E7E41EAB8
:109F10008C7100EBC20340F832E00020596080BD34
:109F2000016E41F002010166012080BDD1E90323E9
:109F3000D1E901CED206496942EA8E7242EA034271
:109F4000006C114340F82C10002080BD90F85C108C
:109F500001290BD1022180F85C1001688A6922F086
:109F600001028A610021016608467047016E41F0D6
:109F70000401016601207047F0B503AF2DE9000729
:109F800090F85C30022B13D1D0F800E0DEF8C4303A
:109F90009B0211D4DEF8C450D1E901360C69C5F337
:109FA000014C8BB10B683443234343F080480FE0EE
:109FB000016E41F0080102E0016E41F4007101669A
:109FC0000120BDE80007F0BD0B68344344EA834834
:109FD000D1E90763D1E9059546EA0363CC682B43D1
:109FE000456D43EA09030CEBCC0643EA044305EB59
:109FF000C60445F836806360CB680BB349F2B838C5
:10A0000004F1080902F1030A0024C0F6010800BFA8
:10A010000AEB040616F8012C1AF8045016F8033C53
:10A0200016F8026C120442EA056242EA06221A4459
:10A0300049F80420CA68043418F802209442E7D38F
:10A04000012101FA0CF1CEF8CC1081650020BDE8A9
:10A050000007F0BDF0B503AF4DF804BD90F85C50BB
:10A06000022D1AD1D0F800C040291AD1DCF8905046
:10A070002D0700F08080DCF89050ED0146BFDCF841
:10A080008050C5F340250025DCF89040C4F301243E
:10A0900004EB050C00F1480518E0016E41F00801E1
:10A0A0006CE0DCF898502D0765D0DCF89850ED0195
:10A0B00046BFDCF88050C5F300250025DCF8984049
:10A0C000C4F3012404EB050C00F14C05D5F800E0C5
:10A0D0000CEBCC045EF8345015F0804555605EF80A
:10A0E000345025F0604608BFC5F38A4616605EF816
:10A0F000345005F0005595605EF834500EEBC40EF8
:10A1000005F000441461BEF80440D461BEF8064076
:10A1100014F00F04D460DEF8044004F48014546199
:10A12000DEF8044004F4001494619EF8074004F043
:10A130007F041462DEF804404FEAD47454620FD0F6
:10A1400049F2B8350EF1080E0024C0F6010500BF33
:10A150001EF804601E55D6680134AE5DB442F7D3D4
:10A16000006840290CBFC0F894C0C0F89CC0002013
:10A170005DF804BBF0BD016E41F480710166012001
:10A180005DF804BBF0BDD0B502AF90F85C30013B88
:10A19000012B66D8006811F0070ED0F858C00CF0FB
:10A1A000010300D01BB311F0380F02D01CF00204E1
:10A1B0001DD011F4E07F02D01CF0040417D011F47C
:10A1C000F05F02D01CF0080411D011F4604F02D0EF
:10A1D0001CF010040BD011F4403F02D01CF02004FE
:10A1E00005D011F47C0F06D01CF0400403D1C46DDF
:10A1F00044F00104C465BEF1000F18BF002B38D134
:10A2000011F0380F18BF1CF0020332D111F4E07FB7
:10A2100018BF1CF004032CD111F4F05F18BF1CF020
:10A22000080326D111F4604F18BF1CF0100320D191
:10A2300011F4403F18BF1CF020031AD111F47C0F19
:10A2400018BF1CF0400314D10B0618D4CB0504D55D
:10A25000D0F8E0301A43C0F8E02000F154020020AA
:10A2600003E000F16002012002211368194311602C
:10A27000D0BDC36D43F00203C3650B06E6D5D0F82D
:10A28000DC301343C0F8DC30CB05E1D4E5E7F0B5B2
:10A2900003AF2DE9000F87B004460068016D426DE1
:10A2A000056D466D036D01EA02090293436D01934A
:10A2B000036D0693436D0593036D0493436D039300
:10A2C000D0F85480D0F850B05FEA4B6307D518F04F
:10A2D000400104D040210165204600F099F805EACC
:10A2E000060A5FEACB5009F4E0550ED518F48070E9
:10A2F0000BD02068D0F8D810D0F8E02011404FF4EF
:10A300008072026520460BF0CCF9DDE9011000EA0D
:10A3100001090AF007062DB1206829460565204687
:10A3200000F077F809F038052EB12068314606654F
:10A3300020460BF043FA2DB12068294605652046DA
:10A3400000F068F85FEA8B5009D518F4007006D069
:10A3500020684FF400710165204600F05CF85FEA68
:10A360000B600DD518F080000AD02068D0F8D4100A
:10A37000D0F8DC2011408022026520460BF06DF9F8
:10A380005FEA8B4009D518F4005006D020684FF4DE
:10A3900000510165204600F03FF85FEA0B40DDE91F
:10A3A000031000EA010509D518F4004006D0206822
:10A3B0004FF400410165204600F02FF8DDE905105B
:10A3C00008405FEA4B4105F460210AD518F4804249
:10A3D00007D022684FF480431365226E42F080025A
:10A3E000226600F4710521B120680165204600F065
:10A3F00015F825B120680565206E28432066206E7B
:10A4000010B120460BF071F907B0BDE8000FF0BDA8
:10A41000704770477047704770477047704700003B
:10A42000F0B503AF2DE9000F82B00A68002A00F0F2
:10A43000CB8041F2004400F13846C4F600044FEAF4
:10A44000B6250623A04208BF0523052D4FF00005C1
:10A450004FF000044FF0010A38BF4FEAB6230093D3
:10A460000AE000BF0A68043432FA0AF30AF1010A6A
:10A4700005F1020500F0A880AAF1010C012303FAFE
:10A480000CFB12EA0B09EDD0D1F804E00EF0030248
:10A49000A2F10108B8F1010F12D8D0F80880032307
:10A4A000CE68AB4028EA0303AE4033438360436881
:10A4B000CEF3001623EA0B0306FA0CF6334343608F
:10A4C000032A1FD00323D0F80CE003FA05F68B68AB
:10A4D0002EEA0606AB403343022AC36012D16FF066
:10A4E000030202EA5C02024404F01C060F23D2F8C5
:10A4F00020E003FA06F80B692EEA080EB34043EA9F
:10A500000E031362026803234E68AB409A4306F0C1
:10A510000303AB401A4316F4403F0260A2D041F25D
:10A520006003C4F202031A6840F2004842F00102DC
:10A530001A601A68C4F2010802F001020192019A3D
:10A540002CF003024FF6084E4244CFF6FF7E52F83D
:10A550000EC004F00C060F23B3402CEA030C009B42
:10A5600003FA06F646EA0C0342F80E30D8F808C0A3
:10A570004B684CEA090640F20C4EDA0258BF2CEA4E
:10A580000906C8F80860C4F2010EDEF800C09A029D
:10A590004CEA090658BF2CEA0906CEF80060D8F844
:10A5A00004C09A034CEA090658BF2CEA0906C8F809
:10A5B0000460D8F80020DB0342EA090658BF22EA0B
:10A5C0000906C8F800604DE702B0BDE8000FF0BD15
:10A5D0000069084018BF012070471823002A08BFEF
:10A5E0002823C150704780B56F4640F21441C4F231
:10A5F00001010A68024208BF80BD08600BF026FA1C
:10A6000080BD0000F0B503AF2DE9000782B08046A1
:10A61000807841F2880A0007C4F2020A01D40025BA
:10A620006EE05AF8300C10F080590BD15AF8300C0B
:10A6300040F080504AF8300C5AF8300C00F080504E
:10A640000190019847F20004C4F20004206840F42D
:10A6500080702060FCF776FF054600BF206810F48C
:10A66000807607D1FCF76EFF401B0328F6D3032545
:10A6700016B93CE00025D6B3DAF8080010F44070B3
:10A6800018D0D8F84010884211D0DAF80800DAF86B
:10A69000081020F4407041F48031CAF80810DAF84C
:10A6A000081021F48031CAF80810CAF80800C00761
:10A6B00003D111E00020C0070ED0FCF743FF06468F
:10A6C00041F28934DAF80800800705D4FCF73AFF34
:10A6D000801BA042F6D303254DB9DAF80800D8F85C
:10A6E000401020F4407008430025CAF80800B9F172
:10A6F000000F05D15AF8300C20F080504AF8300C89
:10A70000D8F80000C10712D181071BD4410724D417
:10A7100001072DD4810636D441063FD4010648D422
:10A72000C10551D481055AD4410563D474E0DAF8E7
:10A730000010D8F8042021F003011143CAF80010DA
:10A740008107E3D5DAF80010D8F8082021F00C01D1
:10A750001143CAF800104107DAD5DAF80010D8F82A
:10A760000C2021F030011143CAF800100107D1D5A7
:10A77000DAF80010D8F8102021F0C0011143CAF80F
:10A7800000108106C8D5DAF80010D8F8142021F49A
:10A7900040611143CAF800104106BFD5DAF8001035
:10A7A000D8F8182021F440511143CAF800100106CE
:10A7B000B6D5DAF80010D8F81C2021F44041114336
:10A7C000CAF80010C105ADD5DAF80010D8F820207D
:10A7D00021F440311143CAF800108105A4D5DAF8FC
:10A7E0000010D8F8242021F440211143CAF80010A9
:10A7F000410511D5DAF80010D8F8282021F44011CD
:10A800001143B2F5801FCAF8001005D15AF87C1C1C
:10A8100041F480114AF87C1C010511D5DAF80010CA
:10A82000D8F82C2021F440011143B2F5800FCAF86A
:10A83000001005D15AF87C1C41F480114AF87C1CA8
:10A84000C10411D5DAF80010D8F8302021F0407199
:10A850001143B2F1807FCAF8001005D15AF87C1C70
:10A8600041F480114AF87C1C810411D5DAF80010FB
:10A87000D8F8342021F040611143B2F1006FCAF8DA
:10A88000001005D15AF87C1C41F480114AF87C1C58
:10A89000410411D5DAF80010D8F8382021F04061D1
:10A8A0001143B2F1006FCAF8001005D15AF87C1CB0
:10A8B00041F480114AF87C1C000411D5DAF800003C
:10A8C000D8F83C1020F040500843B1F1805FCAF83E
:10A8D000000005D15AF87C0C40F480304AF87C0C1A
:10A8E000284602B0BDE80007F0BD002804BF0120E3
:10A8F0007047B0B502AF0446406A20B10020206125
:10A9000004F1140005E06068B0F5827F03D004F123
:10A910001C00002101600025A56294F85D0020B9AB
:10A92000204684F85C50FEF7D2F8022084F85D00DF
:10A930002068D4F80CE00268BEF5E06F22F0400217
:10A9400002604EF4006298BF0125B2F5706F1CBF23
:10A950000023A3624FEA053CD4E90135D4E9042180
:10A9600003F4827305F404452B4402F002021A44F6
:10A97000A36901F00101E569114403F40072114477
:10A9800005F03802256A114405F08002A56A1144D9
:10A9900005F40052114301600421626A0EF47065EF
:10A9A00001EA1341636B45EA0C0502F010022943EA
:10A9B00003F00803114319434160C16921F40061A8
:10A9C000C16100200121206684F85D10B0BD000047
:10A9D000F0B503AF2DE9000B82B0044690F85C009F
:10A9E000012801D1022070E00120994615460E464B
:10A9F00084F85C00FCF7A6FD94F85D10012960D195
:10AA00008046002E4FF0010018BF002D5AD00320C1
:10AA100084F85D0000202066A663A587E587206492
:10AA2000A4F84400A4F84600A168C4E91300B1F5F5
:10AA3000004F08D12068016821F0400101600168E1
:10AA400041F48041016020680168490603D401682F
:10AA500041F04001016061686B1EE268B1FA81F16A
:10AA6000B3FA83F349095B09B2F5E06F41EA0301E8
:10AA70002FD939B1A16B31F8022BC260A163E08FED
:10AA80000138E087E08F002865D009F101050AE070
:10AA9000A16B31F8022BC260A163E08F0138E0871F
:10AAA000E08F002857D0206881688907F0D4FCF730
:10AAB00049FD002DF4D0A0EB08004845F0D3032059
:10AAC00074E00220002184F85C1002B0BDE8000BA5
:10AAD000F0BD00294FF6FE7113D0E28F022A07D392
:10AAE000A26B32F8023BC360A2634FF6FE7005E032
:10AAF00032780273A06B0130A063481CE28F1044CF
:10AB0000E087E08F38B309F101054E1C0BE0A16B23
:10AB100009780173A06B0130A0633046E18F0844CF
:10AB2000E087E08FB8B120688168890708D4FCF716
:10AB300009FD002DF5D0A0EB08004845F1D3BEE794
:10AB4000E18F0229E3D3A16B31F8022BC260A1632C
:10AB50004FF6FE70E2E720464FF4C0514A464346A6
:10AB600000F0B0FC68B920464946424600F022FD9C
:10AB700038B920464FF4C0614A46434600F0A2FC73
:10AB800028B1206E40F02000206620202066A068BA
:10AB900038B9002001902068C16801918068019057
:10ABA0000198206E08B101208CE70020012184F873
:10ABB0005D1087E7F0B503AF2DE9000782B00446CA
:10ABC00090F85D0001280ED16068994692460D46C6
:10ABD000B0F5827F01D1A068C8B194F85C0001286B
:10ABE00003D102260EE0022609E0012684F85C600B
:10ABF000FCF7A8FC002D18BFBAF1000F14D10020FB
:10AC000084F85C00304602B0BDE80007F0BD0420C7
:10AC100084F85D00204629462A465346CDF8009028
:10AC200000F0B2F80646EDE78046042084F85D00A7
:10AC3000002020662564A4F844A0A4F846A0A063E0
:10AC4000A087E0872168C4E91300D4E902204B689B
:10AC5000B0F5E06F23F4805398BF03F58053B2F54D
:10AC6000004F4B6008D121680A6822F040020A6058
:10AC70000A6822F480420A6021680A68520603D4F6
:10AC80000A6842F040020A60B4F84610B0F5E06F7E
:10AC90001FD800293DD009F101050DE0007B216C92
:10ACA0000870206C01302064B4F846000138A4F824
:10ACB0004600B4F8460060B320688168C907EDD14A
:10ACC000FCF740FC002DF4D0A0EB08004845F0D381
:10ACD0001DE0F1B109F101050DE000BFC068216C74
:10ACE00021F8020B2164B4F846000138A4F84600AC
:10ACF000B4F8460068B120688168C907EED1FCF756
:10AD000021FC002DF4D0A0EB08004845F0D3032629
:10AD100035E06068B0F5827F0BD1A068B0F5004FD8
:10AD200002D0B0F5806F04D12068016821F04001A5
:10AD3000016020464946424600F03CFC30B1206E9E
:10AD400040F0200020662020206613E06068B0F507
:10AD5000827F0FD1A068B0F5004F02D0B0F5806FB0
:10AD600008D120464FF4C0614A46434600F0AAFB92
:10AD70000028E4D1206E08B1012640E7002601201A
:10AD800084F85D003BE70000F0B503AF2DE9000754
:10AD9000044690F85C00012803D10220BDE80007BA
:10ADA000F0BD01201D4616468A4684F85C00FCF77B
:10ADB000C9FB94F85D10814601290CD06068B0F59C
:10ADC000827F40F08B80A06800284FF0020008BF0F
:10ADD000042940F0FD80BAF1000F4FF0010018BFC8
:10ADE000002E00F0F580002D00F0F28094F85D0058
:10ADF00004281CBF052084F85D000020206626641E
:10AE0000A4F84650A4F84450C4F838A0E587C4E933
:10AE100013002068A587E1684268B1F5E06F22F46D
:10AE20008052134698BF03F58053012D88BF134607
:10AE300043600268520603D4026842F04002026096
:10AE400062686B1EB2FA82F2B3FA83F3D7F8088015
:10AE500052095B09B1F5E06F43EA020140D939B10B
:10AE6000A16B31F8022BC260A163E08F0138E0874B
:10AE7000012608F1010500BFE08F20B9B4F84600B3
:10AE8000002800F0AB802068816889070CD5E18F2D
:10AE900051B1012E08D1A16B002631F8022BC260FE
:10AEA000A163E18F0139E1878168C9070DD0B4F84A
:10AEB000461051B1C068216C012621F8020B2164B3
:10AEC000B4F846000138A4F84600FCF73BFB002D1F
:10AED000D2D0A0EB09004045CED375E0022077E048
:10AEE00000294FF6FE7114D0E28F022A07D3A26B1D
:10AEF00032F8023BC360A2634FF6FE7006E09AF898
:10AF000000200273A06B0130A063481CE28F104444
:10AF1000E087012608F1010501F1010AE08F18B967
:10AF2000B4F84600002859D020688168890719D5EF
:10AF3000E18FB9B1012E15D1E18F022907D3A16BA1
:10AF400031F8022BC260A1634FF6FE7006E0A16BE0
:10AF500009780173A06B0130A0635046E18F002691
:10AF60000844E08720688168C90725D0B4F84610F6
:10AF700011B3B4F84610022912D3C168226C22F82A
:10AF8000021B2264B4F846100239A4F84610B4F843
:10AF9000461001290FD8416841F4805141600AE010
:10AFA000007B216C0870206C01302064B4F84600EE
:10AFB0000138A4F846000126FCF7C4FA002DADD0F4
:10AFC000A0EB09004045A9D30320012184F85D10BE
:10AFD000002184F85C10BDE80007F0BD20464FF466
:10AFE000C05142464B4600F06DFA68B920464146D2
:10AFF0004A4600F0DFFA38B920464FF4C0614246B5
:10B000004B4600F05FFA58B1206E40F020002066F9
:10B01000202020660120216E0029D6D00120D7E70C
:10B020000020F8E780B56F46806A01684A6822F020
:10B0300003024A60016E41F010010166012180F8AF
:10B040005D1000F0B1FB80BDF0B503AF4DF804BD5D
:10B05000044690F85D00012811D113460A46A16804
:10B0600079B96068B0F5827F0BD1042084F85D0067
:10B070002046114600F097F85DF804BBF0BD0220B1
:10B080008BE094F85C00012803D102205DF804BB3A
:10B09000F0BD0120002A84F85C0018BF002B7CD092
:10B0A000042084F85D000020254645F8600FB1F5C6
:10B0B000004F45F8202C25F81C3C25F81A3C45E9A2
:10B0C000050025F8240C25F8220C08D12068016819
:10B0D00021F040010160016821F480410160216894
:10B0E000E3684868B3F5E06F20F4005048604868B2
:10B0F00003D920F48050486021E040F4805048603B
:10B10000A06D8069B0F5806F19D1486820F4805037
:10B110004860B4F846304868DB0706D120F4005098
:10B120004860B4F84600400807E040F4005048602A
:10B13000B4F84600012303EB5000A4F84600A06DCC
:10B140004BF275334BF2693CC0F600034BF2250E0F
:10B15000002600F12C0BC0F6000CC0F6000E8BE8A8
:10B1600008508663B4F846300C31FEF798FC10B1F5
:10B17000012010210EE025682868400603D42868C5
:10B1800040F04000286055F8040F012140F02000F5
:10B19000286000202A6811432960002184F85C108F
:10B1A0005DF804BBF0BDF0B503AF2DE9000B04461C
:10B1B00090F85C00012803D10220BDE8000BF0BD2F
:10B1C000012084F85C0094F85D60012E2CD10029E8
:10B1D0004FF0010018BF002A00F0AB80002B00F0F8
:10B1E000A88094F85D00A04604281CBF052084F8C0
:10B1F0005D00002048F8600FA163A387E387226405
:10B20000A4F84430A4F846302168C4E91300E66885
:10B210004868B6F5E06F20F4C0404860486811D92E
:10B2200020F48050486045E06068B0F5827F07D127
:10B23000A06800284FF0020008BF042E79D1C6E7AD
:10B24000022076E040F480504860606D8069B0F57F
:10B25000806F10D14868DB0705D120F4804048603A
:10B26000E08F400806E040F480404860E08F012312
:10B2700003EB5000E087A06D8069B0F5806F19D1B5
:10B28000486820F480504860B4F846304868DB07CE
:10B2900006D120F400504860B4F84600400807E0AA
:10B2A00040F400504860B4F84600012303EB50001E
:10B2B000A4F8460094F85D004BF269334BF22F4539
:10B2C000C0F60003C0F60005042808BF1D464BF277
:10B2D00075304BF23B43C0F60000C0F6000308BFD8
:10B2E0000346A06D4BF2250600F12C0CC0F60006BB
:10B2F0004FF000098CE86802B4F846300C31FEF7D4
:10B30000CEFB78B92268A16B606D536843F00103EE
:10B310005360C0E90B99C0E90D99E38F0C32FEF739
:10B32000BEFB60B101201021D8F800201143C8F8FD
:10B330000010002184F85C10BDE8000BF0BDD4F8CB
:10B340000080D8F80000400605D4D8F8000040F08E
:10B350004000C8F8000058F8040F022140F0200017
:10B36000C8F800000020DFE780B56F46806A00F073
:10B370001DFA80BDB0B502AF846A0546FCF7E2F85D
:10B380002968096889064ED405462068A168426884
:10B3900022F02002426031B96268B2F5827F02D1A8
:10B3A0006FF0030201E06FF0010243681A4042604F
:10B3B0006268B2F5827F09D1B1F5004F02D0B1F5D4
:10B3C000806F03D1016821F04001016020466421B3
:10B3D0002A4600F0EFF830B1206E40F020002066E1
:10B3E0002020206613E06068B0F5827F0FD1A0684E
:10B3F000B0F5004F02D0B0F5806F08D120464FF471
:10B40000C06164222B4600F05DF80028E4D10020E2
:10B41000A4F84600012084F85D00206E18B1204693
:10B4200000F0C2F9B0BD20460AF0ACFBB0BD80B55B
:10B430006F46806A00F0BBF980BDB0B502AF846A88
:10B440000546FCF77FF829680968890635D4054662
:10B450002068642241682B4621F02001416020468B
:10B460004FF4C05100F02EF868B9204664212A46F6
:10B4700000F0A0F838B920464FF4C06164222B4692
:10B4800000F020F838B1206E40F020002066206ED9
:10B4900040F0200020662068416821F003014160EF
:10B4A0000020E087A4F84600012084F85D00206EAB
:10B4B00018B1204600F078F9B0BD204600F075F9CB
:10B4C000B0BD0000F0B503AF2DE9000F83B04FF021
:10B4D00000081E4614460D46824607F8218CFCF7EC
:10B4E00031F8301A26460444FCF72CF840F290015B
:10B4F000C2F20001096823225143090DDAF800B0B5
:10B5000061430291DBF8081029424ED08146013692
:10B5100005E000BFDAF800008068284218D0B5F5D1
:10B52000C06F05D19BF80C0007F8210C17F8210C0F
:10B53000002EEFD0FCF706F8A0EB0900A0420AD2DB
:10B5400002980299002808BF0446481E0290E1E7CD
:10B550004FF0000829E0DAE900014268B1F5827F86
:10B5600022F0E00242600BD1DAF80810B1F5004F8A
:10B5700002D0B1F5806F03D1016821F04001016074
:10B58000DAF82810B1F5005F07D1016821F4005105
:10B590000160016841F40051016001208AF85D00FA
:10B5A00000208AF85C004FF00308404603B0BDE875
:10B5B000000FF0BDF0B503AF2DE9000B82B01546CA
:10B5C00088468146FBF7BEFF281A00EB0806FBF70A
:10B5D000B9FF40F29001C2F200010968C1F3CB311A
:10B5E00071430191D9F800108968090601D400203F
:10B5F00041E0054608F1010405E000BFD9F800006C
:10B6000080680006F3D5002CF8D0FBF79BFF401BA9
:10B61000B04207D201980199002808BF0646481E8B
:10B620000190EBE7D9E900014268B1F5827F22F091
:10B63000E00242600BD1D9F80810B1F5004F02D0FA
:10B64000B1F5806F03D1016821F040010160D9F8A4
:10B650002810B1F5005F07D1016821F400510160A5
:10B66000016841F400510160012089F85D0000206B
:10B6700089F85C00032002B0BDE8000BF0BDB0B556
:10B6800002AF82B0044600684168826812F040034D
:10B6900005D112F0010518BF11F040050ED1950734
:10B6A00004D511F0800501D0216D08E012F4B07FBF
:10B6B00018BF11F0200506D102B0B0BDE16C2046E4
:10B6C000884702B0B0BDBBB194F85D30032B08D100
:10B6D00000210191C168019180680190019802B038
:10B6E000B0BD236E43F00403236600230193C368B7
:10B6F000019383680193019B12F0200302F480728E
:10B700000CD0236E43F0010323660023019383686A
:10B710000193036823F040030360019B42B1226E52
:10B7200042F0080222660022019282680192019A88
:10B73000226E002AC0D04268890722F0E0024260EF
:10B740004FF0010284F85D201FD041684BF29575DF
:10B7500021F003014160A06DC0F6000538B185639A
:10B76000FEF74AFA18B1206E40F040002066606D86
:10B770000028A1D08563FEF73FFA00289CD0206EF8
:10B7800040F04000206602B0B0BD204600F00CF84A
:10B7900002B0B0BD80B56F46806A0021A0F84610A7
:10B7A000C18700F001F880BD70477047704770474F
:10B7B000002804BF01207047D0B502AF044690F8BE
:10B7C0003D0028B9002084F83C00204600F022F813
:10B7D000022084F83D002068211D00F01CF80120A3
:10B7E00084F8480084F83E0084F83F0084F8400064
:10B7F00084F8410084F8420084F8430084F844004F
:10B8000084F8450084F8460084F8470084F83D0039
:10B810000020D0BD704780B56F4640F2FF7C0268C3
:10B82000C4F2000C604512DD40F60003C4F20003D0
:10B83000984215D043F20043C4F2010398420FD05E
:10B8400042F60043C4F20103984209D00CE0B0F183
:10B85000804F05D040F20043C4F20003984203D168
:10B860004B6822F070021A4343F2FF33C4F2010323
:10B87000984209DC604516DCB0F1804F28D040F2D8
:10B880000043C4F2000321E044F2FF33C4F2010399
:10B89000984211DC43F20043C4F20103984217D0EE
:10B8A00044F2000310E040F60003C4F200039842A3
:10B8B0000ED042F6004307E044F60003C4F2010351
:10B8C000984205D044F20043C4F20103984203D1E8
:10B8D000CB6822F440721A434B6922F0800E8A68CA
:10B8E00043EA0E03D1F800C00360C262A0F18042B7
:10B8F000A2F596324FEAB222072AC0F828C007D82C
:10B90000012303FA02F212F0E50F1CBF096901637B
:10B91000012141610169C90708BF80BD016921F0AA
:10B920000101016180BD90F83D1001291CBF01207B
:10B930007047022180F83D10016842F6FF32C86866
:10B94000C4F20102914240F00100C8600FDCB1F185
:10B95000804F1ED040F20040C4F20000814218D057
:10B9600040F60000C4F20000814212D01EE042F610
:10B970000040C4F2010081420BD044F20000C4F246
:10B980000100814205D043F20040C4F2010081422F
:10B990000CD188680722C0F201020240062A4FF04B
:10B9A000000008D0B2F5803F08BF7047086840F03B
:10B9B00001000860002070470146006841F2111341
:10B9C000C26822F00102C260026A1A4208D1026A09
:10B9D00044F244431A4203D1026822F00102026099
:10B9E0000122002081F83D207047002804BF01207B
:10B9F0007047D0B502AF044690F83D0028B900204A
:10BA000084F83C002046FDF74DF9022084F83D0003
:10BA10002068211DFFF7FFFE012084F8480084F80C
:10BA20003E0084F83F0084F8400084F8410084F828
:10BA3000420084F8430084F8440084F8450084F808
:10BA4000460084F8470084F83D000020D0BD000087
:10BA500059B10A1F4FEAB202032A09D8DFE802F0FF
:10BA6000020B0E1100F13F020DE000F13E020AE070
:10BA700000F1430207E000F1400204E000F141025E
:10BA800001E000F142021278012A1CBF0120704738
:10BA900061B10A1F4FEAB202032A0BD8DFE802F0B5
:10BAA000020E1216022280F83F2012E0022280F8D5
:10BAB0003E200EE0022280F843200AE0022280F8B5
:10BAC000402006E0022280F8412002E0022280F8B5
:10BAD0004220026801F01F000121136A01FA00F000
:10BAE00083431362136A18431062A2F18040A0F5E9
:10BAF00096304FEAB02342F6FF30062BC4F2010025
:10BB00003ED8994011F0650F3AD0516C824241F411
:10BB1000004151640FDCB2F1804F1ED040F2004072
:10BB2000C4F20000824218D040F60000C4F20000C7
:10BB3000824212D01EE042F60040C4F2010082426E
:10BB40000BD044F20000C4F20100824205D043F25F
:10BB50000040C4F2010082420CD190680721C0F27B
:10BB60000101014006294FF0000008D0B1F5803FE7
:10BB700008BF7047106840F0010010600020704757
:10BB80008242C8DD43F6FF71C4F201018A4202DC41
:10BB900042F60040D7E744F20001C4F201018A42B4
:10BBA000DBD044F60001C4F201018A42ADD0E1E7E6
:10BBB000D0B502AF026801F01F0E4FF0010C146AFD
:10BBC0000CFA0EF324EA03031362A2F18043A3F5F7
:10BBD0009633146A4FEAB323062B146213D80CFA77
:10BBE00003F313F0650F0ED0136A41F211142342D0
:10BBF0000FD1136A44F2444423420AD1536C23F414
:10BC00000043536405E044F60003C4F201039A4282
:10BC1000EAD0136A41F21114234208D1136A44F2A4
:10BC20004444234203D1136823F0010313604FEA15
:10BC3000B101042909D8DFE801F0030D12171C0037
:10BC4000012180F83E100020D0BD012180F8431072
:10BC50000020D0BD012180F83F100020D0BD01217F
:10BC600080F840100020D0BD012180F84110002054
:10BC7000D0BD012180F842100020D0BDF0B503AF47
:10BC80004DF8048D04460068D0F80C800669B107B1
:10BC900016D518F0020113D06FF0020101610121E5
:10BCA00021778069800703D0204600F0CBF805E0BB
:10BCB000204600F0C8F8204600F0C6F800202077A3
:10BCC000700718D518F0040015D020686FF0040133
:10BCD000016102212177806910F4407F03D0204662
:10BCE00000F0B0F805E0204600F0ADF8204600F086
:10BCF000ABF800202077300717D518F0080014D0D3
:10BD000020686FF00801016104212177C069800774
:10BD100003D0204600F096F805E0204600F093F8A6
:10BD2000204600F091F800202077F00618D518F092
:10BD3000100015D020686FF01001016108212177F3
:10BD4000C06910F4407F03D0204600F07BF805E086
:10BD5000204600F078F8204600F076F800202077A2
:10BD6000F00718BF18F0010006D020686FF001013D
:10BD70000161204601F026FF16F4025F08F08005FD
:10BD800018BF002D02D1F00509D410E020686FF42F
:10BD900002510161204600F00AFBF00507D535B1DC
:10BDA00020686FF480710161204600F001FB70068D
:10BDB00009D518F0400006D020686FF040010161FD
:10BDC000204600F042F8B00609D518F0200006D051
:10BDD00020686FF020010161204600F0E7FAF002D0
:10BDE00009D518F4801006D020686FF48011016125
:10BDF000204600F0DEFAB00209D518F4001006D093
:10BE000020686FF400110161204600F0D3FA70023F
:10BE100009D518F4800006D020686FF48001016114
:10BE2000204600F0C8FA300209D518F4000006D008
:10BE300020686FF400010161204600F0BDFA5DF852
:10BE4000048BF0BD7047704770477047F0B503AF83
:10BE50002DE9000B90F83C30012B01D10223DFE1EA
:10BE60004FEAB2020123052A80F83C3000F2D58166
:10BE7000DFE812F006005300A600FC00520190011A
:10BE800003681D6A1A6AA3F1804622F001021A6251
:10BE90001A46D3F8048052F818CF8C68A6F5963667
:10BEA000D1F800E025F002054FEAB626072E44EA55
:10BEB00005090BD80124B44014F0E50F1FBFCC686E
:10BEC00029F00C0524F0040444EA0509072E0BD8D8
:10BED0000124B44014F0E50F1FBF28F44074D1E9E9
:10BEE0000565344344EA05084FF68C74CFF6FE74BA
:10BEF0000CEA040646EA0E06C3F804809E614E680A
:10BF000009695E63C3F820909E6946F008069E6149
:10BF10009E6926F004069E617BE1036843F20046B9
:10BF20001D6A1A6AC4F2010622F010021A621A4649
:10BF30005C6852F818EFB3428E68D1F800C025F063
:10BF4000200545EA061805D042F60046C4F201066F
:10BF5000B34208D1CE686FF0400528F0C00805EA6A
:10BF6000061548EA0508A3F18046A6F596364FEA7D
:10BF7000B626072E0CD80125B54015F0E50F1FBFDA
:10BF800024F44064D1E9055644EA850444EA860471
:10BF900048F6FF45CFF6FF650EEA050646EA0C2691
:10BFA0005C609E614E6809699E63C3F820809E694B
:10BFB00046F400669E619E6926F480669E6127E1D4
:10BFC000036843F200461D6A1A6AC4F2010622F4AD
:10BFD00080721A621A46D3F8048052F81CCFB3421A
:10BFE0008E68D1F800E025F4007545EA062905D0F1
:10BFF00042F60046C4F20106B34209D1CE6840F2CF
:10C00000FF44360229F4406526EA040444EA05099F
:10C01000A3F18044A4F596344FEAB426072E0CD839
:10C020000124B44014F0E50F1FBF28F44054D1E9B7
:10C03000056544EA061444EA05184FF68C74CFF6F9
:10C04000FE740CEA040646EA0E06C3F80480DE61BC
:10C050004E680969DE63C3F82090DE6946F0080681
:10C06000DE61DE6926F00406DE61D2E0036843F299
:10C0700000461D6A1A6AC4F2010622F480521A624E
:10C080001A46D3F8048052F81CCFB3428E68D1F818
:10C0900000E025F4005545EA063905D042F6004691
:10C0A000C4F20106B34209D1CE6844F6FF743603E8
:10C0B00029F4404526EA040444EA0509A3F1804432
:10C0C000A4F596344FEAB426072E0CD80124B440C8
:10C0D00014F0E50F1FBF28F44044D1E9056544EA98
:10C0E000861444EA851848F6FF44CFF6FF640CEA4C
:10C0F000040646EA0E26C3F80480DE614E6809692C
:10C100001E64C3F82090DE6946F40066DE61DE69D5
:10C1100026F48066DE617BE00368D3F820C01A6AEB
:10C12000A3F1804422F480321A621A46A4F59634B0
:10C130005D6852F8508FD1F800E0D1F808904FEACE
:10C14000B424072C0AD8012606FA04F414F0E50FEB
:10C150001EBF4C6925F4803545EA04254FF68C74E2
:10C16000CFF6FE74033404EA080444EA0E045D606A
:10C170001C652CF400364D6846EA094609699D6441
:10C180001E621E6D46F008061E651E6D26F0040632
:10C190001E653EE00368D3F820C01A6AA3F180440C
:10C1A00022F480121A621A46A4F596345D6852F899
:10C1B000508FD1F800E0D1F808904FEAB424072C52
:10C1C0000AD8012606FA04F414F0E50F1EBF4C69E4
:10C1D00025F4802545EA842548F6FF44CFF6FF6420
:10C1E00004F5407404EA080444EA0E245D601C650A
:10C1F0002CF400164D6846EA09560969DD641E6292
:10C200001E6D46F400661E651E6D26F480661E6572
:10C2100009021368194300231160002180F83C10C3
:10C220001846BDE8000BF0BDF0B503AF4DF804BDF6
:10C2300090F83C20012A4FF002024AD0012380F8F6
:10C240003C3080F83D20026843F2004C546893680B
:10C25000C4F2010C42F6004E6245C4F2010E01D058
:10C26000724503D14D6824F470042C434FF68F754A
:10C27000CFF6FF550E682C4042F6FF35C4F201059B
:10C280003443AA4254600FDCB2F1804F16D040F222
:10C290000046C4F20006B24210D040F60006C4F2D6
:10C2A0000006B2420AD00EE0724507D044F2000602
:10C2B000C4F20106B24201D0624504D1896823F07C
:10C2C0008003194391600121002280F83D1080F81D
:10C2D0003C2010465DF804BBF0BDB0B502AF90F84D
:10C2E0003C20012A04BF0220B0BD012280F83C207E
:10C2F000D1E90232D1E900CE22F47C5223F470530A
:10C3000043EA020448F2FF73CEF6F0730EEA03022A
:10C31000224303F5006404EA0C0442EA040C0C69AD
:10C3200003F5C05222404C6942EA0C02224303F555
:10C33000605422400C6B03F5F04323401A438B6991
:10C3400040F2000CCC69CEF6FF7C0CEA03431443A8
:10C35000D0F800C043F20042C4F20102944543EA1F
:10C36000040305D042F60042C4F20102944516D1FE
:10C370004FF6FF72CDF60F421A40D1E9083ED1E9DF
:10C380000A410025CDF6F04505EA0454224323F086
:10C3900008531A432EF000531A4342EA01030021C6
:10C3A000CCF8443080F83C100846B0BD7047704768
:10C3B00070477047704770477047D0B502AFD8B12B
:10C3C0000446D0F8880028B9002084F8840020466C
:10C3D000FCF7DDFC2420C4F888002068A16A02680C
:10C3E00022F00102026011B1204600F018F8204648
:10C3F00000F08AF8012801D10120D0BD20684168F1
:10C4000021F490414160816821F02A018160016836
:10C4100041F001010160204600F0E8F9D0BD80B58F
:10C420006F46816A0A070CD4CA0715D18A071ED441
:10C430004A0727D4CA0630D48A0639D44A0642D4D9
:10C4400056E00268D0F838C0536823F4004343EA4A
:10C450000C035360CA07E9D00268D0F82CC05368B7
:10C4600023F4003343EA0C0353608A07E0D50268E3
:10C47000D0F830C0536823F4803343EA0C03536090
:10C480004A07D7D50268D0F834C0536823F4802314
:10C4900043EA0C035360CA06CED50268D0F83CC00C
:10C4A000936823F4805343EA0C0393608A06C5D54E
:10C4B0000268D0F840C0936823F4005343EA0C03A9
:10C4C00093604A0614D50268D0F844C05368BCF59E
:10C4D000801F23F4801343EA0C03536008D1D2F881
:10C4E00004C0D0F848E02CF4C00343EA0E035360C4
:10C4F000090658BF80BD0168C06C4A6822F400225A
:10C500001043486080BD0000F0B503AF4DF8048DC6
:10C5100004462269D4E90213006866690A43E169A6
:10C520003243066846F6F315CCF6FF750A432E40F3
:10C530003243026042684FF2FF4522F440521A43F0
:10C54000426048F20002A369C4F2000290421CBF9C
:10C55000266A33438668C1F2FF152E403343836059
:10C56000C36A666A23F00F033343C36244F6FF33A2
:10C57000C4F2000398424FF0100317DD44F6004662
:10C58000C4F20006B04224D0904229D043F60006FF
:10C59000C4F20106B04238D141F28803C4F202036A
:10C5A0001B6849F2E036C0F601062AE044F2004674
:10C5B000C4F20006B0421AD044F60006C4F20006E7
:10C5C000B04222D141F28803C4F202031B681B0966
:10C5D00013E041F28803C4F202031B689B090CE0DC
:10C5E00041F28803C4F202031B689B0A05E041F292
:10C5F0008803C4F202031B689B0849F2F036C0F6B8
:10C60000010603F0030356F82330904242F2004043
:10C61000C0F2F40016D0B1F5004F24D1082B00F27F
:10C620007C804FF00008DFE803F0057281787D78A8
:10C6300078789F004FF00008FCF745F9002840F09B
:10C640007780BFE0082B22D84FF00008DFE803F026
:10C65000051F281F241F1F1F58004FF00008FCF75C
:10C6600032F900BBAEE0082B00F28B804FF00008DF
:10C67000DFE803F0058190878C878787B5004FF04E
:10C680000008FCF720F9002840F085809AE000209F
:10C690004FF0010838B995E04FF00008FCF7D6F8E4
:10C6A000002800F08F80616A49F2C832C0F60102AA
:10C6B00032F811206568B0FBF2F305EB45018B42BF
:10C6C0004FF00101C0F081802E03B3427DD80021DC
:10C6D0000023F6F7EDFE090241EA1061000210EBBB
:10C6E000550041F100012A460023F6F7E1FE4FF61E
:10C6F0000052A0F54071C0F20F02914260D363E096
:10C700004FF400404FF000080028CCD15AE04FF021
:10C710000008FCF7EDF858B954E000204FF001088C
:10C7200030B94FE04FF00008FCF790F8002849D0EE
:10C73000616A49F2C832C0F6010232F8111062682B
:10C74000B0FBF1F0510801EB4000B0FBF2F04FF606
:10C75000EF72A0F11001914236D84FF6F07101400E
:10C76000C0F3420008442BE04FF400404FF00008B3
:10C770000028DDD126E04FF00008FCF7B9F850B9E9
:10C7800020E000204FF0010828B91BE04FF000081E
:10C79000FCF75CF8B0B1616A49F2C832C0F6010238
:10C7A00032F811106268B0FBF1F000EB5200B0FB00
:10C7B000F2F04FF6EF72A0F11001914204D880B26E
:10C7C0002168C860414600E001214FF001100022BD
:10C7D000A06662670846A2675DF8048BF0BD4FF45F
:10C7E00000404FF000080028D5D1EBE7B0B502AF0C
:10C7F00082B004460020C4F89000FAF7A3FE216836
:10C800000546096809071AD56FF07E4C20464FF49B
:10C81000001100222B46CDF800C000F0C7F870B11F
:10C82000206850E8000F216820F0800041E80002F5
:10C83000002AF5D12020C4F88800032033E02068C6
:10C840000068400727D56FF07E4C20464FF48001EA
:10C8500000222B46CDF800C000F0A8F8D8B100BFE8
:10C86000206850E8000F216820F4907041E8000231
:10C87000002AF5D12068083050E8000F216820F028
:10C880000100083141E80002002AF3D12020C4F859
:10C890008C00032007E02020C4F88800C4F88C0036
:10C8A0000020E0662067002184F8841002B0B0BD4B
:10C8B000F0B503AF2DE900070446D0F88800202822
:10C8C00050D1884600294FF001006CD01646002A4E
:10C8D00069D04FF0000921201D46C4F89090C4F89B
:10C8E0008800FAF72FFEA4F85460A4F85660A168F7
:10C8F0008246B1F5805F05D12069002814BF40460B
:10C90000C1468046B4F8560080B36E1C0EE0B8F104
:10C91000000F1ED018F8010B21688862B4F8560089
:10C920000138A4F85600B4F85600F8B12068C06980
:10C930000006ECD4002EF9D0FAF704FE01464FF0C1
:10C9400003006DB3A1EB0A01A94229D82068006851
:10C95000ECE739F8020B21686FF35F2088624FF033
:10C960000008DBE70220BDE80007F0BD2068C069D1
:10C97000400614D46E1C03E02068C06940060ED443
:10C98000002EF9D0FAF7DEFD01464FF003003DB16D
:10C99000A1EB0A01A94203D820680068ECE7002057
:10C9A0002021C4F88810BDE80007F0BDF0B503AF42
:10C9B0002DE9000782460068C0690840401AB0FAB5
:10C9C00080F04009904262D1D7F8089015460E4693
:10C9D000984609F1010409E0DAF80000C069304026
:10C9E000801BB0FA80F04009A84250D1002CF3D04F
:10C9F000FAF7A8FD0146B9F1000F4FF0030047D048
:10CA0000A1EB0801494543D8DAF80000016849075D
:10CA1000E2D5402EE0D0802EDED0C16909073AD49D
:10CA2000C1690905D8D54FF400610162DAF8000048
:10CA300050E8000FDAF8001020F4907041E800028E
:10CA4000002AF3D14FF6FE70CEF6FF70DAF8001030
:10CA5000083151E8001FDAF800200140083242E8AE
:10CA60000013002BF2D1DAF86C0001280CD100BFC2
:10CA7000DAF8000050E8000FDAF8001020F010009B
:10CA800041E80002002AF3D10320202136E00020F3
:10CA9000BDE80007F0BD0821016200BFDAF8000020
:10CAA00050E8000FDAF8001020F4907041E800021E
:10CAB000002AF3D14FF6FE70CEF6FF70DAF80010C0
:10CAC000083151E8001FDAF800200140083242E83E
:10CAD0000013002BF2D1DAF86C0001280CD100BF52
:10CAE000DAF8000050E8000FDAF8001020F010002B
:10CAF00041E80002002AF3D1012008212022CAF8CF
:10CB00008C200022CAF86C20CAF87420CAF8901051
:10CB10008AF88420BDE80007F0BD0000F0B503AF3F
:10CB20002DE9000782B00446D0F88C00202823D1DC
:10CB30000E4600294FF001005FD01546002A5CD058
:10CB4000002022219946C4F89000C4F88C10E066B9
:10CB5000FAF7F8FCA4F85C50A4F85E50A16880468F
:10CB600061B1B1F1805F0DD0B1F5805F0ED1206968
:10CB700030B940F2FF100CE002203EE0206938B9E5
:10CB8000FF2006E0206918B13F2002E0002000E00D
:10CB90007F20B1F5805F4FF0000AA4F8600004D157
:10CBA0002069002804BFB2460646B4F860500AE087
:10CBB00020680026406A28402AF8020BB4F85E007C
:10CBC0000138A4F85E00B4F85E0080B12046202150
:10CBD00000224346CDF80090FFF7E8FE48B9002E4A
:10CBE000E6D02068406A284006F8010BE6E70020FE
:10CBF00000E003202021C4F88C1002B0BDE800073B
:10CC0000F0BD0000B0B502AF0446D0F8880020287F
:10CC10001CBF0220B0BD00294FF001003FD0002A08
:10CC2000134608BFB0BD002221202165A4F854306E
:10CC3000A4F85630C4F89020C4F88800E06FE8B13A
:10CC40004CF6F545C0F60005456325684CF6A14C49
:10CC50004CF6E94EC0F6000CC0F6000E826305F1FA
:10CC60002802C0E90BCEFCF71AFF38B11020C4F837
:10CC700090002020C4F888000120B0BD2068402129
:10CC8000016200BF2068083050E8000F216840F0C2
:10CC90008000083141E80002002AF3D10020B0BD35
:10CCA00080B56F460168806A0968890619D4002139
:10CCB000A0F856100168083151E8001F026821F001
:10CCC0008001083242E80013002BF3D1016851E8DB
:10CCD000001F026841F0400142E80013002BF5D12B
:10CCE00080BDFCF718FC80BD80B56F46806AFCF7FC
:10CCF00033FC80BD80B56F46806A0368D0F8882019
:10CD0000D0F88CC09B681B061DD5212A1BD10022A0
:10CD1000A0F85620026852E8002F036822F0C002F3
:10CD200043E800210029F5D10168083151E8001FCE
:10CD3000026821F40001083242E80013002BF3D10D
:10CD40002021C0F8881001688968490634D5BCF1F3
:10CD5000220F31D10021A0F85E1000BF016851E818
:10CD6000001F026821F4907142E80013002BF5D1F6
:10CD70004FF6FE7CCEF6FF7C0268083252E8002FA8
:10CD8000036802EA0C02083343E800210029F3D1CA
:10CD9000C16E01290AD100BF016851E8001F026875
:10CDA00021F0100142E80013002BF5D12021C0F83A
:10CDB0008C100021C1664167D0F8901041F010013D
:10CDC000C0F89010FCF72CFC80BD000080B56F46C9
:10CDD000D0F88C30202B1CBF022080BD00294FF0E2
:10CDE000010318BF002A01D1184680BD0023C36685
:10CDF000D0F800C048F20003C4F200039C450FD0F5
:10CE0000DCF804301B020BD5036853E800CFD0F8E0
:10CE100000E04CF080634EE8003CBCF1000FF3D121
:10CE200000F004F80346184680BD0000B0B502AF1C
:10CE300013460A46816500210446A0F85C30C0F81C
:10CE400090102220C4F88C00D4F88000E8B14CF691
:10CE5000F545C0F60005456325684DF2C13C4DF22D
:10CE6000534EC0F6000CC0F6000E816305F124019C
:10CE7000C0E90BCEFCF713FE38B11020C4F89000C7
:10CE80002020C4F88C000120B0BD206950B100BF43
:10CE9000206850E8000F216840F4807041E80002EB
:10CEA000002AF5D12068083050E8000F216840F0D2
:10CEB0000100083141E80002002AF3D1206808305F
:10CEC00050E8000F216840F04000083141E80002BE
:10CED000002AF3D10020B0BDD0B502AF044600BF98
:10CEE000206850E8000F216820F4907041E80002AB
:10CEF000002AF5D14FF6FE70CEF6FF70216808319A
:10CF000051E8001F22680140083242E80013002B5C
:10CF1000F4D1E06E012809D1206850E8000F2168A3
:10CF200020F0100041E80002002AF5D12068816855
:10CF300049060BD400210F22A4F85E10A1650262FD
:10CF40002020C4F88C00E1662CE000BF2068083087
:10CF500050E8000F216820F04000083141E800024D
:10CF6000002AF3D1D4F8800068B14CF6AF71C0F656
:10CF700000018163FCF740FEB8B1D4F88000816BFA
:10CF800088470020D0BD0020A4F85E0021680F2251
:10CF9000A0650A628A6942F008028A612021C4F809
:10CFA0008C10E0662046FCF75CFB0020D0BD80B50D
:10CFB0006F46806A0021A0F85E1002680F2313629A
:10CFC000936943F0080393612022C0F88C20C16666
:10CFD000FCF747FB80BD0000F0B503AF4DF804BD82
:10CFE000036840F62F02D969044618689E680A4013
:10CFF000202A05D100F0200206F0805552192AD1CE
:10D0000040F60F020A400CD00122C1F2000206EAEB
:10D01000020C40F22012C0F20042024012EB0C025D
:10D0200022D1E26E012A06D111F0100218BF10F0D1
:10D03000100240F0F880CA0240F1CF8016F480025E
:10D0400000F0CB804FF480101862204600F012FAF6
:10D050005DF804BBF0BD616F002900F0F58020464B
:10D0600088475DF804BBF0BDCA0718BF10F4807292
:10D0700007D001221A62D4F8902042F00102C4F8CD
:10D0800090208A0706F0010E0AD5BEF1000F07D0E6
:10D0900002221A62D4F8902042F00402C4F89020D0
:10D0A0004A070AD5BEF1000F07D004221A62D4F84D
:10D0B000902042F00202C4F890200A070CD500F03C
:10D0C000200252EA0C0207D008221A62D4F89020FB
:10D0D00042F00802C4F890200A050BD510F08062D7
:10D0E00008D04FF400621A62D4F8902042F0200277
:10D0F000C4F89020D4F89020002A00F0A58011F008
:10D1000020011EBF00F0200006F0805110EB01004E
:10D1100040F043812068D4F89010806801F0280125
:10D1200000F04000401809D12046FCF779FA0020B1
:10D13000C4F890005DF804BBF0BD00BF206850E863
:10D14000000F216820F4907041E80002002AF5D118
:10D150004FF6FE70CEF6FF702168083151E8001FCF
:10D1600022680140083242E80013002BF4D1E06E3F
:10D17000012809D1206850E8000F216820F0100034
:10D1800041E80002002AF5D12020C4F88C000020DC
:10D19000E066216860678868400640F1E68000BF6D
:10D1A0002068083050E8000F216820F04000083166
:10D1B00041E80002002AF3D1D4F88000002800F0F2
:10D1C000D4804DF2A931C0F600018163FCF714FD53
:10D1D000D0B3D4F88000816B42E70A0606D500F090
:10D1E000800206F40003D21840F0C5804A0640F1E0
:10D1F000B18010F0400200F0AD8000BF206850E820
:10D20000000F216820F0400041E80002002AF5D11B
:10D210002020C4F888000020A0672046FCF77BF996
:10D220005DF804BBF0BD10201862986840063CD43D
:10D23000B4F85C00B4F85E10B4F85E20002A1CBF9D
:10D24000401A5FEA004103D15DF804BBF0BD00BFA6
:10D25000216851E8001F226821F4907142E8001310
:10D26000002BF5D14FF6FE71CEF6FF712268083221
:10D2700052E8002F23680A40083343E80026002EB6
:10D28000F4D12021C4F88C100021E166616700BF51
:10D29000216851E8001F226821F0100142E80013C4
:10D2A000002BF5D1022121674DE0D4F88000006801
:10D2B00041688AB2002AC7D0B4F85C309A42C3D21F
:10D2C000A4F85E100068800636D400BF206850E8DD
:10D2D000000F216820F4807041E80002002AF5D197
:10D2E0002068083050E8000F216820F00100083164
:10D2F00041E80002002AF3D12068083050E8000F0E
:10D30000216820F04000083141E80002002AF3D1F2
:10D310002020C4F88C000020E06600BF206850E8A0
:10D32000000F216820F0100041E80002002AF5D12A
:10D33000D4F88000FCF72AFC02202067B4F85C00D7
:10D34000B4F85E10401A81B2204600F038F85DF85B
:10D3500004BBF0BD0A0213D510F0804210D0204665
:10D3600000F08AF85DF804BBF0BD2046FCF758F9E0
:10D370005DF804BBF0BDA16F00297FF470AE63E7D8
:10D38000C9017FF561AFB0F1FF3F3FF75DAF2046C8
:10D3900000F071F85DF804BBF0BD616F00293FF447
:10D3A000B9AE20468847B5E680B56F46806A002151
:10D3B000A0F85E10A0F85610FCF732F980BD704757
:10D3C00080B56F460168806A0968890634D40021F7
:10D3D000A0F85E10016851E8001F026821F4807116
:10D3E00042E80013002BF5D10168083151E8001F15
:10D3F000026821F00101083242E80013002BF3D14A
:10D400000168083151E8001F026821F0400108322C
:10D4100042E80013002BF3D12021C0F88C10C16E1C
:10D42000012909D1016851E8001F026821F01001AB
:10D4300042E80013002BF5D100210167C16E0129DC
:10D4400004D1B0F85C10FFF7BAFF80BDFCF7A6F876
:10D4500080BD80B56F46806A01210167C16E0129D8
:10D4600005D1B0F85C104908FFF7A9FF80BDFCF7B3
:10D47000B6F880BD70477047704790F88410012956
:10D4800004BF022070472421C0F888100268116888
:10D49000136823F00103136021F00053002141665B
:10D4A00013602022C0F8882080F884100846704756
:10D4B000B0B502AF90F88420012A04BF0220B0BDAD
:10D4C0000123242280F88430C0F888200268D0F834
:10D4D00064E0D2F800C01468BEF1000F24F001042B
:10D4E0001460946824F0604441EA040191601BD008
:10D4F0009168936849F2004E5B0FC0F6010E49F245
:10D5000008451EF80340C0F60105EB5CC1F342611B
:10D51000E400B4FBF3F41EF80130695CDB00B3FBFC
:10D52000F1F3A0F86A4001E0A0F86A302021A0F8E9
:10D530006830C2F800C0C0F88810002180F884105C
:10D540000846B0BDB0B502AF90F88420012A04BFF0
:10D550000220B0BD0123242280F88430C0F8882046
:10D560000268D0F864E0D2F800C01468BEF1000F81
:10D5700024F001041460946824F0606441EA04011A
:10D5800091601BD09168936849F2004E5B0FC0F622
:10D59000010E49F208451EF80340C0F60105EB5C98
:10D5A000C1F34261E400B4FBF3F41EF80130695C9E
:10D5B000DB00B3FBF1F3A0F86A4001E0A0F86A30A9
:10D5C0002021A0F86830C2F800C0C0F888100021FF
:10D5D00080F884100846B0BDF0B503AF4DF804BD27
:10D5E00094B006AC20463821F4F776F900250020E7
:10D5F0000595CDE90355CDE90155FAF757FC012012
:10D6000006904FF4A0200790022028210D900326B9
:10D61000CDE91010CDE912002046CDE90E66FAF7EB
:10D6200039FD10B172B600BFFEE70F20CDE901064B
:10D6300001A80421CDE903550595FAF777FF10B14C
:10D6400072B600BFFEE714B05DF804BBF0BD000089
:10D6500072B600BFFEE7000080B56F4641F2B4101D
:10D6600046F20041C2F20000C4F200014FF44073E0
:10D67000002280E80E0001214FF00A0C04230182F1
:10D680004FF00D0E0221C0E905C300F1240CC26069
:10D690008274C0E907E18CE80A40C0E90C11C0E9D6
:10D6A0000E12FCF737FB002808BF80BD72B600BF22
:10D6B000FEE70000D0B502AF41F2182043F20001AE
:10D6C000C2F20000C4F201014FF4827200234FF451
:10D6D000E06C4FF4007E182480E80E100721082229
:10D6E000C0E90433C0E906E4C0E90833C0E90A31FF
:10D6F000C0E90C32FDF7F9F8002808BFD0BD72B6BA
:10D70000FEE70000F0B503AF4DF804BD41F27C2008
:10D7100043F60041C2F20000C4F200014FF48272ED
:10D7200000234FF4E06C4FF0020E012480E80E500D
:10D7300000F114014FF40075182670C10721C0E9EB
:10D740000833C0E90A31C0E90C33FDF7CEF810B157
:10D7500072B600BFFEE75DF804BBF0BDD0B502AF06
:10D7600098B0002401A83421CDE91644CDE9144431
:10D77000CDE91244CDE91044CDE90E44F4F7ACF8FC
:10D7800041F2E02042F60041C2F20000C4F2010181
:10D790006322C0E90014C0E90242C0E90444846184
:10D7A000FEF723F908B172B6FEE741F2E020C2F2BB
:10D7B000000015A9CDE915441794FEF735FD10B109
:10D7C00072B600BFFEE760200E9041F2E020002418
:10D7D000C2F200000EA90022CDE90F44CDE91144A8
:10D7E000CDE91344FEF732FB08B172B6FEE74FF401
:10D7F0000050CDE906044FF00070CDE90A0441F273
:10D80000E020C2F2000001A9CDE90144CDE90344C2
:10D810000594CDE90844CDE90C44FEF75EFD10B156
:10D8200072B600BFFEE741F2E020C2F20000FBF753
:10D830006CFA18B0D0BD0000D0B502AF8AB041F28A
:10D840002C300024C2F200004FF080416322CDE969
:10D850000844CDE90644CDE90444CDE90244CDE9CC
:10D860000044C0E90014C0E9024204618461FEF78B
:10D87000BCF810B172B600BFFEE741F22C30C2F224
:10D88000000007A907940994FEF7CEFC08B172B610
:10D89000FEE7602000900020CDE90100049041F2F5
:10D8A0002C30C2F2000069460422FEF7CFFA10B114
:10D8B00072B600BFFEE741F22C30C2F20000FBF767
:10D8C00024FA0AB0D0BD000080B56F4641F278302E
:10D8D00043F60001C2F20000C4F2010144F240220A
:10D8E00000234FF00C0CC0F20F0280E80E00C0E9DC
:10D8F0000333C0E905C3C0E90733C0E90933FEF7C4
:10D900005CFD10B172B600BFFEE741F27830C2F2A2
:10D9100000000021FFF7CCFD08B172B6FEE741F22E
:10D920007830C2F200000021FFF70CFE08B172B699
:10D93000FEE741F27830C2F20000FFF79EFD0028BA
:10D9400008BF80BD72B600BFFEE7000080B56F461D
:10D9500041F20C4044F20041C2F20000C4F2000166
:10D9600000234FF00C0C4FF4E12280E80E00C0E9D8
:10D970000333C0E905C3C0E90733C0E90933FEF743
:10D980001CFD10B172B600BFFEE741F20C40C2F2BE
:10D9900000000021FFF78CFD08B172B6FEE741F2EE
:10D9A0000C40C2F200000021FFF7CCFD08B172B6B6
:10D9B000FEE741F20C40C2F20000FFF75EFD0028D6
:10D9C00008BF80BD72B600BFFEE780B56F4684B069
:10D9D00041F24800C4F202000168002241F0040153
:10D9E0000160016801F0040103910399016841F0AD
:10D9F00001010160016801F00101029102990168D1
:10DA000041F0020101600068052100F00200019070
:10DA100001980B20F9F7BEFD0B20F9F7E7FD0C206C
:10DA200005210022F9F7B6FD0C20F9F7DFFD0D20E6
:10DA300005210022F9F7AEFD0D20F9F7D7FD0E20E4
:10DA400005210022F9F7A6FD0E20F9F7CFFD0F20E2
:10DA500005210022F9F79EFD0F20F9F7C7FD1020E0
:10DA600005210022F9F796FD1020F9F7BFFD3820B7
:10DA700005210022F9F78EFD3820F9F7B7FD39208E
:10DA800005210022F9F786FD3920F9F7AFFD04B032
:10DA900080BDF0B503AF2DE9000F87B0002441F23F
:10DAA0004C000694CDE90444CDE90244C4F20200DE
:10DAB000016840F2004841F0200101600168C4F6AD
:10DAC000000801F0200101910199016808F58056D4
:10DAD00041F0010101600168002201F001010191A2
:10DAE000019901684FF0020A41F0020101600068EB
:10DAF000022100F00200019001983046FCF76DFD14
:10DB00004FF09040112101224FF0110B4FF001090D
:10DB1000FCF763FD404640210122FCF75EFD02ADAB
:10DB200030462946CDE902A9CDE90444FCF778FC4A
:10DB30004FF090402946CDE902B9CDE90444FCF705
:10DB40006FFC4FF4881640462946CDF80890CDE981
:10DB5000036AFCF765FC4FF40040CDE902064FF084
:10DB6000904029460494FCF75BFC4020CDE9020973
:10DB700040462946CDE90444FCF752FC8020CDE91B
:10DB80000206404629460494FCF74AFC062005217B
:10DB90000022F9F7FFFC0620F9F728FD17200521E0
:10DBA0000022F9F7F7FC1720F9F720FD28200521BE
:10DBB0000022F9F7EFFC2820F9F718FD07B0BDE8BF
:10DBC000000FF0BD80B56F46006844F20001C4F25A
:10DBD0000101884208BFF9F7A8FC80BDB0B502AFCB
:10DBE00086B041F26001C4F202010A68044642F4C0
:10DBF00080320A60096801A801F48031019101991D
:10DC00006946FAF78AFEFAF773FE4DF68361C4F2AD
:10DC10001B31A0FB01014FF0FF3000EB914141F2BD
:10DC2000A07044F20002C2F20000C4F2010240F20D
:10DC3000E7330025C0E90021C0E902530561FDF783
:10DC4000B7FD0546C0B941F2A070C2F20000FDF771
:10DC50006AFE054680B91820F9F7C8FC0F2C0AD8CF
:10DC6000182021460022F9F795FC40F26800C2F224
:10DC70000000046000E00125284606B0B0BD80B574
:10DC80006F46A6B040F29401C2F2000112A81190B2
:10DC90005022F3F725FE119800F11002684652F861
:10DCA000041B40F8041B52F8041B40F8041B52F8F4
:10DCB000041B40F8041B52F8041B40F8041B52F8E4
:10DCC000041B40F8041B52F8041B40F8041B52F8D4
:10DCD000041B40F8041B52F8041B40F8041B52F8C4
:10DCE000041B40F8041B52F8041B40F8041B52F8B4
:10DCF000041B40F8041B52F8041B40F8041B52F8A4
:10DD0000041B40F8041B52F8041B40F8041B52F893
:10DD1000041B40F8041B52F8041B40F8041B129823
:10DD20001399149A159B00F002F826B080BD84B0B8
:10DD300080B56F46A0B07B613A61F960B86007F1C9
:10DD4000080002901020F5F7BCFE029A049009A882
:10DD500003901FA900F024F80399049800F035F807
:10DD600004981E9007A80590F5F7C6FE05981E9921
:10DD70006B4604221A6049F21042C0F601024FF4C9
:10DD8000007300F047F809F041FF012803D1FFE7D5
:10DD900009F0C2FAFFE720B0BDE8804004B0704748
:10DDA00080B56F4686B00290059004910392049866
:10DDB00000F069F80190039800F06AF801990246B2
:10DDC000029800F06AF806B080BD80B56F4684B056
:10DDD0000191029002980090039000F0A6F801983B
:10DDE00000F0AAF898B1FFE7019800F0BAF80146F0
:10DDF000009800F0A6F800994DF66D70C0F600008E
:10DE0000C8604DF68370C0F600008860FFE7039895
:10DE100004B080BD80B56F468EB08446B868CDF83A
:10DE200030C00B910A92099307F8150C0C980490D6
:10DE30000DA8039000F0D7FA082008F085FA0146F3
:10DE40000398079100F0CFFA01460B9A05A800F05D
:10DE5000D2FADDF810E007990598069A4A60086042
:10DE6000079B0A99BDF8242017F8150CEC46CCF84E
:10DE700004E0CCF800004EF20D40C0F6000008F0BF
:10DE800077FF0EB080BD81B00090009801B0704760
:10DE900081B00090009801B0704780B56F4686B0A1
:10DEA0000590049103920598029004300190039824
:10DEB000FFF7EEFF0146019800F003F8029806B064
:10DEC00080BD80B56F4684B00390029103980190A5
:10DED0000298FFF7DDFF0146019800F003F8019872
:10DEE00004B080BD80B56F4684B003900291039862
:10DEF00001900298FFF7CCFF0146019800F003F86B
:10DF0000019804B080BD80B56F4684B00390029143
:10DF1000039801900298FFF7BBFF01460198502239
:10DF2000F3F7DEFC019804B080BD81B0009000984A
:10DF30000021816001B0704781B00090012001B0E4
:10DF4000704780B56F4684B00390029103980090AB
:10DF5000029800F006F80146009800F033F804B08B
:10DF600080BD81B00090009801B0704780B56F46C9
:10DF700082B00190019800F0AAF800F09DF802B07C
:10DF800080BD80B56F4684B00390029107F8092CDC
:10DF900017F8090C01280BD1FFE7029800F097F859
:10DFA0000090039800F035F801460098086006E0FC
:10DFB0000398029917F8092C00F0B3F9FFE7002045
:10DFC00004B080BD80B56F4684B0029001915420AA
:10DFD000F5F777FD00900198FFF7C3FF0146009821
:10DFE00000F008F8029800F014F801460098086064
:10DFF00004B080BD80B56F4684B003900291039851
:10E00000019002990430043100F00CF8019804B03A
:10E0100080BD80B56F4682B00190019800F047F84E
:10E0200002B080BD80B56F4684B003900291039822
:10E030000190029900F003F8019804B080BD80B50A
:10E040006F4684B00390029103980190029800F00B
:10E050000EF800F007F80146019800F011F8019859
:10E0600004B080BD81B00090009801B0704780B5C9
:10E070006F4682B00190019800F014F802B080BDA4
:10E0800080B56F4684B00390029103980190029886
:10E09000FFF7E8FF014601985022F3F721FC0198B1
:10E0A00004B080BD81B00090009801B0704781B08D
:10E0B0000090009801B0704780B56F4682B0019023
:10E0C000019800F019F800F00CF802B080BD80B59E
:10E0D0006F4682B00190019800F015F9006802B017
:10E0E00080BD80B56F4682B00090009800F004F8C3
:10E0F00000F007F802B080BD81B00090009801B038
:10E10000704780B56F4686B005900598019000F085
:10E110001BF8019804A900F002F806B080BD80B594
:10E120006F4686B00490039104980190043000F08B
:10E1300029F80146039A02A800F019F8014601984F
:10E1400000F003F806B080BD704780B56F4684B01C
:10E15000039002910398FFF796FE00900298FFF754
:10E1600097FE0146009800F016F804B080BD80B517
:10E170006F4684B00390029101920298FFF788FEE7
:10E1800004B080BD80B56F4682B00190019800F068
:10E19000B1F802B080BD80B56F46B0B02E902D9121
:10E1A0002E98FFF770FE14902D98FFF771FE014630
:10E1B00019A815905022F3F793FB159800F10C0164
:10E1C0006846442216921791189018981799169A33
:10E1D00051F8043B129140F8043B1390043A169214
:10E1E00017911890F1D1149819991A9A1B9B00F065
:10E1F00002F830B080BD83B080B56F4689B03B6116
:10E20000FA60B96007F108010291089001200390BB
:10E2100008F09AF80790079800F038F8039808F08B
:10E2200093F806900698F5F79DFC039808F08CF893
:10E2300005900598F5F734FB0C2008F085F804905C
:10E240000498F6F744F841F2F070C2F2000000784A
:10E25000C007A8B9FFE74FF48E60F5F732FC0299CA
:10E26000019000F01EF8019841F2EC71C2F2000139
:10E27000086041F2F071C2F2000101200870FFE76E
:10E28000FFE74FF0FF30F5F70AFCFAE780B56F467D
:10E2900082B0019001980090F6F7CCFF009802B090
:10E2A00080BD80B56F4684B00390029103980190C1
:10E2B00005F057F90198083001F07DFB0198903086
:10E2C0000299062205F072FD019800F5C8700299C6
:10E2D000243102F0E4FE019800F5627002994831A1
:10E2E00002F061FD019800F5667000F0C8F8019831
:10E2F00004B080BD80B56F4682B001900198FFF7F1
:10E30000B6FE02B080BD80B56F4682B00190019824
:10E3100000F002F802B080BD81B00090009801B01A
:10E32000704780B56F4686B00590049107F8092CB8
:10E3300017F8090C01460191012808D0FFE7019860
:10E3400002280FD0FFE70198032810D013E00498AB
:10E35000FFF7BDFE00900598FFF75BFE01460098B1
:10E36000086008E00598049900F008F803E00598B3
:10E3700000F01FF8FFE7002006B080BD80B56F46B3
:10E3800086B00490039154200190F5F79AFB029017
:10E39000039800F01FF8019A014602980968F3F704
:10E3A0009FFA0498FFF735FE01460298086006B010
:10E3B00080BD80B56F4684B002900298FFF729FEB9
:10E3C0000068019020B1FFE70198F5F783FBFFE7B4
:10E3D00004B080BD80B56F4682B001900198FFF710
:10E3E0009BFF02B080BD81B000904EF22540C0F688
:10E3F000000001B0704783B0029001910092029832
:10E40000019901600099416003B0704780B56F4683
:10E4100082B0019001980090009801684068884798
:10E4200002B080BD80B56F4682B00190019900F0C6
:10E4300002F802B080BD80B56F4682B001900091B5
:10E44000009800F002F802B080BD80B56F4682B03F
:10E4500001900198009000F009F810B1FFE70AF070
:10E460002BF80098C168884702B080BD81B0009049
:10E4700000988068B0FA80F0400901B0704780B51C
:10E480006F4692B0119011980990543049F21F4193
:10E49000C0F601010022039200F098F80998583064
:10E4A0000590F5F729FB09985C300790F5F724FBF8
:10E4B0000998603000F0B4F809986C303021109160
:10E4C00049F22941C0F6010110AA00F0BCF80998F0
:10E4D000743002210F9149F23241C0F601010FAAB6
:10E4E00000F0B1F809987C300121029107F80D1C69
:10E4F00049F24141C0F60101A7F10D0200F0C6F852
:10E5000009980299843007F80E1C49F24D41C0F673
:10E510000101A7F10E0200F0B9F8099802998C30B8
:10E5200007F80F1C49F25941C0F60101A7F10F028B
:10E5300000F0ACF80998029994308DF8381049F23F
:10E540006541C0F601010EAA00F0A0F809980399F0
:10E550009C3007F8111C49F27141C0F60101A7F186
:10E56000110200F093F80998A4300490F7F7A6FE82
:10E570000999024604986B461A604EF2D762C0F6BB
:10E58000000249F27E43C0F6010300F0A3FA0598A9
:10E5900009996B46042206921A6049F28642C0F637
:10E5A00001024FF4C073089300F0B7FA069A079877
:10E5B000089B0999EC46CCF8002049F29442C0F639
:10E5C000010200F0E3FA099812B080BD80B56F46F1
:10E5D00086B00490039107F80D2C049801900590E3
:10E5E00017F80D0CC00760B9FFE7039A49F2CC5148
:10E5F000C0F6010100203B23F5F7F8FF0199086000
:10E600000BE0039A49F2CB51C0F6010100203B23F5
:10E61000F5F7ECFF01990860FFE7059806B080BDAB
:10E6200080B56F4682B001900198009000F052FBD7
:10E630000098043000F04EFB0098083000F04AFBD0
:10E64000009802B080BD80B56F4686B004900391FB
:10E650000292049901910591039848600398FAF792
:10E660007DFE042806D1FFE7019903980422FAF7FA
:10E6700088FE08E001990298006808600398042267
:10E68000FAF7A0FEFFE7059806B080BD80B56F469B
:10E6900086B0049003910292049901910591039828
:10E6A00048600398FAF75AFE012806D1FFE701995E
:10E6B00003980122FAF765FE0AE0019902980078B2
:10E6C00000F00100087003980122FAF77BFEFFE7D3
:10E6D000059806B080BD80B56F46A0B01F901E9112
:10E6E0001D9248F6CF70C0F60100F5F715FA1E9896
:10E6F000012871D1FFE71F989C3000F080FA38B1F3
:10E70000FFE749F2A340C0F60100F5F705FA40E043
:10E7100049F2B040C0F60100F5F7FEF91F987C30D1
:10E7200000F06DFA38B1FFE749F2C040C0F60100D1
:10E73000F5F7F2F9FFE71F98843000F060FA38B17E
:10E74000FFE749F2C640C0F60100F5F7E5F9FFE73B
:10E750001F988C3000F053FA38B1FFE749F2CC40F3
:10E76000C0F60100F5F7D8F9FFE71F98943000F0E4
:10E7700046FA38B1FFE749F2D240C0F60100F5F79A
:10E78000CBF9FFE748F6CE70C0F60100F5F7C4F903
:10E79000FFE71F98416F49F2D840C0F60100F5F736
:10E7A000BBF91F98C16E49F2EC40C0F60100F5F7C5
:10E7B000B3F949F2FE40C0F60100F5F7ADF949F2B0
:10E7C0002E50C0F60100F5F7A7F949F25650C0F6F1
:10E7D0000100F5F7A1F97AE11E98032845D1FFE77A
:10E7E0001D98406849F28851C0F60101F3F7DCFB3F
:10E7F000D8BBFFE71D988068049015A8069009F023
:10E800002EFE0499069A16A8059000F01AFA0598AB
:10E8100000210A2200F0FBF901460598079109F052
:10E82000E1FF069809F01CFE07981C901C98B0F5B3
:10E830007A7F04DDFFE74FF47A701C90FFE71C98A5
:10E84000002803DCFFE701201C90FFE71F987430CD
:10E850001C99149114A900F01DFA1C9949F2E14089
:10E86000C0F60100F5F758F930E11E98032873D17E
:10E87000FFE71D98406849F27741C0F60101F3F7C0
:10E8800093FB002868D1FFE71D98806849F23F712B
:10E89000C0F60101F3F788FB50B9FFE71F987C3001
:10E8A000012107F8311CA7F1310100F002FA52E012
:10E8B0001D98806849F2F951C0F60101F3F774FB25
:10E8C00050B9FFE71F988430012107F8321CA7F1E7
:10E8D000320100F0EEF93DE01D98806849F20A71BE
:10E8E000C0F60101F3F760FB50B9FFE71F988C30C9
:10E8F000012107F8331CA7F1330100F0DAF928E011
:10E900001D98806849F2ED51C0F60101F3F74CFB08
:10E9100048B9FFE71F98943001218DF84C1013A9D6
:10E9200000F0C7F914E01D98806849F29251C0F6D2
:10E930000101F3F739FB50B9FFE71F989C30012123
:10E9400007F8351CA7F1350100F0B3F9FFE7FFE741
:10E95000FFE7FFE7FFE7B8E01E98032873D1FFE762
:10E960001D98406849F29851C0F60101F3F71CFB6D
:10E97000002868D1FFE71D98806849F23F71C0F612
:10E980000101F3F711FB50B9FFE71F987C3000211C
:10E9900007F8361CA7F1360100F08BF952E01D98FC
:10E9A000806849F2F951C0F60101F3F7FDFA50B958
:10E9B000FFE71F988430002107F8371CA7F13701C3
:10E9C00000F077F93DE01D98806849F20A71C0F6C1
:10E9D0000101F3F7E9FA48B9FFE71F988C300021ED
:10E9E0008DF8481012A900F064F929E01D9880689C
:10E9F00049F2ED51C0F60101F3F7D6FA50B9FFE73D
:10EA00001F989430002107F8391CA7F1390100F054
:10EA100050F914E01D98806849F29251C0F6010146
:10EA2000F3F7C2FA50B9FFE71F989C30002107F8AE
:10EA30003A1CA7F13A0100F03CF9FFE7FFE7FFE7D6
:10EA4000FFE7FFE740E01E98032835D1FFE71D9858
:10EA5000406849F2A051C0F60101F3F7A5FA58BB8E
:10EA6000FFE71D988068009009A8029009F0F7FC64
:10EA70000099029A0AA8019000F0E3F80198002199
:10EA80000A2200F0C4F801460198039109F0AAFE99
:10EA9000029809F0E5FC039810901F986C301099CB
:10EAA000089108A900F0F6F8109949F2AB50C0F6A9
:10EAB0000100F5F731F806E049F2B750C0F6010061
:10EAC000F5F72AF8FFE7FFE7FFE7FFE7FFE700209A
:10EAD00020B080BD80B56F4688B0D7F808C00790D9
:10EAE0000691059204930798039020300599069AA1
:10EAF00000F076F9039804996A4600235360136086
:10EB00004EF6F752C0F60002F6F713FC0398B96808
:10EB1000F6F71CFC039808B080BD80B56F468EB038
:10EB20008446B868CDF830C00B910A92099307F873
:10EB3000150C0C9804900DA8039000F080F90820A3
:10EB400007F002FC01460398079100F078F90146AE
:10EB50000B9A05A800F07BF9DDF810E007990598FD
:10EB6000069A4A600860079B0A99BDF8242017F8A6
:10EB7000150CEC46CCF804E0CCF800004EF66560CD
:10EB8000C0F6000008F0F4F80EB080BD80B56F4606
:10EB90008EB08446B868CDF830C00B910A920993C4
:10EBA00007F8150C0C9804900DA8039000F0F8FAE3
:10EBB000082007F0C9FB01460398079100F0F0FA1E
:10EBC00001460B9A05A800F042F9DDF810E007991C
:10EBD0000598069A4A600860079B0A99BDF82420A8
:10EBE00017F8150CEC46CCF804E0CCF800004EF613
:10EBF0006560C0F6000008F0BBF80EB080BD81B0C3
:10EC000000900098007800F0010001B0704780B5D6
:10EC10006F4684B0039002910192039809F092FE2E
:10EC20000246029B01986946086042F2A960C0F65C
:10EC3000000049F2C651C0F6010100F052F804B0DC
:10EC400080BD80B56F468AB00890079106920898FB
:10EC50000290099009F0CFFC01460298069A09F04B
:10EC600073FE079848B1FFE70798009000F004FE94
:10EC7000014600980844019002E001200190FFE75E
:10EC80000298019905910799059A00F00BFE0998E1
:10EC90000AB080BD80B56F4682B0019000910199A5
:10ECA00000980068086048680422FAF78BFB02B0FD
:10ECB00080BD80B56F4682B00190009101990098A7
:10ECC000007800F00100087048680122FAF77AFB2A
:10ECD00002B080BD81B0009000980021016001B0B9
:10ECE000704780B56F468CB0D7F808C00B900A917A
:10ECF0000992089305A800F037F80B9B0998BA68A9
:10ED000006A99847049006980999884203D1FFE71D
:10ED10000A9809F0ACFBF2F733FE016801202229C2
:10ED2000019005D0FFE7049800F031F80190FFE76B
:10ED30000198C00718B1FFE70A9809F09EFB0498F4
:10ED40000790FFE7FFE7089830B1FFE706980999B9
:10ED5000401A08990860FFE70798009005A800F09E
:10ED600027F800980CB080BD80B56F4682B0019046
:10ED700001980090F2F704FE009900680860F2F72D
:10ED8000FFFD024600980021116002B080BD83B0F3
:10ED9000019001990120B1F1004F009003DBFFE7E2
:10EDA00000200090FFE7009800F0010003B07047DA
:10EDB00080B56F4684B00290029801900390F2F7FC
:10EDC000DFFD006848B9FFE7019800680090F2F79E
:10EDD000D7FD014600980860FFE7039804B080BDA6
:10EDE00083B002900191009202980199016000990C
:10EDF000416003B0704780B56F4686B005900491BE
:10EE00000392059801900198009000980290029852
:10EE100020300499039A00F002F806B080BD80B556
:10EE20006F4684B00390029101920398009000987D
:10EE3000036840680299019A984704B080BD81B088
:10EE400000904EF67D60C0F6000001B0704783B0C0
:10EE5000029001910092029801990160009941602D
:10EE600003B0704780B56F4682B001900198009062
:10EE7000009801684068884702B080BD80B56F4641
:10EE800082B00190019900F002F802B080BD80B517
:10EE90006F4684B003900291FAF711FB0190FFE7EF
:10EEA00002989C30FFF7ABFE60B1FFE702986C3030
:10EEB00000F03EF801460298821C0020382304F03E
:10EEC00008FD28E002987C30FFF799FE20B1FFE7AB
:10EED000029800F033F8FFE702988430FFF78FFEC6
:10EEE00020B1FFE7029800F06FF8FFE702988C303E
:10EEF000FFF785FE20B1FFE7029800F0AFF8FFE7CB
:10EF000002989430FFF77BFE20B1FFE7029800F0F3
:10EF1000FDF8FFE7FFE7029800F158010091743017
:10EF200000F006F80146009801AAF5F7CFFAB7E716
:10EF300081B000900098006801B0704780B56F46BE
:10EF400082B00190019901F1D00000908A8C488C28
:10EF500040EA024000EE100AB3EE002A80EE020AF8
:10EF60009FED181A20EE010ABDEEC00A10EE100A3D
:10EF7000009A10800A8DC88C40EA024000EE100A08
:10EF800080EE020A20EE010ABDEEC00A10EE100A61
:10EF9000009A50808A8D488D40EA024000EE100AA7
:10EFA00080EE020A20EE010ABDEEC00A10EE100A41
:10EFB000009A9080C86E41F8CC0F002004F059FCF4
:10EFC00002B080BD00FEFF4680B56F4682B0019062
:10EFD000019901F1D00000900A8BC88A40EA0240F2
:10EFE00000EE100A9FED1B2A80EE020A9FED1A1A0E
:10EFF00020EE010ABDEEC00A10EE100A009A108041
:10F000008A8B488B40EA024000EE100A80EE020A2A
:10F0100020EE010ABDEEC00A10EE100A009A5080E0
:10F020000A8CC88B40EA024000EE100A80EE020A09
:10F0300020EE010ABDEEC00A10EE100A009A908080
:10F04000C86E013041F8CC0F002004F012FC02B071
:10F0500080BD00BF58A00B4200FEFF4680B56F4642
:10F0600082B00190019901F1D00000900A89C8880E
:10F0700040EA024000EE100AB0EE002A80EE020ADA
:10F080009FED211A20EE010ABDEEC00A10EE100A13
:10F09000009A10808A89488940EA024000EE100AEE
:10F0A00080EE020A20EE010ABDEEC00A10EE100A40
:10F0B000009A50800A8AC88940EA024000EE100A8D
:10F0C00080EE020A20EE010ABDEEC00A10EE100A20
:10F0D000009A90808A8A488A40EA024000EE100A2C
:10F0E00080EE020A20EE010ABDEEC00A10EE100A00
:10F0F000009AD080C86E043041F8CC0F002004F094
:10F10000B8FB02B080BD00BF00FEFF4680B56F4671
:10F1100082B00190019901F1D00000908A8E488E52
:10F1200040EA024000EE100A9FED1B2A80EE020A20
:10F130009FED1A1A20EE010ABDEEC00A10EE100A69
:10F14000009A10800A8FC88E40EA024000EE100A32
:10F1500080EE020A20EE010ABDEEC00A10EE100A8F
:10F16000009A50800A8EC88D40EA024000EE100AD4
:10F1700080EE020A20EE010ABDEEC00A10EE100A6F
:10F18000009A9080C86E033041F8CC0F002004F044
:10F1900070FB02B080BD00BFDB0FC94000FEFF4620
:10F1A00081B000904FF2B110C0F6000001B070477E
:10F1B00080B56F4682B00190019900F003F802B06B
:10F1C00080BD000080B56F46AAB02990289149F211
:10F1D000CE51C0F6010127A84FF0FF32129200F085
:10F1E00059FA129A49F2D751C0F6010126A800F047
:10F1F0006FFA129A49F2E051C0F6010125A800F019
:10F2000067FA129A49F2E951C0F6010124A800F008
:10F210007DFA129A49F23871C0F6010123A800F074
:10F2200057FA129A49F2F251C0F6010122A800F0F1
:10F230004FFAFAF744F92190FFE7289822300C9012
:10F2400000F0A6FA0C99024625A800F07DFA28984D
:10F2500016300D9000F09CFA0D99024626A800F099
:10F2600073FA289806300E9000F092FA0E99024632
:10F2700027A800F097FA289860300F9000F088FADD
:10F280000F99024624A800F0B1FA2898483010904F
:10F2900000F07EFA1099024623A800F055FA28984B
:10F2A0003C30119000F074FA1199024622A800F047
:10F2B0004BFA41F6D000C2F2000000680078C007A7
:10F2C00058B1FFE7289822300B9000F061FA0B99B3
:10F2D000024623A800F038FAB8E02898818C408CC8
:10F2E00040EA014000EE100AF1F712F88DED1F0A16
:10F2F0002898018DC08C40EA014000EE100AF1F719
:10F3000007F88DED1E0A9DED1F0A9DED1E1AB4EE45
:10F31000410AF1EE10FA05DDFFE79DED1F0A8DEDC4
:10F320000A0A04E09DED1E0A8DED0A0AFFE79DED35
:10F330000A0A8DED1D0A1D98209020981C9028988F
:10F34000818D408D40EA014000EE100AF0F7E0FFA9
:10F350008DED1B0A9DED1C0A9DED1B1AB4EE410AB2
:10F36000F1EE10FA05DDFFE79DED1C0A8DED090AAF
:10F3700004E09DED1B0A8DED090AFFE79DED090AEA
:10F380008DED1A0A1A9820909DED200AB1EE001A10
:10F3900080EE010A8DED200A9DED200A20EE000A84
:10F3A0008DED200A20A89FEDB90AF7EE000ACDEDF9
:10F3B000080A05F0DBFF9DED081A28998A8C488C15
:10F3C00040EA024000EE100A9DED204A31EE443A38
:10F3D00091ED122A22EE042A20EE030A30EE020AF0
:10F3E00010EE100A4884000C888428990A8DC88C75
:10F3F00040EA024000EE100A9DED204A31EE443A08
:10F4000091ED132A22EE042A20EE030A30EE020ABE
:10F4100010EE100AC884000C088528998A8D488D42
:10F4200040EA024000EE100A9DED203A31EE432AF8
:10F4300091ED141A21EE031A20EE020A30EE010AB1
:10F4400010EE100A4885000C8885FFE741F6D000D1
:10F45000C2F2000000684078C00758B1FFE7289862
:10F460001630079000F094F90799024622A800F0A0
:10F470006BF9B8E02898018BC08A40EA014000EEA1
:10F48000100AF0F745FF8DED180A2898818B408B04
:10F4900040EA014000EE100AF0F73AFF8DED170A3E
:10F4A0009DED180A9DED171AB4EE410AF1EE10FA1F
:10F4B00005DDFFE79DED180A8DED060A04E09DEDE0
:10F4C000170A8DED060AFFE79DED060A8DED160A77
:10F4D00016981990199815902898018CC08B40EABD
:10F4E000014000EE100AF0F713FF8DED140A9DEDB8
:10F4F000150A9DED141AB4EE410AF1EE10FA05DD7D
:10F50000FFE79DED150A8DED050A04E09DED140A57
:10F510008DED050AFFE79DED050A8DED130A1398A1
:10F5200019909DED190A9FED5A1A80EE010A8DED92
:10F53000190A9DED190A20EE000A8DED190A19A885
:10F540009FED520AF7EE000ACDED040A05F00EFF1A
:10F550009DED041A28990A8BC88A40EA024000EE01
:10F56000100A9DED194A31EE443A91ED0F2A22EE30
:10F57000042A20EE030A30EE020A10EE100AC882B6
:10F58000000C088328998A8B488B40EA024000EEE1
:10F59000100A9DED194A31EE443A91ED102A22EEFF
:10F5A000042A20EE030A30EE020A10EE100A488305
:10F5B000000C888328990A8CC88B40EA024000EE30
:10F5C000100A9DED193A31EE432A91ED111A21EE00
:10F5D000031A20EE020A30EE010A10EE100AC88368
:10F5E000000C0884FFE72898643000F023F928997C
:10F5F00010EE100A4886000C88862898683000F0C3
:10F6000019F9289910EE100AC886000C0887289866
:10F61000603000F00FF9289910EE100AC885000C30
:10F6200008862899A520087028986C30FFF780FC80
:10F6300028994870F9F743FF2899020C8A8048807E
:10F6400028983A21FF2205F025FC289981F83A00F4
:10F65000289941F2F470C2F2000001903B2202921C
:10F66000F2F7EAF90199029A00231846FAF76BF8C3
:10F67000289800F15C0103917430FFF759FC0146B2
:10F68000039821AAF4F722FFD7E500BF000000008D
:10F6900058A00B4180B56F4686B00490039102924A
:10F6A00004980090059003980299F5F7BBFC01902F
:10F6B000019830B1FFE70198F5F76EFA00990860FC
:10F6C00003E0009900200860FFE7059806B080BDC0
:10F6D00080B56F4686B00490039102920498009022
:10F6E000059003980299F5F79DFC0190019830B1BF
:10F6F000FFE70198F5F750FA0099086003E00099D8
:10F7000000200860FFE7059806B080BD80B56F4611
:10F7100086B004900391029204980090059003989B
:10F720000299F5F77FFC0190019830B1FFE701984D
:10F73000F5F732FA0099086003E0009900200860AC
:10F74000FFE7059806B080BD80B56F4686B004908F
:10F75000039107F80D2C0498019000F072F878B12D
:10F76000FFE701980068039917F80D2C02F00102D9
:10F77000F5F721FAB0FA80F0400907F8010C03E030
:10F78000002007F8010CFFE717F8010C06B080BD58
:10F7900081B0EFF3058000900098002818BF012089
:10F7A00001B0704780B56F4686B00490039107F8AA
:10F7B0000D2C0498019000F04DF878B1FFE7019806
:10F7C0000068039917F80D2C02F00102F5F7F3F920
:10F7D000B0FA80F0400907F8010C03E0002007F8B8
:10F7E000010CFFE717F8010C06B080BD80B56F462D
:10F7F00086B00490039107F80D2C0498019000F056
:10F8000032F878B1FFE701980068039917F80D2CDA
:10F8100002F00102F5F7CFF9B0FA80F0400907F8DD
:10F82000010C03E0002007F8010CFFE717F8010CBA
:10F8300006B080BD81B00090009890ED000A01B044
:10F84000704781B0009000980068002818BF012020
:10F8500001B0704781B0009000980068002818BF80
:10F86000012001B0704781B0009000980068002826
:10F8700018BF012001B0704780B56F4684B0019079
:10F8800001980390012028B9FFE7019800F046F89D
:10F89000029004E00198F2F753FD0290FFE702980E
:10F8A00004B080BD80B56F4686B00490039102928B
:10F8B00004980090039800F058F858B1FFE70398B7
:10F8C0000299884206D0FFE749F2FE50C0F60100D7
:10F8D00008F0CAFD0398029900F04FF801900198D2
:10F8E00010280ED3FFE7009801A9002208F08CFE33
:10F8F0000146009808F07BFE0098019908F07DFE13
:10F90000FFE7009808F075FE0399029A08F00FFFD0
:10F910000098019908F073FE06B080BD80B56F466F
:10F9200084B0039000200290FFE7039802990844F6
:10F93000002107F8091CA7F1090100F009F820B916
:10F94000FFE7029801300290EFE7029804B080BD13
:10F9500082B0019000910198007800990978401ACE
:10F96000B0FA80F0400902B0704781B00090009872
:10F97000B0FA80F0400901B0704780B56F4686B09C
:10F9800005900491059800900498019005A800F056
:10F990000EF80098019900F002F806B080BD83B01F
:10F9A0000190009100980199401A03B0704781B00E
:10F9B000009001B0704780B56F4688B007900798F7
:10F9C00004900021039141600160C1608160016188
:10F9D00014300290F4F790F80498039A183049F222
:10F9E000CE51C0F6010100F05CF80498039A1C3077
:10F9F00049F2E951C0F6010100F07DF8049803993D
:10FA0000016241628162C1623030FFF763F904989C
:10FA10003430FFF75FF904983830FFF75BF904984A
:10FA20000399C163016441648164C1640165543018
:10FA3000019000F08DFA0499024601986B461A6015
:10FA40004FF65132C0F6000249F22863C0F60103B6
:10FA500000F083FA049803997C3000F0A1FA04982E
:10FA60000399803000F09CFA04980399843000F0E8
:10FA700097FA0298039A04990023CBF680730B62DD
:10FA80004A628A62CA626B4603221A6049F22D6298
:10FA9000C0F601024FF4807300F093FA049808B0A6
:10FAA00080BD80B56F4686B00490039107F80D2C99
:10FAB00004980190059017F80D0CC00760B9FFE796
:10FAC000039A49F2CC51C0F6010100201023F4F74B
:10FAD0008DFD019908600BE0039A49F2CB51C0F605
:10FAE000010100201023F4F781FD01990860FFE770
:10FAF000059806B080BD80B56F4686B0049003912E
:10FB000007F80D2C04980190059017F80D0CC0070C
:10FB100060B9FFE7039A49F2CC51C0F60101002019
:10FB20000C23F4F763FD019908600BE0039A49F296
:10FB3000CB51C0F6010100200C23F4F757FD0199C9
:10FB40000860FFE7059806B080BD000000000000D7
:10FB500080B56F46D4B0539052915192529801287B
:10FB600007D1FFE749F23960C0F60100F3F7D4FF8F
:10FB7000DFE1529802285FD1FFE75198406849F2CF
:10FB80007F61C0F60101F2F70FFA002853D1FFE7B9
:10FB900049F28460C0F60100F3F7BEFF40F6B830CA
:10FBA000F3F77DFF49F2AB60C0F60100F3F7B4FF55
:10FBB0005398303000F03EFA8DED500A42F210704A
:10FBC000F3F76DFF5398303000F034FA8DED4F0AA3
:10FBD0009DED4F0A9DED501A30EE410A10EE100ACD
:10FBE000F2F7B0FF41EC100B51EC100B9FEDD20B74
:10FBF00053EC102BF3F728F941EC100B51EC100BE0
:10FC00009FEDCF0B53EC102BF2F7F4FF41EC100BF0
:10FC100051EC100B9FEDCC0B53EC102BF2F7EAFFDD
:10FC200041EC100B53EC102B49F2B760C0F6010009
:10FC3000F3F772FFFFE77BE15298042840F07781E9
:10FC4000FFE75198406849F2CD61C0F60101F2F733
:10FC5000ABF9002840F0C280FFE7519880682590FA
:10FC600047A8279008F0FBFB2599279A48A82690DB
:10FC7000FEF7E7FF269800212A910A222B92FEF731
:10FC8000C6FF01462698289108F0ACFD279808F099
:10FC9000E7FB28984E905198C06829903FA82D9076
:10FCA00008F0DDFB29992D9A40A82C90FEF7C9FF9A
:10FCB0002C982A992B9AFEF7AAFF01462C982E9190
:10FCC00008F090FD2D9808F0CBFB2E9846904698B2
:10FCD000B0F57A7F04DDFFE74FF47A704690FFE7D6
:10FCE0004698012803DCFFE702204690FFE7FFE784
:10FCF0004E98469988423DDDFFE75398343000F036
:10FD000099F910EE100AF2F71DFF41EC100B8DED82
:10FD1000220B5398383000F08DF910EE100AF2F7EC
:10FD200011FF41EC100B8DED200B5398303000F09B
:10FD300081F910EE100AF2F705FF9DED202B9DEDE5
:10FD4000220B41EC110B684680ED002B80ED021B6D
:10FD500053EC102B49F2D260C0F60100F3F7DCFE41
:10FD60004698F3F79CFEF5F7E3FE46994E98401A45
:10FD70004E90BDE75398343000F05CF910EE100A55
:10FD8000F2F7E0FE41EC100B8DED1E0B539838306E
:10FD900000F050F910EE100AF2F7D4FE41EC100B0F
:10FDA0008DED1C0B5398303000F044F910EE100A22
:10FDB000F2F7C8FE9DED1C2B9DED1E0B41EC110BC7
:10FDC000684680ED002B80ED021B53EC102B49F2AE
:10FDD000EA60C0F60100F3F79FFEA7E05198406883
:10FDE00049F20471C0F60101F2F7DEF8002840F094
:10FDF0009C80FFE751988068129037A8149008F013
:10FE00002EFB1299149A38A81390FEF71AFF139834
:10FE1000002117910A221892FEF7F9FE0146139865
:10FE2000159108F0DFFC149808F01AFB15983E9025
:10FE30005198C06816902FA81A9008F010FB1699D8
:10FE40001A9A30A81990FEF7FCFE19981799189A7B
:10FE5000FEF7DDFE014619981B9108F0C3FC1A98C5
:10FE600008F0FEFA1B9836903698B0F57A7F04DDDC
:10FE7000FFE74FF47A703690FFE73698012803DCED
:10FE8000FFE702203690FFE7FFE73E983699884269
:10FE90004ADDFFE75399086A4A6A06928A6A08921D
:10FEA000C96A0A91F2F74EFE0246069807920A4680
:10FEB000079942EC101B8DED100BF2F743FE024642
:10FEC000089809920A46099942EC101B8DED0E0B19
:10FED000F2F738FE02460A980B920A460B9942EC5A
:10FEE000101B8DED0C0BF2F72DFE9DED0C2B9DEDF7
:10FEF0000E1B9DED100B41EC130B684680ED043B8F
:10FF000080ED022B80ED001B53EC102B49F20F709B
:10FF1000C0F60100F3F700FE3698F3F7C0FD3699FE
:10FF20003E98401A3E90B0E7FFE7FFE7FFE7FFE7A4
:10FF3000FFE7002054B080BD182D4454FB21094038
:10FF40000000000000806640000000000000084043
:10FF500080B56F46F6F7ABF980BD80B56F4688B0C7
:10FF6000D7F808C00790069105920493079803906C
:10FF700020300599069A00F0A5FC039804996A467A
:10FF800000235360136040F6DB02C0F60102F5F770
:10FF9000D0F90398B968F5F7D9F9039808B080BD8E
:10FFA00080B56F4684B00390029103980190029946
:10FFB0004FF0FF3006F09CFB01460198016004B051
:10FFC00080BD80B56F468EB08446B868CDF830C02D
:10FFD0000B910A92099307F8150C0C9804900DA840
:10FFE000039000F09EFC082006F0AEF9014603984D
:10FFF000079100F096FC01460B9A05A800F099FCC9
:020000040801F1
:10000000DDF810E007990598069A4A600860079B9A
:100010000A99BDF8242017F8150CEC46CCF804E03A
:10002000CCF8000040F64910C0F6010006F0A0FE32
:100030000EB080BD81B00090009890ED000A01B034
:1000400070470000F0B503AF2DE9000F8FB00E90A0
:100050008DED0D0A0E98069041F68C01C2F200015A
:100060000A6811685268C2608160036841688268EA
:10007000C068D21A88410AD2FFE706998A68C86820
:1000800012F57A7240F100008A60C860FFE70699B5
:100090000B684A688868C968C01A9141F3F772F919
:1000A0000146069800EE101A9FED541A80EE010AE0
:1000B00080ED040A8168C26842600160C16B0C91E6
:1000C000016C0B91416C0A91816C0991C16C089192
:1000D000016D07919DED093A9DED084A90ED090AE1
:1000E00090ED0A2A90ED0B1A22EE042A20EE430A24
:1000F00030EE420A9DED072A21EE021A30EE410A47
:10010000B6EE001A20EE010A41F63001C2F20001FB
:1001100081ED000A9DED094A9DED075A90ED080A10
:1001200090ED0A3A90ED0B2A23EE053A20EE040AF0
:1001300030EE030A9DED083A22EE032A30EE420A21
:1001400020EE010A41F63401C2F2000181ED000AFD
:100150009DED084A9DED075A90ED082A90ED093A69
:1001600090ED0B0A23EE053A22EE042A32EE432AE2
:100170009DED093A20EE030A30EE020A20EE010A54
:1001800041F63801C2F2000181ED000A9DED074AF7
:100190009DED085A90ED080A90ED093A90ED0A2A73
:1001A00023EE053A20EE040A30EE030A9DED093AEB
:1001B00022EE032A30EE420A20EE010A41F63C000C
:1001C000C2F2000080ED000A9DED0C0AB5EE400A77
:1001D000F1EE10FA14D1FFE79DED0B0AB5EE400ADF
:1001E000F1EE10FA0CD1FFE79DED0A0AB5EE400AD8
:1001F000F1EE10FA00F0048202E000BF002474491E
:10020000DDF818809DED0C0A9DED0B1A21EE011A08
:1002100020EE000A30EE011A9DED0A0A20EE000AD7
:1002200030EE010A05F04CF841F64000C2F2000041
:10023000019080ED000A90ED001A9DED0C0A20EE71
:10024000010A8DED0C0A90ED001A9DED0B0A20EECF
:10025000010A8DED0B0A90ED001A9DED0A0A20EEC1
:10026000010A8DED0A0A98ED080A30EE000A41F6FF
:10027000440AC2F2000A8AED000A98ED090A30EE3B
:10028000000A41F6480EC2F2000E8EED000A98ED0B
:100290000A0A30EE000A41F64C00C2F2000080ED7E
:1002A000000A98ED0B0A30EE000A41F65006C2F241
:1002B000000686ED000A98ED080AB1EE003A20EE3D
:1002C000030A41F65404C2F2000484ED000A98EDDA
:1002D000090A20EE030A41F65803C2F2000383ED37
:1002E000000A98ED0A0A20EE030A41F65C09C2F200
:1002F000000989ED000A98ED090AB2EE001A20EE15
:10030000010A41F66002C2F2000282ED000A98ED95
:100310000A0A20EE010A41F66401C2F2000181EDF1
:10032000000A98ED080A20EE000A41F6680BC2F2B6
:10033000000B8BED000A98ED090A20EE000A41F649
:100340006C05C2F2000585ED000A98ED0A0A20EE60
:10035000000A41F6700CC2F2000C8CED000A98ED18
:100360000B0A20EE000A41F67408C2F2000888ED7C
:10037000000A94ED000A9CED001A90ED002A9DED14
:100380000C4A22EE042A20EE011A31EE021A95EDF3
:10039000002A20EE020A30EE010A9EED001A9DEDC1
:1003A0000B2A21EE021A30EE410A41F67804C2F21D
:1003B0000004029484ED000A069C93ED000A029B5F
:1003C00098ED001A96ED002A9DED0C4A22EE042AC3
:1003D00020EE011A31EE422A9BED001A21EE031A9B
:1003E00094ED094A21EE041A31EE021A9AED002A20
:1003F0009DED0B4A22EE042A31EE421A31EE404ABC
:1004000092ED001A95ED002A21EE022A32EE042A1E
:100410009CED004A21EE041A31EE021A9DED0A2AE3
:1004200020EE020A30EE010A41F67C02C2F200021E
:10043000039282ED000A9BED000A20EE030A94ED80
:100440000A2A9AED001A9DED0C4A21EE041A20EEBC
:10045000020A30EE012A99ED000A98ED001A20EE0A
:10046000011A31EE021A96ED002A9DED0B4A22EE9A
:10047000042A31EE421A31EE404A91ED001A95ED10
:10048000002A21EE022A32EE042A9CED004A21EED7
:10049000041A31EE021A9DED0A2A20EE020A30EE0D
:1004A000010A41F68001C2F20001049181ED000AC7
:1004B00095ED000A20EE030A94ED0B2A9EED001A3A
:1004C0009DED0C4A21EE041A20EE020A30EE411A8C
:1004D0009CED000A20EE030A20EE020A30EE010A2B
:1004E00090ED001A9DED0B2A21EE021A30EE410A22
:1004F00041F68400C2F20000059080ED000A93ED01
:10050000000A92ED001A21EE011A20EE000A30EEE8
:10051000011A91ED000A20EE000A30EE011A90ED6A
:10052000000A20EE000A30EE010A04F0C9FEDDF8F0
:1005300004C0029B039A049905988CED000A9CED77
:10054000001A93ED000A20EE010A83ED000A9CEDEB
:10055000001A92ED000A20EE010A82ED000A9CEDDD
:10056000001A91ED000A20EE010A81ED000A9CEDCF
:10057000001A90ED000A20EE010A80ED000A9DEDC0
:100580000D1A93ED002A41F63003C2F2000393EDF9
:10059000000A21EE021A30EE410A83ED000A9DEDB9
:1005A0000D1A92ED002A41F63402C2F2000292EDD9
:1005B000000A21EE021A30EE410A82ED000A9DED9A
:1005C0000D1A91ED002A41F63801C2F2000191EDB9
:1005D000000A21EE021A30EE410A81ED000A9DED7B
:1005E0000D1A90ED002A41F63C00C2F2000090ED99
:1005F000000A21EE021A30EE410A80ED000AFFE700
:10060000069841F63001C2F2000191ED000A90ED2A
:10061000042A90ED081A20EE020A30EE010A80ED5D
:10062000080A41F63401C2F2000191ED000A90ED92
:10063000042A90ED091A20EE020A30EE010A80ED3C
:10064000090A41F63801C2F2000191ED000A90ED6D
:10065000042A90ED0A1A20EE020A30EE010A80ED1B
:100660000A0A41F63C01C2F2000191ED000A90ED48
:10067000042A90ED0B1A20EE020A30EE010A80EDFA
:100680000B0A90ED082A90ED093A90ED0A1A90EDC8
:100690000B0A23EE033A22EE022A32EE032A21EE5F
:1006A000011A31EE021A20EE000A30EE010A04F0BF
:1006B00007FE069841F64001C2F2000181ED000AF2
:1006C00091ED001A90ED080A20EE010A80ED080A6B
:1006D00091ED001A90ED090A20EE010A80ED090A59
:1006E00091ED001A90ED0A0A20EE010A80ED0A0A47
:1006F00091ED001A90ED0B0A20EE010A80ED0B0A35
:100700000FB0BDE8000FF0BD80B56F468CB00B9008
:100710000B98009090ED080A90ED092A90ED0A1AC6
:1007200090ED0B3A21EE031A20EE020A30EE010A98
:1007300030EE000A8DED0A0A90ED090A90ED0A1AD2
:1007400021EE011A20EE000A30EE010A30EE001A06
:10075000B7EE000A8DED010A30EE410A8DED090A6F
:100760009DED0A0ADDED090AEFF772FE00988DEDA6
:10077000080A343008A900F06FF8009890ED080AD4
:1007800090ED093A90ED0A2A90ED0B1A21EE031A2A
:1007900020EE020A30EE410A30EE000A8DED070A23
:1007A0009DED070AEFF7B4FD9DED011AB4EE410A85
:1007B000F1EE10FA0EDBFFE7DDED070A9FED250AEB
:1007C000EFF762FD00988DED060A383006A900F0BB
:1007D00043F80BE09DED070AEFF706FE00988DED5C
:1007E000050A383005A900F037F8FFE7009890EDCA
:1007F000080A90ED091A90ED0A3A90ED0B2A21EEC5
:10080000031A20EE020A30EE010A30EE000A8DEDE6
:10081000040A90ED0A0A90ED0B1A21EE011A20EE5F
:10082000000A30EE010A30EE001AB7EE000A30EE90
:10083000410A8DED030A9DED040ADDED030AEFF791
:1008400007FE00988DED020A303002A900F004F88E
:100850000CB080BDDB0FC93F80B56F4684B00390FC
:10086000029103980190029890ED000A00F006F8BA
:10087000019880ED000A04B080BD000080B56F468D
:1008800082B08DED010A9DED010ADFED0D0AEFF753
:10089000E1FD8DED010A9DED010AB5EE400AF1EE94
:1008A00010FA09D5FFE79DED010A9FED051A30EE1C
:1008B000010A8DED010AFFE79DED010A02B080BD3E
:1008C000DB0FC94083B00290019100920298019918
:1008D00001600099416003B0704780B56F4686B0F3
:1008E000059004910392059801900198009000985A
:1008F0000290029820300499039A00F002F806B0A2
:1009000080BD80B56F4684B0039002910192039838
:1009100000900098036840680299019A984704B0D3
:1009200080BD81B0009040F66110C0F6010001B0BA
:10093000704783B002900191009202980199016082
:100940000099416003B0704780B56F4682B0019056
:1009500001980090009801684068884702B080BD07
:1009600080B56F4682B00190019900F003F802B0A3
:1009700080BD000080B56F4698B01790169149F27F
:100980003871C0F60101099115A84FF0FF320892A5
:10099000FEF79EFE089A49F2E051C0F6010114A844
:1009A000FEF796FE089A49F2F251C0F601010B914A
:1009B00013A8FEF78DFE099800F080F8014610A8F4
:1009C0000A9000F085F80A98169900F089F80B98BB
:1009D00000F074F801460EA80C9000F079F80C981D
:1009E000169900F0A9F80A20F3F759F8FFE71698CE
:1009F00084304FF0FF3100F0CBF816987C300021A6
:100A000000F0C6F858B1FFE716983C30079000F0A8
:100A1000FFF80799024614A8FEF796FEFFE716981E
:100A20008030002100F0B4F858B1FFE71698483044
:100A3000069000F0EDF80699024613A8FEF784FE32
:100A4000FFE716983C30059000F0E2F80599024661
:100A500015A8FEF779FEF8F732FD40F6C511884279
:100A600006D3FFE716989FED140AFFF7EBFA05E0AF
:100A70001698B7EE000AFFF7E5FAFFE71698FFF7BA
:100A800043FE169800F1180102912030019000F009
:100A9000BFF801990246029800F0C4F8169800F1D8
:100AA0001C0104913030039000F0B2F80399024623
:100AB000049800F0D0F89AE70AD7233C80B56F4637
:100AC00082B0019001980021F4F7ACFA02B080BD29
:100AD00082B00190009101980099016002B07047C6
:100AE00080B56F4688B0069005910698019007A8DA
:100AF000009000F0C9F8082005F026FC0146009897
:100B0000049100F0C1F80146059A02A800F0C4F86B
:100B10000198049A0299039B536011600068049B3A
:100B200049F21C71C0F6010140F6AF42C0F6010265
:100B3000F3F75CFD08B080BD80B56F4688B00690C5
:100B400005910698019007A8009000F008F9082088
:100B500005F0FAFB01460098049100F000F9014607
:100B6000059A02A800F098F80198049A0299039B4C
:100B7000536011600068049B49F21C71C0F60101CA
:100B800040F6AF42C0F60102F3F730FD08B080BD79
:100B900080B56F4688B00590049105980190EFF3F9
:100BA00005800790079860B9FFE7019800680499ED
:100BB00005F07EFF0138B0FA80F0400907F8050C17
:100BC00022E0019800210391006803AA06F058F87A
:100BD0000138B0FA80F040090290039860B1FFE755
:100BE0004EF60451CEF200014FF080500860BFF382
:100BF0004F8FBFF36F8FFFE702980138B0FA80F094
:100C0000400907F8050CFFE717F8050C08B080BD90
:100C100081B0EFF3058000900098002818BF0120F4
:100C200001B0704780B56F4684B00390029107F819
:100C3000092C03980068029917F8092C02F00102A8
:100C40006B461A6010220123F3F767FFB0FA80F0B9
:100C5000400904B080BD80B56F4684B00390029116
:100C600007F8092C03980068029917F8092C02F07C
:100C700001026B461A600C220123F3F74EFFB0FA13
:100C800080F0400904B080BD81B0009040F6D540AE
:100C9000C0F6010001B0704783B00290019100924C
:100CA0000298019901600099416003B0704780B5D6
:100CB0006F4684B0039002910298019003984068B7
:100CC0000090019900980A684968904780F00100F7
:100CD00004B080BD80B56F4682B00190009101994B
:100CE000009A00F002F802B080BD80B56F4684B073
:100CF00003900291019201987C3000F003F80120EA
:100D000004B080BD80B56F4684B002900298009018
:100D1000EFF3058003900398B8B1FFE70098002136
:100D20000191006801A905F055FE019860B1FFE747
:100D30004EF60451CEF200014FF080500860BFF330
:100D40004F8FBFF36F8FFFE707E000980068002325
:100D500019461A4605F0E8FCFFE704B080BD81B0F3
:100D6000009040F66F50C0F6010001B0704780B5AA
:100D70006F4682B0019000910199009A00F002F84C
:100D800002B080BD80B56F4684B00390029101929D
:100D900001988430FFF7B6FF01988030FFF7B2FF6B
:100DA000012004B080BD80B56F4686B005900491E7
:100DB00005980190049A1168526842600160002110
:100DC000017241720499496800F005F801460198E2
:100DD000C16006B080BD80B56F4688B006900591B1
:100DE00007A8009000F033F8082005F0ADFA01469E
:100DF0000098049100F02BF80146069A02A800F032
:100E00002EF804990298039A4A6008601420F2F7B9
:100E100058FE0190019900204881059801990881A8
:100E2000019940F67560C0F6010048600498019988
:100E3000086001990120087340F2C850C2F2000016
:100E40000068019900F022F8019808B080BD81B0D7
:100E5000009040F6B960C0F6010001B0704783B061
:100E600002900191009202980199016000994160FD
:100E700003B0704780B56F4682B001900198009032
:100E8000009801684068884702B080BD80B56F4611
:100E900084B0039002910398009004300190F3F71E
:100EA00023FB009902981030F3F71FFF0198F3F726
:100EB0002AFB012004B080BD80B56F4682B001904E
:100EC000019900F002F802B080BD80B56F4682B093
:100ED000019000910098407AC00768B9FFE7009937
:100EE0000878097A01F0010104F027FE00990A7AD6
:100EF0000120904308721DE041F68800C2F2000014
:100F00000078C00768B1FFE700990878097A01F016
:100F1000010104F012FE00990A7A01209043087240
:100F2000FFE741F68801C2F200010A7801209043F0
:100F30000870FFE702B080BD80B56F4682B00190B7
:100F400007F8051C17F8050C28B9FFE70220002157
:100F500004F0F3FD04E00320002104F0EEFDFFE7C0
:100F600002B080BD80B56F4682B0019007F8051CC5
:100F700017F8050C28B9FFE70220012104F0DDFD78
:100F800004E00320012104F0D8FDFFE702B080BD9A
:100F900080B56F4684B0039007F8051C07F8062C4F
:100FA00007F8073C0398019001200090F2F777FDC5
:100FB000019817F8051CFFF7BFFF009817F8061CEB
:100FC00017F8072C04F031FE019817F8051CFFF7FD
:100FD000C9FF04B080BD80B56F4688B0069007F8A1
:100FE000091C07F80A2C0698049017F80A0C40F020
:100FF000800041F69001C2F20001039108700120C7
:101000000290F2F74CFD049817F8091CFFF794FFC3
:101010000298039A17F80A1C6B461860022304F022
:1010200026FE049817F8091CFFF79CFF17F8090C17
:1010300040B9FFE741F69000C2F20000407807F89F
:10104000010C07E041F69000C2F20000007807F8BA
:10105000010CFFE717F8010C08B080BD80B56F46A2
:1010600086B08446B868CDF814C007F8051C07F8A8
:10107000062C039307F80D0C059817F8051CFFF7CD
:101080005BFF17F8061C039A17F80D3CEC4600208E
:10109000CCF80000012004F0EAFD06B080BD80B568
:1010A0006F4696B0149013911498099015900021F2
:1010B000089141600160083049F21E71C0F60101DB
:1010C00000F0D0F809980899139A02677430FEF777
:1010D00067FF099808997830FEF762FF0998089928
:1010E0007C30FEF75DFF099808998030FEF758FFC5
:1010F000099808998430FEF753FF09980899C0F8B9
:1011000088108C30F2F7F8FC09989030F2F7F4FC74
:101110000998089A943049F23871C0F6010100F03C
:10112000C6F80998089A983049F2F251C0F60101C0
:1011300000F0BDF80998C0300790F5F7BFF809999D
:10114000024607986B461A6041F20932C0F6010266
:1011500049F22A73C0F6010301F014FB0998E83044
:1011600040F2E401C2F20001B2EE040A03F0C7FE4D
:101170000898099981F85C01062081F85D0101F564
:10118000B07001F5F8710A910B90FFE70B980A9A7D
:10119000002141610161C16081604160016000F135
:1011A0001801084691420B90F0D1FFE70999002001
:1011B00081F8F00101F2F11001F5FB710591069043
:1011C000FFE70699059A002001F8010B04910846F3
:1011D00091420690F5D1FFE7099841F68C01C2F2E1
:1011E000000108600420029004F094FC05200390A4
:1011F00004F090FC11A801F0E8FA099A014602985F
:1012000004F04AFC10A801F0E8FA099A0146039894
:1012100004F042FC12A801F0E8FA099B0246012101
:10122000084604F0CEFCFFE7099801F0E6FA20B981
:10123000FFE70120F2F733FCF6E70998322101F0CD
:1012400069FB099901F18C006B4604221A6049F28E
:101250003172C0F601024FF4807301F097FB1598CC
:1012600016B080BD80B56F4686B004900391049996
:1012700002910591039808660398F8F76FF86028C3
:1012800006D1FFE7029903986022F8F77AF80BE09D
:101290000298002160220192F0F7E4FC0299019A81
:1012A0000398F8F78FF8FFE7059806B080BD80B582
:1012B0006F4686B00490039107F80D2C04980190B6
:1012C000059017F80D0CC00760B9FFE7039A49F2C3
:1012D000CC51C0F6010100200C23F3F787F90199E6
:1012E00008600BE0039A49F2CB51C0F601010020DF
:1012F0000C23F3F77BF901990860FFE7059806B026
:1013000080BD000000000000D0B502AFADF5906DCB
:1013100047F8100C47F8141C47F8182C49F62421FC
:10132000C0F60101A7F15000B1E80C50A0E80C5044
:10133000B1E81C50A0E81C5091E81C5080E81C50FB
:1013400057F8140C012814D1FFE749F24470C0F695
:101350000100F2F7E1FB49F28870C0F60100F2F7F4
:10136000DBFB49F2A270C0F60100F2F7D5FB01F0F9
:1013700000BA57F8140C022841F08280FFE757F8B2
:10138000180C406849F2B671C0F60101F0F70CFE86
:1013900078BBFFE7002047F8540CFFE757F8540CE0
:1013A000022824DCFFE757F8100C57F8541C00EB18
:1013B000411090ED020B90ED041B90ED062B90ED8B
:1013C000083B684680ED043B80ED022B80ED001B5E
:1013D00053EC102B49F2DA70C0F60100F2F79CFBD7
:1013E000FFE757F8540C013047F8540CD6E701F0EA
:1013F00046B857F8180C406849F2BB71C0F60101B5
:10140000F0F7D2FD002840F06585FFE7002047F89F
:10141000580CFFE757F8580C052831DCFFE757F860
:10142000100C57F8581C084490F8F001C007A8B9F0
:10143000FFE757F8581CA7F1500001F0E0FA01F05F
:10144000E9FA014649F2C470C0F60100F2F764FB04
:101450004FF0FF3047F80C0C01F08FB9FFE757F859
:10146000580C013047F8580CD4E700BF00BF00BF4C
:1014700000000000000000400000000000001840D4
:1014800057F8100CC29090ED581B90ED5E0B51EC8C
:10149000110B53EC102BF1F7F5F941EC100B51EC5B
:1014A000100B1FED0D0B53EC102BE393E292F1F7B1
:1014B000CBFC0246C298C3920A46C39942EC101B69
:1014C00080ED020B57F8100CC49090ED641B90ED6A
:1014D0006A0B51EC110B53EC102BF1F7D3F9E29A94
:1014E000E39B41EC100B51EC100BF1F7ADFC024605
:1014F000C498C5920A46C59942EC101B80ED040BB6
:1015000057F8100CC69090ED701B90ED760B51ECD7
:10151000110B53EC102BF1F7B5F9E29AE39B41EC78
:10152000100B51EC100BF1F78FFC0246C698C792D6
:101530000A46C79942EC101B80ED060B57F8100CB9
:10154000CE9090ED581B90ED5E0B90ED642B8DEDE1
:10155000C82B90ED6A2B8DEDCA2B51EC110B53EC7F
:10156000102BF1F791F99DEDC80B41EC110B51ECEB
:10157000110B53EC102BF1F787F99DEDCA0B41ECE1
:10158000110B51EC110B53EC102BF1F77DF90246C6
:10159000CE98CC920A46CC9942EC111B90ED700B80
:1015A00051EC110B53EC102BF1F76EF90246CE986B
:1015B000CD920A46CD9942EC111B90ED760B51EC81
:1015C000110B53EC102BF1F75FF941EC100B51ECC0
:1015D000100B1FED570B53EC102BEE93ED92F1F720
:1015E00033FC0246CE98CF920A46CF9942EC101BAC
:1015F00080ED080B57F8100CD09090ED5A1B90ED31
:10160000600B51EC110B53EC102BF1F73BF9E29A04
:10161000E39B41EC100B51EC100BF1F715FC02466B
:10162000D098D1920A46D19942EC101B80ED0A0B5A
:1016300057F8100CD29090ED661B90ED6C0B51ECAE
:10164000110B53EC102BF1F71DF9E29AE39B41ECDF
:10165000100B51EC100BF1F7F7FB0246D298D39226
:101660000A46D39942EC101B80ED0C0B57F8100C76
:10167000D49090ED721B90ED780B51EC110B53EC64
:10168000102BF1F7FFF8E29AE39B41EC100B51ECC1
:10169000100BF1F7D9FB0246D498D5920A46D5999A
:1016A00042EC101B80ED0E0B57F8100CDC9090ED07
:1016B0005A1B90ED600B90ED662B8DEDD62B90EDC7
:1016C0006C2B8DEDD82B51EC110B53EC102BF1F74B
:1016D000DBF89DEDD60B41EC110B51EC110B53ECEB
:1016E000102BF1F7D1F89DEDD80B41EC110B51EC1B
:1016F000110B53EC102BF1F7C7F80246DC98DA9285
:101700000A46DA9942EC111B90ED720B51EC110B69
:1017100053EC102BF1F7B8F80246DC98DB920A463E
:10172000DB9942EC111B90ED780B51EC110B53EC53
:10173000102BF1F7A9F8ED9AEE9B41EC100B51EC50
:10174000100BF1F781FB0246DC98DD920A46DD9929
:1017500042EC101B80ED100B57F8100CDE9090ED52
:101760005C1B90ED620B51EC110B53EC102BF1F75D
:1017700089F8E29AE39B41EC100B51EC100BF1F766
:1017800063FB0246DE98DF920A46DF9942EC101BAB
:1017900080ED120B57F8100CE09090ED681B90ED67
:1017A0006E0B51EC110B53EC102BF1F76BF8E29A26
:1017B000E39B41EC100B51EC100BF1F745FB02469B
:1017C000E098E1920A46E19942EC101B80ED140B7F
:1017D00057F8100CE49090ED741B90ED7A0B51ECDF
:1017E000110B53EC102BF1F74DF8E29AE39B41EC0F
:1017F000100B51EC100BF1F727FB0246E498E59231
:101800000A46E59942EC101B80ED160B57F8100CB8
:10181000EF9090ED5C1B90ED620B90ED682B8DEDE1
:10182000E62B90ED6E2B8DEDE82B51EC110B53EC6C
:10183000102BF1F729F89DEDE60B41EC110B51EC63
:10184000110B53EC102BF1F71FF89DEDE80B41EC59
:10185000110B51EC110B53EC102BF1F715F802465C
:10186000EF98EB920A46EB9942EC111B90ED740B4A
:1018700051EC110B53EC102BF1F706F80246EF98E0
:10188000EC920A46EC9942EC111B90ED7A0B51EC6C
:10189000110B53EC102BF0F7F7FFED9AEE9B41EC98
:1018A000100B51EC100BF1F7CFFA0246EF98F092C3
:1018B0000A46F09942EC101B80ED180B49F2D370E8
:1018C000C0F6010047F85C0C002047F8600CFFE709
:1018D00057F8600C022827DCFFE757F85C0C57F834
:1018E000602C815C57F8100C00EB421090ED020B5D
:1018F00090ED041B90ED062B90ED083B684680EDC3
:10190000043B80ED022B80ED001B53EC102B49F2C1
:10191000D770C0F60100F2F7FFF8FFE757F8600C48
:10192000013047F8600CD3E749F2E870C0F60100D7
:10193000F2F7F2F857F8102C629292ED580B51EC36
:10194000100B92ED020B92ED081B8DED581B92EDE2
:101950000A1B8DED5A1B92ED101B8DED5E1B53EC97
:10196000102BF0F78FFF9DED580B41EC110B51EC54
:10197000110B53EC102BF0F785FF9DED5A0B02462F
:1019800062985D920A465D9942EC111B8DED661BD3
:1019900090ED5A1B51EC110B53EC102BF0F772FF2A
:1019A0009DED5E0B41EC110B51EC110B53EC102B28
:1019B000F0F768FF0246629861920A46619942EC2C
:1019C000101B8DED640B90ED5C1B90ED120B51EC38
:1019D000110B53EC102BF0F755FF024662986392FF
:1019E0000A46639942EC111B90ED180B51EC110B58
:1019F00053EC102BF0F746FF9DED641B9DED660B3D
:101A000041EC120B684680ED022B80ED001B53EC7D
:101A1000102B49F2F170C0F60100C090F2F77CF88B
:101A200057F8102C729292ED580B51EC100B92ED6E
:101A3000020B92ED081B8DED681B92ED0A1B8DEDDC
:101A40006A1B92ED101B8DED6E1B53EC102BF0F703
:101A50001BFF9DED680B41EC110B51EC110B53EC8E
:101A6000102BF0F70FFF9DED6A0B024672986D92F6
:101A70000A466D9942EC111B8DED761B90ED5A1BB9
:101A800051EC110B53EC102BF0F7FEFE9DED6E0B9D
:101A900041EC110B51EC110B53EC102BF0F7F2FE53
:101AA0000246729871920A46719942EC101B8DEDB4
:101AB000740B90ED5C1B90ED120B51EC110B53EC81
:101AC000102BF0F7E1FE0246729873920A46739962
:101AD00042EC111B90ED180B51EC110B53EC102B39
:101AE000F0F7D0FE9DED741B9DED760B0246C0987D
:101AF00079920A46799942EC121B694681ED022BD4
:101B000081ED001B53EC102BF2F706F857F8102C60
:101B1000849292ED5E0B51EC100B92ED040B92ED62
:101B2000081B8DED7A1B92ED0C1B8DED7C1B92ED4D
:101B3000101B8DED801B53EC102BF0F7A3FE9DEDD9
:101B40007A0B41EC110B51EC110B53EC102BF0F70D
:101B500099FE9DED7C0B024684987F920A467F9900
:101B600042EC111B8DED881B90ED601B51EC110BAD
:101B700053EC102BF0F786FE9DED800B41EC110B22
:101B800051EC110B53EC102BF0F77CFE02468498BD
:101B900083920A46839942EC101B8DED860B90EDE3
:101BA000621B90ED140B51EC110B53EC102BF0F762
:101BB00069FE0246849885920A46859942EC111B7B
:101BC00090ED180B51EC110B53EC102BF0F75AFE63
:101BD0009DED861B9DED880B0246C0988B920A46B0
:101BE0008B9942EC121B694681ED022B81ED001BA3
:101BF00053EC102BF1F790FF57F8102C969292EDC2
:101C00005E0B51EC100B92ED040B92ED081B8DED69
:101C10008C1B92ED0C1B8DED8E1B92ED101B8DED30
:101C2000921B53EC102BF0F72FFE9DED8C0B41EC2B
:101C3000110B51EC110B53EC102BF0F723FE9DED23
:101C40008E0B0246969891920A46919942EC111B8E
:101C50008DED9A1B90ED601B51EC110B53EC102B8A
:101C6000F0F712FE9DED920B41EC110B51EC110BB4
:101C700053EC102BF0F706FE0246969895920A4612
:101C8000959942EC101B8DED980B90ED621B90ED39
:101C9000140B51EC110B53EC102BF0F7F5FD024631
:101CA000969897920A46979942EC111B90ED180B63
:101CB00051EC110B53EC102BF0F7E4FD9DED981B4C
:101CC0009DED9A0B0246C0989D920A469D9942EC62
:101CD000121B694681ED022B81ED001B53EC102B8A
:101CE000F1F71AFF57F8102CA89292ED640B51EC03
:101CF000100B92ED060B92ED081B8DED9E1B92EDE5
:101D00000E1B8DEDA01B92ED101B8DEDA41B53EC53
:101D1000102BF0F7B7FD9DED9E0B41EC110B51EC34
:101D2000110B53EC102BF0F7ADFD9DEDA00B02460F
:101D3000A898A3920A46A39942EC111B8DEDAC1B07
:101D400090ED661B51EC110B53EC102BF0F79AFD44
:101D50009DEDA40B41EC110B51EC110B53EC102B2E
:101D6000F0F790FD0246A898A7920A46A79942EC80
:101D7000101B8DEDAA0B90ED681B90ED160B51EC2E
:101D8000110B53EC102BF0F77DFD0246A898A99299
:101D90000A46A99942EC111B90ED180B51EC110B5E
:101DA00053EC102BF0F76EFD9DEDAA1B9DEDAC0BD7
:101DB0000246C098AF920A46AF9942EC121B6946A0
:101DC00081ED022B81ED001B53EC102BF1F7A4FEEB
:101DD00057F8102CBA9292ED640B51EC100B92ED67
:101DE000060B92ED081B8DEDB01B92ED0E1B8DEDD9
:101DF000B21B92ED101B8DEDB61B53EC102BF0F7C0
:101E000043FD9DEDB00B41EC110B51EC110B53EC6C
:101E1000102BF0F737FD9DEDB20B0246BA98B59244
:101E20000A46B59942EC111B8DEDBE1B90ED661B69
:101E300051EC110B53EC102BF0F726FD9DEDB60B7A
:101E400041EC110B51EC110B53EC102BF0F71AFD78
:101E50000246BA98B9920A46B99942EC101B8DED28
:101E6000BC0B90ED681B90ED160B51EC110B53EC75
:101E7000102BF0F709FD0246BA98BB920A46BB99AF
:101E800042EC111B90ED180B51EC110B53EC102B85
:101E9000F0F7F8FC9DEDBC1B9DEDBE0B0246C09813
:101EA000C1920A46C19942EC121B694681ED022B90
:101EB00081ED001B53EC102BF1F72EFE49F60200CA
:101EC000C0F60100F1F728FE57F8100C083000F0BA
:101ED000A7FDD3E257F8180C406849F22571C0F607
:101EE0000101F0F761F8002840F0C782FFE757F8DA
:101EF000100C90ED220A9FEDB21A30EE010AEEF7B7
:101F000007FA9FEDB01AB4EE410AF1EE10FA16DDB1
:101F1000FFE757F8100CD0F88800F0F713FE41ECFB
:101F2000100B53EC102B49F62000C0F60100F1F71E
:101F3000F3FD4FF0FF3047F80C0C00F01EBC57F8D3
:101F4000100CD0F89C00F0F7FDFD41EC100B9FED5C
:101F50009E1B53EC112B51EC100BF1F7DBF830B159
:101F6000FFE757F8101C002081F85D0187E057F863
:101F7000100CD0F89C00F0F7E5FD41EC100B9FED44
:101F8000941B53EC112B51EC100BF1F7A5F830B169
:101F9000FFE757F8101C012081F85D016EE057F84B
:101FA000100CD0F8A000F0F7CDFD41EC100B9FED28
:101FB000861B53EC112B51EC100BF1F7ABF830B141
:101FC000FFE757F8101C022081F85D0155E057F833
:101FD000100CD0F8A000F0F7B5FD41EC100B9FED10
:101FE0007C1B53EC112B51EC100BF1F775F830B151
:101FF000FFE757F8101C032081F85D013CE057F81B
:10200000100CD0F8A400F0F79DFD41EC100B9FEDF3
:102010006E1B53EC112B51EC100BF1F77BF830B128
:10202000FFE757F8101C042081F85D0123E057F802
:10203000100CD0F8A400F0F785FD41EC100B9FEDDB
:10204000641B53EC112B51EC100BF1F745F830B138
:10205000FFE757F8101C052081F85D010AE049F6FA
:102060003500C0F60100F1F757FD4FF0FF3047F89B
:102070000C0C82E3FFE7FFE7FFE7FFE7FFE757F816
:10208000100C90F85D11A7F1500000F0B8FC00F0C2
:10209000C1FC014649F64D00C0F60100F1F73CFDD8
:1020A000002047F8640CFFE757F8640C042817DC9D
:1020B000FFE757F8640CC0F1050149F65700C0F678
:1020C0000100F1F729FD4FF47A70F1F7E8FCF3F71E
:1020D0002FFDFFE757F8640C013047F8640CE3E785
:1020E00049F66300C0F601000521F1F715FD57F828
:1020F000100C90F85D1101EB410100EBC1010020D3
:10210000C1F87401C1F8700157F8101C91F85D21F5
:1021100002EB420201EBC201C1F86C01C1F8680197
:1021200057F8101C91F85D2102EB420201EBC2014D
:10213000C1F86401C1F8600147F8680CFFE757F87F
:10214000680C042800F32181FFE757F8101C0020D9
:102150005790C1F85401C1F8500157F8101CC1F84C
:102160004C01C1F8480157F8101CC1F84401C1F8EE
:10217000400157F8101CC1F8580157F8102C0121E4
:1021800082F85C1147F8840CFFE757F8840C1D288F
:1021900026DCFFE757F8841C49F6E000C0F6010092
:1021A000F1F7BAFC4FF47A70F1F779FCF3F7C0FC61
:1021B000FFE757F8840C013047F8840CE5E700BFCF
:1021C000000034C29A99993E666666666666EE3F7E
:1021D000666666666666EEBF00000000000014409A
:1021E00057F8101C002081F85C0157F8100C90ED96
:1021F000500B8DED4A0BD0F85801F0F781FC9DEDA6
:102200004A1B41EC100B51EC110B53EC102BF0F767
:102210001BFE41EC100B51EC100BF0F79BFFF0F79D
:1022200091FC41EC100B07ED1C0B57F8100C90EDD6
:10223000520B8DED4C0BD0F85801F0F761FC9DED81
:102240004C1B41EC100B51EC110B53EC102BF0F725
:10225000FBFD41EC100B51EC100BF0F77BFFF0F79E
:1022600071FC41EC100B07ED1E0B57F8100C90EDB4
:10227000540B8DED4E0BD0F85801F0F741FC9DED5D
:102280004E1B41EC100B51EC110B53EC102BF0F7E3
:10229000DBFD41EC100B51EC100BF0F75BFFF0F79E
:1022A00051FC41EC100B07ED200B57F8681C17EDA3
:1022B0001C0B17ED1E1B17ED202B684680ED022B23
:1022C00080ED001B53EC102B49F6EF00C0F6010027
:1022D000F1F722FC17ED1C0B57F8100C90F85D116C
:1022E00001EB410100EBC100519090ED581B51EC06
:1022F000110B53EC102BF0F7C7FA0246519852928B
:102300000A46529942EC101B80ED580B17ED1E0B3C
:1023100057F8100C90F85D1101EB410100EBC10082
:10232000539090ED5A1B51EC110B53EC102BF0F71E
:10233000ABFA0246539854920A46549942EC101B49
:1023400080ED5A0B17ED200B57F8100C90F85D112B
:1023500001EB410100EBC100559090ED5C1B51EC8D
:10236000110B53EC102BF0F78FFA0246559856924A
:102370000A46569942EC101B80ED5C0BFFE757F8BC
:10238000680C013047F8680CD9E657F8100C90F843
:102390005D1101EB410100EBC100429090ED580B43
:1023A00051EC100B1FED740B53EC102B4593449222
:1023B000F0F74AFD449A459B84464298CDF80CC1FB
:1023C0008C4643994CEC101B80ED580B57F8100CC1
:1023D00090F85D1101EB410100EBC100469090EDDA
:1023E0005A0B51EC100BF0F72FFD449A459B844695
:1023F0004698CDF81CC18C4647994CEC101B80EDDB
:102400005A0B57F8100C90F85D1101EB410100EBED
:10241000C100489090ED5C0B51EC100BF0F714FDEF
:102420000246489849920A46499942EC101B80EDB1
:102430005C0B57F8100C90F85D1101EB410100EBBB
:10244000C10090ED580B90ED5A1B90ED5C2B684647
:1024500080ED022B80ED001B53EC102B49F615107C
:10246000C0F60100F1F758FB57F8100C90F85D1119
:102470000144012081F8F001FFE7FFE7FFE777E182
:1024800057F8140C042840F06781FFE757F8180C40
:10249000406849F2CD61C0F60101EFF785FD0028E3
:1024A00040F05981FFE757F8180C80683890F9A878
:1024B0003A9005F0D4FF38993A9AFAA83990FCF787
:1024C000C0FB399800213D910A223E92FCF79FFB08
:1024D000014639983B9106F085F93A9805F0C0FF1E
:1024E0003B9847F8880C57F8180CC0683C90F1A846
:1024F000409005F0B4FF3C99409AF2A83F90FCF759
:10250000A0FB3F983D993E9AFCF781FB01463F981E
:10251000419106F067F9409805F0A2FF4198F890C4
:10252000F898B0F57A7F04DDFFE74FF47A70F89001
:10253000FFE7F898012803DCFFE70220F890FFE7A7
:10254000FFE757F8880CF899884240F38880FFE746
:1025500057F8101C2891D1F888002A90D1F89C00D7
:10256000D1F8A0202292D1F8A4102491F0F7EAFA31
:102570000246229823920A46239942EC101B8DEDC5
:10258000360BF0F7DFFA0246249825920A46259981
:1025900042EC101B8DED340BF0F7D4FA024628986C
:1025A00026920A46269942EC101B8DED320BD0F88C
:1025B000B400F0F7C7FA0246289827920A462799EE
:1025C00042EC101B8DED300BD0F8B800F0F7BAFAE2
:1025D0000246289829920A46299942EC101B8DED53
:1025E0002E0BD0F8BC00F0F7ADFA02462A982B92D9
:1025F0000A462B9942EC101B8DED2C0BF0F7A2FA3A
:102600009DED2C5B9DED2E4B9DED303B9DED322BDA
:102610009DED341B9DED360B41EC160B684680EDAD
:102620000A6B80ED085B80ED064B80ED043B80ED8E
:10263000022B80ED001B53EC102B49F63310C0F633
:102640000100F1F769FAF898F1F729FAF3F770FA4F
:10265000F89957F8880C401A47F8880C71E757F832
:10266000101C1291D1F888001490D1F89C00D1F878
:10267000A0200C92D1F8A4100E91F0F763FA024654
:102680000C980D920A460D9942EC101B8DED200B13
:10269000F0F758FA02460E980F920A460F9942EC4C
:1026A000101B8DED1E0BF0F74DFA0246129810929A
:1026B0000A46109942EC101B8DED1C0BD0F8B400AB
:1026C000F0F740FA0246129811920A46119942EC2C
:1026D000101B8DED1A0BD0F8B800F0F733FA024654
:1026E000129813920A46139942EC101B8DED180BA9
:1026F000D0F8BC00F0F726FA0246149815920A4664
:10270000159942EC101B8DED160BF0F71BFA9DEDA1
:10271000165B9DED184B9DED1A3B9DED1C2B9DED21
:102720001E1B9DED200B41EC160B684680ED0A6BDD
:1027300080ED085B80ED064B80ED043B80ED022BC5
:1027400080ED001B53EC102B49F67210C0F601000F
:10275000F1F7E2F9FFE70AE049F6B210C0F601002E
:10276000F1F7DAF94FF0FF3047F80C0C05E0FFE71E
:10277000FFE7002047F80C0CFFE757F80C0C0DF5AD
:10278000906DD0BD80B56F4688B0D7F808C007906F
:102790000691059204930798039020300599069AB4
:1027A00000F0BFFD039804996A460023536013604C
:1027B00043F23932C0F60102F2F7BBFD0398B96863
:1027C000F2F7C4FD039808B080BD81B0009043F2D9
:1027D0001320C0F6010001B0704781B0009043F2B1
:1027E0004720C0F6010001B0704781B0009043F26D
:1027F0008720C0F6010001B0704780B56F468AB0EF
:10280000089008980790002106917E22B623049331
:10281000FEF7BEFB049B0798012105911422FEF7E9
:10282000B7FB1E20F1F73BF90798069A1146FEF711
:10283000D2FB0599069A0798FEF7CDFB069A0798F2
:102840001146FEF7C8FB1E2804D0FFE7002007F85A
:10285000010C5BE0079801210022FEF7BCFB0F286A
:1028600004D0FFE7002007F8010C4FE00798002193
:1028700001914022AA23FEF78BFB01990798412280
:102880000323FEF785FB0199079853220823FEF7DF
:102890007FFB01990798582204230093FEF778FBE9
:1028A000009B019907987D22FEF772FB322002906F
:1028B000F1F7F5F8009803F01AF9019B0798012148
:1028C00003910F22FEF764FB07980399102202235D
:1028D000FEF75EFB019B079803991622FEF758FB53
:1028E0000798039B18221946FEF752FB0798039995
:1028F00015228023FEF74CFB0298F1F7D0F8052053
:1029000003F0F5F8039807F8010CFFE717F8010C3E
:102910000AB080BD80B56F4688B00690059107A8C3
:10292000009000F02DFD082003F00EFD01460098F8
:10293000049100F025FD0146069A02A800F028FD4A
:1029400004990298039A4A6008601420F1F7B9F8D4
:102950000190019900204881059801990881019909
:1029600043F2A730C0F6010048600498019908605E
:1029700001990120087340F2C850C2F200000068BB
:102980000199FEF783FA019808B080BD80B56F46C3
:102990008EB08446B868CDF830C00B910A92099386
:1029A00007F8150C0C9804900DA8039000F034FD66
:1029B000082003F0C9FC01460398079100F02CFDA4
:1029C00001460B9A05A800F0E3FCDDF810E007993A
:1029D0000598069A4A600860079B0A99BDF824206A
:1029E00017F8150CEC46CCF804E0CCF8000043F2E4
:1029F000A730C0F6010004F0BBF90EB080BD80B571
:102A00006F4682B0019000910198009900F069FC36
:102A100002B080BD81B000900098406801B070475E
:102A200080B56F4682B001900199086E6022F6F77A
:102A3000C9FC02B080BD000080B56F46CEB04D909D
:102A40004D984090002027F8060CADF8300127F88B
:102A50000A0C41F69200C2F20000429000F113010C
:102A6000B81F02224192EEF7E7FF419A429800F127
:102A700015014CA8EEF7E0FF419A429800F11701CA
:102A8000A7F10A00EEF7D8FF37F9060C00EE100A9E
:102A9000B8EEC00A8DED480ABDF9300100EE100A0B
:102AA000B8EEC00A8DED490A37F90A0C00EE100A9B
:102AB000B8EEC00A8DED4A0A48A84790479800F042
:102AC00076FA4690479800F07BFA4590FFE74698E3
:102AD0004599884219D0FFE746984490449890ED74
:102AE000000A9FED3A1A80EE010A80ED000A449830
:102AF00090ED000A9FED361A20EE010A80ED000AE3
:102B0000FFE7469804304690E1E74098A83000215E
:102B10003F910C22EFF7A6F83F984390FFE74398C8
:102B2000022857DCFFE74098006F439900EB8100D3
:102B300090ED000A8DED3B0A48A83D9000F04AFA5E
:102B40009DED3B0A409902463D9892ED002A91ED99
:102B50002A1A20EE020A30EE010A81ED2A0A0A6FD3
:102B6000439902EB810292ED030A8DED3C0A00F0DD
:102B700031FA9DED3C0A409902463D9892ED002ABB
:102B800091ED2B1A20EE020A30EE010A81ED2B0A9C
:102B90000A6F439902EB810292ED060A8DED3E0A1F
:102BA00000F018FA9DED3E0A0146409891ED002A8A
:102BB00090ED2C1A20EE020A30EE010A80ED2C0A6C
:102BC000FFE7439801304390A9E700BF6F128341AC
:102BD00035FA8E3C409890ED2A0A8DED170AD0F810
:102BE0009C00EFF7AFFF0246409806920A4606990E
:102BF00042EC101B8DED0A0BD0F8A000EFF7A2FFFE
:102C00000246409807920A46079942EC101B90ED45
:102C1000021B8DED081B90ED041B90ED062B8DED36
:102C2000102B90ED082B8DED142B51EC110B53EC68
:102C3000102BEFF7DFFF9DED081B9DED0A0B41EC1C
:102C4000120B8DED0C2B51EC110B53EC102BEFF7FD
:102C5000D1FF9DED0C0B41EC110B51EC110B53EC22
:102C6000102BEFF711FE024640980F920A460F997B
:102C700042EC101B8DED120BD0F8A400EFF762FFB1
:102C80009DED101B41EC100B51EC110B53EC102B74
:102C9000EFF7B0FF9DED120B53EC102B41EC100B36
:102CA00051EC100BEFF7F0FD9DED140B41EC110B07
:102CB00051EC110B53EC102BEFF7E6FD41EC100B30
:102CC00051EC100BF0F746FA9DED170A01464098BB
:102CD00001EE101A30EE410A80ED2D0A90ED2B0A1C
:102CE0008DED290AD0F89C00EFF72CFF02464098A2
:102CF00018920A46189942EC101B8DED1C0BD0F867
:102D0000A000EFF71FFF0246409819920A46199952
:102D100042EC101B90ED0A1B8DED1A1B90ED0C1B65
:102D200090ED0E2B8DED222B90ED102B8DED262BA3
:102D300051EC110B53EC102BEFF75CFF9DED1A1BC0
:102D40009DED1C0B41EC120B8DED1E2B51EC110B6C
:102D500053EC102BEFF74EFF9DED1E0B41EC110BCA
:102D600051EC110B53EC102BEFF78EFD02464098FF
:102D700021920A46219942EC101B8DED240BD0F8CC
:102D8000A400EFF7DFFE9DED221B41EC100B51EC90
:102D9000110B53EC102BEFF72DFF9DED240B53EC93
:102DA000102B41EC100B51EC100BEFF76DFD9DED6E
:102DB000260B41EC110B51EC110B53EC102BEFF7E0
:102DC00063FD41EC100B51EC100BF0F7C3F99DEDD6
:102DD000290A0146409801EE101A30EE410A80EDB2
:102DE0002E0A90ED2C0A8DED3A0AD0F89C00EFF7F0
:102DF000A9FE024640982A920A462A9942EC101BE4
:102E00008DED2E0BD0F8A000EFF79CFE0246409807
:102E10002B920A462B9942EC101B90ED121B8DED64
:102E20002C1B90ED141B90ED162B8DED342B90ED9B
:102E3000182B8DED382B51EC110B53EC102BEFF7B9
:102E4000D9FE9DED2C1B9DED2E0B41EC120B8DED53
:102E5000302B51EC110B53EC102BEFF7CBFE9DED0B
:102E6000300B41EC110B51EC110B53EC102BEFF725
:102E70000BFD0246409833920A46339942EC101BF0
:102E80008DED360BD0F8A400EFF75CFE9DED341B02
:102E900041EC100B51EC110B53EC102BEFF7AAFE89
:102EA0009DED360B53EC102B41EC100B51EC100B3D
:102EB000EFF7EAFC9DED380B41EC110B51EC110BD7
:102EC00053EC102BEFF7E0FC41EC100B51EC100B26
:102ED000F0F740F99DED3A0A0146409801EE101ACC
:102EE00030EE410A80ED2F0A90F85C01C0070028FF
:102EF0005BD0FFE74098D0F858110131C0F8581165
:102F0000D0F8A800EFF71EFE0246409800920A464D
:102F1000009942EC101B90ED501B51EC110B53EC3F
:102F2000102BEFF7B1FC0246409801920A46019936
:102F300042EC101B80ED500BD0F8AC00EFF702FE16
:102F40000246409802920A46029942EC101B90ED0C
:102F5000521B51EC110B53EC102BEFF795FC024672
:102F6000409803920A46039942EC101B80ED520BE5
:102F7000D0F8B000EFF7E6FD0246409804920A460A
:102F8000049942EC101B90ED541B51EC110B53ECC7
:102F9000102BEFF779FC0246409805920A460599F6
:102FA00042EC101B80ED540BFFE74EB080BD80B5A6
:102FB0006F4682B00190019800F09CF902B080BD8C
:102FC00080B56F4682B00190019800F093F90C3003
:102FD00002B080BD80B56F4682B00190009101982B
:102FE000009900F095F902B080BD000080B56F46F1
:102FF00094B0139013980590002027F8060CADF8B4
:10300000480027F80A0C41F69200C2F2000007902F
:10301000411CB81F02220692EEF70EFD069A079891
:10302000C11C12A8EEF708FD069A0798411DA7F1EA
:103030000A00EEF701FD37F9060C00EE100AB8EEB3
:10304000C00A8DED0E0ABDF9480000EE100AB8EE78
:10305000C00A8DED0F0A37F90A0C00EE100AB8EE1F
:10306000C00A8DED100A0EA80D900D98FFF79FFF76
:103070000C900D98FFF7A4FF0B90FFE70C980B99AD
:10308000884210D0FFE70C980A900A9890ED000A49
:103090009FED4A1A80EE010A80ED000AFFE70C98C6
:1030A00004300C90EAE741F69201C2F20001487C3C
:1030B000897CC00040EA511027F82A0C37F92A0C05
:1030C000B0F5806F07DBFFE737F82A0CA0F500604A
:1030D00027F82A0CFFE7059837F92A1C00EE101A8A
:1030E000B8EEC00AB4EE001A20EE010AB3EE071AD9
:1030F00030EE010A80ED220A9C30002104910C225E
:10310000EEF7B0FD04980890FFE70898022852DC1B
:10311000FFE70598006F089900EB810090ED000A29
:103120008DED000A0EA80290FFF754FF9DED000AF6
:1031300005990246029892ED002A91ED271A20EE99
:10314000020A30EE010A81ED270A0A6F089902EBA4
:10315000810292ED030A8DED010AFFF73BFF9DED21
:10316000010A05990246029892ED002A91ED281A6B
:1031700020EE020A30EE010A81ED280A0A6F089952
:1031800002EB810292ED060A8DED030AFFF722FFA2
:103190009DED030A0146059891ED002A90ED291A4C
:1031A00020EE020A30EE010A80ED290AFFE70898B6
:1031B00001300890A9E714B080BD00BF00A0AA4468
:1031C00080B56F4684B0039003986A46062111606B
:1031D00041F69201C2F2000101F1130301210291B3
:1031E0000222FDF73BFF029804B080BD80B56F4618
:1031F00082B0019001986A461321116041F6920352
:10320000C2F2000300211222FDF728FF012002B0C4
:1032100080BD80B56F4682B00190019900F002F840
:1032200002B080BD80B56F4684B0039002910298D1
:10323000019001988430FDF765FD01988030FDF71D
:1032400061FD04B080BD80B56F4682B001900199E8
:1032500000F002F802B080BD80B56F4684B00390E4
:10326000029102980190F6F72FF90A4601994A60F7
:10327000086001988430FDF745FD01987C30FDF72A
:1032800041FD04B080BD80B56F4682B001900199C8
:1032900000F002F802B080BD80B56F4684B00390A4
:1032A000029102980190022002F05AFC48B9FFE70F
:1032B00001980021FDF756FE01987830FDF722FDB8
:1032C000FFE7032002F04CFC48B9FFE70198012119
:1032D000FDF748FE01987430FDF714FDFFE704B0D8
:1032E00080BD82B0019000910198009900EBC1006F
:1032F00002B0704780B56F4682B00190019800F02F
:1033000002F802B080BD81B00090009801B0704713
:1033100082B0019000910198009900EB810002B009
:10332000704783B002900191009202980199016068
:103330000099416003B0704780B56F4686B0059034
:1033400004910392059801900198009000980290D2
:10335000029820300499039A00F002F806B080BD6C
:1033600080B56F4684B0039002910192039800905B
:103370000098036840680299019A984704B080BD9C
:1033800081B0009043F2BF30C0F6010001B0704739
:1033900083B0029001910092029801990160009916
:1033A000416003B0704780B56F4682B001900198CC
:1033B0000090009801684068884702B080BD80B5E1
:1033C0006F4682B00190019900F002F802B080BD12
:1033D00080B56F4682B001900091009901F1E8003C
:1033E000D1ED220A9FED0A0A9FED0A1A01F0D6FDDF
:1033F0000020F6F71DF8F6F762F8C0087C2805D81B
:10340000FFE70098E83001F0B5FDFFE702B080BDAE
:1034100000003442CDCC4C3D81B0009043F22940B5
:10342000C0F6010001B0704780B56F4682B00190D0
:10343000019900F003F802B080BD000080B56F462E
:103440009EB01D901C9140F2E401C2F2000106A85A
:103450009FED310A01F053FD0020F5F7D9FFFFE79A
:103460001C9884301421FDF793FB002843D0FFE71C
:103470001C9880300021FDF78BFBD0B1FFE71C9832
:10348000FFF7B4FE1C9878304FF0FF31FDF780FB5A
:103490001C98FFF7ABFD1C9800F1940105919C303E
:1034A000049000F054F804990246059800F036F8AC
:1034B000FFE71C987C300021FDF76AFBD0B1FFE7E5
:1034C0001C98FFF77DFE1C9874304FF0FF31FDF71C
:1034D0005FFB1C98FFF7B0FA1C9800F1980103916C
:1034E000B430029000F033F802990246039800F0DD
:1034F00015F8FFE70FE049F6C710C0F6010069466E
:10350000086049F6C110C0F60100012200231946E7
:10351000F1F7A6F9FFE7A3E700007A4480B56F460C
:1035200084B00390029107F8092C0398006802996F
:1035300017F8092C02F001026B461A600C220123D5
:10354000F1F7EBFAB0FA80F0400904B080BD81B029
:10355000EFF3058000900098002818BF012001B00B
:10356000704780B56F46AAB028902898299000200F
:103570002790FFE7279800286CDCFFE704200A90DB
:10358000F0F79FFA039027991BA8059000F0A0F888
:10359000059A49F65C21C0F6010121A8049000F0CB
:1035A00083F8049805F0CEF90146039800220692AC
:1035B00000F0DAF8279941F6AC00C2F2000000F002
:1035C000FDF8039902460498116005F00BF905987F
:1035D00005F008F90A98F0F774FA079027990FA8F0
:1035E000099000F075F8099A49F66521C0F60101C5
:1035F00015A8089000F058F8089805F0A3F9069A65
:103600000146079800F0E5F8279941F6B000C2F2AC
:10361000000000F008F9079902460898116005F0CB
:10362000E1F8099805F0DEF80A98F0F74AFA0B90ED
:103630000121FCF7B5FC279941F6B400C2F2000065
:1036400000F0FCF801460B980860FFE7279801306E
:1036500027908FE700200C90FFE70C9800281EDCD5
:10366000FFE79DF8300000900EA800F0F2F8024647
:10367000009800230193194602F018F99DF83000D4
:1036800002900DA800F0EDF8019B0246029802217D
:1036900002F00CF9FFE70C9801300C90DDE702F026
:1036A0004CF829982AB080BD80B56F4684B0009050
:1036B0000390029101920198029A002105F032F9DB
:1036C00000F008FB0146009805F072F804B080BDD8
:1036D00080B56F468AB00390099008910898C00F92
:1036E00007F8090C17F8090CC00720B1FFE7089884
:1036F0004042029002E008980290FFE7029806908C
:1037000006980A2100F01AF90590002007F8150C18
:1037100017F8090C00F0010005990844009004A86E
:10372000019004F09CFE03980099019B2D2200F06B
:1037300045F9019804F094FE039817F8091C01F06C
:10374000010105F055F80599069A00F051F901209C
:1037500007F8150C17F8150C20B9FFE7039805F0CA
:1037600041F8FFE70AB080BD80B56F4686B004908F
:10377000039107F80D2C04980190059017F80D0C93
:10378000C00760B9FFE7039A49F2CC51C0F60101C6
:1037900000200C23F0F72AFF019908600BE0039A40
:1037A00049F2CB51C0F6010100200C23F0F71EFFB7
:1037B00001990860FFE7059806B080BD80B56F46A7
:1037C00082B0019000910198009900F060F902B078
:1037D00080BD80B56F4686B00490039107F80D2C2C
:1037E00004980190059017F80D0CC00760B9FFE729
:1037F000039A49F2CC51C0F6010100200C23F0F7E6
:10380000F5FE019908600BE0039A49F2CB51C0F62E
:10381000010100200C23F0F7E9FE01990860FFE7A1
:10382000059806B080BD80B56F4682B001900091CA
:103830000198009900F034F902B080BD80B56F4660
:1038400082B0019000910198009900F032F902B025
:1038500080BD81B0009043F6C520C0F6010001B0E4
:10386000704781B0009043F6D730C0F6010001B038
:10387000704780B56F4684B007F8010C029117F8C5
:10388000011C41F6B400C2F200000090FFF7D6FF21
:1038900000684FF0FF31FDF77BF917F8010C029B30
:1038A00053F8042B002102F00FF801460098B1FAFA
:1038B00081F1490907F8091C17F8011CFFF7BEFF41
:1038C0000068FDF71FFA17F8090C00F0010004B0BA
:1038D00080BD80B56F4688B007F8010C069105924F
:1038E000049317F8011C41F6B400C2F200000290E4
:1038F000FFF7A4FF00684FF0FF31FDF749F917F813
:10390000010C069A059B0499EC46CCF800100121A5
:1039100002F02EF801460298B1FA81F1490907F840
:10392000111C17F8011CFFF789FF0068FDF7EAF981
:1039300017F8110C00F0010008B080BD87B00590A9
:103940000491012003900498404302900298049946
:10395000484301900198049948430090FFE7059877
:103960000499884203D2FFE70398069023E0059864
:103970000299884204D2FFE70398013006901AE0CA
:1039800005980199884204D2FFE703980230069017
:1039900011E005980099884204D2FFE703980330AC
:1039A000069008E000990598B0FBF1F005900398A7
:1039B00004300390D3E7069807B0704780B56F4690
:1039C00086B00590049107F8092C029305980190A0
:1039D00004F011FE01460198029A04F0B5FF019827
:1039E000049917F8092C04F088FE019806B080BDF0
:1039F00086B0059004910392049801380290FFE785
:103A00000398642827D3FFE7039B48F21F51C5F2B0
:103A1000EB11A3FB01204009642200FB123040009F
:103A200001900398A0FB011040090390019949F609
:103A30007220C0F6010001444978059A029BD154D6
:103A40000199405C059A0299114401F8010C029811
:103A500002380290D4E703980A2811D3FFE70398AD
:103A600040000090009949F67220C0F60100014420
:103A70004978059A51700099405C0599087004E0F6
:103A80000398303005990870FFE706B0704782B0A0
:103A9000019000910198009900EB810002B07047FD
:103AA00082B0019000910198009900EB810002B072
:103AB000704782B0019000910198009900EB81005D
:103AC00002B0704780B56F4686B007F8010C0491CC
:103AD0000392029317F8011C049A039B0298EC4688
:103AE000CCF8000000F002F806B080BD80B56F464B
:103AF00088B0D7F808C0079007F8051C0592049312
:103B00000598009017F8051C41F6B800C2F20000B5
:103B1000019000F027F8009902460198116017F80B
:103B2000051C00F01FF8043004990822EDF784FF0B
:103B300017F8051C41F6AC00C2F20000FFF73EFE8C
:103B4000014601980968039117F8051C00F00AF86E
:103B5000029000F02BF802990246039800F00DF84D
:103B600008B080BD80B56F4682B001900091019889
:103B7000009900F025F802B080BD80B56F4684B092
:103B80000390029107F8092C03980068029917F82E
:103B9000092C02F001026B461A600C220123F0F797
:103BA000BCFFB0FA80F0400904B080BD81B0EFF3F3
:103BB000058000900098002818BF012001B07047D0
:103BC00082B0019000910198009901EB410100EB56
:103BD000810002B0704780B56F4686B007F8010CCF
:103BE00004910392029317F8011C049A039B029814
:103BF000EC46CCF8000000F002F806B080BD80B5BD
:103C00006F4688B0D7F808C0079007F8051C0592E2
:103C100004930598009017F8051C41F6C400C2F201
:103C20000000019000F027F8009902460198116009
:103C300017F8051C00F01FF8043004990822EDF76E
:103C4000FBFE17F8051C41F6B000C2F20000FFF7BA
:103C5000EAFD014601980968039117F8051C00F078
:103C60000AF80290FFF7A2FF02990246039800F0BB
:103C70000DF808B080BD80B56F4682B0019000910C
:103C80000198009900F01BF802B080BD80B56F4626
:103C900084B00390029107F8092C039800680299F8
:103CA00017F8092C02F001026B461A600C2201235E
:103CB000F0F733FFB0FA80F0400904B080BD82B065
:103CC000019000910198009901EB410100EB810006
:103CD00002B0704781B00090009801B0704780B585
:103CE0006F4684B0039007F8051C07F8062C03986C
:103CF00001900120EFF7D3FE019800F00CF817F8BF
:103D0000051C17F8062C002001F08FFF019800F029
:103D10000CF804B080BD80B56F4682B001900021E0
:103D2000084601F00AFF02B080BD80B56F4682B040
:103D300001900020012101F000FF02B080BD80B59C
:103D40006F4684B0039007F8051C0398019001208A
:103D5000EFF7A5FE0198FFF7DEFF17F8051C00201E
:103D600001F03DFF0146019807F8051CFFF7DDFF54
:103D700017F8050C04B080BD80B56F4686B005907D
:103D800007F8051C039207F80D3C0598FFF7C3FFE1
:103D900017F8051C039A17F80D3CEC460020CCF8E8
:103DA000000001F064FF06B080BD000080B56F46E2
:103DB0008EB00D900C9107F8092C0D9805900021FC
:103DC000029101704170043049F63B31C0F60101A7
:103DD00000F086F8059802990C9A426117F8092CB0
:103DE00002761C30FCF7DCF8059802992030FCF7CD
:103DF000D7F805980299416228300490EFF77CFECD
:103E000005982C30EFF778FE0598029A303049F289
:103E1000E051C0F60101FDF74AFA0598029A3430E4
:103E200049F2D751C0F60101FDF741FA0598029910
:103E30008163C163016441648164C1645030019055
:103E4000F2F73CFA0599024601986B461A6043F670
:103E50002B72C0F6010249F64933C0F6010300F0A7
:103E6000CAFA0598783040F20811C2F200019FEDBD
:103E70001B0A01F044F80598029980F8FC1041F6FD
:103E8000D001C2F2000108600120039001F042FE5F
:103E90000AA800F0D3FA059A0146039801F0FCFD48
:103EA0000BA800F0D3FA0399059B0246029801F093
:103EB00088FE0399059800F0D1FA059904986B469D
:103EC00004221A6049F65232C0F601024FF48073A0
:103ED00000F000FB05980EB080BD00BF00007A44E2
:103EE00080B56F4686B004900391049902910591C4
:103EF0000398C8600398F5F731FA0C2806D1FFE75C
:103F0000029903980C22F5F73CFA0BE00298002185
:103F10000C220192EDF7A6FE0299019A0398F5F79B
:103F200051FAFFE7059806B080BD80B56F46E0B056
:103F30005E905D915C925D98012813D1FFE749F294
:103F40004470C0F60100EFF7E7FD49F28870C0F653
:103F50000100EFF7E1FD49F2A270C0F60100EFF7B2
:103F6000DBFD42E25D98022840F04C81FFE75C985F
:103F7000406849F2B671C0F60101EEF715F890BB42
:103F8000FFE75E9948688A684292C9684491EEF7F3
:103F9000D9FD0246429843920A46439942EC101BCF
:103FA0008DED480BEEF7CEFD0246449845920A4649
:103FB000459942EC101B8DED460BEEF7C3FD9DEDD0
:103FC000461B9DED480B41EC120B684680ED022B21
:103FD00080ED001B53EC102B49F66130C0F6010058
:103FE000EFF79AFD0DE15C98406849F22571C0F643
:103FF0000101EDF7D9FF002840F00281FFE7002022
:104000005B90FFE75B98042812DCFFE74FF47A70BF
:10401000EFF745FD5B98C0F1050149F67F30C0F62A
:104020000100EFF779FDFFE75B9801305B90E9E76E
:1040300049F68D30C0F60100EFF76EFD5E99002065
:104040004190C1F8F400C1F8F0005E99C1F8EC00AD
:10405000C1F8E8005E99C1F8E400C1F8E0005E999B
:10406000C1F8F8005E9A012182F8FC105A90FFE72F
:104070005A981D2812DCFFE75A9949F6E000C0F66D
:104080000100EFF749FD4FF47A70EFF708FDF1F703
:104090004FFDFFE75A9801305A90E9E75E990020FA
:1040A00081F8FC005E982F9090ED380B8DED2C0B75
:1040B000D0F8F800EEF724FD9DED2C1B41EC100B21
:1040C00051EC110B53EC102BEEF7BEFE41EC100B34
:1040D00051EC100BEFF73EF801462F9801EE101A45
:1040E00090ED010A30EE010A80ED010A5E983390EE
:1040F00090ED3A0B8DED300BD0F8F800EEF700FDA7
:104100009DED301B41EC100B51EC110B53EC102BBF
:10411000EEF79AFE41EC100B51EC100BEFF71AF88A
:104120000146339801EE101A90ED020A30EE010AB2
:1041300080ED020A5E98379090ED3C0B8DED340BCC
:10414000D0F8F800EEF7DCFC9DED341B41EC100BD1
:1041500051EC110B53EC102BEEF776FE41EC100BEB
:1041600051EC100BEEF7F6FF0146379801EE101AEE
:1041700090ED030A30EE010A80ED030A5E9948686B
:104180008A683892C9683A91EEF7DCFC02463898A2
:1041900039920A46399942EC101B8DED3E0BEEF731
:1041A000D1FC02463A983B920A463B9942EC101BDE
:1041B0008DED3C0BEEF7C6FC9DED3C1B9DED3E0BE3
:1041C00041EC120B684680ED022B80ED001B53EC96
:1041D000102B49F66130C0F60100EFF79DFC5E98A8
:1041E000043000F0B0F949F6B730C0F60100EFF73F
:1041F00093FC49F61700C0F60100EFF78DFCFFE7CE
:10420000FFE7F1E05D98042840F0E380FFE75C9869
:10421000406849F2CD61C0F60101EDF7C5FE002806
:1042200040F0D680FFE75C988068229052A82490E6
:1042300004F015F92299249A53A82390FAF701FD66
:104240002398002127910A222892FAF7E0FC0146E0
:104250002398259104F0C6FA249804F001F92598D2
:1042600059905C98C06826904AA82A9004F0F7F804
:1042700026992A9A4BA82990FAF7E3FC29982799BE
:10428000289AFAF7C4FC014629982B9104F0AAFA5F
:104290002A9804F0E5F82B9851905198B0F57A7F60
:1042A00004DDFFE74FF47A705190FFE75198012841
:1042B00003DCFFE702205190FFE7FFE7F1F738FC4E
:1042C0005E991291486A1490886BCA6B0C92096CC3
:1042D0000E91EEF737FC02460C980D920A460D99A6
:1042E00042EC101B8DED200BEEF72CFC02460E98D5
:1042F0000F920A460F9942EC101B8DED1E0BEEF744
:1043000021FC0246129810920A46109942EC101BAA
:104310008DED1C0B406CEEF715FC024612981192C5
:104320000A46119942EC101B8DED1A0B806CEEF7CA
:1043300009FC0246129813920A46139942EC101B8C
:104340008DED180BC06CEEF7FDFB0246149815922C
:104350000A46159942EC101B8DED160BEEF7F2FB99
:104360009DED165B9DED184B9DED1A3B9DED1C2BB5
:104370009DED1E1B9DED200B41EC160B684680ED5C
:104380000A6B80ED085B80ED064B80ED043B80ED11
:10439000022B80ED001B53EC102B49F6CC30C0F6FD
:1043A0000100EFF7B9FB5198EFF779FB5199599854
:1043B000401A5990FFE75998519988423FF77EAFCC
:1043C000FFE748F6CE70C0F60100EFF7A5FBFFE768
:1043D00009E049F6B210C0F60100EFF79DFB4FF07F
:1043E000FF305F9004E0FFE7FFE700205F90FFE70A
:1043F0005F9860B080BD80B56F4688B0D7F808C0C0
:104400000790069105920493079803902030059930
:10441000069A00F056FC039804996A4600235360FC
:10442000136044F6D942C0F60102F0F782FF039808
:10443000B968F0F78BFF039808B080BD81B0009099
:1044400044F66540C0F6010001B0704781B00090AD
:1044500044F69140C0F6010001B0704780B56F4648
:1044600088B00690059107A8009000F059FC08203C
:1044700001F06AFF01460098049100F051FC0146EA
:10448000069A02A800F054FC04990298039A4A6024
:1044900008601420EFF715FB019001990020488176
:1044A000059801990881019944F64750C0F601002A
:1044B000486004980199086001990120087340F24E
:1044C000C850C2F2000000680199FCF7DFFC0198B7
:1044D00008B080BD80B56F468EB08446B868CDF810
:1044E00030C00B910A92099307F8150C0C980490B0
:1044F0000DA8039000F060FC082001F025FF0146A4
:104500000398079100F058FC01460B9A05A800F0AB
:104510000FFCDDF810E007990598069A4A600860DC
:10452000079B0A99BDF8242017F8150CEC46CCF827
:1045300004E0CCF8000044F64750C0F6010002F059
:1045400017FC0EB080BD80B56F4682B00190019916
:10455000C8680C22F4F736FF02B080BD80B56F4604
:1045600092B0109007F8091C10980E9076210C91CB
:1045700000220D92FFF7B3FB0E9811210122FFF7E5
:10458000AEFB0520EFF78BFA0E982D21FFF7D7FB36
:104590000C990D9A03460E9807F80A3CFFF79FFB0B
:1045A0000E987521FFF7CBFB07F80A0CFFE717F809
:1045B0000A0C472817D0FFE717F80A0C694648602D
:1045C00049F60A40C0F60100086049F6C110C0F67D
:1045D0000100012200230B931946F0F741F90B98D3
:1045E00007F8010CC8E00E9800F0CAF80E98762182
:1045F000089101220A92FFF772FB0E980B21A0226C
:10460000FFF76DFB0E980C221146FFF768FB0E9822
:104610000D21059190220292FFF761FB0E980E2169
:1046200080220392FFF75BFB0E9808990222FFF7A6
:1046300056FB0E9803211822FFF751FB029A0E98A1
:1046400004210791FFF74BFB039A0E980521FFF712
:1046500046FB0E98089900220992FFF740FB0E983E
:10466000522104912222FFF73AFB0E9814211222C4
:10467000FFF735FB0E9851213622FFF730FB0499E6
:104680000E984422FFF72BFB059A0E985321FFF753
:1046900026FB0E98099A6321FFF721FB0E98099AD1
:1046A0006421FFF71CFB0E9865210822FFF717FB1A
:1046B0000E98099A6621FFF712FB0E98099A682155
:1046C000FFF70DFB0E98099A6921FFF708FB0E987A
:1046D0004D210691FFF733FB069902460E9807F825
:1046E0000B2C17F80B2C02F03F0207F80B2C17F8D5
:1046F0000B2C42F0400207F80B2C17F80B2CFFF79D
:10470000EEFA0E980899099AFFF7E9FA0E9800F068
:1047100042F80E9817F8091C41F040024F21FFF7AC
:10472000DEFA0E9817F8091C41F040025021FFF7FD
:10473000D6FA0E980899099AFFF7D1FA0E987721C0
:104740009522FFF7CCFA0E9808990A9AFFF7C7FA54
:10475000079A0E987B21FFF7C2FA0E980899099ADA
:10476000FFF7BDFA3220EFF79AF90A9801F0BFF986
:104770000A9807F8010CFFE717F8010C12B080BD8A
:1047800080B56F4682B0019001984E210022FFF75C
:10479000A6FA02B080BD80B56F4682B00190019844
:1047A0004E210F22FFF79BFA02B080BD80B56F4605
:1047B000A6B0259025991191002027F8060CADF898
:1047C000900027F80A0C41F6D402C2F2000292F8D7
:1047D00002C0D37843EA0C2327F8063C92F804C0C1
:1047E000537943EA0C23ADF890309379D27942EAB9
:1047F000032227F80A2C37F9062C00EE102AB8EE0F
:10480000C00A8DED200ABDF9902000EE102AB8EE06
:10481000C00A8DED210A37F90A2C00EE102AB8EEF5
:10482000C00A8DED220A37F8062CA1F8D020BDF879
:104830009020A1F8D22037F80A2CA1F8D4200870D3
:1048400020A81F901F98FEF7B2FB1E901F98FEF73E
:10485000B7FB1D90FFE71E981D99884221D0FFE706
:104860001E981C901C9890ED000AEBF751FD9FEDEF
:10487000F11AB4EE410AF1EE10FA04DDFFE71199E6
:1048800001200870FFE71C9890ED000A9FEDEC1ADC
:1048900080EE010A80ED000AFFE71E9804301E90AA
:1048A000D9E711983830002110910C22EDF7DAF990
:1048B00010981B90FFE71B98022852DCFFE7119825
:1048C00040691B9900EB810090ED000A8DED0C0A08
:1048D00020A80E90FEF77EFB9DED0C0A1199024672
:1048E0000E9892ED002A91ED0E1A20EE020A30EE9B
:1048F000010A81ED0E0A4A691B9902EB810292EDD1
:10490000030A8DED0D0AFEF765FB9DED0D0A119969
:1049100002460E9892ED002A91ED0F1A20EE020A3F
:1049200030EE010A81ED0F0A4A691B9902EB810200
:1049300092ED060A8DED0F0AFEF74CFB9DED0F0A76
:104940000146119891ED002A90ED101A20EE020A0E
:1049500030EE010A80ED100AFFE71B9801301B9032
:10496000A9E7119941F6D400C2F20000037A427A15
:1049700042EA032227F8062C837AC27A42EA03220B
:10498000ADF89020027B407B40EA022027F80A0C19
:1049900037F9060C00EE100AB8EEC00A8DED180AC1
:1049A000BDF9900000EE100AB8EEC00A8DED190AAC
:1049B00037F90A0C00EE100AB8EEC00A8DED1A0A9B
:1049C00037F8060CA1F8D600BDF89000A1F8D80081
:1049D00037F80A0CA1F8DA000020487018A81790E0
:1049E0001798FEF7E4FA16901798FEF7E9FA159073
:1049F000FFE716981599884225D0FFE7169814907E
:104A0000149890ED000AEBF783FC9FED8A1AB4EE40
:104A1000410AF1EE10FA04DDFFE711990120487018
:104A2000FFE7149890ED000A9FED831A80EE010ACB
:104A30009FED821A20EE010A80ED000AFFE716982A
:104A400004301690D5E71198443000210B910C22C8
:104A5000EDF708F90B981390FFE71398022852DC42
:104A6000FFE711984069139900EB810090ED000A6F
:104A70008DED070A18A80990FEF7ACFA9DED070A1C
:104A800011990246099892ED002A91ED111A20EE33
:104A9000020A30EE010A81ED110A4A69139902EB0C
:104AA000810292ED030A8DED080AFEF793FA9DED5F
:104AB000080A11990246099892ED002A91ED121AFE
:104AC00020EE020A30EE010A81ED120A4A691399BA
:104AD00002EB810292ED060A8DED0A0AFEF77AFAE0
:104AE0009DED0A0A0146119891ED002A90ED131AE6
:104AF00020EE020A30EE010A80ED130AFFE7139858
:104B000001301390A9E7119890ED011A90ED110A68
:104B100030EE410A80ED110A90ED021A90ED120A72
:104B200030EE410A80ED120A90ED031A90ED130A5F
:104B300030EE410A80ED130A90F8FC00C00700280F
:104B400058D0FFE71198D0F8F8100131C0F8F810EC
:104B5000406CEDF7F7FF0246119801920A46019961
:104B600042EC101B90ED381B51EC110B53EC102B49
:104B7000EDF78AFE0246119802920A46029942EC2B
:104B8000101B80ED380B806CEDF7DCFF02461198AE
:104B900003920A46039942EC101B90ED3A1B51EC2C
:104BA000110B53EC102BEDF76FFE02461198049297
:104BB0000A46049942EC101B80ED3A0BC06CEDF7ED
:104BC000C1FF0246119805920A46059942EC101B56
:104BD00090ED3C1B51EC110B53EC102BEDF754FEF8
:104BE0000246119806920A46069942EC101B80ED87
:104BF0003C0BFFE7119841F6D401C2F200010A789C
:104C0000497841EA022127F84E1C37F94E1C00EE84
:104C1000101AB8EEC00A9FED061A80EE010AB3EE34
:104C2000091A30EE010A80ED090A26B080BD00BFE6
:104C3000E17A044300FCFF466F12834235FA8E3C52
:104C40000000004680B56F4682B00190019841F6A1
:104C5000D402C2F200021D210E23FFF78DF80120BD
:104C600002B080BD80B56F4682B00190019900F01E
:104C700002F802B080BD80B56F4684B00390029107
:104C80000298019001982030FCF73CF804B080BDF8
:104C900080B56F4682B00190019900F002F802B031
:104CA00080BD80B56F4684B0039002910298019058
:104CB0000198FFF73AF801981C30FCF723F804B08C
:104CC00080BD83B002900191009202980199016029
:104CD0000099416003B0704780B56F4686B005907B
:104CE0000491039205980190019800900098029019
:104CF000029820300499039A00F002F806B080BDB3
:104D000080B56F4684B003900291019203980090A1
:104D10000098036840680299019A984704B080BDE2
:104D200081B0009044F65F50C0F6010001B07047BA
:104D300083B002900191009202980199016000995C
:104D4000416003B0704780B56F4682B00190019812
:104D50000090009801684068884702B080BD80B527
:104D60006F4682B00190019900F002F802B080BD58
:104D700080B56F4682B001900091009901F17800F2
:104D8000D1ED090A9FED0A0A9FED0A1A00F006F913
:104D90000120F4F74DFBF4F792FBC0087C2805D8FE
:104DA000FFE70098783000F0E5F8FFE702B080BD3B
:104DB000000034426F12833A81B0009044F6C9502B
:104DC000C0F6010001B0704780B56F4682B0019017
:104DD000019900F002F802B080BD80B56F4688B03E
:104DE00007900691FFE70698017EFFF7B7FB20B911
:104DF000FFE70120EEF753FEF5E70120F4F708FB8B
:104E0000FFE7069820301421FBF7C2FE38B3FFE716
:104E10000698FFF717FF06981C304FF0FF31FBF79D
:104E2000B7FE0698FFF7C2FC069800F13001039127
:104E30003830029000F024F8029902460398FEF7F9
:104E40006DFB069800F1340105914430049000F0A8
:104E500017F8049902460598FEF760FB0FE049F643
:104E60002740C0F601006946086049F6C110C0F647
:104E70000100012200231946EFF7F2FCFFE7C0E72B
:104E800081B0EFF3058000900098002818BF012042
:104E900001B0704780B56F4684B00390029107F867
:104EA000092CFFE70298411E029188B1FFE717F82D
:104EB000090C03994A1C03920978414049F63E4087
:104EC000C0F6010000F008F8007807F8090CE9E7DF
:104ED00017F8090C04B080BD80B56F4682B0019010
:104EE00000910198009900F002F802B080BD82B0F4
:104EF0000190009101980099084402B07047B0B544
:104F000002AF86B0059004918DED030A05980190DB
:104F1000049A0146B2E81850A1E8185092E83850B7
:104F200081E83850002181622C3000F019F8019896
:104F300038309DED030A0499D1ED060A00F05CFAC1
:104F400001989DED031AB7EE000A80EE010A8DED7F
:104F5000020A0299416200F00DF8019806B0B0BD56
:104F600081B000900098002101604160816001B033
:104F70007047000080B56F4682B001900198002113
:104F80008162C1620163416338309FED030A00F022
:104F900033FB02B080BD00BF0000000080B56F464B
:104FA00092B010908DED0F0ACDED0E0A8DED0D1A19
:104FB000109803909DED0F0A00F0FAF860B1FFE73A
:104FC0009DED0E0A00F0F4F830B1FFE79DED0D0AFB
:104FD00000F0EEF820B9FFE70398406B1190E1E094
:104FE000039800210C91007FC00760B1FFE70BA878
:104FF00002900FA900F0F6F802980EA900F004F94B
:105000008DED0C0A08E09DED0F0A9DED0E1A30EEB5
:10501000410A8DED0C0AFFE703989DED0C0A90ED17
:10502000001A20EE010A8DED0A0A90ED000A9DEDAE
:105030000E1A20EE010A8DED090A38309DED090A9D
:1050400000F080FA03988DED080A9DED080AD0ED76
:10505000090A90ED0C1A30EE410A8DED010A9DED22
:105060000D0AEBF75DF90399B0EE401A9DED010AC8
:1050700080EE010A8DED070A0C98C8620898086353
:105080009DED070A00F094F818B9FFE7002007909B
:10509000FFE703989DED0A0A9DED071A90ED012A9E
:1050A00090ED033A21EE031A20EE020A30EE410A97
:1050B0008DED060A90ED0A1A9DED0A0A9DED0D2A66
:1050C00020EE020A30EE010A8DED050A9DED050A7B
:1050D00090ED021A20EE010A8DED040A90ED020A0D
:1050E0009FED321AB4EE410AF1EE10FA2ADDFFE725
:1050F0009DED050A00F05CF818B3FFE79DED060A88
:105100009DED041A30EE010AEBF702F9039890EDD9
:10511000051AB4EE410AF1EE10FA11D8FFE79DED41
:10512000050AEBF7F5F8039890ED041AB4EE410A7E
:10513000F1EE10FA04D8FFE7039905988862FFE7BB
:10514000FFE7FFE703989DED040A90ED081A30EEA3
:10515000011A9DED060A30EE010A8DED060A9DED5D
:10516000060A00F025F8C8B1FFE7039890ED050A9C
:105170009FED0E1AB4EE410AF1EE10FA0ADDFFE7D8
:1051800003989DED060AD0ED050A00F0AAF88DED12
:10519000060AFFE7039906984863FFE70398406B08
:1051A0001190FFE79DED110A12B080BDBD37863525
:1051B00081B08DED000A9DED000AB0EEC00A9FEDB2
:1051C000081A0020B4EE410AF1EE10FA48BF01209F
:1051D000B4EE410AF1EE10FAC8BF012001B07047E9
:1051E0000000807F80B56F4684B0039002910398E1
:1051F0000190029890ED000AFBF740FB019880EDCA
:10520000000A04B080BD000080B56F4686B00590EE
:10521000049105980190049890ED000AFBF72EFB8D
:1052200001988DED030A90ED000A9DED031A30EE12
:10523000410A8DED020AFFE70298EDF783FC41EC8D
:10524000100B9FED191B53EC112B51EC100BEDF7CC
:1052500057FF48B1FFE79DED020A9FED181A30EEA7
:10526000010A8DED020AE7E7FFE70298EDF76AFC15
:1052700041EC100B9FED0E1B53EC112B51EC100B5E
:10528000EDF72AFF48B1FFE79DED020A9FED0A1AEC
:1052900030EE010A8DED020AE7E79DED020A06B045
:1052A00080BD00BF00BF00BF182D4454FB21094042
:1052B000182D4454FB2109C0DB0FC940DB0FC9C0C6
:1052C00080B56F4682B08DED010A9DED010AEBF7C6
:1052D000EBF8B0EE401AB7EE000A80EE010A02B019
:1052E00080BD8AB08DED090ACDED080A08980790B7
:1052F000099805909DED080AB1EE400A8DED040A6B
:105300009DED050A9DED041AB4EE410AF1EE10FA86
:1053100005DDFFE79DED050A8DED010A04E09DED39
:10532000040A8DED010AFFE79DED010A8DED030AE8
:10533000039806909DED070A9DED061AB4EE410A0A
:10534000F1EE10FA05D5FFE79DED070A8DED000A95
:1053500004E09DED060A8DED000AFFE79DED000AD1
:105360008DED020A9DED020A0AB070478BB00A90DB
:105370008DED090ACDED080A089807900A98006893
:105380000590099804909DED050A9DED041AB4EE70
:10539000410AF1EE10FA05DDFFE79DED050A8DEDFE
:1053A000010A04E09DED040A8DED010AFFE79DED81
:1053B000010A8DED030A039806909DED070A9DED05
:1053C000061AB4EE410AF1EE10FA05D5FFE79DED9D
:1053D000070A8DED000A04E09DED060A8DED000A36
:1053E000FFE79DED000A8DED020A02980A99086018
:1053F0000BB070470000000080B56F468AB008907F
:105400008DED070ACDED060A0898029009900699DD
:10541000016000218161C16190ED000AB5EE400A92
:10542000F1EE10FA0AD8FFE702994FF07E50C860FB
:105430000020086148614860886078E002989DED2E
:10544000070A90ED001A80EE010A8DED050A059815
:10545000EDF778FB41EC100B9FED371B51EC110B76
:1054600053EC102BEDF7F0FC41EC100B51EC100B52
:10547000EDF770FE00EE100AEAF78CFF8DED040ADE
:105480009FED2F0A8DED000AEAF70AFF0298B0EEB1
:10549000401A9DED000A31EE012A9DED041A22EE1C
:1054A000012AB7EE003A8DED013A32EE032A21EEE1
:1054B000011A31EE021A8DED031A9DED041A21EE48
:1054C000011A9DED032A81EE021A80ED031A90ED78
:1054D000031A31EE011A80ED041AC16841619DED95
:1054E000041A21EE011ABFEE002A31EE021A31EE43
:1054F000011A9DED032A81EE021A80ED011AEAF7E6
:10550000CFFE9DED011A029830EE002A9DED040AAF
:1055100022EE002A31EE421A20EE000A30EE010A95
:105520009DED031A80EE010A80ED020AFFE709985B
:105530000AB080BD00BF00BF182D4454FB210940B4
:10554000DB0F493F80B56F4686B005908DED040AAC
:10555000059801909DED040A90ED014A90ED022A14
:1055600090ED063A90ED071A23EE043A30EE430A26
:1055700021EE021A30EE410A8DED030A9DED030A79
:1055800000F026F818B1FFE704980390FFE70199AF
:105590009DED030A91ED033A91ED044A91ED052A40
:1055A00091ED061A21EE041A20EE030A30EE011ADC
:1055B00091ED070A20EE020A30EE010A8DED020A93
:1055C0008869C861039888619DED020A06B080BDB4
:1055D00081B08DED000A9DED000AB0EEC00A9FED8E
:1055E000051A0020B4EE410AF1EE10FA08BF0120BE
:1055F00001B070470000807F80B56F4684B0039093
:105600008DED020A039800909DED020A90ED031AB9
:1056100090ED043A90ED052A31EE031A31EE021AAC
:1056200080EE010A8DED010A9DED010AFFF7C0FD34
:1056300030B1FFE70099019888610198C86105E0E1
:105640000099029888610298C861FFE700989DED73
:10565000020AFFF777FF04B080BD80B56F4682B0C5
:10566000006846F20042C4F20002904241F6E400B3
:10567000C2F2000018BF083000210068019101A9A2
:1056800001F0A8F9019850B14EF60450CEF2000096
:105690004FF080510160BFF34F8FBFF36F8F02B0A7
:1056A00080BD80B56F4682B0006846F20042C4F209
:1056B0000002904241F6E400C2F2000018BF083038
:1056C00000210068019101A901F084F9019850B10D
:1056D0004EF60450CEF200004FF080510160BFF34F
:1056E0004F8FBFF36F8F02B080BD80B56F4682B021
:1056F000016E46F2004221F4001101660068C4F216
:105700000002904241F6E400C2F2000018BF0830E7
:1057100000210068019101A901F05CF9019850B1E4
:105720004EF60450CEF200004FF080510160BFF3FE
:105730004F8FBFF36F8F02B080BDF0B503AF2DE97F
:10574000000B86B00120002103224FF00108002643
:1057500000F032FF41F6E40141F2B414C2F200015C
:10576000C2F20004E9460860022520464946CDE918
:105770000066CDE90466CDE90258F4F7B6FB4FF0B8
:105780008040CDE9000820464946CDE90258CDE9E0
:105790000466F4F7AAFB2046F4F7D8FB2046012163
:1057A0000022F4F7F0FC20464FF400710022F4F7D9
:1057B000EAFC06B0BDE8000BF0BD0000F0B503AF99
:1057C0002DE9000F87B0006846F20041C4F20001E5
:1057D000B0EB010841F6101418BF4FF001088842E1
:1057E000C2F200044FF0D00041F2B41918FB00459A
:1057F000C2F2000905F1280618BF4FF0000948461B
:1058000040212A463346F4F725FC18B107B0BDE81D
:10581000000FF0BD4FEA4802682041F6E80112FB94
:105820000040C2F2000100F1180A01EB42110C30F5
:10583000039001F1140041F6781B01F11008CDE945
:105840000110081DC2F2000B0492009009E000BF95
:10585000A047484640212A463346F4F7FBFB002880
:10586000D4D1DBF80000DAF800100130CBF80000EA
:1058700091B1D8F80040002CEBD0039849F2B83130
:105880004088C0F60101085C29680590029805AAC5
:10589000036804980696DBE701980468002CD8D0CA
:1058A00000982968036804983246D1E741F6E80C6D
:1058B000C2F2000C0CEB401000EBC10C40F83120A0
:1058C0000020CCF804307047F0B503AF2DE9000B91
:1058D0008AB0002918BF01210546880708210290D7
:1058E000002004914FF000410390CDE9051007908E
:1058F0004FF4000041F2B41641F6081941F6E404F1
:10590000984608900120C2F20006C2F20009C2F2D5
:1059100000040192099000BF3068D0F8C4008002F2
:1059200011D5D9F800000A281CD854F825000A21FE
:1059300001F0BEF80028EFD1D9F800000130C9F815
:10594000000005200FE00020002D18BF0646C9F812
:10595000000001A930464246F4F70EFB002818BFAC
:10596000012000E001200AB0BDE8000BF0BD0000FE
:10597000F0B503AF2DE9000B8AB08146002918BFAE
:105980000121B868890798460291002108280192F0
:10599000039106D849F64051C0F6010151F82000A4
:1059A00013E0182809D8093849F6405120F00300BF
:1059B000C0F601010844406A07E01F2801D80D2005
:1059C00003E02F288CBF0F200E2004904FF00040E2
:1059D00005904FF4801006904FF4001041F2B41679
:1059E00041F60C1441F6E40507900020C2F20006CF
:1059F000C2F20004C2F20005CDE908003068D0F818
:105A0000C40080020ED520680A281AD855F829004B
:105A1000012101F04DF80028F0D12068013020600C
:105A200005200FE00020B9F1000F18BF06462060E6
:105A300001A930464246F4F79FFA002818BF01201A
:105A400000E001200AB0BDE8000BF0BDF0B503AFE7
:105A50004DF8048D40F2144841F67C1604460025AA
:105A6000C4F20108C2F2000603E000BF0135102DA8
:105A70000ED024FA05F0C007F8D0C8F8004056F858
:105A800035100029F2D006EBC50040688847EDE7E5
:105A90005DF8048BF0BD0000D0B502AF49F680532D
:105AA000C0F6010333F830C000245FEACC7011D196
:105AB0004FF0010E0F2C4FF0000038BF01200E2CCC
:105AC000234611D82CFA0EF37446DB070EF1010EB3
:105AD000F0D000E0012041F67C1CC2F2000C0CEB7F
:105AE000C4034CF834105A6080F00100D0BD012886
:105AF00007D0052807D004281CBF012070472820A4
:105B000002E0062000E0172080B56F46F1F76EFD39
:105B1000002080BD012807D0052807D004281CBF1D
:105B200001207047282002E0062000E0172080B501
:105B30006F46F1F76BFD002080BD80B56F4649F6DA
:105B40008053C0F6010303EBC002526833F83030D3
:105B50008C46104619466246F4F73FFD002080BD92
:105B600080B56F4649F68051C0F6010101EBC002D5
:105B7000526831F830101046F4F72AFD002818BF9B
:105B8000012080BD80B56F46006843F60041C4F235
:105B900000010322884201F5744108BF0122401A26
:105BA00018BF104603280BD041F6FC11C2F20001C9
:105BB00001EB00108168002908BF80BDC0688847DC
:105BC00080BD41F6FC1CC2F2000C0CEB001000EB97
:105BD000C10C40F831200020CCF80430704780B56B
:105BE0006F4682B041F0800141F27C2207F8021C2E
:105BF0000021C2F2000207F8011C012818BF0A4662
:105C000041F21821C2F20001002818BF1146BA1E45
:105C10004FF00A0C084611460223CDF800C0F5F7F4
:105C2000B3F817F8010C02B080BD80B56F4682B0A2
:105C300001F07F0107F8021C07F8012C41F27C21DA
:105C400041F21822C2F200010128C2F2000218BF7C
:105C50000021002818BF0A46B91E104602220A2356
:105C6000F4F7B6FE002818BF012002B080BDF0B5E1
:105C700003AF4DF8048D82B041F0800107F8111C8C
:105C800041F27C21C2F2000141F21826012818BF1E
:105C90000021C2F200061D461446D7F808800028ED
:105CA00018BF0E46A7F11101304601220A23F4F76E
:105CB0008FFEAAB230462146B8F1000F03D00A2366
:105CC000F4F778FF01E0F5F7BFF9002818BF0120CD
:105CD00002B05DF8048BF0BDF0B503AF4DF8048D54
:105CE00084B049F6B850C0F601008268D0E90010CF
:105CF00041F61C24C2F2000445F278664FF6000516
:105D00000392CDE9011020464FF0FF314FF40062BD
:105D1000C1F23426C0F60105EBF7A4FF01A9204625
:105D20000C22EBF789FE562084F8FF072868B04262
:105D300006D14FF6FF70C0F601000078562802D059
:105D4000284600F057F84FF20008C0F60108D8F8CE
:105D50000000B04202D0404600F04CF815F8010CAB
:105D600056283AD04FF606004FF60501C0F601005E
:105D7000C0F601014FF6070200780978C0F601026B
:105D8000127841EA002040EA024018B3F1F740FDE2
:105D900018BB42F21800C4F20200016808F5FF6463
:105DA00041F0404101604CF2FA312646454640F848
:105DB000081C00BF56F8082F002073682946F1F729
:105DC00039FCA54203D2002805F10805F2D0F1F70D
:105DD00036FD02E0404600F00DF841F61C20C2F20C
:105DE000000041464FF40062EBF726FE04B05DF878
:105DF000048BF0BDF0B503AF4DF8048D86B042F2D0
:105E0000180500260446C4F202050196F1F700FDCC
:105E100028684CF2FA3840F040402860012045F8EC
:105E2000088C0590039004F17840C00A049002A801
:105E300001A90296F1F766FDF1F701FDF1F7E8FC23
:105E4000F0B9286814F5006F40F04040286045F82C
:105E5000088C13D241F61C20C2F2000004F5006544
:105E6000A0F1080656F8082F002073682146F1F7C4
:105E7000E1FB0834AC4201D20028F3D0F1F7DFFC9B
:105E800006B05DF8048BF0BDF0B503AF2DE9000F4F
:105E900085B042F2180B4FF00009C4F2020BCDF8A6
:105EA0000090F1F7B5FCDBF800004CF2FA3840F056
:105EB0004040CBF800003F204BF8088C4FF0010A1F
:105EC000039001A86946CDF810A0CDF808A0CDF840
:105ED0000490F1F717FDF1F7B2FCF1F799FC00BB64
:105EE000DBF800004FF60004C0F601044EF6F87629
:105EF00040F04040C0F6010604F5FF65CBF8000015
:105F00004BF8088C56F8082F002073682146F1F7EB
:105F100091FBAC4203D2002804F10804F2D0F1F75F
:105F20008EFCCDF80090F1F773FCDBF800006946B9
:105F300040F04040CBF800003E204BF8088C039026
:105F400001A8CDF810A0CDF808A0CDF80490F1F785
:105F5000D9FCF1F774FCF1F75BFC30BBDBF8000017
:105F60004EF6F87140F04040CBF800004CF2FA30A9
:105F70004BF8080C41F61C20C0F60101C2F20000EB
:105F8000A0F1080501F1080401F5006655F8082F95
:105F900000206B682146F1F74DFBB44203D2002884
:105FA00004F10804F2D0F1F74AFC05B0BDE8000F97
:105FB000F0BDF0B503AF4DF8048D86B00024019418
:105FC000F1F726FC42F21805C4F2020528684CF2EB
:105FD000FA3840F0404028603F2045F8088C012600
:105FE000049002A801A9059603960294F1F78AFC91
:105FF000F1F725FC0194F1F70BFC286801A940F0AA
:10600000404028603E2045F8088C049002A8059680
:1060100003960294F1F776FCF1F711FC06B05DF8F7
:10602000048BF0BDF0B503AF2DE9000F81B041F650
:106030001C2AC2F2000A9046524612F8053F8B46CF
:106040005178927843EA012141EA024100298146D0
:1060500000F08F80544614F8040F20B30AF10405B1
:106060002C4600BF04F108014846EBF79DFF10B332
:1060700014F804CF14F8031DA2796378A678607928
:10608000247940EA02204CEA042241EA032142EA50
:10609000004041EA06410844054415F8080F00286D
:1060A0002C46DFD12C4604F108014846EBF77CFF73
:1060B000002818BF0024002C5ED0504610F8051FA1
:1060C0004278807841EA022141EA0040002800F04D
:1060D000A480544614F8040F18B30AF104052C46A2
:1060E00004F108014846EBF75FFF10B314F804CF42
:1060F00014F8031DA2796378A6786079247940EAC0
:1061000002204CEA042241EA032142EA004041EA2B
:1061100006410844054415F8080F00282C46DFD135
:106120002C4604F108014846EBF73EFF002818BF53
:106130000024002C74D0204610F8041F4278837885
:10614000C07841EA022143EA002041EA004040458C
:1061500068D1204610F8011FA278807841EA022118
:1061600041EA00402044083059464246EBF764FCBF
:106170008FE00024002CA0D14846CDF800B0ECF709
:10618000DFF8514611F8052F00F1010B4B788E789E
:1061900042EA032242EA0642002A45D0554615F853
:1061A000040FE8B10AF10405284600BF10F804CF37
:1061B00010F8032D8379467884784179007941EA93
:1061C00003214CEA002040EA014042EA062141EA6C
:1061D00004410844054415F8080F00282846E5D175
:1061E000284610F8041F6A798378C07841EA0221B2
:1061F00043EA002041EA0040294611F8012FAB781C
:10620000897842EA032242EA01410844284446468A
:1062100000F1080800F110040BE00024002C8AD1E2
:10622000032037E0012035E04646A1F10108CC1DEE
:10623000002508EB0600584408300AF2FF71884236
:1062400001D9022026E0204649465A46EBF7F4FBE6
:10625000009904EB0B003246EBF7EEFB4FEA1B21F3
:1062600088F80210414601F801BF4FEA1B420020A6
:106270008A70310A88F8000088F8051008F8046F61
:10628000310E88F80310310C88F8021015B1012086
:106290002870002001B0BDE8000FF0BDF0B503AFDD
:1062A0004DF8048D41F61C21C2F200010A4612F895
:1062B000053F5678927843EA062343EA02428AB3BE
:1062C0000D46804615F8040F18B30E1D354600BF65
:1062D00005F108014046EBF767FE20B315F804CF3F
:1062E00015F8031DAA796B78AC7868792D7940EAA6
:1062F00002204CEA052241EA032142EA004041EA39
:1063000004410844064416F8080F00283546DFD13A
:10631000354605F108014046EBF746FE002818BF58
:10632000002500E0002528465DF8048BF0BD0146FD
:1063300011F8012F8378897842EA032242EA014169
:106340000844083070470000F0B503AF4DF804BDB5
:10635000044600F0A4FE42F21C21C2F200010868CB
:1063600042F2202EC2F2000E50BB42F22C30C2F29A
:106370000000C31D23F0070310F00702A0EB030683
:1063800018BF184642F22423C2F200030025C3E9D5
:10639000000545F2FF13002A18BF3344C218083A1B
:1063A00022F007020A60C2E900550B68121AC0E920
:1063B000003242F22C20C2F200000260CEF800202F
:1063C00004F10803092B01D200230AE014F00700AE
:1063D00007D0093883429ABF04F1100020F0070368
:1063E0000023012B4FF0000474DBDEF80000834231
:1063F00070D842F22422C2F2000215686C689C42F6
:106400000FD2286848B100BF44682A4605469C421E
:1064100007D228680028F7D103E042F22422C2F212
:1064200000020868854212D0D2F800C02E68E01A37
:106430001128166031D3EC1862070AD04FF05000D3
:1064400080F31188BFF36F8FBFF34F8FFEE70024F7
:1064500040E060606B6042F22423C2F2000300BFA0
:106460001A461B68A342FBD350681618A64203D1F4
:1064700064682044144650606668A019984201D0B0
:10648000184606E00868834203D0D3E9000131448E
:106490006160A242206018BF146042F22C2069683B
:1064A000DEF80020C2F200000368511A9942CEF8CB
:1064B000001038BF01600021296042F23021686875
:1064C000C2F200010A6840F000400CF10804686064
:1064D000501C086000F0ECFD600708D04FF0500041
:1064E00080F31188BFF36F8FBFF34F8FFEE7204615
:1064F0005DF804BBF0BD0000B0B502AF002808BFD6
:10650000B0BD044650F8040C002808D44FF05000E9
:1065100080F31188BFF36F8FBFF34F8FFEE7A4F1B5
:106520000805296849B14FF0500080F31188BFF386
:106530006F8FBFF34F8F00BFFEE720F0004044F89D
:10654000040C00F0ACFD42F22021C2F2000154F82C
:10655000040C0A681044086042F22421C2F20001CF
:1065600008460968A942FBD342688318AB4204D1AC
:1065700054F8043C05461A4442606A68AB188B42E2
:1065800001D00B460AE042F21C23C2F200031B6852
:10659000994203D0D1E90034A1186960A8422B6068
:1065A00018BF056042F23420C2F2000001680131D8
:1065B000016000F07DFDB0BDF0B503AF2DE9000B2B
:1065C00018B30446A0FB01050E46F5B906FB04F01E
:1065D00010F1510F19D850309046FFF7B5FEF0B1C9
:1065E000002E814618BF5030C9F80000C9F83C4061
:1065F000C9F84060B5B14FF0500080F31188BFF387
:106600006F8FBFF34F8F00BFFEE74FF0500080F356
:106610001188BFF36F8FBFF34F8F00BFFEE74FF0BE
:10662000000922E001F0E6FDD9F80000D9E90F12D7
:10663000002602FB0103013901FB0201C9F83860A1
:10664000C9E90103FF20C9F80C1089F8440089F852
:10665000450009F1100001F0C3FE09F1240001F02A
:10666000BFFE01F0EBFD89F84C804846BDE8000B09
:10667000F0BDF0B503AF4DF804BD04465020FFF760
:1066800063FE4FF0000620B3054600600120C5E917
:106690000F0601F0AFFD2868D5E90F12AE6302FBCB
:1066A0000103013901FB0201C5E90103FF20E96093
:1066B00085F8440085F8450005F1100001F090FED2
:1066C00005F1240001F08CFE01F0B8FD2E4685F89E
:1066D0004C404EB100203060C6E902003046002137
:1066E0000022002300F020F830465DF804BBF0BD26
:1066F000B0B502AF68B10C4681420AD8002102222F
:106700000025FFF759FF00281CBF84630546284673
:10671000B0BD4FF0500080F31188BFF36F8FBFF30F
:106720004F8F00BFFEE70000F0B503AF2DE9000F6B
:1067300083B00292B8B11D460E460446E9B1022D5F
:1067400003D1E06B012840F09E8001F05FFA00BBAE
:106750000298F0B14FF0500080F31188BFF36F8FB3
:10676000BFF34F8FFEE74FF0500080F31188BFF367
:106770006F8FBFF34F8F00BFFEE7206C0028DED085
:106780004FF0500080F31188BFF36F8FBFF34F8F2E
:10679000FEE701F02FFDA06B022D5CD0E16B88427B
:1067A00059D304F110080120E94600BF02990029DD
:1067B00000F08380C00702D0484601F0D1F901F013
:1067C0003DFD00F06CFC01F015FD94F84400FF283D
:1067D00004BF002084F8440094F84500FF2804BF5B
:1067E000002084F8450001F029FD484602A901F087
:1067F000C5F9002864D101F0FDFCD4F838B0D4F814
:106800003CA001F01BFDD34516D10299404601F092
:10681000DFF8204600F0A0F800F04AFC88B94EF6F8
:106820000450CEF200004FF080510160BFF34F8F53
:10683000BFF36F8F05E000BF204600F08DF800F039
:1068400037FC01F0D7FCA06B022D04D0E16B88422D
:106850004FF00000AAD2204631462A4600F03AF80E
:1068600054F8241FC9B1204601F006F908B34EF6CA
:106870000450CEF200004FF080510160BFF34F8F03
:10688000BFF36F8F15E04FF0500080F31188BFF316
:106890006F8FBFF34F8F00BFFEE750B14EF604502D
:1068A000CEF200004FF080510160BFF34F8FBFF375
:1068B0006F8F01F0C3FC012008E001F0BFFC04E091
:1068C000204600F049F800F0F3FB002003B0BDE8DB
:1068D000000FF0BDF0B503AF4DF804BD866B036C3F
:1068E0000446DBB1154612B3E0681A46EBF7A4F88C
:1068F000E168206C2268091A9142E16003D2A16824
:1069000040420844E060A81EB0FA80F040093146D9
:10691000002E18BF01210840361A15E02068002516
:1069200098B9A06801F0EAF9A56005460DE0606835
:106930001A46EBF781F8216CD4E901020844904231
:10694000606001D3206860600025711C2846A16347
:106950005DF804BBF0BD0000F0B503AF4DF8048D49
:10696000044601F047FC94F94560012E0FDB04F169
:10697000240500BF286850B1284601F07DF80028A2
:1069800018BF01F03CF970B2013E0128F2DC4FF073
:10699000FF0884F8458001F051FC01F02BFC94F9CC
:1069A0004460012E0FDB04F1100500BF286850B1D0
:1069B000284601F061F8002818BF01F020F970B2F4
:1069C000013E0128F2DC84F8448001F037FC5DF8D8
:1069D000048BF0BDF0B503AF2DE9000B58B10546AF
:1069E000006C90B14FF0500080F31188BFF36F8FAF
:1069F000BFF34F8FFEE74FF0500080F31188BFF3D5
:106A00006F8FBFF34F8F00BFFEE728680C4650B36F
:106A100001F078FCEFF311884FF0500080F31188FB
:106A2000BFF36F8FBFF34F8FA86BE96B884218D20B
:106A300095F9456001305FFA86F9B9F1FF0FA86357
:106A40001DD000F0A2FDB0422CD9B9F17F0F25D1A5
:106A50004FF0500080F31188BFF36F8FBFF34F8F5B
:106A6000FEE700201FE0A8680028D1D04FF05000BA
:106A700080F31188BFF36F8FBFF34F8FFEE755F898
:106A8000240F78B1284600F0F7FF01464FF00100CF
:106A90004CB100291CBF0120206004E009F1010075
:106AA00085F84500012088F31188BDE8000BF0BD92
:106AB000F0B503AF2DE9000F87B0069158B1044639
:106AC000006C90B14FF0500080F31188BFF36F8FCE
:106AD000BFF34F8FFEE74FF0500080F31188BFF3F4
:106AE0006F8FBFF34F8F00BFFEE701F08FF850B9F3
:106AF000069840B14FF0500080F31188BFF36F8FBC
:106B0000BFF34F8FFEE704F12400019000200290B4
:106B1000002004F110084FF0000A0DF1100B06AD33
:106B200003900CE02046FFF717FF00F0C1FA01F0D8
:106B300061FBA66B01F082FB002E00F0888001F063
:106B400059FBA06B00B30138A063206810B901F0B5
:106B50001AFAA060D8F8000070B1404600F08CFF2F
:106B600050B14EF60450CEF200004FF0805101605B
:106B7000BFF34F8FBFF36F8F01F060FB4FF0010940
:106B80000020A8B976E000BF069848B1039810B974
:106B9000584600F0E5FF01200390012040B969E06C
:106BA00001F04CFB00204FF00009002862D000BF2C
:106BB00001F044FB00F073FA01F01CFB94F8440070
:106BC000FF2808BF84F844A094F84500FF2808BFB8
:106BD00084F845A001F032FB5846294600F0CEFF6C
:106BE00000289FD101F006FBD4F838A001F026FB65
:106BF000BAF1000F07D02046FFF7AEFE00F058FABA
:106C00004FF0000A9BE720684FF0000A38B901F006
:106C1000F1FAA06801F00DF8029001F00FFB06995F
:106C2000019800F0D5FE2046FFF796FE00F040FAEE
:106C300000287FF484AF4EF60450CEF200004FF0EF
:106C400080510160BFF34F8FBFF36F8F77E70298DA
:106C500070B101F0CFFA606A20B1206B0068C0F11A
:106C6000060100E00021A06801F0B2F801F0E6FAA8
:106C70004FF00009484607B0BDE8000FF0BD000026
:106C8000F0B503AF2DE9000F81B000283BD091464D
:106C900005460E46002940D001F034FBEFF3118881
:106CA0004FF0500080F31188BFF36F8FBFF34F8F09
:106CB000AC6B002C3DD095F944B02A6C5FFA8BFA8E
:106CC0005AB1D5E902101044E860884224BF286810
:106CD000E860E9683046EAF7AFFE601EBAF1FF0FE0
:106CE000A86328D000F051FC58453AD9BAF17F0F7B
:106CF00033D14FF0500080F31188BFF36F8FBFF393
:106D00004F8F00BFFEE74FF0500080F31188BFF3B4
:106D10006F8FBFF34F8F00BFFEE7286C0028BBD0FA
:106D20004FF0500080F31188BFF36F8FBFF34F8F88
:106D3000FEE7002016E055F8100F90B1284600F04D
:106D40009BFE0146B9F1000F4FF001000AD0002967
:106D50001CBF0120C9F8000004E00AF1010085F819
:106D60004400012088F3118801B0BDE8000FF0BD98
:106D7000F0B503AF2DE9000F81B04FEA820B8146D9
:106D800058469A4690460D46FFF7DEFA88B1064609
:106D90006020FFF7D9FA48B1002160220446EAF7E3
:106DA00061FF266344B94FF0FF35DBE03046FFF763
:106DB000A3FB0024002CF6D0206BCDF80090D7F870
:106DC0000890A5215A46EAF74DFF206B00EB88009A
:106DD000A0F1040020F00706666475B104F13400E8
:106DE000002100BF6A5C42546A5C1AB10F2901F1AC
:106DF0000101F7D3002084F84300B9F1060F08D34E
:106E00004FF0500080F31188BFF36F8FBFF34F8FA7
:106E1000FEE704F10408FD684046C4F82C90C4F86D
:106E2000509001F0E8FA04F1180001F0E4FAC9F119
:106E300006000099A061304652462461646201F068
:106E4000AEF8002D206018BF2C6001F0D3F942F29B
:106E50006C20C2F20000016842F2382B013101605F
:106E6000C2F2000BDBF8001042F2682A42F27426EC
:106E7000C2F2000AC2F2000659B1DAF80000A0BB63
:106E8000DBF80000E16AC06A884298BFCBF8004096
:106E90002BE0CBF800400068012826D1002500BF78
:106EA000701901F09DFA1435782DF9D142F2FC29C0
:106EB000C2F20009484601F093FA42F21035C2F2DC
:106EC0000005284601F08CFA42F24C20C2F2000084
:106ED00001F086FA42F24420C2F20000C0F80090AD
:106EE00042F24820C2F20000056042F2F820C2F2ED
:106EF00000000168012501310160A16442F27021A6
:106F0000E06AC2F200010A6805FA00F31A4300EBD6
:106F100080000A6006EB80014A6861619368A260A4
:106F2000E3609368C2F80880C3F8048056F8201024
:106F3000013146F8201001F081F9DAF8000088B13B
:106F4000DBF80000E16AC06A88420AD24EF60450BB
:106F5000CEF200004FF080510160BFF34F8FBFF3BE
:106F60006F8F0125284601B0BDE8000FF0BD00007D
:106F7000F0B503AF4DF8048D78B1C1B142F23C22B7
:106F8000C2F200021368E3B14FF0500080F31188A1
:106F9000BFF36F8FBFF34F8FFEE74FF0500080F3CA
:106FA0001188BFF36F8FBFF34F8F00BFFEE74FF025
:106FB000500080F31188BFF36F8FBFF34F8F00BF76
:106FC000FEE7136800250133136042F24023C2F24A
:106FD00000031A680668B242314408D20024914284
:106FE00088BF0124B14238BF01252C4007E00024AE
:106FF000914288BF0124B14238BF01252C43016072
:10700000DCB342F23828C2F200081E68D8F800004B
:107010008D1A043001F011FA68B9D8F8000042F274
:107020007022C06AC2F200020121136801FA00F066
:1070300023EA00001060D8F80000AD1945600AD3BB
:1070400042F24820C2F200000068D8F80010043173
:1070500001F0D4F911E042F24420C2F200000068CD
:10706000D8F80010043101F0C9F942F26420C2F2EC
:10707000000001688D4238BF056000F019F850B972
:107080004EF60450CEF200004FF080510160BFF385
:107090004F8FBFF36F8F20465DF8048BF0BD42F237
:1070A0003C20C2F20000016801310160704700001D
:1070B000F0B503AF2DE9000F81B042F23C24C2F2DB
:1070C0000004206870B101F095F820680138206054
:1070D000206880B1002401F0B1F8204601B0BDE87D
:1070E000000FF0BD4FF0500080F31188BFF36F8F99
:1070F000BFF34F8FFEE742F26C20C2F2000000683F
:107100000028E7D042F24C2AC2F2000ADAF8001056
:1071100042F2EC240029C2F2000470D042F2702B3B
:1071200042F2742C42F2382E4FF00109C2F2000BE9
:10713000C2F2000CC2F2000EDAF80C10CE68D6E9EA
:107140000705B16A8560356A4B6806F11802686008
:107150000020934208BF4D60B062086801380860A3
:10716000D6E90202756982606B68F268311D8B4254
:10717000506008BF6A60286801382860F06ADBF850
:10718000002009FA00F31A43CBF8002000EB80023C
:107190000CEB82035D687361D5F80880B560C6F8B2
:1071A0000C80AC68A96061605CF8221001314CF879
:1071B0002210DEF80010C96A884282BF42F2EC2039
:1071C000C2F20000C0F80090DAF800000028B3D145
:1071D00042F2EC24C2F200048EB142F24420C2F228
:1071E00000000168096819B10068C068006801E022
:1071F0004FF0FF3042F26421C2F20001086042F217
:10720000F028C2F20008D8F800505DB1012600BF96
:1072100000F0E0F8002818BF2660013DF8D10020FA
:10722000C8F80000206800283FF454AF4EF6045020
:10723000CEF200004FF080510160BFF34F8F012468
:10724000BFF36F8F47E70000F0B503AF4DF804BD03
:10725000002853D0044642F23C20C2F200000168EC
:1072600049B14FF0500080F31188BFF36F8FBFF327
:107270004F8F00BFFEE7016842F2382501310160FF
:1072800042F24020C2F20000C2F2000506682868FF
:10729000043001F0D2F860B9286842F27022C06A66
:1072A000C2F200020121136801FA00F023EA000093
:1072B00010602868A419446009D342F24820C2F241
:1072C000000000682968043101F098F810E042F2EB
:1072D0004420C2F2000000682968043101F08EF8F1
:1072E00042F26420C2F2000001688C4238BF0460A0
:1072F000FFF7DEFE10B15DF804BBF0BD4EF60450A2
:10730000CEF200004FF080510160BFF34F8FBFF30A
:107310006F8F5DF804BBF0BD80B56F4682B0002072
:1073200042F2602C009047F2AD3049F6C851C2F2EB
:10733000000CC0F60100C0F6010180220023CDF848
:1073400004C0FFF715FD411C25D001281CD14FF0CA
:10735000500080F31188BFF36F8FBFF34F8F42F25D
:107360006420C2F200004FF0FF31016042F2682059
:10737000C2F200000121016042F24020C2F200008E
:107380000021016000F04EFE49F6C450C0F6010035
:10739000006802B080BD4FF0500080F31188BFF349
:1073A0006F8FBFF34F8F00BFFEE7000042F27420E3
:1073B0004EF60451C2F20000CEF200014FF08052AE
:1073C0000368022BFCD30A60BFF34F8FBFF36F8FAC
:1073D000F6E70000F0B503AF2DE9000F42F23C20C4
:1073E000C2F20000006850B142F2F020C2F2000088
:1073F0000168013101600020BDE8000FF0BD42F2DC
:107400004020C2F20000016811F10108C0F80080BC
:107410002CD342F24420C2F200000268126842B14A
:107420004FF0500080F31188BFF36F8FBFF34F8F81
:10743000FEE742F24823C2F2000302681E680660BB
:107440001A6042F2F422C2F20002136801331360A0
:10745000026812681AB10068C068006801E04FF065
:10746000FF3042F26422C2F20002106042F2642154
:10747000C2F200010868804501D2002074E042F2A7
:10748000442BC2F2000BDBF800000068002860D03B
:1074900042F2702A42F27429C2F2000AC2F20009D2
:1074A000002027E0D6F82CC0DAF80030012101FADC
:1074B0000CF52B43CAF800300CEB8C0309EB830569
:1074C0006C687561A168B460F160A168A2604A60EF
:1074D00059F82310013149F8231042F23821C2F241
:1074E00000010968C96ADBF800208C4588BF0120CB
:1074F000116891B3DBF80020D268D668324652F8A2
:10750000044FA0452BD3D6E902C37469CCF80830E8
:10751000D4F804E0F36800219645C3F804C008BF1E
:10752000636071612368013B2360B46A002CB9D0A9
:10753000D6E9071365688B60336A06F1180C596049
:107540000021654508BF6360B1622168013921608F
:10755000A8E74FF0FF34002005E04FF0FF3442F27F
:107560006421C2F200010C6042F2EC21C2F200017F
:107570000968002918BF0120BDE8000FF0BD42F2E4
:107580004020C2F200000068704742F26C20C2F254
:107590000000006870470000F0B503AF2DE9000F50
:1075A00087B0009242F23C22C2F20002136800242B
:1075B0000133136042F26C22C2F2000212680190A1
:1075C0008A4200F29F8142F2742642F2382C06234E
:1075D000C2F20006C2F2000C00220BE04FF0000BDA
:1075E000029B039A42F27426002B5A44C2F2000610
:1075F00000F08380013B03EB830056F82010CDE9B7
:1076000002320029EAD006EB8000804658F8041FB9
:10761000496808F1040399420693C8F8001002D1A2
:10762000C168C8F8001002EBC201D8F80020019B25
:10763000D56803EB81010C304FF0000B05910490ED
:1076400006E000BF0020AA450BF1010B3084C7D033
:10765000D8F80000069940688842C8F8000003D1B5
:1076600004980068C8F80000D8F80000D0F80CA012
:107670000BEBCB00D146BAF1000F08BFDCF800904D
:107680000599D9F8482001EB800609F134007060B3
:10769000D9E90B01B26006F11002C6F80090D9F8E2
:1076A000503019C2F161DCF80000814516D001208C
:1076B000307300F09FFDD9F8280042F24C21C2F24D
:1076C0000001884204BF0120307300F0B7FD42F290
:1076D000382CC2F2000C002401E000BF3473D9F84A
:1076E00030000178A529ADD101300021435C4A1C4E
:1076F000A52B1146FAD09008A5E742F24420C2F229
:107700000000066830680392002872D0716802EBAE
:10771000C200496806F1080291420692716001D1E7
:10772000F16871607168019AD1F80C9002EB8000E9
:1077300000240025059006E00020C84505F101055C
:10774000AAF8200056D07068069940688842706098
:1077500001D1F06870607068D0F80C8005EBC5004E
:10776000C346B8F1000F08BFDCF800B00599DBF89C
:10777000482001EB800A0BF13400CAF80400DBE971
:107780000B01CAF808200AF11002CAF800B0DBF8B1
:10779000503019C2CAF81C10DCF80000834517D01D
:1077A00002208AF80C0000F025FDDBF8280042F2E8
:1077B0004C21C2F20001884204BF01208AF80C006B
:1077C00000F03CFD42F2382CC2F2000C002401E033
:1077D0008AF80C40DBF830000178A529ACD10130E3
:1077E000002100BF435C4A1CA52B1146FAD090082B
:1077F000A3E7002542F24820C2F200000668306884
:10780000002803982844049073D0716806F1080298
:10781000496800EBC00091420692716001D1F168A5
:1078200071607168019AD1F80CA002EB800000240D
:107830000025059007E000BF0020D14505F10105B6
:10784000ABF8200056D07068069940688842706096
:1078500001D1F06870607068D0F80C9005EBC5003D
:10786000C846B9F1000F08BFDCF800800599D8F8C8
:10787000482001EB800B08F13400CBF80400D8E974
:107880000B01CBF808200BF11002CBF80080D8F8E0
:10789000503019C2CBF81C10DCF80000804517D01E
:1078A00002208BF80C0000F0A5FCD8F8280042F26A
:1078B0004C21C2F20001884204BF01208BF80C0069
:1078C00000F0BCFC42F2382CC2F2000C002401E0B3
:1078D0008BF80C40D8F830000178A529ACD10130E4
:1078E000002100BF435C4A1CA52B1146FAD090082A
:1078F000A3E70025049900986C1800281EBF0146D4
:1079000000200860FFF7D4FB204607B0BDE8000F59
:10791000F0BD0000D0B502AF42F23C20C2F2000040
:10792000006830B142F2EC20C2F200000121016097
:10793000D0BD42F2EC20C2F20000002142F2382415
:107940000160C2F200042068006B0168B1F1A53F3C
:107950000BD14168B1F1A53F07D18168B1F1A53FD5
:1079600003D1C068B0F1A53F04D02068216834314C
:1079700000F002FD42F27020C2F200000068B0FA8E
:1079800080F0C0B2C0F11F0042F2742100EB800011
:10799000C2F2000151F820207AB101EB80010846C3
:1079A00050F8042F5268031D9A42026001D1C96841
:1079B00001600068C0682060D0BD4FF0500080F3C7
:1079C0001188BFF36F8FBFF34F8F00BFFEE700003A
:1079D000F0B503AF4DF804BD78B342F23825C2F2DA
:1079E00000050C462968183100F008FD42F24020DD
:1079F000C2F2000006682868043000F01EFD60B97D
:107A0000286842F27022C06AC2F2000201211368A3
:107A100001FA00F023EA000010602868A41944600D
:107A200015D342F24820C2F20000006829680431F0
:107A300000F0E4FC5DF804BBF0BD4FF0500080F3B3
:107A40001188BFF36F8FBFF34F8F00BFFEE742F285
:107A50004420C2F2000000682968043100F0CEFC26
:107A600042F26420C2F2000001688C4238BF046018
:107A70005DF804BBF0BD0000D0B502AFC068C068BF
:107A800008B3D0E90713826A8B60036AD2F804E076
:107A900000F1180C59600021E64508BF536081626F
:107AA00011680139116042F23C21C2F200010968FB
:107AB00099B142F24C22C2F20002516882628B6894
:107AC000C161036232E04FF0500080F31188BFF3D0
:107AD0006F8FBFF34F8F00BFFEE7D0E902134269FB
:107AE0008B60D2F804E0C36800F1040CE6455960ED
:107AF00008BF5360116842F2702401391160C16AF5
:107B0000C2F200044FF0010E22680EFA01F31A438C
:107B1000226042F2742201EB8101C2F2000202EB08
:107B20008102516842618B688160C3608B68C1F8D3
:107B300008C0C3F804C011680131116042F2382155
:107B4000C2F20001C06A0968C96A884291BF002078
:107B500042F2EC21C2F20001012088BF0860D0BDD2
:107B600042F2F421C2F200010968016042F24021B0
:107B7000C2F200010968416070470000B0B502AF71
:107B800020B30D4691B3044600F034FB42F2402C82
:107B900042F2F42EC2F2000CC2F2000EDCF8002019
:107BA000D4E90003DEF80010814201D09A4216D2D7
:107BB0002868D21A904212D9801A2860DEF8000094
:107BC0002060DCF80000606000240BE04FF0500003
:107BD00080F31188BFF36F8FBFF34F8FFEE7002054
:107BE0000124286000F02AFB2046B0BD4FF0500071
:107BF00080F31188BFF36F8FBFF34F8FFEE742F220
:107C0000EC20C2F2000001210160704742F26820BE
:107C1000C2F200000068002804BF0120704742F251
:107C20003C20C2F200000068B0FA80F04009400039
:107C30007047F0B503AF4DF8048D18B342F2382603
:107C4000C2F200060446C06A3168C96A88421DD281
:107C5000A169002904D43168C96AC1F10601A16192
:107C600042F27428616900EB8000C2F2000808EB60
:107C70008000814214D03068C06AE06201205DF863
:107C8000048BF0BD00205DF8048BF0BD216D3068E1
:107C9000C26A0020914238BF01205DF8048BF0BD1C
:107CA000251D284600F0C9FB42F27021C2F20001F6
:107CB00038B9E06A01220B6802FA00F023EA0000FA
:107CC00008603068C26A0120E2620B6800FA02F6BE
:107CD00033430B6002EB820108EB8102536862615F
:107CE0009E68A360E6609E689D60756058F82120DC
:107CF000013248F821205DF8048BF0BDF0B503AFE8
:107D00004DF804BD88B1044642F23820C2F20000AA
:107D10000068A0420DD04FF0500080F31188BFF3EF
:107D20006F8FBFF34F8F00BFFEE700205DF804BBED
:107D3000F0BD606D002840D0411EE06A226D616593
:107D400090424FF0000035D0A1BB261D304600F018
:107D500074FB42F2702CC2F2000C48B9E06A0122B6
:107D6000DCF8003002FA00F023EA0000CCF8000052
:107D7000226DC2F10600E262A0610120DCF8003051
:107D800000FA02F11943CCF8001042F2742C02EB15
:107D90008201C2F2000C0CEB81035A6863619568A2
:107DA000A260E560956896606E605CF82120013203
:107DB0004CF821205DF804BBF0BD4FF0500080F37B
:107DC0001188BFF36F8FBFF34F8F00BFFEE7000036
:107DD000F0B503AF4DF804BD20B3436D044623B3A3
:107DE000226DE06A8A4238BF0A4690421AD0012BBF
:107DF00018D142F23821C2F200010968A1421ED016
:107E0000A169E26200295CBFC2F10601A16142F2F0
:107E10007426616900EB8000C2F2000606EB800068
:107E2000814216D05DF804BBF0BD4FF0500080F3E6
:107E30001188BFF36F8FBFF34F8F00BFFEE74FF086
:107E4000500080F31188BFF36F8FBFF34F8F00BFD7
:107E5000FEE7251D284600F0F0FA002842F27020C7
:107E6000C2F2000007D1E16A0122036802FA01F1BF
:107E700023EA01010160E16A012203688A401A4392
:107E8000026001EB810006EB80014A686161936842
:107E9000A260E360936895605D6056F82010013140
:107EA00046F820105DF804BBF0BD0000F0B503AF4C
:107EB0002DE9000F83B005460020287042F26C20A7
:107EC000C2F200000668006800EBC0008000FEF708
:107ED0003BFA002853D0314600228146FFF75CFB75
:107EE00000280146029047D04FF0200B4FF0000AC7
:107EF0001CE000BF00212954B8F82010D8F8084031
:107F0000D8F810300544009149F6CD512846C0F606
:107F1000010132460194EFF776F92846EAF710FAA4
:107F200002990AF1010A8A45054425D00AEBCA00E4
:107F300009EB800898F90C00042807D849F6DC51B1
:107F4000C0F6010151F8206001E000BF0026D8F81A
:107F500004102846EAF792F92846EAF7F1F90E28C4
:107F6000C8D8A0F10F012844013800BF013100F842
:107F700001BFFBD30F20BDE74846FEF7BDFA03B0B3
:107F8000BDE8000FF0BD42F23820C2F200000168E7
:107F900019B101684A6D01324A65006870470346AD
:107FA00047F6C970C0F601004FF0807C21F0010156
:107FB00003E903106FF0020043F8240CA3F144001E
:107FC00043F8202C7047000081B00020009040F260
:107FD0002C10C2F2000000684FF0500181F31188AC
:107FE000BFF36F8FBFF34F8F013001D0FEE700BFAB
:107FF00000980028FCD001B070470000000000008D
:10800000074B19680868B0E8F04F80F30988BFF3A0
:108010006F8F4FF0000080F31188704700BF00BFE2
:1080200038220020B0B502AF84B04EF20040CEF24C
:1080300000004CF27021C4F20F11D0F800294B1C43
:108040009A4208D14FF0500080F31188BFF36F8F30
:10805000BFF34F8FFEE7D0F800298A4209D14FF0D5
:10806000500080F31188BFF36F8FBFF34F8F00BFB5
:10807000FEE700210191017842F2243207F80D1C3D
:10808000FF2101700178C2F2000207F8151C17F8F1
:10809000151C11F05001117060D017F8151C01F07B
:1080A0005001502963D117F9151CB1F1FF3F0BDCCA
:1080B00001990131019117F8151C490007F8151CA9
:1080C00017F9151C0029F3D40199002408294FF051
:1080D000000106D001994FF4E062A2EB012101F406
:1080E000E06142F22832C2F20002116017F80D1C62
:1080F0000170D0F8201941F47F01C0F82019D0F8A0
:10810000201941F07F41C0F8201900F03AF840F200
:108110002C15C2F200052C6000F04EF84EF63470BB
:10812000CEF20000016841F04041016000F04EF8DD
:10813000FFF7F0FB039428684FF0500181F311889A
:10814000BFF36F8FBFF34F8F013001D0FEE700BF49
:1081500003980028FCD0002004B0B0BD4FF05000C0
:1081600080F31188BFF36F8FBFF34F8FFEE74FF09F
:10817000500080F31188BFF36F8FBFF34F8F00BFA4
:10818000FEE74EF21000CEF2000000210160816097
:1081900040F29001C2F20001096844F6D352C1F2E4
:1081A0006202A1FB02124FF0FF3101EB921141601C
:1081B0000721016070470000DFF80C00016841F4FE
:1081C000700101607047000088ED00E00848006819
:1081D000006880F308884FF0000080F3148862B6CE
:1081E00061B6BFF34F8FBFF36F8F00DF00BF00009A
:1081F00008ED00E04FF0500080F31188BFF36F8F5F
:10820000BFF34F8F40F22C10C2F2000001684A1CED
:10821000026001B170474EF60450CEF200000068D3
:10822000000608BF70474FF0500080F31188BFF37D
:108230006F8FBFF34F8F00BFFEE7000040F22C109E
:10824000C2F20000016839B10139016018BF7047FE
:10825000002080F3118870474FF0500080F31188A0
:10826000BFF36F8FBFF34F8FFEE7000000000000E9
:10827000EFF30980BFF36F8F154B1A681EF0100FD4
:1082800008BF20ED108A20E9F04F10602DE90900A9
:108290004FF0500080F31188BFF34F8FBFF36F8F03
:1082A000FFF738FB4FF0000080F31188BDE80900AC
:1082B00019680868B0E8F04F1EF0100F08BFB0EC66
:1082C000108A80F30988BFF36F8F704700BF00BF2B
:1082D0003822002080B56F464FF0500080F311889F
:1082E000BFF36F8FBFF34F8FFFF774F830B14EF6C7
:1082F0000450CEF200004FF080510160002080F366
:10830000118880BDEFF30580102814D34EF2F031B0
:10831000CEF20001405C42F22431C2F20001097841
:10832000884208D24FF0500080F31188BFF36F8F5E
:10833000BFF34F8FFEE74EF60C50CEF2000042F234
:1083400028310068C2F20001096800F4E060884248
:1083500098BF70474FF0500080F31188BFF36F8FC4
:10836000BFF34F8FFEE780B56F46FFF74FFC012844
:1083700018BFFFF7AFFF80BD80B56F464FF05000CC
:1083800080F31188BFF36F8FBFF34F8F49F6F05022
:108390004EF21004C0F60100CEF20004EBF7BCFB75
:1083A000012080F31088002525606560A560EFF747
:1083B00009FE4FF0FF3000BF04EB85010135082DA9
:1083C000C1F87001C1F87002F6D1002080F3108866
:1083D0000020C1F6FF70016881F30888406880477B
:1083E0004FF0FF31024642F8081F00214260C0E909
:1083F00003220160704700210161704780B56F461C
:10840000D1F800C01CF1010208D000F1080300BF40
:108410009E465B681A686245FAD901E0D0F810E020
:10842000DEF8042008614A609160C1F808E0CEF8E7
:10843000041001680131016080BDD0E90132016999
:108440009A60D1F804C082688445536008BF4A60CE
:1084500000220261086801380860086870477047A8
:10846000704708B5E9F730FA08B5E9F72DFA08B50D
:10847000E9F72AFA08B5E9F727FA08B5E9F724FA7F
:108480000FB480B584B000AF07F1180454F8042B82
:108490007A601046E9F754FF00F2072323F0070340
:1084A000ADEB030D00F500717A68FC602346684669
:1084B00000F058F8E9F708FA08B5E9F705FA0000FE
:1084C00080B59CB0064600AF0C46A41B0E4969223D
:1084D000381DE9F7B1FA04F1700323F00703ADEB9F
:1084E000030D6D466822391D2846E9F7A5FA224694
:1084F000314605F168002C44E9F79EFA002384F820
:1085000068302846FFF7B0FF019E01082DE9F041D1
:1085100000AF84B06D4605F10C04DFF844802346BB
:108520004FF00A0CB2FBFCF60CFB162E18F80EE00E
:1085300003F801ED9646BEF1090F3246F2D8E41A6F
:108540008C4209D8C4F10C032246E918E9F774FA01
:108550002046BD46BDE8F0814FF0FF34F8E700BF8C
:108560006A9E010801392DE9F0410746154600EBE6
:10857000010804462A7892B344452AD2252A07D115
:108580006A78732A09D07A2A12D0252A00D10135B7
:1085900015F8012B04F8012BECE753F8042B013AF2
:1085A00012F8011FC9B1444513D004F8011BF7E7C5
:1085B000AA78752AECD11E46A8EB040156F8042BC4
:1085C0002046FFF7A3FF002803DD044403353346AC
:1085D000D0E721463846FFF773FF0235CAE722701D
:1085E000E01BBDE8F0810AB1E9F726BA70470160E7
:1085F00070470068704708307047816070470368B3
:10860000416000225A54704708B50B68B3F1804F9F
:1086100002D30D48FFF72EFF93420BD9B3EB420F65
:108620004FEA420006D2B0F1804F2ABF6FF04043BC
:1086300008600B600868013001D5FFF712FFBDE844
:108640000840EBF73EBA00BF759E010850F8083BA2
:10865000834202D01846EBF73DBA704708B503468F
:1086600008465B689842114603D902460148FFF765
:1086700007FF08BD8D9E0108406801F18041013966
:10868000091A914208B502D21846FFF7F3FE08BD59
:1086900003688B4206D840681844814294BF00208A
:1086A0000120704701207047012A10B404D10A78D4
:1086B0005DF8044B027070475DF8044BFFF793BF01
:1086C000012A30B403D10B78037030BC7047002A04
:1086D000FBD030BCE9F74ABA0B46012B10B4114667
:1086E000044603D122705DF8044B7047002BFAD08A
:1086F0005DF8044B1A46E9F7B5BA37B50F290446B9
:108700000191154606D9002201A9FFF77DFF019BC3
:108710002060A360019919B120682A46FFF7DCFFA9
:10872000019B226863600021D15403B030BD08B5BD
:10873000521AFFF7B9FF08BD2DE9F3470A9E1F46FD
:10874000436801EB0208B21A1A44A3EB0809034676
:10875000019253F8082B9A4218BF82680D4608BF51
:108760000F2201A90446FFF74FFF82461DB1216881
:108770002A46FFF799FF37B12EB1324639460AEB48
:108780000500FFF791FFB9F1000F07D021683544CC
:108790004A4641440AEB0500FFF786FF2046FFF7F3
:1087A00055FF019BC4F800A0A36002B0BDE8F087AC
:1087B00070B504460E460830206056F8083B9E42CD
:1087C0000D460BD110223146FFF70DFF6B68636039
:1087D00000232E606B602B72204670BD23608B6877
:1087E000A360F3E710B50446FFF730FF204610BD45
:1087F00000680844704700002DE9F74F0C9D1446AF
:1088000080462A4689461F462146394BFFF734FFEA
:108810004246D8F8043052F8086B964218BFD8F890
:108820000820A5EB040B03EB0B0A08BF0F225245EF
:1088300051D34E443946A1444046A3EB0909FFF702
:1088400027FF80B1B9F1000F06D0AC4204D04A46F0
:1088500031197019FFF734FF15B32A4639463046EF
:10886000FFF722FF1CE035B1AC423CD32A46394623
:108870003046FFF725FFB9F1000F11D0AC420FD001
:108880004A4631197019FFF71BFFAC4208D2344435
:108890007B199C420FD32A4639463046FFF710FF1A
:1088A000D8F80030C8F804A00022404603F80A2097
:1088B00003B0BDE8F08FBC4203D82A4607EB0B019A
:1088C000CDE7E41B224639463046FFF7F9FE2A1B66
:1088D00071193019C4E700953B4622464946404687
:1088E000FFF72AFFDCE7B9F1000FD0D0C8E700BFDF
:1088F000DA9E01087FB504461546094A03930E46E1
:10890000FFF7ACFE6268039B921B0146AA420898DF
:10891000009028BF2A462046FFF76EFF04B070BDC6
:10892000C49E01081FB50446104603910292E9F760
:1089300007FD029B0090039900222046FFF7DAFF13
:1089400004B010BD0068704701607047F8B500BF03
:10895000F8BC08BC9E467047F8B500BFF8BC08BC20
:048960009E46704778
:10896800DB0F49BFE4CB1640E4CB16C00000008003
:10897800DB0F4940DB0F49C0000000000000008009
:10898800000FC93F000F494000CB9640000FC94077
:108998000053FB4000CB164100ED2F41000F494129
:1089A8000031624100537B41003A8A4100CB964135
:1089B800005CA34100EDAF41007EBC41000FC941FE
:1089C80000A0D5410031E24100C2EE410053FB4115
:1089D80000F20342003A0A420083104200CB1642DA
:1089E80000141D42005C234200A5294200ED2F42DD
:1089F80000363642007E3C4200C74242000F4942E0
:108A0800A2000000F9000000830000006E000000D2
:108A18004E0000004400000015000000290000007E
:108A2800FC0000002700000057000000D1000000F3
:108A3800F500000034000000DD000000C000000068
:108A4800DB000000620000009500000099000000B3
:108A58003C000000430000009000000041000000BE
:108A6800FE0000005100000063000000AB000000A1
:108A7800DE000000BB000000C5000000610000002F
:108A8800B7000000240000006E0000003A0000005B
:108A9800420000004D000000D2000000E00000008D
:108AA80006000000490000002E000000EA00000057
:108AB80009000000D1000000920000001C00000026
:108AC800FE0000001D000000EB0000001C0000007C
:108AD800B100000029000000A70000003E000000CF
:108AE800E80000008200000035000000F5000000EA
:108AF8002E000000BB0000004400000084000000BD
:108B0800E90000009C000000700000002600000042
:108B1800B40000005F0000007E000000410000007B
:108B28003900000091000000D60000003900000064
:108B3800830000005300000039000000F40000002A
:108B48009C000000840000005F0000008B00000013
:108B5800BD000000F9000000280000003B000000F4
:108B68001F000000F800000097000000FF00000050
:108B7800DE00000005000000980000000F00000063
:108B8800EF0000002F000000110000008B00000023
:108B98005A0000000A0000006D0000001F000000DD
:108BA8006D000000360000007E000000CF000000CD
:108BB80027000000CB00000009000000B7000000FB
:108BC8004F000000460000003F0000006600000063
:108BD8009E0000005F000000EA0000002D00000079
:108BE8007500000027000000BA000000C700000060
:108BF800EB000000E5000000F10000007B00000031
:108C08003D0000000700000039000000F7000000E8
:108C18008A0000005200000092000000EA000000F4
:108C28006B000000FB0000005F000000B1000000C6
:108C38001F0000008D0000005D000000080000001B
:108C4800560000000300000030000000460000004D
:108C5800FC0000007B0000006B000000AB0000007F
:108C6800F0000000CF000000BC0000002000000061
:108C78009A000000F4000000360000001D0000000B
:108C8800A9000000E300000091000000610000005E
:108C98005E000000E60000001B0000000800000065
:108CA8006500000099000000850000005F000000DA
:108CB80014000000A0000000680000004000000050
:108CC8008D000000FF000000D800000080000000B8
:108CD8004D00000073000000270000003100000074
:108CE8000600000006000000150000005600000005
:108CF800CA00000073000000A8000000C9000000BE
:108D080060000000E20000007B000000C0000000DE
:108D18008C0000006B000000040000000700000049
:108D2800090000000000C93F0000F0390000DA37F0
:108D38000000A2330000842E0000502B0000C22740
:108D48000000D0220000C41F0000C61B000044170A
:108D58006937AC3168212233B40F14336821A23348
:108D68003863ED3EDA0F493F5E987B3FDA0FC93F23
:108D780000202020202020202020282828282820E3
:108D880020202020202020202020202020202020DB
:108D98002088101010101010101010101010101043
:108DA8001004040404040404040404101010101033
:108DB80010104141414141410101010101010101FD
:108DC800010101010101010101010101101010104F
:108DD80010104242424242420202020202020202CF
:108DE8000202020202020202020202021010101023
:108DF800200000000000000000000000000000004B
:108E0800000000000000000000000000000000005A
:108E1800000000000000000000000000000000004A
:108E2800000000000000000000000000000000003A
:108E3800000000000000000000000000000000002A
:108E4800000000000000000000000000000000001A
:108E5800000000000000000000000000000000000A
:108E680000000000000000000000000000000000FA
:108E7800002E2E2E6162636465666768696A6B6C92
:108E88006D6E6F707172737475767778797A2E2E2D
:108E98002E00E4BDA0E58FAFE883BDE59CA8E4BD46
:108EA800BFE794A8E4B88DE59088E6B395E79A847F
:108EB800E7A1ACE4BBB6EFBC8CE8AFB7E88194E7B8
:108EC800B3BB3235393235393039313833407171C5
:108ED8002E636F6D0D0A007461736B5F696E666F48
:108EE80000706F7765720064617465007573625F06
:108EF800746872656164007465726D5F7468726528
:108F0800616400252D2E3466202573004E616D6541
:108F1800202020202020202020202020537461742D
:108F2800652020205072692020202020537461631E
:108F38006B2020204E756D0D0A006F70656E006302
:108F48006C6F73650073746F700073687574646F09
:108F5800776E007265626F6F7400626C00526562B2
:108F68006F6F7420696E746F20626F6F746C6F61BD
:108F780064657220696E2035207365636F6E647353
:108F88002E0D0A00726573746F7265003562616335
:108F98003139633400546869732066756E63746987
:108FA8006F6E206973206E6F7420617661696C61E1
:108FB800626C6520696E207075626C6963207665E5
:108FC8007273696F6E2E0D0A0025642064617973CF
:108FD80020256420686F757273202564206D696E82
:108FE8007574657320252E3366207365636F6E6410
:108FF800730D0A0074696D65725F7461736B004468
:1090080054006F6D5F6C6F67005B25735D25730D92
:109018000A00257325734025733A2573241B5B309A
:10902800306D20001B5B33326D0061746F6D00582A
:10903800526F626F74007E0062696E00657463002F
:1090480064657600686F6D6500707764006C730006
:10905800636400636174006563686F00636C6561D5
:109068007200524541444D452E7478740041746F26
:109078006D3A204475616C20362D4178697320491A
:109088004D5520436F726520426F617264205633DC
:109098002E312E2068747470733A2F2F78726F6295
:1090A8006F742D6F72672E6769746875622E696FA9
:1090B8002F0057656C636F6D6520746F207573653D
:1090C8002058526F626F7421004552524F523A2015
:1090D8004469726563746F7279206E6F7420666F6D
:1090E800756E642E004552524F523A20446972659B
:1090F80063746F72792027257327206E6F7420663A
:109108006F756E642E004552524F523A2046696C74
:1091180065206E6F7420666F756E642E004552521E
:109128004F523A2046696C652027257327206E6FB9
:109138007420666F756E642E0046696C65206E6FCC
:10914800742065786563757461626C652E0008200B
:10915800080025732573004552524F523A20496E34
:1091680076616C6964206E756D626572206F662029
:10917800617267756D656E74732E004552524F5259
:109188003A2046696C65206E6F7420777269746145
:10919800626C652E004552524F523A2046696C6502
:1091A800206E6F74207265616461626C652E002F99
:1091B800257300642D2D2D202020252D3135730099
:1091C80066256325632563202020252D31357320EE
:1091D80073697A65202564006625632D2D2020207B
:1091E800252D31357300632D256325632020202527
:1091F8002D313573003E001B5B324B0D001B5B327B
:109208004A1B5B314800205F5F20205F5F205F20A2
:1092180020202020205F205F5F5F205F202020200B
:10922800202020205F205F200D0A7C20205C2F203A
:1092380020285F295F205F20285F29205F5F7C202E
:109248007C5F20205F5F5F7C207C207C0D0A7C2077
:109258007C5C2F7C207C207C2027205C7C205C5F31
:109268005F205C2027205C2F202D5F29207C207C1C
:109278000D0A7C5F7C20207C5F7C5F7C5F7C7C5F50
:109288007C5F7C5F5F5F2F5F7C7C5F5C5F5F5F7C88
:109298005F7C5F7C0D0A4275696C643A4A616E2096
:1092A800203420323032352030383A31353A3236AF
:1092B8000D0A76657273696F6E3A312E302E360D4F
:1092C8000A001B5B43001B5B44001B5B73001B5BBA
:1092D8004B001B5B7500296C6C756E2800296C6946
:1092E8006E28006E616E00666E692D00666E692BD1
:1092F80000666E6900000000000000000000F03FFA
:109308000000000000002440000000000000594058
:109318000000000000408F40000000000088C340AB
:1093280000000000006AF8400000000080842E4120
:1093380000000000D01263410000000084D797416C
:109348000000000065CDCD41000000205FA0024272
:10935800000000E876483742000000A2941A6D42E7
:10936800000040E59C30A2420000901EC4BCD642DA
:1093780000003426F56B0C430080E03779C3414385
:1093880000A0D88557347643000000000000000094
:109398000102030406070809000000000102030493
:1093A800E0120020000000002C1300200400000040
:1093B8000001020304050607080C101418203040A9
:1093C800010002000400060008000A000C0010005A
:1093D800200040008000000101000000040000009F
:1093E8000200000008000000000000000400000067
:1093F800020000000800000001010103070100004D
:109408000804020408010101696E69745F746872D6
:109418006561645F666E0063616E66645F696D7541
:109428000063616E66645F69640063616E66645FB1
:1094380066625F6379636C65006163636C5F656E28
:1094480061626C65006779726F5F656E61626C65F9
:1094580000717561745F656E61626C650065756C3D
:10946800725F656E61626C650063616E66645F65FC
:109478006E61626C65007365745F696D7500636128
:109488006E66645F696D755F63616E0063616E66C9
:10949800645F696D755F756172740063616E66649F
:1094A800206D6F64650D0A0063616E206D6F6465E1
:1094B8000D0A646174613A006163636C2C0067791A
:1094C800726F2C00717561742C0065756C722C00BC
:1094D800666565646261636B2064656C61793A25D1
:1094E800640D0A0069643A25640D0A0D0A55736112
:1094F80067653A0D0A00097365745F64656C617984
:1095080020205B74696D655D20202020202020E8E4
:10951800AEBEE7BDAEE58F91E98081E5BBB6E697C3
:10952800B66D730D0A00097365745F63616E5F69D8
:1095380064205B69645D202020202020202020E812
:10954800AEBEE7BDAE63616E2069640D0A000965B1
:109558006E61626C652F64697361626C652020209E
:1095680020205B6163636C2F6779726F2F7175615F
:10957800742F65756C722F63616E66645D0D0A00E9
:109588007365745F64656C61790063616E6664001D
:1095980064697361626C65007365745F63616E5FB3
:1095A80069640063616E5F69643A25640D0A00E5C9
:1095B80091BDE4BBA4E99499E8AFAF0D0A007374B8
:1095C8006F6900434100696D755F71756174006969
:1095D8006D755F6779726F00696D755F6163636C44
:1095E80000696D755F65756C7200626D6930383839
:1095F8005F6779726F0062617369635F7374726920
:109608006E673A3A5F4D5F636F6E73747275637419
:10961800206E756C6C206E6F742076616C696400C6
:109628004148525300616872735F7468726561647F
:10963800005B73686F775D205B74696D655D205BA7
:1096480064656C61795D20E59CA874696D65E69731
:10965800B6E997B4E58685E6AF8FE99A9464656CB8
:109668006179E68993E58DB0E4B880E6ACA1E6952A
:10967800B0E68DAE0D0A007465737400E8AFB7E408
:10968800BF9DE68C81E99D99E6ADA2EFBC8CE5BC57
:1096980080E5A78BE6A380E6B58BE99BB6E6BC829E
:1096A8000D0A00E8AFB7E7AD89E5BE850D0A00E908
:1096B8009BB6E6BC823A2566E5BAA62FE58886E918
:1096C800929F0D0A0073686F770070697463683A37
:1096D800256620726F6C6C3A2566207961773A2589
:1096E800660070697463683A256620726F6C6C3A1C
:1096F8002566207961773A25660D0A007072696ED1
:10970800745F717561740025662C25662C25662C9E
:1097180025660A004400626D693038385F63616C01
:109728006900626D69303838007468726561645F19
:10973800626D693038385F6163636C0073686F7796
:10974800205B74696D655D205B64656C61795D2083
:10975800E59CA874696D65E697B6E997B4E58685D2
:10976800E6AF8FE99A9464656C6179E68993E58D33
:10977800B0E4B880E6ACA1E695B0E68DAE0D0A007F
:109788006C69737420E58897E587BAE6A0A1E58738
:1097980086E695B0E68DAE0D0A0063616C6920E53A
:1097A800BC80E5A78BE6A0A1E587860D0A006C6959
:1097B80073740063616C5F63616C6900257320E6F4
:1097C8009CAAE6A0A1E587860D0A0078797A00258B
:1097D800633A25662025662025662025660D0A0041
:1097E8006572726F723A0D0A00252B386620252B98
:1097F800386620252B38660D0A00E68980E69C89A4
:10980800E6A0A1E58786E6ADA5E9AAA4E5B7B2E595
:10981800AE8CE688900D0A00E6B8A9E5BAA6E4B8C9
:109828008DE7A8B3E5AE9A3A25660D0A00E691865B
:10983800E694BEE696B9E59091E99499E8AFAFE36E
:1098480080820D0A00417869733A25730D0A00E594
:109858008092E8AEA1E697B6256400E5BC80E5A74E
:109868008BE6A0A1E58786EFBC8CE8AFB7E4BF9D87
:10987800E68C81E99980E89EBAE4BBAAE7A8B3E53B
:10988800AE9AEFBC8CE680BBE585B1E99C80E8A682
:1098980081E6A0A1E58786E585ADE4B8AAE696B994
:1098A800E59091EFBC8CE6AF8FE4B8AAE696B9E5EF
:1098B8009091E6A0A1E587862564E4B8AAE5BEAA4A
:1098C800E78EAFEFBC8CE8AFB7E88090E5BF83E7E1
:1098D800AD89E5BE850D0A00E8BF9BE5BAA6EFBCD9
:1098E8009A25642F333000E7ACAC2569E6ACA1E5D6
:1098F800BEAAE78EAFE7BB93E69E9C20783A256622
:1099080020793A2566207A3A25660D0A00E6A0A154
:10991800E58786E7BB93E69E9C20783A2566207902
:109928003A2566207A3A25660D0A006163636C2041
:10993800783A252B356620793A252B3566207A3AF0
:10994800252B3566206779726F20783A252B356686
:1099580020793A252B3566207A3A252B35662C2036
:1099680074656D703A252B3366006163636C2078EB
:109978003A252B356620793A252B3566207A3A2503
:109988002B3566206779726F20783A252B3566204B
:10999800793A252B3566207A3A252B356620746569
:1099A8006D703A252B33660D0A00E58F82E695B077
:1099B800E99499E8AFAF0D0A004572726F720042E0
:1099C8004D4930383820776169742074696D656F46
:1099D80075742E00415849535F5800415849535FE8
:1099E800585F4D494E555300415849535F590041FE
:1099F8005849535F595F4D494E5553004158495393
:109A08005F5A00415849535F5A5F4D494E555300BC
:109A1800415849535F4E554D0000000006000000B4
:109A2800DC9901080C000000E39901080600000019
:109A3800F09901080C000000F799010806000000E1
:109A4800049A01080C0000000B9A010808000000A5
:109A5800189A01086465765F63616E5F00646576D5
:109A68005F63616E66645F005200303030313032BF
:109A780030333034303530363037303830393130B3
:109A880031313132313331343135313631373138A2
:109A98003139323032313232323332343235323691
:109AA8003237323832393330333133323333333477
:109AB800333533363337333833393430343134325D
:109AC8003433343434353436343734383439353043
:109AD8003531353235333534353535363537353832
:109AE8003539363036313632363336343635363621
:109AF8003637363836393730373137323733373407
:109B080037353736373737383739383038313832EC
:109B180038333834383538363837383838393930D2
:109B280039313932393339343935393639373938C1
:109B380039390069636D34323638385F63616C696E
:109B48000069636D34323638380074687265616450
:109B58005F69636D3432363800E6A0A1E58786E692
:109B680095B0E68DAE20783A256620793A256620AC
:109B78007A3A25660D0A00E58092E8AEA1E697B626
:109B880025640D0A00E5BC80E5A78BE6A0A1E58762
:109B980086EFBC8CE8AFB7E4BF9DE68C81E999807D
:109BA800E89EBAE4BBAAE7A8B3E5AE9A0D0A00E4BA
:109BB800BF9DE5AD98E6A0A1E58786E695B0E68D60
:109BC800AE0D0A006163636C20783A252B35662058
:109BD800793A252B3566207A3A252B356620677920
:109BE800726F20783A252B356620793A252B356611
:109BF800207A3A252B35662074656D703A252B330B
:109C0800660049434D34323638382057686F416D05
:109C1800492069732025642C207265747279004983
:109C2800434D343236383820776169742074696D51
:109C3800656F75742E00005EBCE2613FDD83C29CD7
:109C48007E20A3FD1F419DC3217FFCA2401E5F0112
:109C5800E3BD3E6082DC237D9FC1421CFEA0E1BFC4
:109C68005D0380DE3C62BEE0025CDF81633D7C22F6
:109C7800C09E1D43A1FF4618FAA427799BC584DA24
:109C88003866E5BB5907DB856739BAE406581947D2
:109C9800A5FB7826C49A653BD987045AB8E6A7F984
:109CA8001B45C6987A24F8A6441A99C7257B3A64B6
:109CB80086D85B05E7B98CD2306EEDB3510F4E10E4
:109CC800F2AC2F7193CD114FADF3702ECC92D38D92
:109CD8006F31B2EC0E50AFF1134DCE90722C6D3344
:109CE800D18F0C52B0EE326C8ED0530DEFB1F0AE76
:109CF8004C1291CF2D73CA947628ABF517490856A4
:109D0800B4EA6937D58B5709EBB536688AD495CB51
:109D18002977F4AA4816E9B7550B88D6346A2B7503
:109D280097C94A14F6A8742AC896154BA9F7B6E835
:109D38000A54D7896B3500000000000001000000BC
:109D480002000000030000000400000005000000FD
:109D580006000000070000000800000009000000DD
:109D68000A0000000B0000000C0000000D000000BD
:109D78000E0000000F000000100000000000004866
:109D880001000000000400484000000000040048F2
:109D980001000000000000480080000000000048AA
:109DA8008000000000040048020000000014004881
:109DB8007856341200000000000000000500000082
:109DC80049444C4500092563092575092575092568
:109DD800750D0A0058000000520000004200000003
:109DE8005300000044000000537461636B206F76D9
:109DF8006572666C6F770D0A006E6F7420656E6F02
:109E080075676820737061636520666F7220666F7E
:109E1800726D617420657870616E73696F6E202849
:109E2800506C65617365207375626D697420667521
:109E38006C6C20627567207265706F727420617433
:109E48002068747470733A2F2F6763632E676E757A
:109E58002E6F72672F627567732F293A0A202020A8
:109E68002000303132333435363738390062617387
:109E780069635F737472696E673A3A5F4D5F6372C4
:109E8800656174650025733A205F5F706F732028E1
:109E9800776869636820697320257A7529203E20D0
:109EA800746869732D3E73697A6528292028776854
:109EB80069636820697320257A752900626173696E
:109EC800635F737472696E673A3A7265706C616346
:109ED800650062617369635F737472696E673A3AA9
:109EE8005F4D5F7265706C61636500000000000083
:089EF8005496FE7F01000000FA
:089F000069020008C1420008DB
:049F0800410200080A
:109F0C00FF0000000800002000000000000000001E
:109F1C000000000000000000000000000000000035
:109F2C000000000000000000000000000000000025
:109F3C000000000000000000000000000000000015
:109F4C000000000000000000000000000000000005
:109F5C0000000000000000000000000000000000F5
:109F6C0000000000000000001000000001000000D4
:109F7C0000000000000000000000000000000000D5
:109F8C0001000000000000000000000000000000C4
:109F9C000024F400000080BF00000000000000005E
:109FAC0000000000000080BF000000000000000066
:109FBC00000000000000803F0000803F0000000017
:109FCC0000000000000000000000803F00000000C6
:109FDC0000000000000000000000803F06000000B0
:109FEC00C80000009A99193E0000803FCDCCCC3DB2
:109FFC00000000009A99993E0000803F000000008C
:10A00C0000000000CDCCCC3DCDCC4C3E0000803FC0
:10A01C00CDCCCC3D000000009A99993E0000803FC9
:10A02C000000000000000000295C8F3DAAAAAAAA2B
:0400000508008971F5
:00000001FF
