:020000040800F2
:100000000080002031920008A5980008219900087E
:100010009D990008199A0008959A000800000000B0
:10002000000000000000000000000000C182010884
:100030000F9B0008000000009185010883860108DD
:100040008192000881920008819200088192000844
:1000500081920008119B0008139B00088192000800
:10006000819200088192000881920008199B000883
:10007000259B0008319B00083D9B0008499B000818
:10008000559B000800000000819200088192000842
:1000900081920008619B00086D9B0008799B000815
:1000A0007F9B0008819200088192000881920008DD
:1000B00081920008819200088192000881920008D4
:1000C000819200088192000881920008BB9B000881
:1000D00081920008C79B0008EB9B000881920008F2
:1000E0000F9C00088192000881920008819200080C
:1000F00081920008819200088192000800000000AF
:10010000000000008192000800000000179C000819
:10011000819200080000000081920008819200088E
:10012000239C00082F9C00088192000881920008FF
:100130008192000800000000000000008192000889
:100140008192000881920008000000000000000079
:10015000000000000000000000000000000000009F
:100160000000000000000000000000008192000874
:100170008192000800000000000000000000000064
:100180000000000081920008000000000000000054
:10019000000000000000000000000000000000005F
:1001A0000000000000000000819200088192000819
:1001B00081920008819200088192000800000000EE
:1001C0000000000081920008000000000000000014
:0801D0008192000881920008F1
:1002000080B56F4603F0BEFA80B56F4603F032FB4F
:1002100080B56F4603F086FD80B56F4603F002FEA1
:1002200080B56F4603F0B0FE80B56F4603F0BEFEAA
:1002300080B56F4603F0CCFE80B56F4604F078F8C9
:1002400080B56F4604F002F980B56F4604F0CAFA33
:1002500080B56F4604F024FC80B56F4604F050FC76
:1002600080B56F4604F064FC80B56F4604F04CFD29
:1002700080B56F4604F016FF80B56F4604F02EFF80
:1002800080B56F4604F03CFF80B56F4606F04CFA2F
:1002900080B56F4608F0F6FF80B56F460EF0D8FDCA
:1002A00080B56F460EF0BAFE80B56F4610F0CEFAFC
:1002B00080B56F4611F01CF980B56F4611F098F9C2
:1002C00080B56F4613F0ACF880B56F4613F0F2FCC2
:1002D00080B56F4614F0AEFE80B56F4614F052FF45
:1002E00080B56F4615F0F6F880B56F4615F0EEF95B
:100300000348044B834202D0034B03B118477047A4
:10031000300100203001002000000000054806499F
:100320000B1AD90F01EBA301491002D0034B03B103
:100330001847704730010020300100200000000005
:1003400010B5064C237843B9FFF7DAFF044B13B11D
:100350000448AFF300800123237010BD300100205A
:1003600000000000808A010808B5044B1BB1044955
:100370000448AFF30080BDE80840CFE7000000006C
:1003800034010020808A010810EE103A10EE902A05
:1003900023F0004302F00042134300EE103A70478E
:1003A00010EE103A184A23F0004393421BDDB3F1DC
:1003B000FF4F02DB30EE400A704700B583B068465D
:1003C00000F056FB00F003000128DDED010A9DED71
:1003D000000A0CD0022812D070B1012001F03AF8C6
:1003E00003B05DF804FBDFED090A00F077BC01F013
:1003F00031F8B1EE400AF3E700F070FCF0E700F0EE
:100400006DFCB1EE400AEBE7D80F493F0000000059
:1004100010EE103A23F0004300EE103A704700BF90
:1004200008B52DED028BF0EE408AB0EE608A00F048
:1004300015F820B9B0EE480ABDEC028B08BDB0EE4D
:10044000480A00F00BF820B1F4EEC88AF1EE10FA79
:10045000F0DDB0EE680ABDEC028B08BD10EE103A7C
:1004600033F000400ED0A0F50003B3F1FE4F0DD3E2
:10047000074B421E9A4207D9A0F1FF40B0FA80F024
:1004800040097047022070470320704704207047DE
:10049000FEFF7F0010EE103A114A23F00043934212
:1004A00018DDB3F1FF4F02DB30EE400A704700B5B4
:1004B00083B0684600F0DCFA400000F00200DDED99
:1004C000010A9DED000AC0F1010001F00BF803B034
:1004D0005DF804FBDFED030A012001F003B800BF63
:1004E000DA0F493F0000000008B52DED028BB0EE99
:1004F000408A00F081F8144B93F900300133F0EE9C
:10050000408A0FD0B4EE488AF1EE10FA0AD6B0EE67
:10051000480AFFF77DFFF7EE007AB4EEE70AF1EE46
:1005200010FA04DCB0EE680ABDEC028B08BD01F0E5
:10053000A7FABDEC028B034621221A600348BDE8EE
:10054000084001F0C9B900BF00000020F8A0010870
:1005500000F058B908B52DED028BF0EE408AB0EEF0
:10056000608A00F0F5F90E4B93F9003001330BD09F
:10057000F4EE488AF1EE10FA06D6DFED0A8AB4EE00
:10058000688AF1EE10FA02D0BDEC028B08BD01F0D2
:1005900077FA88EEA80ABDEC028B2123036008BD20
:1005A000000000200000000008B52DED028BB0EE29
:1005B000408A00F08FFB0E4B93F9003001330BD0D3
:1005C000B4EE488AF1EE10FA06D6DFED0A8AB4EEF0
:1005D000E88AF1EE10FA02D4BDEC028B08BD01F0FE
:1005E0004FFA88EEA80ABDEC028B2123036008BDF8
:1005F000000000200000000038B510EE105A25F071
:100600000044B4F17E5F2DED048B00F085807ADC30
:10061000B4F17C5F0FDAB4F1485F80F29C80DFEDCB
:10062000697A70EE277AB7EE007AF4EEC77AF1EEC7
:1006300010FA00F38D80FFF7EBFEF7EE007A37EE4D
:10064000C00AB6EE008A20EE088A9FED5F7ADFEDE1
:100650005F6A9FED5F6A9FED5F5ADFED5F5ADFEDE6
:100660005F8AE8EE076A9FED5E7AA8EE067A9FED54
:100670005D6AA6EE885AA7EE086A9FED5B7ADFED09
:100680005B6AE5EE085AA6EE087AE5EE886AE7EEC0
:10069000087AE6EE888AB0EE480AB0EE679A00F073
:1006A00019FB534B9C4268EE888A42DC10EE103AEC
:1006B00023F47F6323F00F0306EE903AA6EEE68A5A
:1006C00070EE267A88EE895AC8EE274A9FED497A5D
:1006D000DFED497AB0EE006AA4EEC67A30EE000A89
:1006E000F0EE675AE6EEC65A90EE057A37EE657A76
:1006F00037EEC77A002D0ADCBDEC048BB1EE477AE9
:10070000B0EE470A38BD70EE407A87EEA77ABDECAE
:10071000048BB0EE470A38BD9FED367ADFED377AAD
:1007200020EE077ABDEC048BA0EE277AB0EE470AE4
:1007300038BD88EE896A9FED327ADFED307AA0EE1F
:10074000060AF0EE006AA0EE267A37EEC77AD1E705
:10075000B0EE407ADBE760EE007A9FED1B7ADFEDCA
:100760001B6A9FED1C6ADFED1A5A9FED1B5AE7EEDC
:10077000876ABDEC048BA6EEA76A9FED197ADFEDC0
:10078000196AA7EEA57AA6EE275AE7EE276ADFEDEB
:10079000175A9FED156A9FED117AE5EE275AA6EEDE
:1007A000A76AA5EEA77AF7EE006AE6EE276A67EE7B
:1007B000277AB0EE407A87EEA66AA0EE067AB0EE0F
:1007C000470A38BDCAF2497108EF1138047F4F3A21
:1007D0002EC69D3D461124BDA80A4E3EABAA2A3E18
:1007E000613330BF2D57014039D119C090B0A6BE3A
:1007F0009999793F2EBD3BB3DB0F493FDB0FC93FD2
:100800002EBD3B3310B582B0CDED010A019B23F024
:100810000042B2F1FF4FF0EE407A30DC10EE100AE9
:1008200020F00041B1F1FF4F29DCB3F17E5F42D0EF
:100830009C1704F0020444EAD07431B37AB3B2F1E5
:10084000FF4F40D0B1F1FF4F29D08A1AB2F1F45FC7
:100850004FEAE25134DA002B42DA3C3140DA9FEDC4
:10086000340A012C4ED0022C43D064B19FED317A72
:10087000DFED317A30EE070A30EE670A03E09DEDD6
:10088000017A37EE270A02B010BD022C10D09FED7E
:100890002B0A032C18BFB0EE670A02B010BD9FED03
:1008A000280ADFED287A0028B8BFB0EE670AEAE729
:1008B0009FED210AE7E702B0BDE8104000F0F2BE6C
:1008C0009FED1F0ACDE7B1F1FF4F04F1FF3420D0B7
:1008D000022C26D81C4B03EB840494ED030AD2E7C8
:1008E0009DED017A87EE870AFFF792FD00F0DAFEB0
:1008F000B7E79FED107ADFED107A30EE070A37EE9A
:10090000C00AC0E710EE103A03F1004300EE103ABF
:10091000B9E7022C08D80C4B03EB840494ED000AD1
:10092000B1E79FED030AAEE79FED080AABE700BF12
:10093000000000002EBDBB33DB0F4940DB0F49C078
:10094000DB0FC93FDB0FC9BF988A0108DB0F493FA6
:1009500030B583B0CDED010A019D35F0004041D0A6
:1009600010EE10EA2EF00043B3F1FF4F3ADAB0F187
:10097000FF4F37DC83423BDB0EF000443AD01EF0E1
:10098000FF4F56D1190200296FF07D0204DD4900A6
:10099000002902F1FF32FADC15F0FF4F57D10102B6
:1009A0006FF07D0C03D449000CF1FF3CFBD512F134
:1009B0007E0F47DBCEF3160343F400031CF17E0FDA
:1009C0003ADBC5F3160040F40000B2EB0C0204D190
:1009D00017E00FD04B00013A13D0191A0029F8DAAA
:1009E0005B00F8E7DDED017A60EE277A87EEA70A73
:1009F00003B030BD1D4B03EB547393ED000A03B0FD
:100A000030BD181A58BF03461BB9F3E75B000CF161
:100A1000FF3CB3F5000FF9DB1CF17E0F1CDBA3F5E7
:100A200000030CF17F0C234343EACC5300EE103A51
:100A3000DEE7DA157F3AAFE76FF07D01A1EB0C013D
:100A40008840C2E76FF07D01891A8B40B6E74FEA14
:100A5000E05CACF17F0CAAE76FF07D02A2EB0C0C1E
:100A600043FA0CF3234300EE103AC1E7B08A0108C1
:100A700070B510EE103A894A23F00044944286B0D3
:100A8000054670DD864A944210EE106A22DC002B87
:100A9000DFED847A844A24F00F04B0EE407A40F30C
:100AA000E480944270EE677A09BFDFED806A9FEDC3
:100AB000807A9FED807A77EEE67A012077EEC76A3A
:100AC00077EEE67AC5ED006A77EEC77AC5ED017A72
:100AD00006B070BD784A944254DDB4F1FF4F49DA54
:100AE000E215863AA4EBC25307EE903ABDEEE77AE0
:100AF000DFED726AB8EEC77A77EEC77A8DED037ACA
:100B000067EEA67ABDEEE77AB8EEC77A77EEC77AD7
:100B10008DED047A67EEA67AF5EE407AF1EE10FAE2
:100B2000CDED057A40F09080B5EE407AF1EE10FA06
:100B300014BF02230123624901910221009103A8FD
:100B4000294600F04DF9002EC2DA95ED007AD5ED78
:100B5000017AB1EE477AF1EE677A85ED007AC5ED5C
:100B6000017A4042B4E7002285ED000A426000208D
:100B700006B070BD70EE407A0020C5ED017AC5ED7B
:100B8000007AA5E7FFF744FC9FED4E7A9FED456A9A
:100B9000F6EE007AE0EE077A9FED457AFDEEE77A11
:100BA00017EE900AF8EEE76A1F28A6EEC60A66EE70
:100BB000877AB1EE666A1EDC434A411E24F0FF03C9
:100BC00052F82120934216D030EE677A85ED007AF4
:100BD00030EE470A002E30EE670A85ED010ABFF6B7
:100BE00077AFB1EE477AB1EE400A85ED007A85ED38
:100BF000010A40426CE730EE677AE21517EE103AD0
:100C0000C3F3C753C3EBD454082CDFDDDFED277AE1
:100C10009FED287AF0EE405AE6EE275A30EE650A4C
:100C2000A6EE270AF0EE407AD6EE877A35EEE77A1E
:100C300017EE103AC3F3C753D21A192A06DCB0EEE6
:100C4000650A85ED007AC3E7032374E79FED1F7AF9
:100C50009FED1F5AB0EE650AA6EE070A75EEC07A40
:100C6000E6EE077AD6EE857AAEE7944270EE277A02
:100C700009BFDFED0E6A9FED0E7A9FED0E7A77EEDB
:100C8000A67A4FF0FF3077EE876A77EEE67AC5ED09
:100C9000006A77EE877AC5ED017A19E7D80F493FE8
:100CA000E3CB1640800FC93FD00FC93F0044353712
:100CB0004344353708A3852E800F49430000804305
:100CC000388B010884F9223FB88A010800A3852ED9
:100CD00032318D24B1EEC00A704700BF10EE103AD9
:100CE00023F00043B3F1485F2CDAFDEEC07A17EE33
:100CF000903A002B60D020EE007ADFED317A9FED44
:100D0000315ADFED315A9FED316ADFED316AA7EEDE
:100D1000275ADFED307AE7EE055AA7EE256AE7EEAF
:100D2000067AE7EE276A67EE266A60EEC00AF6EEFC
:100D3000007AE7EE260AB7EE000AD7EE270A30EE71
:100D4000600A704720EE007ADFED1D7A9FED1D5A94
:100D5000DFED1D5A9FED1D6ADFED1D6A1E4AA7EEED
:100D6000275A9342DFED1B7AE5EE075AA5EE876A14
:100D7000E6EE077AE7EE876A66EE876AD5DD174A00
:100D8000934214DC03F17F4307EE903AB7EE006A1A
:100D900036EE676A60EEC00AF6EE005AD7EE257AA4
:100DA000E7EE260A77EEE00A36EE600A7047B6EE06
:100DB000076AF5EE027AEDE7B7EE000A704700BF6A
:100DC0004ED747ADF6740F317CF293B4010DD03796
:100DD000ABAA2A3D610BB6BA9999993E0000483FEB
:100DE0002DE9F04F2DED048BDBB01C4603930691EB
:100DF000A24B6899089253F82150111D824604F1C4
:100E0000FF38C0F2A382D31E48BF131DDB1002932C
:100E10000133DB000793DDE907239B1A0593029B4F
:100E200015EB0801A3EB080316D401319FED947A6A
:100E3000699819441EAA002BA4BF50F8234007EE5E
:100E4000904A03F10103ACBFF8EEE77AF0EE477A7F
:100E50008B42E2EC017AEED1002DC0F2E782039BD7
:100E60001EAA02EB830446AE4FEA830C4046EF18FD
:100E70000AEB8301B8F1000FDFED817A09DB22462E
:100E80005346F3EC016A32ED017A8B42E6EE877A43
:100E9000F7D10130B842E6EC017A04F10404E9D15B
:100EA00009AB0AAF03EB850907EB8503083B9FED10
:100EB000769ADFED748A059804930AEB0C0446AE2B
:100EC00000955AAB03EB8503002D13ED140A4FEA8E
:100ED000850B16DD06EB85033A4660EE097AB0EE27
:100EE000407AFDEEE77A73ED016AF8EEE77AB342F5
:100EF000A7EEE87A37EEA60ABDEEC77AA2EC017A31
:100F0000EBD1019000F0EEFCB0EE408AB4EE000AA6
:100F100028EE000A00F09AFCF2EE007AA0EE678A52
:100F200001980028FDEEC89AF8EEE97A38EE678A53
:100F300079DD05F1FF3EC0F1080357F82E1041FAA4
:100F400003FC0CFA03F3CB1AC0F1070219EE901A56
:100F500043FA02F26144002A47F82E3009EE901A53
:100F600069DCB5EE408AF1EE10FA40F0C080009BDB
:100F700005F1FF3B5B4510DC05F18043013B07EBCE
:100F800083030021944653F804294B4541EA0201AA
:100F9000F9D16246002940F0F280009B013B57F8EE
:100FA0002330002B40F0E780049B4FF0010C53F8F6
:100FB00004290CF1010C002AF9D06B1CAC449E46AC
:100FC000039A5119029A02EB030B0BF1804B699AB9
:100FD0000BF1FF3B06EB83051EAB02EB8B0B03EB28
:100FE0008101DBED017A9FED267AF8EEE77AB8F120
:100FF000000F0BF1040BC1ED007A0A4601F1040168
:1010000009DB534601E072ED017AF3EC016AA34279
:10101000A6EEA77AF7D10EF1010EE645A5EC017A0E
:10102000DFDD65464DE740F09C806B1E57F82320BE
:101030001212002A95DD19EE903A002D03F10103FA
:1010400009EE903A40F39881396800297FD1012D4B
:1010500026D03B464FF0010C53F8041F00297AD0EC
:101060000CF10103C1F580719D4247F82C1016DD8B
:1010700057F82310BB4407EB83030AE0508E0108A6
:1010800000000000000080430000803B0000C93FDA
:101090001968C1F1FF0143F8041B5B45F8D1012138
:1010A00000280CDD012800F04881022807D105F155
:1010B000FF3C57F82C3003F03F0347F82C30022A4E
:1010C0007FF44FAFB7EE000A30EE488A00293FF4B4
:1010D00048AF0992019000F005FC38EE408A099A69
:1010E0000198B5EE408AF1EE10FA3FF440AF02925B
:1010F000DDE90732B0EE480A981A0195009D00F02C
:10110000F1FB1FED207AB4EEC70AF1EE10FADDE92B
:101110000132C0F259815FED247A059960EE277A99
:101120000831FDEEE77A0591F8EEE77A03F1010B5D
:10113000A7EEC70AFDEEE77ABDEEC00A10EE101A60
:1011400047F8231017EE903A47F82B302EE0012392
:101150004FF0000C86E70CF1010CAC457FF47CAF3E
:101160009EE7F6EE007AB4EEE78AF1EE10FA80F22E
:10117000F2800022F5E66B1C9E469C4620E705990E
:10118000A1F1080057F82B1005902B46009D69B976
:1011900003F18043023B07EB8303014653F8040944
:1011A0000BF1FF3B08390028F8D005910598009213
:1011B000B7EE000A00F096FBBBF1000F009AC0F2F8
:1011C00028814FEA8B0E46AB03EB0E060EF1040CA2
:1011D0001FED537A07EB0C03311D73ED017AF8EE26
:1011E000E77ABB4267EE807A20EE070A61ED017A6A
:1011F000F3D1002D1FED5B6A4FF0000420DB934814
:10120000DFED937AB0EE467A3146002303E09C424C
:1012100008DBB0EC017AF1EC016A01339D42E6EEA5
:10122000877AF4DA5AAB03EB8403A34543ED287ABB
:10123000A6F1040604F1010305D0002D1C46DEDAF8
:10124000DFED837AEEE7689902291CDC002900F3C0
:1012500095800FD132ABDFED7E7A9C443CED017A74
:10126000634577EE877AF9D10AB1F1EE677A069B8A
:10127000C3ED007A19EE903A03F007005BB0BDECC5
:10128000048BBDE8F08F689B032BF3D1BBF1000FFB
:1012900000F0D4800EF5B4736B4432A913ED287AB4
:1012A00001EB8B0373ED017AF0EE476A37EE277A94
:1012B000994277EEC77A83ED007A77EEA67AC3ED8E
:1012C000017AEFD1BBF1010F40F3B8800BF1804BF5
:1012D0000EF5B4730BF1FF3B0DEB030E4FEA8B0BD6
:1012E0000BF104031EED287A0B4433A873ED017A49
:1012F000F0EE476A37EE277A984277EEC77A83EDA9
:10130000007A77EEA67AC3ED017AEFD10BF1080BE4
:10131000DFED4F7A01EB0B03083133ED017A99428F
:1013200077EE877AF9D1002A56D10699329A339B03
:101330000A604B60C1ED027A9CE705F1FF3C57F86B
:101340002C3003F07F0347F82C30B8E608230793CE
:10135000002302935FE519EE903A002D03F101039B
:1013600009EE903AC8BF02223FF76EAEF7EE007A60
:1013700037EEC88A0222F4E5002191E632A9DFEDBA
:10138000347A01EB830333ED017A994277EE877A61
:10139000F9D19DED327A8ABB069BBBF1000FC3EDFC
:1013A000007A77EE677A0BDD33A90123B1EC017A7D
:1013B00001339B4577EE877AF8DA0AB1F1EE677A66
:1013C000069BC3ED017A55E7BDEEC00A9B4610EEC1
:1013D000101A47F82310E9E6DDED326A9DED337A05
:1013E000069BF1EE666AB1EE477AF1EE677AC3EDDD
:1013F000006A83ED017AC3ED027A3BE7069BF1EECA
:10140000676ABBF1000F77EE677AC3ED006ACBDC49
:10141000D4E7689B022B0DDC002B14DC7FF42AAF91
:10142000DFED0B7A002A3FF422AF1EE7039B4FEA61
:10143000830C35E5689B032B7FF41CAFDFED047A4A
:10144000002AC9D171E7DFED027AA2E7608E0108B8
:101450000000000010EE103A23F00043B3F1485FA3
:1014600004DAFDEEC07A17EE903A5BB360EE007AD4
:101470009FED157ADFED155A9FED156ADFED156AC0
:10148000E7EE875A9FED147AA5EEA76A20EE275A59
:10149000E6EE276AA6EEA77A30B9DFED106AE7EE2E
:1014A000876AA6EE850A704727EE457AF6EE006A4F
:1014B000A0EEA67ADFED0A6AD7EE270AE5EE260A45
:1014C00030EE600A704700BFD3C92E2F342FD7B239
:1014D0001BEF3836010D50B98988083CABAA2ABEEB
:1014E000ABAA2A3E08B510EE103A23F00042B2F142
:1014F000465FF0EE407A0FDABDEEC07A17EE101AB2
:1015000001BB431C134300F0A080012803D0BFEEB1
:10151000007A87EE270A08BD50498A4212DB002B69
:10152000B8BFF1EE407A9FED4E7A9FED4E0AB8BFFC
:10153000F1EE600A70EE677A37EE600ADFED4A0A74
:1015400070EE277A67EEA76ADFED484ADFED485A6A
:101550009FED485A9FED486A404926EEA67A8A4296
:10156000E7EE245AA7EE056ADFED444A9FED445AA0
:10157000E5EE874AA6EE075ADFED425A9FED426A32
:10158000E4EE875AA5EE076ADFED404A9FED405A28
:10159000E5EE874AA6EE075A9FED3E6ADFED3E5A1A
:1015A000A4EE876AE5EE075AB0EE467AA5EEA67A73
:1015B00027EEA65AB0EE606AA7EE056ADFED374A5D
:1015C000E6EE260AE5EE240A37EEA00A1FDA012825
:1015D000A1D0BFEE007AC7EE006A314B10EE102AA0
:1015E0001A4006EE102A16EE902A76EE677A13401D
:1015F00000EE103AB7EE007A70EEE70AF0EE477AA6
:10160000E6EE007AE0EE807AA7EEA60A08BD07EEC5
:10161000100AB8EEC77A60EE005A30EE070A9B1740
:10162000C5EE806A03F00203C3F10103B0EE006A65
:1016300076EEE00A00EE103A77EEE07AB8EEC00AF5
:10164000A7EEC67A20EE070A08BDFEF7E1FEB7EE68
:10165000007AF0EE407A87EE270A08BD40A12C3FC1
:1016600068212233DA0F493F000000005FAE9BB7CC
:1016700045F4A3388453D9377AC09538C8261A3A26
:10168000B937813916696B3B48DEBE3AA427B33CB3
:101690001F37113C8988083ED10D5D3DABAAAA3E9B
:1016A00000F0FFFF38B510EE105A25F00044B4F1F9
:1016B000A14FF0EE407A0BDBB4F1FF4F58DCDFEDC9
:1016C000517A9FED510A002DC8BFB0EE670A38BDB0
:1016D0004E4B9C425BDCB4F1445F4CDB4FF0FF327D
:1016E00067EEA76ADFED4A4ADFED4A5A9FED4A5A94
:1016F0009FED4A4A26EEA67AB0EE666AE7EE245AD5
:10170000531CDFED474ADFED476AA5EE875AE7EE47
:10171000246ADFED455ADFED454AE6EE875AA5EE2D
:10172000074A9FED435ADFED436AA5EE875AE4EE80
:10173000074ADFED415AE4EE876AE5EE075A66EEA6
:10174000866A25EE877A37D03C4B03EB820376EE30
:10175000876A93ED000A93ED047A96EEA70A002DAE
:1017600070EE677A37EE670AB1DAB1EE400A38BD3B
:1017700030EE000A38BD9FED327A30EE077AF7EE90
:10178000006AB4EEE67AF1EE10FAA7DD38BDFEF796
:101790003FFE2C4B9C4216DCA3F5D0039C4227DC79
:1017A000F0EE007ABFEE007AA0EE277A002230EE4B
:1017B000270AC7EE007A93E776EE876AE6EEE77AC5
:1017C000B0EE670A38BD204B9C420BDCF7EE087A7E
:1017D000B7EE007AA0EE277A022230EE670AC0EE5A
:1017E000077A7DE7BFEE007AC7EE007A032277E73B
:1017F000F7EE007A30EE677A30EE270A0122C7EE64
:10180000007A6DE7DB0FC93FDB0FC9BFFFFFDF3E8B
:10181000D769853C59DA4B3D356B883D6E2EBA3D14
:1018200021A215BD6BF16EBD95879DBD2549123E68
:10183000388EE3BDABAAAA3ECDCC4CBE888E010843
:10184000CAF24971FFFF973FFFFF1B4010EE102ABD
:10185000C2F3C7537F3B162B22F0004128DC002B3C
:1018600018DB1A4919410A4221D0DFED197A70EECE
:10187000277AF5EEC07AF1EE10FA18DD002A04DAC4
:101880004FF4000040FA03F31A4422EA010300EE89
:10189000103A7047DFED0E7A70EE277AF5EEC07AD7
:1018A000F1EE10FA03DD002A08DB9FED0A0A70470B
:1018B000B1F1FF4FFBD330EE000A7047FFEE007A24
:1018C000002918BFB0EE670A704700BFFFFF7F0016
:1018D000CAF24971000000009FED010A704700BF85
:1018E0000000C07F82B08DED010A019B33F0004201
:1018F0002AD0B2F1FF4F23D213F0FF4F28D19DED34
:10190000017ADFED2A7A2A4B67EE277A9842CDEDED
:10191000017A37DB019BC3F3C752193A0244FE2A0E
:101920001ADD9FED240A9FED247A019B002BF0EE37
:10193000407AB8BFB0EE470A20EE270A02B07047DF
:1019400030EE000A02B070479DED010A02B0704708
:10195000D20D0244FE2AE4DC002A0BDC12F1160F41
:1019600017DA4CF250339842DBDC9FED140A9FEDFE
:10197000147ADAE723F0FF4343EAC25300EE103A49
:1019800002B070479FED0D0ADDED017A27EE800A67
:10199000D8E7193223F0FF4343EAC253DFED097A57
:1019A00007EE103A27EE270ACCE700BF0000004CF4
:1019B000B03CFFFFCAF24971CAF249F16042A20D80
:1019C0006042A28D0000003308B5062000F0B0FA96
:1019D000012001F0D5FE00BF002200F003B800BFD7
:1019E00000F0AAB870B4840746D04C1E002941D03C
:1019F000D5B2034602E0611EE4B30C4603F8015B76
:101A00009907F8D1032C2ED9D5B245EA05250F2C1C
:101A100045EA054519D9264603F11001103E0F2E5F
:101A200041F8105C41F80C5C41F8085C41F8045C3A
:101A300001F11001F2D8A4F1100121F00F0104F01E
:101A40000F041031032C0B440DD91E4621460439D6
:101A5000032946F8045BFAD8211F21F00301043161
:101A60000B4404F003042CB1D2B21C4403F8012B44
:101A7000A342FBD170BC70470C460346C2E700008E
:101A8000014B1868704700BF0400002070B50D4E70
:101A90000D4D761BB61006D0002455F8043B0134DA
:101AA0009847A642F9D1094E094D761B16F0E8FF7A
:101AB000B61006D0002455F8043B01349847A642DE
:101AC000F9D170BD04A1010804A1010808A1010811
:101AD00004A10108032A70B515D940EA010C1CF0D5
:101AE000030F04460B4621D1194620460E680568AF
:101AF000B54204F1040403F1040317D1043A032AA4
:101B000020461946F0D8541EA2B100F1FF3C01391D
:101B100001E0C3180CD01CF801EF11F8012F964515
:101B2000A4EB0C03F5D0AEEB020070BD541EECE745
:101B3000184670BD104670BD844641EA000313F09C
:101B400003036DD1403A41D351F8043B40F8043BC4
:101B500051F8043B40F8043B51F8043B40F8043B87
:101B600051F8043B40F8043B51F8043B40F8043B77
:101B700051F8043B40F8043B51F8043B40F8043B67
:101B800051F8043B40F8043B51F8043B40F8043B57
:101B900051F8043B40F8043B51F8043B40F8043B47
:101BA00051F8043B40F8043B51F8043B40F8043B37
:101BB00051F8043B40F8043B51F8043B40F8043B27
:101BC00051F8043B40F8043B403ABDD2303211D3C7
:101BD00051F8043B40F8043B51F8043B40F8043B07
:101BE00051F8043B40F8043B51F8043B40F8043BF7
:101BF000103AEDD20C3205D351F8043B40F8043BC7
:101C0000043AF9D2043208D0D2071CBF11F8013BC4
:101C100000F8013B01D30B8803806046704700BF8A
:101C2000082A13D38B078DD010F003038AD0C3F199
:101C30000403D21ADB071CBF11F8013B00F8013B7B
:101C400080D331F8023B20F8023B7BE7043AD9D33A
:101C5000013A11F8013B00F8013BF9D20B7803700F
:101C60004B7843708B7883706046704788420DD9FB
:101C70008B1883420AD900EB020CBAB1624613F802
:101C800001CD02F801CD9942F9D170470F2A0ED843
:101C9000034602F1FF3C4AB10CF1010C013B8C44BC
:101CA00011F8012B03F8012F6145F9D1704740EA83
:101CB00001039B0750D1A2F1100370B501F1200C74
:101CC00023F00F0501F1100E00F11004AC441B09C4
:101CD0005EF8105C44F8105C5EF80C5C44F80C5C38
:101CE0005EF8085C44F8085C5EF8045C44F8045C48
:101CF0000EF1100EE64504F11004E9D1013312F0A3
:101D00000C0F01EB031102F00F0400EB031327D0BB
:101D1000043C24F003064FEA940C1E441C1F8E461C
:101D20005EF8045B44F8045FB442F9D10CF101049D
:101D300002F0030203EB840301EB840102F1FF3C98
:101D40004AB10CF1010C013B8C4411F8012B03F852
:101D5000012F6145F9D170BD02F1FF3C03469BE7BD
:101D60002246EBE7830730B548D0541E002A3FD007
:101D7000CAB2034601E0013C3AD303F8012B9D07A8
:101D8000F9D1032C2DD9CDB245EA05250F2C45EA12
:101D9000054536D9A4F1100222F00F0C03F1200EF4
:101DA000E6444FEA121C03F1100242E9045542E9ED
:101DB000025510327245F8D10CF1010214F00C0FEB
:101DC00003EB021204F00F0C13D0ACF1040323F068
:101DD00003030433134442F8045B9342FBD10CF039
:101DE00003042CB1CAB21C4403F8012B9C42FBD162
:101DF00030BD64461346002CF4D1F9E7034614467F
:101E0000BFE71A46A446E0E738B5446C0CB10020A1
:101E100038BD8021054600F0DBFC0246686430B125
:101E2000031F7C3243F8044F9342FBD1EFE74FF09E
:101E3000FF3038BD1F29F8B5054608D8466C0C465A
:101E400017464EB156F8240046F82470F8BD162304
:101E500003604FF0FF30F8BD802100F0B9FC06466A
:101E6000686440B1031F00F17C05002143F8041FA2
:101E70009D42FBD1E6E74FF0FF30F8BD1F2938B592
:101E8000054620D8426C0C466AB152F8213053B155
:101E9000012B16D0591C10D00025204642F82450A2
:101EA0009847284638BD284600F0F8F822460146F3
:101EB0002846BDE8384000F0DBB816230360012057
:101EC00038BD002038BD162303604FF0FF3038BD09
:101ED0001F292AD8426C38B50C46054682B152F803
:101EE000243002EB84024BB1591C19D0012B15D0C0
:101EF0000025204615609847284638BD012038BD8A
:101F0000802100F065FC0246686458B1031F00217F
:101F10007C3043F8041F9842FBD1E0E7032038BD32
:101F2000022038BD4FF0FF3038BD4FF0FF30704712
:101F300038B5144B1F281D681FD86A6C044662B15F
:101F400052F820304BB1012B15D0591C0FD0002571
:101F500042F820509847284638BD284600F09EF8A1
:101F6000224601462846BDE8384000F081B81623D5
:101F70002B60012038BD002038BD16232B604FF0A8
:101F8000FF3038BD04000020124B1F2870B51E68BA
:101F900008D80D46716C044649B151F8240041F847
:101FA000245070BD162333604FF0FF3070BD802188
:101FB000304600F00DFC0146706440B1031F00F193
:101FC0007C0C002243F8042F6345FBD1E5E74FF07A
:101FD000FF3070BD0400002038B50B4B1D686C6CE1
:101FE0000CB1002038BD8021284600F0F1FB686468
:101FF00038B1031F00F17C0243F8044F9342FBD138
:10200000EFE74FF0FF3038BD0400002038B5174B24
:102010001F281D6826D86A6C044682B152F8243005
:1020200002EB84024BB1591C1AD0012B16D00025AB
:10203000204615609847284638BD012038BD8021CC
:10204000284600F0C5FB0246686458B1031F002112
:102050007C3043F8041F8342FBD1DFE7032038BD07
:10206000022038BD4FF0FF3038BD00BF0400002013
:1020700070B50C46084D03460026204611461C4606
:102080002E6001F067FB431C00D070BD2B68002B55
:10209000FBD0236070BD00BF5401002001F052BB93
:1020A000A2EB0300704700BF02780B78012A28BF1B
:1020B0009A42F5D16DE9044540EA0104CDE9026791
:1020C0006FF0000C4FEA447212B380EA010414F07E
:1020D000070F6AD100F0070420F0070004F00305A1
:1020E00021F007014FEAC505F0E8042314F0040FBE
:1020F000F1E804670CFA05F462EA040266EA0406F1
:102100000AD063EA0403624667EA0407664603E00E
:10211000F0E80423F1E8046782FA4CF582EA060449
:10212000A4FA8CF46CBB83FA4CF583EA0705A5FA94
:102130008CF595B950E9022351E9026782FA4CF512
:1021400082EA0604A4FA8CF483FA4CF583EA0705C4
:10215000A5FA8CF52543DBD09CB92DBAB5FA85F4E8
:1021600024F0070427FA04F1DDE9026723FA04F3F7
:1021700003F0FF0001F0FF01FDE80445A0EB0100C2
:10218000704724BAB4FA84F424F0070426FA04F160
:10219000DDE9026722FA04F202F0FF0001F0FF011C
:1021A000FDE80445A0EB0100704714F0030F3CD19B
:1021B00010F0030428D150F8082B51F8083B82FA9C
:1021C0004CF582EA0305A5FA8CF55DB950F8042CAC
:1021D00051F8043C82FA4CF582EA0305A5FA8CF525
:1021E000002DE8D02DBAB5FA85F424F0070423FABF
:1021F00004F122FA04F202F0FF0001F0FF01FDE811
:102200000445A0EB010070474FEAC40420F003002E
:1022100050F8082B21F0030151F8083B0CFA04F4A4
:1022200062EA040263EA0403C9E710F003041AD067
:10223000A1EB040120F00300E40750F8042B06D0C2
:102240000FD28B785FFAA2F4E41A06D12BB1CB78C7
:102250005FFAB2F4E41A00D11BB920465DF8104BC6
:10226000704701F1040150F8042BCC0721F0030161
:1022700051F8043B48D824D222F07F4482FA4CF52E
:1022800094EA1325A5FA8CF50AD165B951F8043BF7
:1022900084EA0204B4EB036F0ED150F8042BEBE791
:1022A0004FEA132355E035F07F454DD10878FDE81E
:1022B0000445C0F1000070474FEA126203F0FF03CB
:1022C00047E002EA1C4482FA4CF594EA1345A5FA69
:1022D0008CF50AD165B951F8043B84EA0204B4EBE9
:1022E000034F0CD150F8042BEBE74FEA134330E0D7
:1022F00015EA1C4528D10B884FEA124229E04FEA23
:10230000124203EA1C4324E002F0FF0482FA4CF577
:1023100094EA1365A5FA8CF50AD165B951F8043B26
:1023200084EA0204B4EB032F09D150F8042BEBE745
:102330004FEA13630DE015F0FF0F05D10B684FEA6C
:10234000122223F07F4304E04FF00000FDE8044533
:10235000704712BA1BBA82FA4CF482EA0304A4FA58
:102360008CF5B5FA85F402FA04F203FA04F34FEAA5
:102370001260FDE80445A0EB1360704780EA01029B
:10238000844612F0030F4FD111F0030F32D14DF8F4
:10239000044D11F0040F51F8043B0BD0A3F10132AE
:1023A0009A4312F0803F04BF4CF8043B51F8043BC1
:1023B00016D100BF51F8044BA3F101329A4312F039
:1023C000803FA4F101320BD14CF8043BA24312F040
:1023D000803F04BF51F8043B4CF8044BEAD023463D
:1023E0000CF8013B13F0FF0F4FEA3323F8D15DF8EF
:1023F000044B704711F0010F06D011F8012B0CF8B7
:10240000012B002A08BF704711F0020FBFD031F82E
:10241000022B12F0FF0F16BF2CF8022B8CF80020B5
:1024200012F47F4FB3D1704711F8012B0CF8012B38
:10243000002AF9D1704700BF000000000000000032
:1024400090F800F06DE9024520F007016FF0000CF4
:1024500010F0070491F820F040F049804FF000049C
:102460006FF00700D1E9002391F840F000F1080077
:1024700082FA4CF2A4FA8CF283FA4CF3A2FA8CF3AF
:102480004BBBD1E9022382FA4CF200F10800A4FA16
:102490008CF283FA4CF3A2FA8CF3E3B9D1E904236A
:1024A00082FA4CF200F10800A4FA8CF283FA4CF3A1
:1024B000A2FA8CF37BB9D1E9062301F1200182FA5B
:1024C0004CF200F10800A4FA8CF283FA4CF3A2FA61
:1024D0008CF3002BC6D0002A04BF04301A4612BA6F
:1024E000B2FA82F2FDE8024500EBD2007047D1E972
:1024F000002304F00305C4F100004FEAC50514F001
:10250000040F91F840F00CFA05F562EA05021CBFD1
:1025100063EA050362464FF00004A9E7A2B330B5B1
:1025200040EA0104A40784460B462AD09CF8000028
:102530000C7884422FD1012A0DD0E64660B11EF8F6
:10254000010F11F8014F6FEA0E03A042134422D18C
:102550001CEB0303F2D1002030BD0468194653F888
:10256000045BA4F1013EAC4284462EEA040E00F165
:1025700004000BD1043A84461946ECD01EF0803F8B
:10258000E9D1032AE9D8D1E7104670479CF800004A
:102590000C78A042D1D0001B30BD00BF30B540EA5E
:1025A0000104A30701D1032A0FD8844601F1FF3E9D
:1025B00007E01EF8011F03F8011B541EC1B19C4621
:1025C00022466346002AF4D130BD0B4684461946A4
:1025D00053F8045BA5F1013424EA050414F0803FAC
:1025E000E4D1043A032A4CF8045B1946EFD8DDE73E
:1025F0006244002CE8D003F8011B9342FBD130BDAC
:1026000071B1034600EB010C01E0634506D01A46A8
:10261000013311780029F8D1101A7047181A704741
:102620000846704771B138B503460C46002501E0F5
:10263000431C05462146184600F036F90028F7D11C
:10264000284638BD00F030B92DE9F04F81464548A5
:102650008E4675461EF801CB10F80C4014F00804A5
:10266000F7D1BCF12D0FE34654D0BCF12B0F08BFBE
:102670009EF800B06FF0004808BF05F1020E1BB1D4
:10268000102B4FD01F4604E0BBF1300F55D00A236A
:102690001F460025B8FBF7F6284607FB168A07E019
:1026A000864215D329D007FB00C001251EF801BBC7
:1026B000ABF1300CBCF1090F06D9ABF1410CBCF108
:1026C000190F08D8ABF1370C63450DDD002DE7DAA3
:1026D0004FF0FF35EAE7ABF1610CBCF1190F03D8FD
:1026E000ABF1570C6345F1DC002D0BDB04B140422C
:1026F0000AB195BB1160BDE8F08FE245D3DA4FF027
:10270000FF35D3E72223C9F800301AB30EF1FF31A9
:102710004046EFE79EF800B04FF0004805F1020E8A
:102720000124ACE7BBF1300FACD19EF8000000F003
:10273000DF00582807D01F46ABE79EF8003003F0B3
:10274000DF03582B0BD110279EF801B03B460EF14A
:10275000020E9EE74046BDE8F08F8046D6E708238C
:102760001F4696E7A98E0108012B02D0242B00D822
:102770006AE710B5FFF784F916230360002010BD47
:10278000012A08D0242A06D8844606481346006841
:102790000A46614658E710B5FFF772F91623036041
:1027A000002010BD04000020012A08D0242A06D8E9
:1027B00084460648134600680A46614644E710B559
:1027C000FFF75EF916230360002010BD040000200F
:1027D000F8B5CD1C25F0030508350C2D38BF0C25A8
:1027E000002D064623DBA94221D8254F00F0C2F870
:1027F0003A6822B3144603E063682246FBB11C46E4
:1028000023685B1BF8D40B2B15D8636894420CBF6C
:102810003B605360304600F0AFF804F10B00231D1D
:1028200020F00700C21A01D01B1AA350F8BD0C23D8
:1028300033600020F8BD23601C442560EAE7796816
:10284000C9B12946304600F01DF8431C0CD0C41C09
:1028500024F00304A04205D0211A304600F012F8FB
:10286000013001D02560D5E70C233046336000F0FD
:1028700083F80020F8BD304600F004F87860E0E707
:102880004C01002038B5074D0022044608462A6056
:1028900000F068FF431C00D038BD2B68002BFBD034
:1028A000236038BD5401002011F0FF01034644D0DD
:1028B000820732D110B5046841EA012E4EEA0E4E6D
:1028C0008EEA0402A2F1013323EA0203A4F10132E9
:1028D00022EA0402134313F0803F0FD150F8044F53
:1028E00084EA0E0CA4F10133ACF1013223EA0403B3
:1028F00022EA0C02134313F0803FEFD0037823B990
:1029000036E010F8013F002B32D09942F9D110BDCA
:102910008A4211D09A071846CCD0184613F8012BDA
:10292000002AF5D1104670479907184607D0184677
:1029300001330278002AF7D170478207F7D1026885
:10294000A2F1013323EA020313F0803F08D150F8CB
:10295000042FA2F1013323EA020313F0803FF6D0E3
:102960000378002BE8D010F8013F002BFBD1704713
:10297000184610BD704700BF704700BF81F000418E
:1029800002E000BF83F0004330B54FEA41044FEA54
:10299000430594EA050F08BF90EA020F1FBF54EAEF
:1029A000000C55EA020C7FEA645C7FEA655C00F08B
:1029B000E2804FEA5454D4EB5555B8BF6D420CDD5C
:1029C0002C4480EA020281EA030382EA000083EADF
:1029D000010180EA020281EA0303362D88BF30BD7F
:1029E00011F0004F4FEA01314FF4801C4CEA1131D5
:1029F00002D0404261EB410113F0004F4FEA033334
:102A00004CEA133302D0524263EB430394EA050FBE
:102A100000F0A780A4F10104D5F1200E0DDB02FA2D
:102A20000EFC22FA05F2801841F1000103FA0EF2C1
:102A3000801843FA05F359410EE0A5F120050EF187
:102A4000200E012A03FA0EFC28BF4CF0020C43FAB8
:102A500005F3C01851EBE37101F0004507D54FF0C5
:102A6000000EDCF1000C7EEB00006EEB0101B1F515
:102A7000801F1BD3B1F5001F0CD349085FEA30005B
:102A80004FEA3C0C04F101044FEA445212F5800F66
:102A900080F09A80BCF1004F08BF5FEA500C50F103
:102AA000000041EB045141EA050130BD5FEA4C0CE6
:102AB000404141EB0101013C28BFB1F5801FE9D243
:102AC00091F0000F04BF01460020B1FA81F308BF66
:102AD0002033A3F10B03B3F120020CDA0C3208DD32
:102AE00002F1140CC2F10C0201FA0CF021FA02F10D
:102AF0000CE002F11402D8BFC2F1200C01FA02F17D
:102B000020FA0CFCDCBF41EA0C019040E41AA2BFA1
:102B100001EB0451294330BD6FEA04041F3C1CDA69
:102B20000C340EDC04F11404C4F1200220FA04F089
:102B300001FA02F340EA030021FA04F345EA030133
:102B400030BDC4F10C04C4F1200220FA02F001FAF5
:102B500004F340EA0300294630BD21FA04F0294677
:102B600030BD94F0000F83F4801306BF81F4801110
:102B70000134013D4EE77FEA645C18BF7FEA655C83
:102B800029D094EA050F08BF90EA020F05D054EA55
:102B9000000C04BF1946104630BD91EA030F1EBF5A
:102BA0000021002030BD5FEA545C05D1400049415E
:102BB00028BF41F0004130BD14F580043CBF01F551
:102BC000801130BD01F0004545F0FE4141F4700137
:102BD0004FF0000030BD7FEA645C1ABF1946104612
:102BE0007FEA655C1CBF0B46024650EA013406BF13
:102BF00052EA033591EA030F41F4002130BD00BFD2
:102C000090F0000F04BF0021704730B54FF480648E
:102C100004F132044FF000054FF0000150E700BF0F
:102C200090F0000F04BF0021704730B54FF480646E
:102C300004F1320410F0004548BF40424FF000015B
:102C40003EE700BF42004FEAE2014FEA31014FEA9E
:102C500002701FBF12F07F4393F07F4F81F06051ED
:102C6000704732F07F4208BF704793F07F4F04BF38
:102C700041F40021704730B54FF4607401F0004515
:102C800021F000411CE700BF50EA010208BF704775
:102C900030B54FF000050AE050EA010208BF704766
:102CA00030B511F0004502D5404261EB41014FF4CF
:102CB000806404F132045FEA915C3FF4D8AE4FF0D7
:102CC00003025FEADC0C18BF03325FEADC0C18BFBA
:102CD000033202EBDC02C2F1200300FA03FC20FA0B
:102CE00002F001FA03FE40EA0E0021FA02F1144458
:102CF000BDE600BF70B54FF0FF0C4CF4E06C1CEA71
:102D000011541DBF1CEA135594EA0C0F95EA0C0FE1
:102D100000F0DEF82C4481EA030621EA4C5123EA54
:102D20004C5350EA013518BF52EA033541F4801183
:102D300043F4801338D0A0FB02CE4FF00005E1FB36
:102D400002E506F00042E0FB03E54FF00006E1FB80
:102D500003569CF0000F18BF4EF0010EA4F1FF04C3
:102D6000B6F5007F64F5407404D25FEA4E0E6D4103
:102D700046EB060642EAC62141EA55514FEAC52014
:102D800040EA5E504FEACE2EB4F1FD0C88BFBCF590
:102D9000E06F1ED8BEF1004F08BF5FEA500E50F141
:102DA000000041EB045170BD06F0004646EA010107
:102DB00040EA020081EA0301B4EB5C04C2BFD4EB39
:102DC0000C0541EA045170BD41F480114FF0000E32
:102DD000013C00F3AB8014F1360FDEBF002001F0A0
:102DE000004170BDC4F10004203C35DA0C341BDC1A
:102DF00004F11404C4F1200500FA05F320FA04F0EC
:102E000001FA05F240EA020001F0004221F000411F
:102E100010EBD37021FA04F642EB06015EEA430E92
:102E200008BF20EAD37070BDC4F10C04C4F12005C2
:102E300000FA04F320FA05F001FA04F240EA020075
:102E400001F0004110EBD37041F100015EEA430E46
:102E500008BF20EAD37070BDC4F1200500FA05F266
:102E60004EEA020E20FA04F301FA05F243EA0203E5
:102E700021FA04F001F0004121FA04F220EA0200F4
:102E800000EBD3705EEA430E08BF20EAD37070BD3A
:102E900094F0000F0FD101F00046400041EB01011A
:102EA00011F4801F08BF013CF7D041EA060195F0FC
:102EB000000F18BF704703F00046520043EB0303B6
:102EC00013F4801F08BF013DF7D043EA06037047A3
:102ED00094EA0C0F0CEA135518BF95EA0C0F0CD0AE
:102EE00050EA410618BF52EA4306D1D181EA0301F4
:102EF00001F000414FF0000070BD50EA410606BFEE
:102F00001046194652EA430619D094EA0C0F02D132
:102F100050EA013613D195EA0C0F05D152EA033677
:102F20001CBF104619460AD181EA030101F0004195
:102F300041F0FE4141F470014FF0000070BD41F0DE
:102F4000FE4141F4780170BD70B54FF0FF0C4CF4B8
:102F5000E06C1CEA11541DBF1CEA135594EA0C0FD7
:102F600095EA0C0F00F0A7F8A4EB050481EA030E24
:102F700052EA03354FEA013100F088804FEA03330B
:102F80004FF0805545EA131343EA12634FEA0222D9
:102F900045EA111545EA10654FEA00260EF000419A
:102FA0009D4208BF964244F1FD0404F5407402D2EC
:102FB0005B084FEA3202B61A65EB03055B084FEA7D
:102FC00032024FF480104FF4002CB6EB020E75EB7A
:102FD000030E22BFB61A754640EA0C005B084FEAA2
:102FE0003202B6EB020E75EB030E22BFB61A75461F
:102FF00040EA5C005B084FEA3202B6EB020E75EB6A
:10300000030E22BFB61A754640EA9C005B084FEAE1
:103010003202B6EB020E75EB030E22BFB61A7546EE
:1030200040EADC0055EA060E18D04FEA051545EADD
:1030300016754FEA06164FEAC30343EA52734FEA86
:10304000C2025FEA1C1CC0D111F4801F0BD141EAFF
:1030500000014FF000004FF0004CB6E711F4801F64
:1030600004BF01430020B4F1FD0C88BFBCF5E06F44
:103070003FF6AFAEB5EB030C04BFB6EB020C5FEA54
:10308000500C50F1000041EB045170BD0EF0004EA9
:103090004EEA113114EB5C04C2BFD4EB0C0541EADB
:1030A000045170BD41F480114FF0000E013C90E6D8
:1030B00045EA060E8DE60CEA135594EA0C0F08BF9C
:1030C00095EA0C0F3FF43BAF94EA0C0F0AD150EA9B
:1030D00001347FF434AF95EA0C0F7FF425AF10462E
:1030E00019462CE795EA0C0F06D152EA03353FF456
:1030F000FDAE1046194622E750EA410618BF52EAD3
:1031000043067FF4C5AE50EA41047FF40DAF52EAA6
:1031100043057FF4EBAE12E74FF0FF3C06E000BF43
:103120004FF0010C02E000BF4FF0010C4DF804CD50
:103130004FEA410C7FEA6C5C4FEA430C18BF7FEA10
:103140006C5C1BD001B050EA410C0CBF52EA430C3E
:1031500091EA030F02BF90EA020F0020704710F1BE
:10316000000F91EA030F58BF994208BF90422CBF4D
:10317000D8176FEAE37040F0010070474FEA410C46
:103180007FEA6C5C02D150EA013C07D14FEA430C64
:103190007FEA6C5CD6D152EA033CD3D05DF8040BD5
:1031A000704700BF8446104662468C461946634607
:1031B00000E000BF01B5FFF7B7FF002848BF10F1DE
:1031C000000F01BD4DF808EDFFF7F4FF0CBF012023
:1031D00000205DF808FB00BF4DF808EDFFF7EAFF9F
:1031E00034BF012000205DF808FB00BF4DF808ED5A
:1031F000FFF7E0FF94BF012000205DF808FB00BF4F
:103200004DF808EDFFF7CEFF94BF012000205DF8D8
:1032100008FB00BF4DF808EDFFF7C4FF34BF0120E5
:1032200000205DF808FB00BF4FEA410C7FEA6C5CB0
:1032300002D150EA013C0AD14FEA430C7FEA6C5CB0
:1032400002D152EA033C02D14FF0000070474FF028
:10325000010070474FEA4102B2F1E04324BFB3F5E9
:10326000001CDCF1FE5C0DD901F0004C4FEAC002FD
:103270004CEA5070B2F1004F40EB830008BF20F0E1
:103280000100704711F0804F21D113F13872BCBF9B
:1032900001F00040704741F480114FEA5252C2F1F0
:1032A0001802C2F1200C10FA0CF320FA02F018BF39
:1032B00040F001004FEAC1234FEAD32303FA0CFC8C
:1032C00040EA0C0023FA02F34FEA4303CCE77FEA1B
:1032D000625307D150EA01331EBF4FF0FE4040F465
:1032E0004000704701F0004040F0FE4040F4000014
:1032F000704700BF7BB972B90029BEBF00204FF0F4
:10330000004106E008BF00281CBF6FF000414FF0ED
:10331000FF3000F0F5B9ADF1080C6DE904CE0029DD
:1033200009DB002B1ADB00F083F8DDF804E0DDE9AF
:10333000022304B07047404261EB4101002B1BDBCC
:1033400000F076F8DDF804E0DDE9022304B0404245
:1033500061EB4101524263EB43037047524263EB1E
:10336000430300F065F8DDF804E0DDE9022304B072
:10337000404261EB41017047524263EB430300F06E
:1033800057F8DDF804E0DDE9022304B0524263EBB4
:103390004303704753B94AB9002908BF00281CBF2E
:1033A0004FF0FF314FF0FF3000F0AAB9ADF1080C3B
:1033B0006DE904CE00F03CF8DDF804E0DDE902231D
:1033C00004B0704738B50022002304460D46FFF7CD
:1033D00003FF28B920462946BDE8384000F00AB866
:1033E000204605F1004100F005F8404261EB410143
:1033F00038BD00BFD0B50C4B002206460F46FFF784
:1034000079FC00F07FF90446FFF7FAFB074B002236
:10341000FFF770FC02460B4630463946FFF7B2FA1A
:1034200000F070F92146D0BD0000F03D0000F041F1
:103430002DE9F047089D04468E46002B4DD18A4267
:10344000944669D9B2FA82F252B101FA02F3C2F19A
:10345000200120FA01F10CFA02FC41EA030E94402B
:103460004FEA1C48210CBEFBF8F61FFA8CF708FB4C
:1034700016E341EA034306FB07F199420AD91CEB24
:10348000030306F1FF3080F01F81994240F21C8156
:10349000023E63445B1AA4B2B3FBF8F008FB10339E
:1034A00044EA034400FB07F7A7420AD91CEB0404D3
:1034B00000F1FF3380F00A81A74240F207816444A3
:1034C000023840EA0640E41B00261DB1D440002328
:1034D000C5E900433146BDE8F0878B4209D9002D8C
:1034E00000F0EF800026C5E9000130463146BDE816
:1034F000F087B3FA83F6002E4AD18B4202D3824280
:1035000000F2F980841A61EB030301209E46002D2E
:10351000E0D0C5E9004EDDE702B9FFDEB2FA82F283
:10352000002A40F09280A1EB0C014FEA1C471FFAE1
:103530008CFE0126200CB1FBF7F307FB131140EAC8
:1035400001410EFB03F0884208D91CEB010103F195
:10355000FF3802D2884200F2CB804346091AA4B257
:10356000B1FBF7F007FB101144EA01440EFB00FE2B
:10357000A64508D91CEB040400F1FF3102D2A64590
:1035800000F2BB800846A4EB0E0440EA03409CE72F
:10359000C6F12007B34022FA07FC4CEA030C20FADC
:1035A00007F401FA06F31C43F9404FEA1C4900FAFC
:1035B00006F3B1FBF9F8200C1FFA8CFE09FB181179
:1035C00040EA014108FB0EF0884202FA06F20BD9EC
:1035D0001CEB010108F1FF3A80F08880884240F23C
:1035E0008580A8F102086144091AA4B2B1FBF9F080
:1035F00009FB101144EA014100FB0EFE8E4508D97B
:103600001CEB010100F1FF346CD28E456AD90238FF
:10361000614440EA0840A0FB0294A1EB0E01A142E4
:10362000C846A64656D353D05DB1B3EB080261EB52
:103630000E0101FA07F722FA06F3F1401F43C5E92C
:10364000007100263146BDE8F087C2F12003D84062
:103650000CFA02FC21FA03F3914001434FEA1C47A4
:103660001FFA8CFEB3FBF7F007FB10360B0C43EA96
:10367000064300FB0EF69E4204FA02F408D91CEB46
:10368000030300F1FF382FD29E422DD90238634444
:103690009B1B89B2B3FBF7F607FB163341EA0341E4
:1036A00006FB0EF38B4208D91CEB010106F1FF3833
:1036B00016D28B4214D9023E6144C91A46EA00462A
:1036C00038E72E46284605E70646E3E61846F8E6BC
:1036D0004B45A9D2B9EB020864EB0C0E0138A3E705
:1036E0004646EAE7204694E74046D1E7D0467BE7E6
:1036F000023B614432E7304609E76444023842E75E
:10370000704700BF4A0011D212F5001211D20DD538
:103710006FF47873B3EB62520ED44FEAC12343F0D7
:10372000004343EA505323FA02F070474FF0000081
:10373000704750EA013002D14FF0FF3070474FF030
:1037400000007047024B58221A604FF0FF3070475C
:1037500054010020024B58221A604FF0FF3070478E
:1037600054010020044A05491368002B08BF0B468A
:103770001844106018467047580100204874002013
:10378000FEE700BF4EF60C50BFF34F8FCEF20000A5
:103790000168042201F4E061C0F2FA5211430160B1
:1037A000BFF34F8F00BFFDE7F0B503AF4DF804BD89
:1037B00086B0044606F077FA48F6A970C0F6010014
:1037C000059006F077FA102808D148F6A970C0F6DF
:1037D000010001A9102206F081FA0CE00020CDE9D9
:1037E0000100CDE9030048F6A970C0F6010001A967
:1037F000102206F099FA04F0CEF9064604F0BFF95B
:10380000054604F0C2F9F243019E4FEA324340F20A
:103810005C11C2F200019E4201AB0B601AD1EB4376
:10382000029E4FEA33439E4214D1C043039E4FEAA7
:103830003045AE420ED183EA3242049B82EA3040E8
:10384000834207D1002220460A6006B05DF804BB1F
:10385000F0BD00BF48F6CA70C0F6010000F01CF8C9
:1038600040F6B83014F0ACF8F4E712F007BF12F0ED
:10387000FFBF00004EF60C50BFF34F8FCEF200009A
:103880000168042201F4E061C0F2FA5211430160C0
:10389000BFF34F8F00BFFDE783B0D0B502AF81B05B
:1038A000844607F108000EC040F29470C2F2000096
:1038B000041D07F1080320464FF48071624600930F
:1038C00002F04CFF2046FEF7BBFD0146204606F005
:1038D00073FC002001B0BDE8D04003B07047F0B5E4
:1038E00003AF2DE9000B82B0804606F099FC43F649
:1038F000DB10C0F6000002F0C8F900F051FD49F2FB
:10390000D62143F6E912C0F60101C0F600020023F9
:10391000002400F06FFB40F26019C2F2000909F1C7
:10392000080549F20F0143F63922C0F60101C0F63D
:103930000002284600230094019401F068FC284608
:1039400001F07CFC09F1280549F2150143F611420A
:10395000C0F60101C0F6000228460023009401943D
:1039600001F055FC284601F069FC082012F086FEA3
:10397000034643F6D540C0F6000043F6CD45C3E903
:1039800000040320C0F6000549F21A0109F10406FB
:103990000090C0F6010128464FF48072019613F0A2
:1039A00053FD082012F06AFE034643F6E540C0F6D8
:1039B0000000C3E90004042049F225010090C0F68C
:1039C000010128464FF44072CDF8049013F03CFDFD
:1039D000404602B0BDE8000BF0BDD0B502AF0C46CA
:1039E00006F0EAFB2046D0BDD0B502AF82B0044657
:1039F00006F00AFCD0B1646806F015FA00EE100A71
:103A00009FED0C1AB8EE400A80EE010A10EE100A83
:103A1000FFF718F9024649F23100C0F601000B46E3
:103A2000009401F0A1FB002002B0D0BD072002B03D
:103A3000D0BD00BF00247449B0B502AF8EB00229DA
:103A400040F08580506849F23A01C0F60101144601
:103A5000FEF72AFB002849D0606849F23F01C0F612
:103A60000101FEF721FB002858D0606849F24501AA
:103A7000C0F60101FEF718FB002849D0606849F242
:103A80004A01C0F60101FEF70FFB002840D0606834
:103A900049F25301C0F60101FEF706FB002800F0D1
:103AA000A780606849F25A01C0F60101FEF7FCFAEE
:103AB00000284FD0606849F28401C0F60101FEF78A
:103AC000F3FA002800F09A80606849F28C01C0F691
:103AD0000101FEF7E9FAD0BB49F29500C0F60100FA
:103AE000FFF7DAFE00200EB0B0BD00BF04F0C2FD4B
:103AF00001A804F065FD0598AA2828D002200190AD
:103B0000AA2005900020C1F6FF700B9012E000BFC4
:103B100004F0C2FD00200EB0B0BD00BF04F0B3FD44
:103B200001A804F04DFD0598BB2810D0022001909B
:103B3000BB20059004F040FA04F061FA01A804F0FB
:103B4000B5FB04F081FA04F071FA04F04CFA00209D
:103B50000EB0B0BD49F25D00C0F60100FFF79CFE5B
:103B600040F6C41013F02CFF02F07CF80120012570
:103B700006F048F90020002406F044F985F3108887
:103B80004EF21005CEF200052C606C60AC6004F0C3
:103B900033FE4FF0FF30C5F87001C5F87002C5F86C
:103BA0007401C5F87402C5F87801C5F87802C5F843
:103BB0007C01C5F87C02C5F88001C5F88002C5F813
:103BC0008401C5F88402C5F88801C5F88802C5F8E3
:103BD0008C01C5F88C02002084F31088C1F6FF70B8
:103BE000016881F308884068804700200EB0B0BDAE
:103BF000012080F31388FFF73DFE00BF06F0B9F8FF
:103C0000012080F31388FFF735FE0000000000005C
:103C1000F0B503AF4DF804BD82B006F002F94DF2E5
:103C20003B41C3F2B511A0FB011244F6D351C1F2DE
:103C30006201A0FB011344F207569909CCF22E262B
:103C4000A1FB06652E0C40F2A3256E434BF2C53551
:103C5000A1EBC616C9F2A215A6FB0564A1FB0516C9
:103C6000150EF10A4FF461625143C1EB931148F60E
:103C7000890200EE100ADFED140A5143B8EE400A43
:103C8000E40A4E0DFCF766FC10EE100AFEF7DAFFB0
:103C90009FED0B0B53EC102BFFF756F941EC100B7B
:103CA00049F2C900C0F601002946224633468DED8F
:103CB000000BFFF7F1FD002002B05DF804BBF0BD82
:103CC0000000000000408F4000606A47D0E90021FA
:103CD0000846104780B56F4606F003FB0A2013F034
:103CE0006FFEF9E780B56F4603E000BF012013F0D7
:103CF00067FE06F089FA0028F8D002F00EFB06F005
:103D000089FA18B106F06AFA01F0D2FA06F07CFAE4
:103D10000028EED00A2013F053FE06F07BFA0028AC
:103D2000F0D1F3E74EF60C50BFF34F8FCEF2000008
:103D30000168042201F4E061C0F2FA52114301600B
:103D4000BFF34F8F00BFFDE7F0B503AF4DF804BDE3
:103D500082B00446012012F040FE6060204600F070
:103D6000E1FE40F2A810C2F20000002526460460E1
:103D7000082046F8085F12F081FC034643F6B15074
:103D8000C0F60000C3E900050320009043F6CD40D3
:103D900049F2F401C0F60000C0F601014FF4807250
:103DA000019613F051FB204602B05DF804BBF0BD54
:103DB00080B56F4682B006F034F840F2A818C2F21F
:103DC000000800260DF10409019009E0686800214F
:103DD0000022002312F07AFE4846012113F0A8FCCD
:103DE000D8F800504FF0FF31686813F0A5F92C683F
:103DF00001E000BF2468AC42E8D014F8040C0028AD
:103E0000F8D034F8060C34F8081C013082B2914224
:103E100024F8060CEED854E9040124F8066C88470F
:103E2000E8E700004EF60C50BFF34F8FCEF20000D3
:103E30000168042201F4E061C0F2FA52114301600A
:103E4000BFF34F8F00BFFDE7B0B502AF04460820B7
:103E500012F014FC002108220546FDF783FF281DFF
:103E600000F060FE28462C60A565B0BDB0B502AF7D
:103E700004461C2012F002FC00211C220546FDF71E
:103E800071FF2846AC61B0BD80B56F4601F11402E8
:103E9000011D104600F048FE002080BDDDF800C086
:103EA00002290171036007D0012909D000291CBF34
:103EB00001207047029904E0C0E9022C00207047FD
:103EC00001998260C0F80CC00161002070470000B9
:103ED000F0B503AF2DE9000782B08A465AF8046FA7
:103EE00056454BD09846914604460AE07068D4E99E
:103EF00000214B46CDF8008000F0D8FB36685645CF
:103F00003CD056F8140C10B121688142F6D116F855
:103F1000101C022918D06068012921D00029EDD198
:103F200056E9033221689D18A942E7D356F8041CCC
:103F30001844FDF7CFFD0028E0D116F8100C022838
:103F4000D4D3DBD106E000BF56E903012268084460
:103F50008242D3D3616856E9033270681944C8E7D6
:103F600056F80C1C22680B1D9A42C7D3405856E9DC
:103F70000212401A9042B9D3C0E700BF002002B03D
:103F8000BDE80007F0BD00004EF60C50BFF34F8FA8
:103F9000CEF200000168042201F4E061C0F2FA529E
:103FA00011430160BFF34F8F00BFFDE74EF60C5089
:103FB000BFF34F8FCEF200000168042201F4E061EC
:103FC000C0F2FA5211430160BFF34F8F00BFFDE70B
:103FD0004EF60C50BFF34F8FCEF200000168042262
:103FE00001F4E061C0F2FA5211430160BFF34F8F58
:103FF00000BFFDE782B0F0B503AF2DE9000782B046
:1040000004460D4607F10800C7E9022301900CB1F0
:1040100075B9A1E0019A104650F8041F019052F8BA
:10402000080B019200F09FFE0446002D00F09480E2
:104030002878002800F0908048F6A86A49F2FF0826
:104040006E1CC0F6010A4FF00009C0F6010804E03A
:1040500016F8010B002800F07F800AEB0001497878
:10406000024601F00301022908BF203A012908BFD6
:104070000246A2F1410117294FF0000000F26D80C5
:10408000DFE801F01A6B1E0C22306B6B6B6B3C4A45
:104090006B6B6B6B6B6B525A6B6B6B62019801466F
:1040A00051F8043F019150F8082B4146019000203F
:1040B000009400F059F8CBE7204600F0BFFEC7E7B8
:1040C000606812F0DBFA43E0019A104650F8041FD2
:1040D00002F10C030190106892680193234600F0EE
:1040E00098FFB5E70198011D01910168216500F174
:1040F0000801406801916065AAE700BF019A104677
:1041000050F8041F93680190106802F10C052246D4
:10411000019500F07EFF9BE70198011D0191016868
:10412000204600F02EFF93E70198011D01910168E0
:10413000204600F007FF8BE70198011D0191006800
:10414000214600F01EFF83E70198011D01910068E0
:10415000206184F800907BE7204602B0BDE80007AC
:10416000BDE8F04002B0704782B0F0B503AF4DF843
:10417000048D82B00D46BA60FB6028B10021044670
:1041800000F0D1FE2DB93CE0002000F0BAFE04465C
:10419000BDB3287807F10801019190B348F6A866ED
:1041A0000135C0F601064FF0040809E00198011D31
:1041B00001910068214600F0C5FE15F8010B00B31F
:1041C0003118497801F00302022A014608BF20395C
:1041D000012A08BF01465429E8D0442910D184F8A7
:1041E00000800198011D01910168E16000F1080162
:1041F00040680191206115F8010B0028E0D100E032
:104200000024204602B05DF8048BBDE8F04002B007
:104210007047000082B0F0B503AF2DE9000784B00D
:10422000C7E902238246806D0D4607F1080103911C
:1042300010B1287830B971E05046FFF705FE2878B4
:1042400000286BD048F6A8686E1CC0F601084FF035
:10425000000922E00398011D03910068FFF706FEA4
:10426000039905460B4653F8042F01F114000393FC
:104270000B68D1E903410390CDE9004128460121B3
:10428000CDF80890FFF70AFEDAF858002946FFF744
:10429000FBFD16F8010B002840D008EB000149781F
:1042A00001F00302022A014608BF2039012A08BF93
:1042B000014644291CD05229CCD04C2936D1039830
:1042C000011D03910068FFF7D1FD039905460B46D8
:1042D00053F8042F01F1100003930B68D1E9024158
:1042E0000094CDE9021028460021CDF80490C9E7DA
:1042F0000398011D03910068FFF7B8FD0399054677
:104300000B4653F8042F01F10C0003930B688968E6
:104310000390CDE9001928460221B1E7002004B03E
:10432000BDE80007BDE8F04002B070470120F6E7A5
:104330004EF60C50BFF34F8FCEF2000001680422FE
:1043400001F4E061C0F2FA5211430160BFF34F8FF4
:1043500000BFFDE7B0B502AF40F2AC1049F2021168
:10436000C2F20000C0F601013D2200F033FD012041
:1043700000210322012412F0E7FA40F24825C2F29C
:104380000005002100220023686012F09FFB68688E
:1043900000210022002312F099FB00202C70B0BDF8
:1043A00040F2AC10C2F2000070470000F0B503AF5D
:1043B0002DE9000F83B040F24825C2F20005924675
:1043C0002A78012A3CD1064668680C46D7F808B01E
:1043D0004FF0FF31994612F0AFFE40F20828C2F2CA
:1043E000000888F83C4005F1080449F20912C0F6BB
:1043F000010220463C213346CDF800B003F0B9F964
:1044000007F10C0340463C212246029302F0A6F934
:1044100040F2AC10C2F2000041463D225346CDF8B6
:10442000009000F043F96968044608460021002224
:10443000002312F04BFB204603B0BDE8000FF0BD97
:104440000724204603B0BDE8000FF0BD4EF60C5027
:10445000BFF34F8FCEF200000168042201F4E06147
:10446000C0F2FA5211430160BFF34F8F00BFFDE766
:10447000F0B503AF2DE900070446007804282DD8D5
:104480000E46DFE800F026032F353D00E068924637
:104490008068002B3ED00021002212F02BFF012863
:1044A00040D1D4F80C80B14659F80C0FD8F804105C
:1044B000884209D8D8F85020002A63D0D8F8541080
:1044C0004846904700285DD0E0680021806812F0DF
:1044D000E7FC0020BDE80007F0BD00BF0120BDE8FB
:1044E0000007F0BD012020730020BDE80007F0BDEB
:1044F000E068316900F0E6FA0020BDE80007F0BD91
:10450000D4E9032106F10C0090470020BDE8000724
:10451000F0BD00BFBAF1000F08D04FF0FF3112F02C
:104520000BFE08E00320BDE80007F0BD002112F0FB
:1045300003FE0128CDD1D4F80C80B14659F80C0FF8
:10454000D8F80410884207D8D8F8502082B1D8F89B
:1045500054104846904758B1E06800218068002216
:10456000002312F0B3FA0020BDE80007F0BD00BF41
:1045700098F8000080B108F10C0049460822FDF7C8
:10458000DBFA12E098F8000040B308F10C0049464D
:104590000822FDF7D1FA2AE0D8F81000D6E9032165
:1045A000FDF7CAFAF068C8F80C00D8F8581029B11D
:1045B00008F10C0052460023FFF78AFC464656F8E5
:1045C000485FB542C8D000BF281F4146524600236D
:1045D000FFF74EFF2D68B542F6D1BDE7D8F81000C1
:1045E000D6E90321FDF7A8FAF068C8F80C00D8F85E
:1045F000581029B108F10C0052460123FFF768FC5E
:10460000464656F8485FB5423FF45EAF281F414624
:1046100052460123FFF72CFF2D68B542F6D153E730
:10462000F0B503AF2DE900070546884608686968BC
:10463000884207D892462A6D99463AB1696D40463C
:10464000904718B10120BDE80007F0BD287808B3F5
:1046500005F10C0041460822FDF76EFAA96D29B15B
:1046600005F10C0052464B46FFF732FC2C4654F83D
:10467000486FA64209D000BF301F294652464B461C
:10468000FFF7F6FE3668A642F6D10020BDE8000727
:10469000F0BD00BF2869D8E90021FDF74DFAD8F830
:1046A0000000E860A96D0029DAD1DFE7F0B503AFBB
:1046B0004DF8048D82B09046BA68044680681D4665
:1046C0000E46CAB10021002212F014FE012833D197
:1046D000694620462A460123CDE90086FFF7A0FF60
:1046E000A16804460846002112F0DAFB204602B019
:1046F0005DF8048BF0BD00BF25B14FF0FF3112F023
:104700001BFD04E0002112F017FD012814D16946B9
:1047100020462A460023CDE90086FFF781FFA168E5
:104720000446084600210022002312F0CFF920465B
:1047300002B05DF8048BF0BD0324204602B05DF8A2
:10474000048BF0BDB0B502AF0446002000F0D9FBE9
:10475000054600F0A0FC2046294600F0F3FB284661
:10476000B0BD0000F0B503AF4DF804BD0546007BB9
:1047700080B1A868144680680E468AB100210022E4
:1047800012F0B8FD01280FD0032420465DF804BBC9
:10479000F0BD00BF012420465DF804BBF0BD00BFA2
:1047A0004FF0FF3112F0C8FC0020A9682873D1E94E
:1047B00003213046FDF7C0F9A868002180683CB1AC
:1047C000002412F06DFB20465DF804BBF0BD00BF75
:1047D00000220023002412F079F920465DF804BB82
:1047E000F0BD00004EF60C50BFF34F8FCEF200002C
:1047F0000168042201F4E061C0F2FA521143016041
:10480000BFF34F8F00BFFDE7B0B502AF40F28C2C75
:104810001F21C2F2000C00BFA1F11F000CEB01022E
:1048200002F81F0CA1F11E0002F81E0CA1F11D00E0
:1048300002F81D0CA1F11C0002F81C0CA1F11B00D8
:1048400002F81B0CA1F11A0002F81A0CA1F11900D0
:1048500002F8190CA1F1180002F8180CA1F11700C8
:1048600002F8170CA1F1160002F8160CA1F11500C0
:1048700002F8150CA1F1140002F8140CA1F11300B8
:1048800002F8130CA1F1120002F8120CA1F11100B0
:1048900002F8110CA1F1100002F8100CA1F10F00A8
:1048A00002F80F0CA1F10E0002F80E0CA1F10D00A0
:1048B00002F80D0CA1F10C0002F80C0CA1F10B0098
:1048C00002F80B0CA1F10A0002F80A0CA1F1090090
:1048D00002F8090CA1F1080002F8080CC81F02F840
:1048E000070C881F02F8060C481F02F8050C081F69
:1048F00002F8040CC81E02F8030C881E02F8020C11
:10490000481E0CF80110FF2901F1200102F8010CEA
:1049100082D16FF001018C220CEB010E9EF8023067
:104920009EF8030082EA5304DD0708BF5C0882EAB0
:104930005403E50708BF630882EA5304DD0708BF94
:104940005C0882EA5403E50708BF630882EA53045F
:10495000DD0708BF5C0882EA5403E50708BF630867
:1049600082EA5304DD0708BF5C0882EA5403E507C6
:1049700008BF63088EF8023082EA5003C40708BFFC
:10498000430882EA5300DC0708BF580882EA500354
:10499000C40708BF430882EA5300DC0708BF580871
:1049A00082EA5003C40708BF430882EA5300DC07C9
:1049B00008BF580882EA5003C40708BF430882EAC8
:1049C0005300DC0701F1020108BF5808FE298EF8E8
:1049D0000300A1D1B0BD0000B0B502AF48F2203154
:1049E00040F28C3E46F2581C0020CEF6B851C2F27E
:1049F000000EC4F6B25C00BF10F0020281EA900320
:104A000008BF830881EA5304DD0708BF5C0881EA18
:104A10005403E50708BF630881EA5304DD0708BFB4
:104A20005C0881EA5403E50708BF630881EA530480
:104A3000DD0708BF5C0881EA5405E30708BF650885
:104A4000002A62464EF8205004BF42F2C802C3F664
:104A50006E3282EAD002440748BF4A4081EA5204DB
:104A6000D50708BF540881EA5402E50708BF620869
:104A700081EA5204D50708BF540881EA5402E507C9
:104A80000EEB800308BF620881EA5204D50700F1EB
:104A9000020008BF5408B0F5807F5C60ACD1B0BDA7
:104AA0004EF60C50BFF34F8FCEF200000168042287
:104AB00001F4E061C0F2FA5211430160BFF34F8F7D
:104AC00000BFFDE7D0B502AF0446007A00281CBF46
:104AD0000520D0BD2068D4E9042302FB0030FDF797
:104AE0002BF8D4E90001E268431C0020934228BF60
:104AF00003468B42236002BF012020720020D0BDFC
:104B00004EF60C50BFF34F8FCEF200000168042226
:104B100001F4E061C0F2FA5211430160BFF34F8F1C
:104B200000BFFDE7006070470A68026008607047D8
:104B30004EF60C50BFF34F8FCEF2000001680422F6
:104B400001F4E061C0F2FA5211430160BFF34F8FEC
:104B500000BFFDE7B0B502AF046874B10D4600BFF9
:104B600061682846FDF7A0FA002807D04FF00C0036
:104B700048BF08202458002CF2D100242046B0BDA4
:104B8000F0B503AF4DF8048D0D460021C5E90211C3
:104B9000296180460068012200282A7000F0A88060
:104BA000064668687168FDF77FFA00284FF00C0030
:104BB00048BF082030580028F2D1686871682E611B
:104BC000FDF772FA0C21002848BF082175502A69A8
:104BD0004FF0000C002A85F800C000F08C80012105
:104BE0000DE000BF54F8086F9E4218BF04342060E7
:104BF0008360186115461269002A00F07C801078E5
:104C0000002878D113699868824209D008B10678E3
:104C100096B19068A84219D016462A463BE000BFDC
:104C2000D86808B106783EB1D668AE421ED01046AC
:104C300014462A4647E000BF0170117083F800C097
:104C40001A4615461269002AD9D154E0E8681E4672
:104C5000906000281CBF026116692E611069A8B11E
:104C600050F80C6F964218BF043810E0A8681E4632
:104C7000D06000281CBF026116692E611069D8B18E
:104C800050F8086F964218BF043016E040462E4692
:104C90000560EA601561D8683170866883F800C0E5
:104CA000002EDE6018BF33611E6906611C69002C8E
:104CB0007FF498AF44469AE740460560AA6098683A
:104CC0002C46C6681561217083F800C0002E9E60D6
:104CD00018BF33611E6906611E692EB156F80C5F5C
:104CE0009D4218BF043E00E046463060C36080E746
:104CF000C8F800502970D8F80010012201200A706D
:104D00005DF8048BF0BD00004EF60C50BFF34F8FE2
:104D1000CEF200000168042201F4E061C0F2FA5210
:104D200011430160BFF34F8F00BFFDE7D0B502AF65
:104D300001200021032211F007FE40F28C74C2F220
:104D40000004002100220023606011F0BFFE6068B3
:104D500000210022002311F0B9FEFFF73DFEFFF70E
:104D600053FD0020D0BDF0B503AF4DF8048D0646CD
:104D70005C20884611F082FC00215C220446FCF78E
:104D8000F1FF04F11405284631461922FDF706FC0F
:104D90000120207004F14800A563C4F80480FFF7E7
:104DA000C1FE04F14C00FFF7BDFE012000210322EB
:104DB00011F0CAFD002100220023A06011F086FE40
:104DC000A06800210022002311F080FE20465DF83B
:104DD000048BF0BDF0B503AF4DF8048D90460E4640
:104DE00000215C220446FCF7BDFF04F114052846AF
:104DF00031461922FDF7D2FB0120207004F1480052
:104E0000A563C4F80480FFF78DFE04F14C00FFF7A2
:104E100089FE01200021032211F096FD00210022CD
:104E20000023A06011F052FEA068002100220023A0
:104E300011F04CFE20465DF8048BF0BDF0B503AFD9
:104E40004DF804BD40F28C74C2F20004054660685F
:104E50004FF0FF3105F1140612F06EF9204631468D
:104E6000FFF778FE6168064608460021002200230D
:104E700011F02CFE26B1012420465DF804BBF0BDE4
:104E800060684FF0FF3112F057F905F13401204608
:104E9000FFF776FE6068002100220023002411F055
:104EA00015FE20465DF804BBF0BD0000F0B503AF71
:104EB0004DF8048D40F28C760C468046C2F2000616
:104EC00070684FF0FF3112F037F930464146FFF776
:104ED00041FE71680546084600210022002311F0BA
:104EE000F5FD4DB924B1012012F06AFD013CE7D176
:104EF00000205DF8048BF0BDA5F134005DF8048B53
:104F0000F0BDB0B502AF0446142011F0B7FB00218C
:104F100014220546FCF726FF002C1EBF0120287036
:104F2000EC602846B0BDB0B502AF0D46002114229A
:104F30000446FCF717FF002D1EBF01202070E5601E
:104F40002046B0BDF0B503AF4DF804BD40F28C76FD
:104F5000C2F20006054670680C468D604FF0FF31C6
:104F600012F0EAF8201D05F14801FFF7DDFD706839
:104F700000210022002311F0A9FD00205DF804BBF0
:104F8000F0BDF0B503AF2DE9000B054614208846AF
:104F900011F074FB002114220646FCF7E3FE40F2F8
:104FA0008C79B8F1000F1EBF01203070C6F80C805C
:104FB000C2F20009D9F804004FF0FF31B56012F0D9
:104FC000BBF8301D05F14801FFF7AEFDD9F804002C
:104FD00000210022002311F079FD0C2011F04EFB7E
:104FE00046600446D9F804004FF0FF31A56012F086
:104FF000A3F808F14C012046FFF796FDD9F804000C
:1050000000210022002311F061FD0020BDE8000B0B
:10501000F0BDF0B503AF2DE9000B16460C4600219C
:10502000142298460546FCF79DFE40F28C79B8F1B3
:10503000000F1EBF01202870C5F80C80C2F20009C5
:10504000D9F804004FF0FF31AE6012F075F8281D5A
:1050500006F14801FFF768FDD9F80400002100229D
:10506000002311F033FD6560D9F804004FF0FF31E3
:10507000A66012F061F808F14C012046FFF754FDDC
:10508000D9F8040000210022002311F01FFD0020A8
:10509000BDE8000BF0BD0146022008700022002090
:1050A0000A7370474EF60C50BFF34F8FCEF20000DC
:1050B0000168042201F4E061C0F2FA521143016078
:1050C000BFF34F8F00BFFDE7D0B502AFFFF72EFE55
:1050D0000446FFF73FF92044C0B2D0BD4EF60C5055
:1050E000BFF34F8FCEF200000168042201F4E061AB
:1050F000C0F2FA5211430160BFF34F8F00BFFDE7CA
:105100004EF60C50BFF34F8FCEF200000168042220
:1051100001F4E061C0F2FA5211430160BFF34F8F16
:1051200000BFFDE783B0B0B502AF81B040F2947527
:10513000C2F20005844607F108002C1D0EC007F1DD
:10514000080320464FF480716246009301F006FB8D
:105150002D682046FDF774F901462046A84701B0A6
:10516000BDE8B04003B0704783B0F0B503AF4DF871
:1051700004BD83B040F29475C2F20005844607F185
:1051800008002C1D0EC007F1080320464FF4807163
:105190006246029301F0E2FA2A6849F2F720C0F66B
:1051A0000100062190472E682046FDF749F9014687
:1051B0002046B047D5F8F40405F57A71884212BF4D
:1051C000046849F23614C0F6010449F2121049F29B
:1051D000241149F22A1249F22F13C0F60100C0F639
:1051E0000101C0F60102C0F601030094FFF79AFF27
:1051F00049F2370005F58271C0F60100FFF792FF12
:1052000003B05DF804BBBDE8F04003B07047D0B513
:1052100002AFD7E902EC002404770160C0E9023E46
:1052200080F810C04261D0BDB0B502AF0C46054653
:1052300018300831FFF778FC6C60B0BDB0B502AF34
:1052400040F29475C2F200050446183005F55C7111
:10525000FFF76AFC05F55A706060B0BD80B56F4617
:1052600082B040F29471C2F20001D1F8F40401F569
:105270007A71884212BFD0F800C049F2361CC0F6DD
:10528000010C49F2121049F2241149F22A1249F292
:105290002F13C0F60100C0F60101C0F60102C0F6EE
:1052A0000103CDF800C0FFF73DFF02B080BD000054
:1052B000F0B503AF2DE9000F83B00D2802D00A2806
:1052C00040F09E8040F29476C2F20006D6F8E804E0
:1052D000D6F8EC1432680844C6F8E80449F27B605A
:1052E000C0F6010003219047D6F8E80406F582785D
:1052F000002108F80010B6F842034CF6CD4400FB3C
:1053000004F1C90C01EB8101A0EB410189B206EB6C
:10531000411101304FF48072A6F8420301F5BE70CE
:105320004146A6F84023FDF729F8B6F8420300FBF2
:1053300004F1C90C01EB8101A0EB4100B6F8441364
:10534000A6F84203013188B20A28D6F8E80428BF3B
:105350000A21A6F84413E0B3411E721892F80431F2
:10536000202B37D102F58270C6F8E81400210170B5
:10537000D6F8E80468B3411E721892F80431202B65
:1053800028D102F58270C6F8E81400210170D6F821
:10539000E804F0B1411E721892F80431202B19D1A3
:1053A00002F58270C6F8E81400210170D6F8E8040E
:1053B00078B1411E721892F80431202B0AD102F5FF
:1053C0008270C6F8E81400210170D6F8E8040028BD
:1053D000C2D1002006F2071111F8032C202A2BD18C
:1053E00011F8022C202A2BD111F8012C202A2BD1C4
:1053F00011F8042B202AEFD0043940BB69E000BF2C
:1054000040F29479C2F2000999F8F014002900F0F2
:105410008F80022900F0AC80012940F05E8248F6BE
:10542000A861C0F601010844407810F0970018BF49
:10543000012040004FE200BF033940B949E000BFFE
:10544000023920B945E000BF0139002841D006F5F6
:10545000927948462022C6F86491FDF79FF8002013
:105460000021002402E000BFCBB1013116FA81F225
:1054700092F82431202BF7D18BB2334493F82531A5
:1054800002F59272202B1070EFD00134E3B201329A
:1054900006EB8305062BC5F86421E6D106244846B1
:1054A00001F02AF8A8B1436933B1012151FA84F11E
:1054B00006F5B27298470CE049F23920C0F60100B7
:1054C000FFF730FE326849F27B60C0F6010003212D
:1054D0009047D6F8F40406F57A71884212BF056841
:1054E00049F23615C0F6010549F2121049F22411AD
:1054F00049F22A1249F22F13C0F60100C0F6010149
:10550000C0F60102C0F601030095FFF70BFE002371
:10551000C6F8E834C6F8EC3440460021202286F86C
:10552000F03403B0BDE8000FBDE8F040FCF71ABC52
:105530001A283FDC032800F0C380092840F0BD8210
:1055400009F2071010F8031C202940F0CB8110F855
:10555000021C202940F0C88110F8011C202940F0CD
:10556000D98110F8041B2029ECD0011FD3E100BF22
:105570004138032800F2AE81DFE810F00400D800C3
:105580000C012201B9F94003B9F8442381B2B1F505
:10559000807F40F02F81002A00F09C81B9F84203FF
:1055A0004CF6CD410930CCF6CC41A0FB0112D1081C
:1055B00047E100BF1B2800F01B817F2840F07D825F
:1055C000D9F8E804002800F0888149F24E20C0F69E
:1055D0000100FFF7A7FDD9F8E80400210138C9F858
:1055E000E804484480F80411D9F8EC04002800F0DD
:1055F00074810020D9F8E8140144494491F8052148
:1056000081F80421D9F8EC14421C8A422BD2D9F833
:10561000E81409EB0102024492F8062101444944CE
:1056200081F80521D9F8EC14821C8A421BD2D9F8E2
:10563000E81442184A4492F807214944014481F889
:105640000621D9F8EC14C21C8A420CD2D9F8E8140D
:105650000144494491F80821043081F80721D9F820
:10566000EC148842C6D3D9F8E80409F582740844DA
:105670000021215449F2522049F2CA3149F2CE3276
:10568000C0F60100C0F60101C0F60102FFF74AFDB5
:10569000D9F8E804D9F80020D9F8EC142044904750
:1056A00049F2370049F2D231C0F60100C0F60101DB
:1056B00003B0BDE8000FBDE8F040FFF733BD00BF09
:1056C000D9F8002049F27B60C0F601000321904721
:1056D0000020C9F8E804C9F8EC04D9F8002089F8DA
:1056E000F00449F2F720C0F6010006219047D9F8EE
:1056F000F40409F57A71884212BF066849F2361639
:10570000C0F6010649F2121049F2241149F22A1298
:1057100049F22F13C0F60100C0F60101C0F60102E4
:10572000C0F601030096FFF7FDFCD6E0B9F940038F
:1057300082B20A2A66D10020C9F8E804C9F8EC044C
:10574000D9F8002089F8F00449F2F720C0F60100EA
:1057500006219047D9F8F40409F57A71884212BFFE
:10576000066849F23616C0F6010649F2121049F2EF
:10577000241149F22A1249F22F13C0F60100C0F693
:105780000101C0F60102C0F601030096FFF7CAFC52
:10579000A0E000BFD9F8EC04002800F09B80D9F805
:1057A000E81401380131C9F8E814C9F8EC0449F2E9
:1057B000370049F2C231C0F60100C0F6010114E021
:1057C000D9F8E804002800F08580D9F8EC140138F5
:1057D000C9F8E804481CC9F8EC0449F2370049F25A
:1057E000C631C0F60100C0F60101FFF79BFC71E075
:1057F000012070E00A2A79D1B9F84213884269D0B1
:10580000093015E0B9F84433B9F842130A2B77D1BF
:105810004CF6CD420931CCF6CC42A1FB0223DA088A
:1058200002EB8202A1EB420181423FF484AF0130DE
:1058300046F26761C6F2666150FB01F18A1002EB25
:10584000D17101EB8101A0EB41040020C9F8E8040B
:10585000C9F8EC04D9F8002089F8F00449F2F720DF
:10586000C0F6010006219047D9F8F40409F57A71D1
:10587000884212BF066849F23616C0F6010649F2A0
:10588000121049F2241149F22A1249F22F13C0F6DC
:105890000100C0F60101C0F60102C0F60103009646
:1058A000FFF740FCA0B209EB4010A9F8404300F517
:1058B000BE742046FCF7C4FD09F58275C9F8E804FA
:1058C00028462146FCF75AFDD9F80020D9F8E814FB
:1058D00028469047002089F8F00403B0BDE8000F87
:1058E000F0BD00BFC11E16E0811E14E000294FF07C
:1058F0000000F0D04C1EA1B2B1F5807FA5D1EAE73F
:10590000541CA2B2B2F5807F3FF415AF0139814239
:105910009BD110E7411E09F5927A5046FCF72EFD07
:1059200050462021FCF77EFE002818BF00F1010A36
:1059300050462F21FCF776FE90B1044614F8011F63
:1059400000291CBF00210170544509D0504600F0C9
:105950004FFD0028C1D083460125A24613E000BFB9
:10596000D9F8F4B409F55A709AF80020ABEB0001AD
:10597000B1FA81F1B2FA82F349095B09002A08BF42
:10598000834643EA010548F6C771C0F60101504657
:10599000FCF78AFB002800F08F8048F6C871C0F63B
:1059A00001015046FCF780FB002800F0858050463E
:1059B0000295FCF745FD5BF8085F80465D454FF0BA
:1059C000000626D1D9F8705309F55C7BA5EB0B00D6
:1059D000B0FA80F00299400908432CD0B0B20028F8
:1059E0003FF47BAF012835D1D9F8F8140A6812F8D2
:1059F000080000285CD008EB02014C1EC0B200F089
:105A000071F8A07801340028F8D166E72D685D456B
:105A1000D8D02C4654F8181D50464246FCF77EFD5F
:105A20000028F3D10136B1B2204600F0FBFDEDE7CE
:105A30002D685D45D2D02C4654F8181D504642467C
:105A4000FCF76CFD0028F3D10136B1B2204600F01E
:105A5000E9FDEDE7D9F8002049F27B60B9F8FC4494
:105A6000C0F6010003219047FFF7F8FB64B3D9F8B3
:105A70000020D9F8E81409F582709047B9F8FC04C1
:105A80001FFA88F188427FF628AF4FF0FF3010FAF6
:105A900088F4D9F8F804006820444078FFF708FC3F
:105AA000B9F8FC04A11C01348142F2D315E700BF10
:105AB000087F01287FF411AF2F2003B0BDE8000F4D
:105AC000BDE8F04000F00EB849F2370009F58271E8
:105AD000C0F6010003B0BDE8000FBDE8F040FFF7DD
:105AE00021BB0000F0B503AF4DF804BD82B040F219
:105AF0009476C2F20006D6F8E824D6F8EC1407F83B
:105B0000110C0A441D2A00F2968000295BD0324411
:105B100092F80331481E82F8043154D010F0030C7F
:105B2000A1F1020221D0D6F8E834BCF1010F1844EB
:105B3000304490F8033180F80431104615D0D6F87F
:105B4000E804BCF1020F1044304490F8033180F8AF
:105B50000431A1F1030008D0D6F8E83418443044E9
:105B600090F8033180F80431081F032A2BD3002159
:105B7000324600BFD6F8E8341418E51895F80351FA
:105B80000344134483F80451D6F8E8340431C518AB
:105B9000154495F80251234483F80351D6F8E834AC
:105BA000884204EB030595F801510344134483F83C
:105BB0000251D6F8E834A2F10402234493F80051CC
:105BC00083F80151D6D13268A7F111000121904725
:105BD000D6F8E80417F8111C304480F80411D6F800
:105BE000E814D6F8EC040131C6F8E81418B30844F8
:105BF00006F582740021215449F2522049F2CA313B
:105C000049F2CE32C0F60100C0F60101C0F6010231
:105C1000FFF788FAD6F8E8043268D6F8EC14204486
:105C2000904749F2370049F2D231C0F60100C0F680
:105C30000101FFF777FA02B05DF804BBF0BD40F256
:105C40009472C2F20002136849F2F7204FF0000C80
:105C5000C0F601000621C2F8E8C4C2F8ECC482F81C
:105C6000F0C4184740F29472C2F20002136849F27D
:105C7000FD204FF0000CC0F601000921C2F8E8C475
:105C8000C2F8ECC482F8F0C41847F0B503AF2DE9B0
:105C9000000F83B040F29474C2F2000420604FF40D
:105CA0008070A4F8400349F2B010C0F6010004F57A
:105CB00054760125C4F84803304684F8645304F54B
:105CC0005278FEF72FFF49F23810C0F6010004F5B4
:105CD0005C79C4F86803484684F8845304F55A7B19
:105CE000FEF720FF49F23C10C0F60100C4F8A803FB
:105CF00004F56C7084F8C453FEF714FF49F24010A9
:105D0000C0F60100C4F8880304F5647084F8A45355
:105D1000FEF708FF04F57270019049F2441084F810
:105D2000E453C0F6010004F57475C4F8C8032846AE
:105D30004FF0010AFEF7F6FE04F57A70029049F280
:105D40002A1084F804A4C0F6010004F57C7AC4F893
:105D5000E8035046FEF7E6FE04F560703146FEF7B4
:105D6000E3FE04F568703146C4F86C83FEF7DCFE90
:105D700004F570703146C4F88C83FEF7D5FE04F547
:105D800078703146C4F8AC83FEF7CEFE04F580602F
:105D90002946C4F8CC83FEF7C7FE01980025C4F855
:105DA000EC0349F24910C0F60100C4F8280445F696
:105DB0003970C0F60000C4F83C0404F58860494618
:105DC00084F84454C4F83054C4F8345484F8385433
:105DD000FEF7AAFE49F24D10C0F60100C4F84804CF
:105DE00045F67970C0F60000C4F85C0404F58C60D8
:105DF0004946C4F82CB484F86454C4F85054C4F828
:105E0000545484F85854FEF78FFE49F25010C0F6EF
:105E10000100C4F8680446F2B100C0F60000C4F8FE
:105E20007C0404F590604946C4F84CB484F884546A
:105E3000C4F87054C4F8745484F87854FEF774FEAF
:105E400049F25310C0F60100C4F8880446F2391034
:105E5000C0F60000C4F89C0404F594604946C4F8F8
:105E60006CB484F8A454C4F89054C4F8945484F8DE
:105E70009854FEF759FE49F25710C0F60100C4F8D5
:105E8000A80446F21920C0F60000C4F8BC0404F5CA
:105E900098604946C4F88CB484F8C454C4F8B0542B
:105EA000C4F8B45484F8B854FEF73EFE49F25C10CE
:105EB000C0F60100C4F8C80446F2EF20C0F60000A6
:105EC000C4F8DC0404F59C604946C4F8ACB484F81A
:105ED000E454C4F8D054C4F8D45484F8D854FEF729
:105EE00023FE412149F26210C4F814140121C0F6C6
:105EF000010084F8181449F26D11C4F8080404F57F
:105F00002F70C0F60101C4F8CCB484F82454C4F84E
:105F10001004C4F81C54FCF731FA04F584605146AF
:105F2000FEF702FE0298C4F80C04C4F8F40403B0AF
:105F3000BDE8000FF0BD0000D0B502AF40F2947490
:105F4000C2F20004D4F8F40404F55271884203D07C
:105F500000F0CFFB07E000BF226849F2B010C0F6A6
:105F6000010001219047226849F27B60C0F60100E0
:105F7000032190470020D0BDF0B503AF2DE9000FFD
:105F800083B0012906D140F29470C2F20000D0F82B
:105F9000F44406E05068154600F02AFA044600284A
:105FA00066D054F8086FA6425CD040F2947849F26B
:105FB0007B6949F2E62A49F2B32BC2F20008C0F627
:105FC0000109C0F6010AC0F6010B18E056E9040207
:105FD00056F8183C00284FF0720108BF2D21002A06
:105FE0004FF07702504608BF2D22FFF79BF8D8F8F4
:105FF00000204846032190473668A64232D03079C7
:1060000050B10228E2D00128F1D156F8181C5846A8
:10601000FFF788F8EBE700BF56F8040C56F8102C91
:1060200000284FF0780108BF2D218AB116F8080C1E
:106030007723002856F8180C56F80C5C08BF2D235F
:10604000009049F2C020C0F6010072220195CCE711
:1060500056F8182C56F80C3C49F2D820C0F601002E
:10606000C3E700BF002003B0BDE8000FF0BD00BFD4
:10607000696849F2E5100A7849F2C913C0F60100CF
:10608000C0F60103002A08BF1846FFF74BF840F29C
:106090009470C2F20000026849F27B60C0F6010011
:1060A000032190474FF0FF3003B0BDE8000FF0BD73
:1060B000D0B502AF02290BD0012917D140F294705C
:1060C000C2F2000000F57A71C0F8F4140020D0BDCF
:1060D0005068144600F08CF980B140F29471C2F21D
:1060E0000001C1F8F4040020D0BD00BF49F25720E0
:1060F000C0F60100FFF716F80FE000BF616849F233
:10610000E5100A7849F2C913C0F60100C0F6010390
:10611000002A08BF1846FFF705F840F29470C2F253
:106120000000026849F27B60C0F60100032190473D
:106130004FF0FF30D0BD0000F0B503AF2DE9000BEC
:1061400002291DD1506800F0D7F9002852D004462A
:10615000007F02282CD000284CD1A06800284FD006
:10616000E168FCF74DFA40F29471C2F200010B684D
:10617000A1680246084611469847002508E000BF7E
:1061800049F25720C0F60100FEF7CCFF4FF0FF3573
:1061900040F29470C2F20000026849F27B60C0F6DF
:1061A0000100032190472846BDE8000BF0BD00BF69
:1061B000A3682BB340F29479C2F2000909F2FD28DA
:1061C0002046414640229847012813DB06464FF0FF
:1061D000FF3500BFD9F80020404631469047402E99
:1061E00014D1A3682046414640229847064601281C
:1061F000F0DAD8E74FF0FF352846BDE8000BF0BDD8
:1062000049F29520C0F60100BEE700BF00252846F0
:10621000BDE8000BF0BD0000B0B502AF0429144684
:1062200016D002291CD1616849F23700C0F601007E
:10623000FEF778FF40F29470C2F20000026849F263
:106240007B60C0F60100032190470020B0BD00BF75
:10625000A06849F2F521C0F60101FBF725FF98B1CE
:1062600049F25720C0F60100FEF75CFF40F294703F
:10627000C2F20000026849F27B60C0F6010003210F
:1062800090474FF0FF30B0BDE06800F035F90028CE
:10629000F7D00546007F022816D00028F1D1A86863
:1062A00000B3287CF0B160682021FCF7A9F9D5E99A
:1062B00002356168421C1846AA4288BF2A46FBF78D
:1062C0003BFC0020B0BD00BFE86858B160682021E9
:1062D000FCF796F9EB686168421C28469847002055
:1062E000B0BD00BF49F27B20C0F60100BCE780B51D
:1062F0006F4640F29470C2F200000021C0F8E8142A
:10630000C0F8EC14026880F8F01449F2FD20C0F6E1
:10631000010009219047002080BDB0B502AF82B0D6
:1063200040F29475C2F200050020C5F8E804C5F8F3
:10633000EC042A6885F8F00449F2FD20C0F601005B
:106340000921904749F206342A68C0F60104204624
:10635000402190472A6804F140004021904749F2CB
:10636000370004F18001C0F60100FEF7DBFE49F2C0
:106370007B642A68C0F601042046032190472A68FE
:1063800049F2B210C0F60100172190472A68204652
:1063900003219047D5F8F40405F57A71884212BFBD
:1063A000056849F23615C0F6010549F2121049F2A6
:1063B000241149F22A1249F22F13C0F60100C0F647
:1063C0000101C0F60102C0F601030095FEF7AAFE26
:1063D00002B0B0BD40F29470C2F2000000F56270ED
:1063E000704740F29470C2F2000000F55A70704796
:1063F000F0B503AF2DE9000F83B00546FCF720F898
:1064000040F29471C2F20001D1F8F48448B12A78C4
:106410002F2A0BD1013801F5527802D00135441CE6
:106420000DD3404603B0BDE8000FF0BD421EAB5C8B
:106430002F2B02BF0020A8541046441CF1D248F66E
:10644000C77A01F552704FF00009C0F6010A0290B8
:106450004FF0000B0020019404E000BF0BF1010B92
:10646000A345DED015F80B1009B12F29F6D12E184F
:106470005046314605F80B90FBF716FE30B348F650
:10648000C870C0F601003146FBF70EFE20B358F885
:10649000089F01E0D9F80090C14525D099F8040083
:1064A0000128F7D1A9F1180421683046FBF7FCFD5B
:1064B0000028EFD10BF101002F21A046019C05F827
:1064C0000B1083464FF00009CAE700BF02988045D1
:1064D00014BFD8F8048080460BF101002F2105F885
:1064E0000B108346BCE700BF4FF00008404603B0E6
:1064F000BDE8000FF0BD0000F0B503AF2DE9000FBF
:1065000081B02F218046FCF78DF888B183461BF8B7
:10651000011F00291CBF00210170C34508D040465F
:10652000FFF766FF00285BD006464FF001090DE03B
:1065300040F29470C2F20000D0F8F464C346301AFE
:10654000A0F55A70B0FA80F04FEA501956F8085F7B
:1065500001E000BF2D68B54210D028790128F9D09C
:10656000A5F1180421685846FBF79EFD0028F1D1DB
:10657000204601B0BDE8000FF0BD00BF40F2947AA4
:10658000C2F2000ADAF870630AF55C75701BB0FAA3
:1065900080F0400950EA090015D098F8001049F23F
:1065A0001D2049F20622C0F6010000294146C0F62E
:1065B000010208BF1046FEF7B5FDDAF8002024E01E
:1065C0003668AE42E9D030790128F9D0A6F1180436
:1065D00021685846FBF768FD0028F1D1C8E700BFE5
:1065E00098F8001049F2E51049F2C912C0F601000E
:1065F00000294146C0F6010208BF1046FEF792FD91
:1066000040F29470C2F20000026849F27B60C0F66A
:106610000100032190470024204601B0BDE8000F8F
:10662000F0BD0000F0B503AF4DF804BD02290646E9
:106630000ED0012928D140F29470C2F2000000214E
:10664000C0F8F864A0F8FC145DF804BBF0BD00BF0E
:1066500040F29474C2F20004226849F27B60C0F6F2
:10666000010003219047D4F8F804016849F237008B
:10667000C0F60100FEF756FDD4F8F8040068FBF7F9
:10668000DFFE0138A4F8FC0440F29470C2F200006E
:106690003168D0F8F83400220BE000BF14463346CE
:1066A000A0F8FC24C0F8F864A5B2AA4202F10102E5
:1066B0000DD21C68A55C8C5CA542EFD1002CEDD0FE
:1066C000B0F8FC44A5B2AA4202F10102F1D302687B
:1066D00049F27B60C0F6010003219047316849F21E
:1066E0003700C0F601005DF804BBBDE8F040FEF7DE
:1066F00019BDD0B502AF044640F29470C2F200005A
:1067000000F55270844208BFD0BD6068002818BFF1
:10671000FFF7EFFF216849F2AF20C0F60100BDE8A6
:10672000D040FEF7FFBC00004EF60C50BFF34F8F79
:10673000CEF200000168042201F4E061C0F2FA52D6
:1067400011430160BFF34F8F00BFFDE780B56F4677
:1067500003F079FA08F08EFB002080BD80B56F460B
:1067600086B09C460023CDE90133CDE90333059380
:1067700030B16FF00043994238BF0B460390059348
:1067800001A81146624600F003F806B080BD000083
:10679000F0B503AF2DE9000F81B02DED0C8B9EB04D
:1067A000044616A89FEDA08B9FEDA19B9FEDA2AB89
:1067B0009FEDA3BB9FEDA4CB00F1010A13924D1CEA
:1067C00001F1020B05E000BFA268505401350BF146
:1067D000010B15F8010C002800F0B48725280BD018
:1067E000D4E903124B1C9142E360EFD22268002AE5
:1067F000EAD061689047E9E72878002800F0A2878E
:1068000000256FF01F0656FA80F2102A00F27680FB
:106810000121DFE802F00973730B737373737373F1
:10682000730D730F73731100082105E0102103E04D
:10683000042101E0022100BF9BF800000D43A0F1FC
:106840002002102A00F29E800121DFE812F01100E0
:106850009B009B0013009B009B009B009B009B00E8
:106860009B009B0015009B0017009B009B001900DC
:10687000082105E0102103E0042101E0022100BF0E
:106880009BF801000D43A0F12002102A00F278804D
:106890000121DFE802F00975750B75757575757561
:1068A000750D750F75751100082105E0102103E0C5
:1068B000042101E0022100BF9BF802000D43A0F17A
:1068C0002002102A00F2A6800121DFE802F011A3C5
:1068D000A313A3A3A3A3A3A3A315A30FA3A3090077
:1068E0009BF803000D430BF1040B8CE70221F7E743
:1068F0000821F5E71021F3E70421F1E7ABF1010BE3
:10690000A0F13001C9B2092941D9C1B22A2913D154
:10691000139951F8040B00288046139148BFC0F129
:10692000000800281BF8010F48BF45F002050028A9
:1069300040F0BA8000F006BF4FF00008C1B22E2927
:1069400000F0B68000266FF0670151FA80F14FEA3F
:106950007101092900F21A81DFE811F07A008C0038
:1069600094001801180118010A00180118010A0002
:106970001BF8010F002800F0E58645F4007505E1DD
:106980000BF1010BA0F13001C9B20929BDD80BF1FF
:10699000020B4FF0000800BF08EB8801490051FAD4
:1069A00080F11BF8010CA1F13008A0F13002D2B245
:1069B000092A77D808EB880100EB41019BF8000019
:1069C000A1F13008A0F13002D2B2092A6CD808EB4C
:1069D000880100EB41019BF80100A1F13008A0F112
:1069E0003002D2B2092A00F2BF8008EB880100EB26
:1069F00041019BF80200A1F13008A0F13001C9B2B9
:106A00000A290BF1040BC7D3ABF1020BC1B22E293B
:106A10004ED097E70BF1020BA0F13001C9B2092962
:106A2000B5D972E700BF00BFFFFFFFFFFFFFEFFF19
:106A3000FFFFFFFFFFFFEF7F0000000065CDCD41AE
:106A40000000000065CDCDC1000000000000E03F67
:106A5000594611F8010F002800F07486682840F0AC
:106A60008D801BF8020F002800F06C8645F0C005F1
:106A70008CE000BF1BF8010F002800F0638645F48E
:106A8000806583E0594611F8010F002800F05A860E
:106A90006C2877D11BF8020F002800F0538645F4CC
:106AA000C06573E0ABF1010BC1B22E297FF44AAF90
:106AB000594611F8010F002800F04486A0F1300279
:106AC000D2B2092A45F4006540D80BF1020B00262A
:106AD00006EB8601490051FA80F19BF80000A1F114
:106AE0003006A0F13002D2B2092A3FF62CAF06EBF5
:106AF000860100EB41019BF80100A1F13006A0F1F5
:106B00003002D2B2092A00F2D78106EB860100EBEF
:106B100041019BF80200A1F13006A0F13002D2B28F
:106B2000092A00F2CD8106EB860100EB41019BF8BA
:106B30000300A1F13006A0F13001C9B20A290BF11E
:106B4000040BC5D3ABF1010BFDE600BF2A2811D120
:106B50001BF8020F002800F0F585139A52F8041B69
:106B6000139221EAE176EEE60BF1010BC1B22E2978
:106B70009ED0E7E600268B46E5E600BF45F080059F
:106B800002E000BF45F400758B4600BF6FF02401A2
:106B900051FA80F1532900F2EB80DFE811F0DB00BD
:106BA000E900E900E900E900E900E900E900E9009D
:106BB000E900E900E900E900E900E900E900E9008D
:106BC000E900E900E900E900E900E900E900E9007D
:106BD000E900E900E900E900E900E900E900E9006D
:106BE0005D00E900E900E900E900E900E900E900E9
:106BF000E900E900E900E900E900E900E900E9004D
:106C0000E900E9005500E900E900E900E900E900D0
:106C1000E900E900E900E900550055018900E900B3
:106C20005D00E900E9008900E900E900E900E90008
:106C3000E9005500FB00E900E9000F01E9005500FB
:106C4000E900E900550000BF6FF0570151FA80F1EB
:106C5000202935D94AE000BFC0B246281398CDF8A4
:106C600048A000F1070020F0070090ED00DB119034
:106C700059EC1DAB5046494652464B4608BF45F0BD
:106C80002005FCF7D1FA002840F0548553EC182B6E
:106C900050464946FCF7A0FA002800F0F38049F27C
:106CA000E7312046C0F60101042200F02FBD00BFED
:106CB00045F480456FF0570151FA80F1202915D82D
:106CC0001023DFE801F01913131313131313131315
:106CD0001113131313131313131313131317131382
:106CE0001313131313131900022305E025F01005E5
:106CF0000A2301E0082300BFC0B2582808BF45F0AE
:106D00002005280548BF25F00105680412D4680550
:106D100000F11A82A80525F00C0C00F1D580680658
:106D200000F11481139A28061168104648BF89B2F1
:106D30000EE100BF680500F10782A80500F1C880D8
:106D4000680600F10F8113982906006848BF00B259
:106D50000BE100BFD4E90301421C8842E26080F0ED
:106D6000F3812268002A00F04181616825200CE04F
:106D7000D4E903124B1C9142E36080F0E581226864
:106D8000002A00F03B816168C0B290470BF101011D
:106D9000FFF715BD1398324650F8041B139042F2CA
:106DA0000100002945EA000600F0F28002960A265A
:106DB00000922046002210230196E2E0139850F83A
:106DC000049BB9F1000F139000F0EC8099F80000DB
:106DD0004946002800F03A813146CDF848A0002EFF
:106DE00008BF6FF00041CA1EA1F1020AA1F1010C17
:106DF000043910910021119209EB0102CE4692F85C
:106E00000190B9F1000F18BF8C4500F0D98093783C
:106E1000002B18BF8A4500F01581D378F146002B6E
:106E200000F08484119B8B4200F080841279002A48
:106E300001F1040203D0109B8B421146DCD109EB17
:106E4000020100F074BC00BF15F002064AD1B8F18F
:106E5000020FC0F0B780A8F1010506E0A16820226A
:106E60000A5400BF013D00F0AF80D4E90301421C89
:106E70008842E260F6D22268002AEFD061682020C2
:106E80009047EFE753EC192B50464946FCF7C2F9FF
:106E900050B315F0040049F2EC31C0F6010149F29B
:106EA000F1304FF00402C0F6010008BF014608BFF0
:106EB000032200F02ABC00BF0BF1010B43E500BF29
:106EC0000BF1020B3FE500BF139850F8041B40E0A4
:106ED000139951F8040B13910146002848BF414211
:106EE0004AE000BF012571E053EC1A2B5046494699
:106EF000FCF790F9002840F00D8453EC1B2B504612
:106F00004946FCF769F9002840F004842805CDF8CB
:106F10003CA0CDF8309058BF0626122EC0F0188144
:106F2000A6F1120CE646BCF11F0F28BF4FF01F0E52
:106F3000DDF848A0BEF1030F0EF101004FF0300163
:106F40000D9080F00B8100221AE100BF13980178A8
:106F500004301390CDE9006820460022CDF808C027
:106F60000FE000BF139890F900000146002848BFC9
:106F70004142139A04321392C20F2046CDE90068B1
:106F8000029500F017FC0BF10101FFF718BC00BFE0
:106F900049F2DD312046C0F6010105220A230096A0
:106FA00008E000BF49F2D6312046C0F601010622B2
:106FB0004346009500F05CFD0BF10101FFF7FFBBBC
:106FC000511C40E0022501E008F10105139951F838
:106FD000040B1391D4E903124B1C9142E36013D2CA
:106FE00022687AB16168C0B290470DE0A16825229D
:106FF0000A540BF10101FFF7E2BB00BFA268505435
:10700000A2E000BFA2685054002E00F09D804545CC
:1070100080F09A80A8EB050507E000BFA168202258
:107020000A5400BF013D00F08F80D4E90301421CE7
:107030008842E260F6D22268002AEFD06168202000
:107040009047EFE7911CDDF848A0F146A1EB09015C
:1070500005F40063B142324638BF0A46002B0F9355
:1070600008BF0A4615F00201119119D1424519D203
:10707000A8EB020506E000BFA16820220A5400BF69
:10708000013D13D0D4E90301421C8842E260F7D2EB
:107090002268002AF0D0616820209047F0E700BF06
:1070A000109208E00132109205E000BF99F800004C
:1070B00008F10101109158B30F9909F1010531B19F
:1070C00019E000BFA268505415F8010B00B3D4E9D1
:1070D00003124B1C9142E360F6D22268002AF1D0E1
:1070E0006168C0B29047EFE76168C0B2904715F899
:1070F000010B013E60B15EB1D4E903124B1C914219
:10710000E360F4D22268002AEED1A2685054EEE780
:107110001198C8B11098404516D2A8EB000505E0BB
:10712000A16820220A5400BF013D0DD0D4E903011B
:10713000421C8842E260F7D22268002AF0D06168DF
:1071400020209047F0E700BF0BF10101FFF737BBAC
:107150000120099000200D9029E000BF20F00302DB
:1071600053426FF003020AEB020004329918043113
:107170004FF03001C170017141718171F3D104325E
:107180000D9810F0030309D0012B16A8815405D0E7
:1071900016A80244022B517018BF91706FEA0E00BE
:1071A00006440020BCF11F0F38BF012009900F9842
:1071B0008DED14DB9DF8571081F080018DF857108C
:1071C0000C99DDE9142A002948BF10460F9058BFDA
:1071D0008A465146FCF7F6F881460B91FBF75CFDB9
:1071E00002460F980B465146CDF814A0FBF7CAFB98
:1071F00049F2F832C0F6010202EBC60292ED000B32
:1072000053EC102B08920A93FBF774FD82460E9103
:10721000FCF7D8F810901391FBF73EFD0B460E9942
:1072200002465046FBF7AEFB53EC1CAB5246CDE991
:1072300006100E93FBF7EEFFCDF810A0A0B110984A
:1072400013990130DDF838A041F10001109013913D
:10725000FBF722FD02460B4608980A99FBF7C6FF8A
:10726000D0B90B99109B25E0DDE906100E9B524624
:10727000FBF7A8FFD0B1109B139943EA0100B0FAC5
:1072800080F04009184300F001001B1841F1000193
:1072900013910B990CE000BF0B9919F101094FF004
:1072A000000041F100010023139003E00B99109BB3
:1072B000DDF838A0002E00F0C180E804CDF8289059
:1072C00040F1FA80E80600F1E880581E139870F14A
:1072D0000000C0F2E2800B911399109318460A2225
:1072E00000238A46FCF706F8109B02460A20A2FB00
:1072F00000CE01EB81000EEB400EB3EB0C0C6AEB01
:107300000E0050EA0C0040F0B9804CF6CD49CCF6A6
:10731000CC49A2FB09E04FF0CC3C0E9202FB0C00E2
:1073200049F69812C9F69912089101FB09011EEB62
:10733000020049F69912C1F699125141C20742EA78
:107340005102C90741EA500013920F901846514666
:1073500064220023FBF7CEFF49F6981C0F9AC9F66A
:10736000991CBCEB020249F69913139AC1F69913C2
:1073700073EB02021391C0F08580A0FB09E14FF08E
:10738000CC32089000FB0211139800FB09111EEB90
:107390000C005941C20742EA5102C90741EA5000B4
:1073A0000E9010980F9251464FF47A720023FBF71B
:1073B000A1FF864649F698100E9AC9F69910801AD0
:1073C00049F699130F98C1F6991349F6981CC9F616
:1073D000991C73EB00000F915AD3AEFB09014FF0DB
:1073E000CC320EFB02110F9A10EB0C0002FB0911BC
:1073F0004FEAC072594142EA5102C90741EA5009B5
:1074000010981392514642F210720023CDF838E0E2
:10741000FBF770FF0346B9F19930139849F69912BA
:10742000C1F69912DDF828909041A6F10406FFF408
:1074300054AFDDE90E30013613902DE048460E467C
:10744000FBF72AFC02460B460F980599FBF79AFAC0
:10745000049A5346FBF7C0FEB0FA80F0400900EAF8
:10746000090019EB000909983146DDF834A046F10E
:10747000000110EA151F40F0C280C6E0CDF84CA014
:107480000AE000BF0E9B0898013E139002E000BF87
:10749000089B023EDDF828900B9941F2100028402D
:1074A000B0F5805F08D1581E139870F1000003DA20
:1074B000DDF834A0A9E000BF0998002800F0928010
:1074C0000B910D9A13994FF0010CB1460996A9F151
:1074D00001099246CDF83C9018460A2299460023AD
:1074E000CDF840C01391FBF705FF00EB8002A9EB3C
:1074F000420230320E92139AB9F10A0C62F1000383
:10750000BAF11F0F4FF0000E6FF01202DDF83C9041
:1075100038BF4FF0010EBCEB02024FF0FF3C73EBA3
:107520000C030E9E0AF1010216AB03F80A6006D2A4
:10753000109BBAF11F0F03F1010C0346C7D3109B38
:10754000BAF11E0F55D8B9F1000F52D009999C46D7
:10755000C81EA1F10209A1F1010A0E1F0D99139095
:1075600016A808440D994FF0000E61441F2938BF3A
:107570004FF0010E1E294FF0300200F80C2033D8D6
:10758000E24531D01E294FF0000E00EB0C0238BF4F
:107590004FF0010E1D294FF03003537026D8E145FE
:1075A00024D01D294FF0000E38BF4FF0010E1C29CA
:1075B0004FF0300393701BD8139B634518D03023D2
:1075C0001C294FF0000ED37038BF4FF0010E1B295D
:1075D0000CF1040102D866458C46C3D10D984218BF
:1075E00007E000BF0D9A38E04A1C02E08A1C00E068
:1075F000CA1CDDE90A91BEF1000F92462DD02E2063
:1076000016AA02F80A000AF1010ABAF11F0F23D8DC
:1076100048460A2200230E46FBF76CFE00EB800270
:10762000A9EB4202B9F10A096FF0120366F1000EEC
:10763000B9EB03034FF0FF337EEB030302F1300C91
:107640000AF1010216AB03F80AC006D2BAF11F0F05
:1076500081469246DCD300E0524605F00300012843
:1076600012D1DDF830E0B8F1000F11D0BEF1000FFB
:107670004FF0000048BF012015F00C0118BF012198
:107680000843A8EB000805E0DDF830E006E000BFA5
:107690004FF000081F2A98BF42450BD316A91F2A96
:1076A00033D8BEF1000F2BD468072BD428072CD574
:1076B000202028E0501C1E2A4FF0300116AB9954B0
:1076C00098BF404530D216A84FF0300C911C1044A2
:1076D0001D2A4FF0300380F801C098BF41450CD2FD
:1076E000D11C1C2A837098BF414506D2111D1B2A4C
:1076F000C37002D841450A46DCD30A46CEE700BF34
:107700002D2000E02B20885401322046434600956E
:1077100000F0AEF91198DDF848A0083013900BF195
:107720000101FFF74CB800BF0246B7E7D11CDDF8F6
:1077300048A08BE449F2E3312046C0F60101032260
:10774000E4E700BF206838B1E0681EB0BDEC0C8BE8
:1077500001B0BDE8000FF0BD20690028F4D0A16899
:107760000029F1D0E268824228BF421E00208854DE
:10777000EAE781B080B56F4687B09446BB6007F1F9
:10778000080200230192CDE90233CDE904330693C8
:1077900030B16FF00043994238BF0B460490069316
:1077A00002A86146FEF7F4FF07B0BDE8804001B0D3
:1077B00070470000F0B503AF2DE9000F89B0D7F88E
:1077C0001080002900F0868008F0200686F061060F
:1077D00006F1F60E4FF0000B0DF1040CB1FBF3F4C3
:1077E000764604FB13150A2D38BF302635449942DE
:1077F0000CF80B50C0F08E80B4FBF3F1764601FB21
:1078000013450A2D38BF30262E440CEB0B059C4245
:107810006E70C0F08780B1FBF3F6744606FB131957
:107820000BF1030AB9F10A0F38BF3024A144994281
:1078300085F80290C0F07E80B6FBF3F1744601FB40
:1078400013690BF1040BB9F10A0F38BF30244C4413
:107850009E42EC7002D3BAF11F0FBFD3D7E9029C4E
:107860005FEA88716DD4BCF1000F43D05FEAC87144
:1078700067D018F00C0118BF01211143BBF11F0F95
:10788000ACEB010C5DD8DC455BD90DF1040E4FF07B
:10789000300A59464E1C1E290EF801A098BF6645B5
:1078A00050D28E1C0EEB01051D2985F801A098BF52
:1078B000664547D2CE1C1C2985F802A098BF6645B4
:1078C00040D20E1D1B2985F803A03BD866453146E2
:1078D000E0D337E05FEA085110D430218DF804106E
:1078E00028F010084FF0010BD7E9029C5FEA88717D
:1078F000B9D526E04FF0000C23E000BF102B08BFE5
:1079000028F010084FF0000BD7E9029C5FEA88715D
:10791000A9D516E00BF1010BD7E9029C5FEA88714B
:10792000A1D50EE00BF1020BD7E9029C5FEA88714A
:1079300007D498E7D346D7E9029C5FEA88717FF5C0
:1079400092AF5E464E4525D21F2E23D80DF1040A74
:10795000302106F1010E1E2E0AF8061098BFCE4502
:1079600019D206F1020E0AEB06051D2E697098BFAA
:10797000CE4510D206F1030E1C2EA97098BFCE453D
:1079800009D206F1040E1B2EE97004D8CE457646C6
:10799000DFD300E0B646DE45464688BF26F0100637
:1079A000082B42F2100118BF46460E4240D0310566
:1079B00015D4BEF1000F12D0CE4518BFE6450ED14A
:1079C000DE4588BFAEF1010EBEF1000F18D0102BBE
:1079D00001D0022B03D1DE4588BFAEF1010E102B82
:1079E00012D116F0200105D1BEF1200F02D278216C
:1079F00010E000BF99B1BEF1200F10D2582109E06C
:107A00004FF0000E102BECD0022B08D1BEF11F0F4F
:107A100005D8622101AB03F80E100EF1010EBEF184
:107A20001F0F0BD801A9302301F80E300EF1010E03
:107A3000BEF11F0F02D82AB12D210AE04FF0200E0F
:107A40000CE000BF710703D4310707D5202100E007
:107A50002B2101AA02F80E100EF1010E01A97246A7
:107A60006346009600F004F809B0BDE8000FF0BDD1
:107A7000F0B503AF2DE9000F81B00546B868D5F821
:107A80000C909B461646800788461AD15E4518D250
:107A9000F04300EB0B044FF0200A48462969421CD2
:107AA0008842EA6004D22A6832B16968202090478F
:107AB0003CB1E868013CF1E7A96801F800A0002C9E
:107AC000F7D1B86800F0020AA6B1A8F1010403E0FA
:107AD000AA685054013E0DD0D5E90312A05D4B1C9D
:107AE0009142EB60F6D22A68002AF1D0696890478B
:107AF000F0E700BFBAF1000F1AD0E868A0EB090167
:107B0000594515D2202406E0A9680C54E868A0EB7A
:107B1000090159450CD22969421C8842EA60F5D214
:107B20002A68002AF0D0696820209047EEE700BF5D
:107B300001B0BDE8000FF0BD80B56F46032000F036
:107B400030F80F2007F02CF900281CBF012080BD61
:107B500001F0AAFB002080BD40F2680040F694418D
:107B6000C2F20000C2F2000140680A6810440860D6
:107B7000704740F69440C2F200000068704747F238
:107B80009050C1F6FF700068704747F29450C1F6FC
:107B9000FF700068704747F29850C1F6FF700068A8
:107BA00070474EF60C51CEF200010A684FF6FF0303
:107BB0001A4060F30A2242F0806040F0FD700860D5
:107BC0007047D0B502AF4EF60C5CCEF2000CDCF87C
:107BD0000030C3F3022E8EF00704042C28BF0424C7
:107BE000BEF103034FF0FF3E0EFA04F438BF00234A
:107BF000A14399400EFA03F39A43114300F00F0298
:107C0000043A624409010C3200F16043B0F1FF3FD5
:107C1000C8BF03F564421170D0BD002848BF70474B
:107C200000F01F01012202FA01F14EF20012400998
:107C3000CEF2000242F820107047002848BF70477B
:107C400000F01F01012202FA01F14EF280124009F8
:107C5000CEF2000242F82010BFF34F8FBFF36F8FB8
:107C600070470000F0B503AF2DE9000F81B040F27E
:107C7000700AC2F2000A90469AF80020012A05D143
:107C80000224204601B0BDE8000FF0BD064642F2D6
:107C90001005012099468B46C4F202058AF80000BF
:107CA000FFF767FF044600BF2868C00308D5FFF749
:107CB00060FF001BB0F57A7FF6D9032476E000BFA1
:107CC00028684CF2FA31084008D0DAF80410012490
:107CD0000143CAF80410286068E000BF2868C007A4
:107CE0001CBF012028600020CAF8040055F8101CB1
:107CF000490506D555F8100C20F4806045F8100CA5
:107D000002208AF81C009EB1701E01284FF0FF343B
:107D10001ED8B6F102095846414618BF4FF0010976
:107D200000F07CF8022E08BF6FF48024264613E092
:107D300068686FF0010640F001006860CBF80080D1
:107D4000BFF36F8FCBF804904FF0000904E000BF41
:107D50004FF001094FF0FF36FFF70BFF044600BF5D
:107D60002868C00308D5FFF704FF001BB0F57A7F31
:107D7000F6D9032412E000BF28684CF2FA3108401B
:107D800006D0DAF8041001240143CAF8041004E014
:107D900028680024C00701D001202860B9F1000F35
:107DA00002D168683040686000F048FA00208AF824
:107DB0000000204601B0BDE8000FF0BDF0B503AFF4
:107DC0004DF804BD42F210060446C4F20206FFF765
:107DD000D0FE05463068C00308D5FFF7CAFE401B39
:107DE000A042F7D903205DF804BBF0BD30684CF227
:107DF000FA31014008D040F27000C2F2000042683F
:107E00000A434260012005E03068C0074FF00000DF
:107E100001D0012131605DF804BBF0BD42F21402D3
:107E2000C4F20202136843F480231360EFF310825C
:107E300072B60B6803604B6843608B688360CB68E5
:107E4000C3600B6903614B6943618B698361CB69D3
:107E5000C3610B6A03624B6A43628B6A8362CB6ABB
:107E6000C3620B6B03634B6B43638B6B8363CB6BA3
:107E7000C3630B6C03644B6C43648B6C8364CB6C8B
:107E8000C3640B6D03654B6D43658B6D8365CB6D73
:107E9000C3650B6E03664B6E43668B6E8366CB6E5B
:107EA000C3660B6F03674B6F43678B6F8367CB6F43
:107EB000C367D1F88030C0F88030D1F88430C0F882
:107EC0008430D1F88830C0F88830D1F88C30C0F8D0
:107ED0008C30D1F89030C0F89030D1F89430C0F8A0
:107EE0009430D1F89830C0F89830D1F89C30C0F870
:107EF0009C30D1F8A030C0F8A030D1F8A430C0F840
:107F0000A430D1F8A830C0F8A830D1F8AC30C0F80F
:107F1000AC30D1F8B030C0F8B030D1F8B430C0F8DF
:107F2000B430D1F8B830C0F8B830D1F8BC30C0F8AF
:107F3000BC30D1F8C030C0F8C030D1F8C430C0F87F
:107F4000C430D1F8C830C0F8C830D1F8CC30C0F84F
:107F5000CC30D1F8D030C0F8D030D1F8D430C0F81F
:107F6000D430D1F8D830C0F8D830D1F8DC30C0F8EF
:107F7000DC30D1F8E030C0F8E030D1F8E430C0F8BF
:107F8000E430D1F8E830C0F8E830D1F8EC30C0F88F
:107F9000EC30D1F8F030C0F8F030D1F8F430C0F85F
:107FA000F430D1F8F830C0F8F830D1F8FC10C0F84F
:107FB000FC1082F31088704742F20800C4F20200FD
:107FC000C168B1F1FF3FC4BF0020704740F22311E8
:107FD000C4F26751016048F6AB11CCF6EF51016075
:107FE000C068C00F704742F21400C4F2020001687A
:107FF00041F0004101600068C043C00F704742F289
:108000000C00C4F20200816849005CBF0020704788
:1080100042F63B21C0F61901016046F67F61C4F6C5
:108020005D4101608068C0F38070704742F21400C7
:10803000C4F20200016841F0804101600068012142
:1080400021EA907070470000B0B502AF42F210050F
:10805000C4F20205686840F000606860FFF789FDBF
:10806000044600BF2868C00308D5FFF782FD001B47
:10807000B0F57A7FF6D90320B0BD00BF28684CF276
:10808000FA3101400AD040F27000C2F200004268AA
:108090000A43426001202960B0BD00BF2868C007C4
:1080A0004FF0000008BFB0BD01212960B0BD000045
:1080B000F0B503AF2DE9000740F27009C2F20009E4
:1080C00099F80020012A03D10220BDE80007F0BD85
:1080D0008246012089F800004FF47A708846FFF745
:1080E0006DFE28B1002189F80010BDE80007F0BD41
:1080F00042F200040020C4F20204C9F8040020681F
:10810000216849053CD4C0F3402089F81C00DAF806
:108110000000012844D04FF0FF30C8F80000DAE931
:1081200002603044864222D2F50000BF606905F447
:10813000FF6120F4FC7008436061606940F0020058
:108140006061606940F4803060614FF47A70FFF7DD
:1081500035FE6169002821F4FD71616164D1DAE9BD
:10816000020101360844864205F10805DED30020ED
:1081700099F81C1001F0FD02012A2BD03AE000BF53
:10818000216810F400704FF0030021F4806108BFF3
:108190000220216089F81C00DAF800000128BAD119
:1081A0009AF80400C00703D0606940F004006061E1
:1081B000606940F4803060614FF47A70FFF7FEFD33
:1081C000616921F00401616199F81C1001F0FD0260
:1081D000012A0FD1226822F400722260226842F440
:1081E00000622260226822F400622260226842F467
:1081F0000072226001F0FE0102290BD1216841F4D6
:1082000080512160216821F480512160216841F46E
:1082100080612160002189F81C10002189F800107C
:10822000BDE80007F0BD00BFC8F8006099F81C1059
:1082300001F0FD02012ACDD0DCE7000040F2700021
:10824000C2F20000027F02F0FD01012942F20001AA
:10825000C4F2020106D002F0FE02022A16D000216A
:10826000017770470B6823F400730B600B6843F4CD
:1082700000630B600B6823F400630B600B6843F42E
:1082800000730B6002F0FE02022AE8D10A6842F491
:1082900080520A600A6822F480520A600A6842F436
:1082A00080620A600021017770470000F0B503AFDB
:1082B0002DE9000F81B040F27009C2F2000999F86F
:1082C0000010012906D10224204601B0BDE8000FAC
:1082D000F0BD00BF82460120002489F80000C9F8E3
:1082E0000440DAF8000042F21408C107C4F20208A0
:1082F00008D181072ED441074BD4010700F1DF805C
:1083000017E100BFDAE9015BDAF80C604FF47A702C
:10831000FFF754FD0446B0B9012D05D045B94BEA2D
:108320000640C8F8180003E04BEA0640C8F81C00F5
:10833000D8F8000040F40030C8F800004FF47A701C
:10834000FFF73CFD0446DAF80000002C18BF0124BA
:108350008107D0D5DAF810504FF47A70FFF72EFD70
:1083600080B9D8F80C0020F0FF002843C8F80C00B2
:10837000D8F8000040F40030C8F800004FF47A70DC
:10838000FFF71CFD002818BF0124DAF800004107A0
:10839000B3D5DAE905654FF47A70FFF70FFD0028D1
:1083A00040F0868006F00200C10266F3082105EA6B
:1083B000C62066F3492105F4E06200F48050F3071B
:1083C00066F38A2118BF104416F0040205F4005326
:1083D00018BF184441EAC22116F4805205F48043C4
:1083E00018BF184441EA820116F0080205F48033F0
:1083F00018BF184341EA423116F0100205F4003369
:1084000018BF184341EA423C05F48022B30648BF36
:10841000104305F40022730648BF104305F4000220
:10842000B30548BF104305F08072730548BF104381
:1084300005F00072330548BF10434FF4402216F494
:10844000005E05F0806318BF184305F0006102EA82
:10845000463216F4804318BF084306F4606142EACE
:108460004E3242EA813141EA433141EA0C0116F4CD
:10847000004205F040521CBF104341F0405105F04E
:10848000804316F4803218BF1843D8F80C3041EA04
:10849000823123EA01010843C8F80C00D8F8000033
:1084A00040F40030C8F800004FF47A70FFF786FC03
:1084B000002818BF0124DAF80000010739D5DAE9ED
:1084C0000856B54235D0DAF81CB04FF47A70FFF791
:1084D00075FC48BB5FEACB7014D0D8F8101043F697
:1084E000FF7205F17840914341EAD000C8F81000CE
:1084F000D8F8140006F178416FF30D0040EAD1007E
:10850000C8F81400D8F814004FEADB7161F3DF708B
:10851000C8F81400D8F8000040F40030C8F8000093
:108520004FF47A70FFF74AFC002818BF0124DAF8EC
:10853000000081061ED5DAE90B654FF47A70FFF76B
:108540003DFC90B9012E06D1D8F85C0020F07F00E8
:108550002843C8F85C00D8F8000040F40030C8F8A0
:1085600000004FF47A70FFF729FC002818BF01249F
:10857000DAF80000C0061AD5DAF828504FF47A70FD
:10858000FFF71CFC80B9D8F85C0020F48030284349
:10859000C8F85C00D8F8000040F40030C8F80000CB
:1085A0004FF47A70FFF70AFC002818BF012400205E
:1085B00089F80000204601B0BDE8000FF0BD0000C2
:1085C000436842F2200C012BC4F2020C08D80722A7
:1085D00002603BB1012B10D10CF1100204E000BF8E
:1085E00006220AE00CF10C02136803F03F038360DB
:1085F0001268C2F30542C2600722DCF80030D9B22B
:108600000B46AA2918BFBB23CC2908BF0B46036120
:10861000DCF80010C36921F0FF01012B816114D146
:10862000DCF804104FF0006361F3D0030362DCF860
:1086300008104FF0006361F3D0034362DCF80810C8
:108640000123083263F31E01C16102F110010160D0
:10865000DCF85010C36A01F48031012B816218BF2D
:10866000704702F130010160DCF8501001F07F0129
:108670000163704742F20000C4F20200016841F455
:1086800080210160704742F20000C4F202000168DC
:1086900021F480210160704747F20000C4F200001D
:1086A0000168032262F3020101604EF61050CEF21F
:1086B0000000016841F00401016030BF7047000014
:1086C000B0F5007F42D0002840F0808047F21400CF
:1086D000C4F2000050F8141CC26E01F4C06122F410
:1086E0008072B1F5806FC2662ED150F8141C012241
:1086F00062F34A2140F8141C40F29001C2F20001DA
:108700000968322251434DF68362C4F21B32A1FB49
:108710000212910C0268520511D54A1C0FD0026852
:1087200052050CD559B10268520508D5012906D069
:108730000268520503D50229A1F10401EAD10068BB
:10874000400544BF032070470020704747F21400E3
:10875000C4F2000050F8141CC26E01F4C06142F46F
:108760008072B1F5806FC266EED150F8141C012200
:1087700062F34A2140F8141C40F29001C2F2000159
:108780000968322251434DF68362C4F21B32A1FBC9
:108790000212910C0268520511D54A1C0FD00268D2
:1087A00052050CD559B10268520508D5012906D0E9
:1087B0000268520503D50229A1F10401EAD100683B
:1087C000400544BF03207047BEE700BF47F21400D6
:1087D000C4F2000050F8141C022262F34A2140F84F
:1087E000141C0020704747F20800C4F20000016822
:1087F00041F4804101607047F0B503AF4DF804BD0E
:1088000041F20005C4F20205FFF7B3F929680446F6
:1088100041F48070286000BF2868400506D4FFF747
:10882000A8F9001B0228F7D916E000BF686840F0DD
:1088300080406860FFF79DF90446012041F28836C8
:10884000A86000BFA86800F00C00042808D0FFF75B
:1088500090F9001BB042F5D903205DF804BBF0BDD0
:1088600040F26800C2F2000040F2900142F2004281
:108870000068C2F20001C0F2F4020A6006F090FA49
:1088800020B101205DF804BBF0BD00BF4FF4807043
:1088900028602860FFF76DF9044600BF2868800152
:1088A00006D5FFF766F9001B0228F7D9D4E700BF09
:1088B0004FF48050E86000204FF0FF31A86129623A
:1088C000D5F8941041F40001C5F894105DF804BB8C
:1088D000F0BD0000F0B503AF2DE9000B82B0002819
:1088E00000F0E2808146007841F20006C007C4F241
:1088F000020621D199F8000080073FD499F80000C2
:10890000000767D499F80000400700F18B8099F8C0
:108910000000800600F1E280D9F81C40002C00F035
:108920005682B06800F00C000C2840F03981012C10
:1089300040F09A8101203EE2B06800F00C01F0683E
:10894000082965D0032281F00C0122EA00000844C6
:10895000B0FA80F040095BD1D9F80400B0F5803F4F
:1089600007D0B0F5A02F40F0ED80306840F48020B3
:108970003060306840F480303060EEE0B068F1681C
:1089800000F00C00042877D001F0030180F00C0007
:1089900081F002010844B0FA80F040096CD1D9F8A6
:1089A0000C103068002900F0E98040F480703060DD
:1089B000FFF7DFF8054600BF3068400500F112817F
:1089C000FFF7D7F8401B0228F6D9032002B0BDE814
:1089D000000BF0BDD9F81410D6F89400002900F06F
:1089E000998040F00100C6F89400FFF7C2F80546F0
:1089F000D6F8940080073FF585AFFFF7BAF8401B23
:108A00000228F5D9032002B0BDE8000BF0BD00BF7D
:108A1000306880037FF56EAFD9F8040000287FF43A
:108A200069AF41E0B06D10F0805808D1B06D40F0F2
:108A30008050B065B06D00F080500190019847F211
:108A40000004C4F200042068C00533D4206840F458
:108A500080702060FFF78DF8054600BF2068C005D4
:108A600028D4FFF786F8401B0228F7D9032002B06C
:108A7000BDE8000BF0BD00BF3068400502D5D9F855
:108A80000C0088B17068D9F8101020F0FE4040EA60
:108A90000160706040F26800C2F20000006806F0F9
:108AA0007FF900283FF42AAF012002B0BDE8000B97
:108AB000F0BD00BFD9F80800012808D0052840F013
:108AC000B180D6F8900040F00400C6F89000D6F8C7
:108AD000900040F00100C6F89000B1E0D9F81810FD
:108AE000D6F89800002900F0878040F00100C6F811
:108AF0009800FFF73EF80546D6F8980080073FF546
:108B00000BAFFFF736F8401B02284FF00300F3D9F4
:108B100051E100BF20F00100C6F89400FFF729F8EA
:108B2000054600BFD6F8940080077FF5EBAEFFF74F
:108B300020F8401B0228F5D9032002B0BDE8000B45
:108B4000F0BD00BF3168002821F480313160316808
:108B500021F48021316000F0C580FFF70AF8054656
:108B6000306880033FF5C6AEFFF703F8401B64286A
:108B7000F6D9032002B0BDE8000BF0BD20F48070F0
:108B80003060FEF7F6FF0546306840057FF5B6AE6B
:108B9000FEF7EFFF401B02284FF00300F4D90AE173
:108BA000306820F080703060FEF7E3FF022C05464D
:108BB0000CD100BF3068800140F1C080FEF7D9FFC2
:108BC000401B02284FF00300F4D9F4E03068800124
:108BD00040F1F680FEF7CDFF401B02284FF0030066
:108BE000F4D9E8E07068D9F8101020F0FE4040EAAF
:108BF0000160706082E600BF20F00100C6F89800B6
:108C0000FEF7B7FF054600BFD6F8980080077FF54E
:108C100083AEFEF7AEFF401B02284FF00300F3D9EE
:108C2000C9E000BFD6F89010002821F00101C6F875
:108C30009010D6F8901021F00401C6F8901061D081
:108C4000FEF797FF054641F2883400BFD6F8900042
:108C5000800769D4FEF78DFF401BA042F6D90320A0
:108C600002B0BDE8000BF0BDF068D9F8201000F0AC
:108C700003028A427FF418AFD9F824206FF00F0363
:108C800000F0F00103EB021291427FF40DAFD9F82E
:108C9000281000F4FE42B2EB012F7FF405AFD9F8A3
:108CA0002C1000F07842B2EBC16F7FF4FDAED9F822
:108CB00030200023CFF6E07303EB025200F4C00132
:108CC0006FF3140291427FF4EFAED9F834104FF0F5
:108CD0007E4202EB016100F0C06001F07E418842FB
:108CE00075D0E1E6FEF745FF054600BF306880031A
:108CF0007FF500AEFEF73DFF401B64284FF00300F8
:108D0000F4D958E0FEF735FF054641F2883400BF3C
:108D1000D6F89000800707D5FEF72BFF401BA04236
:108D20004FF00300F4D946E0B8F1000F7FF4EFAD47
:108D3000B06D20F08050B065E9E500BFF06848F202
:108D40000C01C0F29F1109F1200E00EA010C9EE80F
:108D50000E406FF00F05D9E90C4005EB021200251B
:108D6000CFF6E07541EA0C0105EB045411436FF3B3
:108D700014044FF07E4541EA032105EB00602143D6
:108D800000F07E4041EACE610843F060306840F078
:108D900080703060F06840F08070F060FEF7E9FEAF
:108DA00004463068800112D4FEF7E3FE001B02285F
:108DB0004FF00300F5D902B0BDE8000BF0BD00BFD5
:108DC000F0684FF6FC71CFF6EE610840F0600020CD
:108DD00002B0BDE8000BF0BDF0B503AF2DE9000F08
:108DE00081B0002868D042F20009C4F2020983462B
:108DF000D9F800000D4600F00F0088420CD2D9F8D7
:108E0000000020F00F002843C9F80000D9F8000046
:108E100000F00F00A8424FD1DBF8001041F2080823
:108E2000C807C4F2020803D1880740F1DD80C1E021
:108E3000DBF8040002283BD0032843D158F8082C63
:108E4000920139D5D8F80420D8F8043042F200460F
:108E500002F00302C3F30313C0F2F4060133032A42
:108E600004BF43F20066C0F26E16D8F80420B6FBC9
:108E7000F3F3D8F80460C2F306225A43C6F3416301
:108E8000022606EB4303B2FBF3F24BF20043C0F2BF
:108E9000C4439A4260D9D8F8002012F0F00F50D0A5
:108EA000890759D5DBF80810002955D149E000BFE2
:108EB00058F8081C890309D4012001B0BDE8000F4F
:108EC000F0BD00BF58F8081C4905F5D5D8F80010CA
:108ED00001F00C0104293FD0D8F8001001F00C017A
:108EE000082939D0D8F8001001F00C010C2933D131
:108EF000D8F80410D8F8042042F2004301F003012E
:108F0000C2F30312C0F2F4030132032904BF43F297
:108F10000063C0F26E13D8F80410B3FBF2F2D8F875
:108F20000430C1F306215143C3F34162022303EB32
:108F30004202B1FBF2F14BF20042C0F2C442914254
:108F40000AD9D8F80010082262F307114FF0010A7D
:108F5000C8F8001002E000BF4FF0000AD8F8001077
:108F600021F003010843C8F80000FEF702FE0646A0
:108F700041F28834D8F80000DBF8041000F00C004F
:108F8000B0EB810F0AD0FEF7F4FD801BA042F1D9AF
:108F9000032001B0BDE8000FF0BD00BFDBF80010FA
:108FA000880707D4BAF1000F1ED0D8F8000020F0CF
:108FB000F00017E0480705D5D8F8000040F4E0605D
:108FC000C8F80000080706D5D8F80000072262F3A9
:108FD0000D20C8F80000D8F80000DBF8082020F0C9
:108FE000F0001043C8F80000D9F8000000F00F00AE
:108FF000A8421DD9D9F8000020F00F002843C9F875
:109000000000FEF7B6FD064641F28834D9F80000AC
:1090100000F00F00A84209D0FEF7ABFD801BA04274
:10902000F4D9032001B0BDE8000FF0BDDBF800105B
:10903000480708D5D8F80000DBF80C2020F4E060E1
:109040001043C8F80000080709D5D8F80000DBF87D
:10905000101020F4605040EAC100C8F80000D8F8B1
:10906000000042F20041C0F2F40100F00C000428BC
:1090700008462ED0D8F8000000F00C00082843F273
:109080000060C0F26E1024D0D8F8002002F00C026C
:109090000C2A1DD1D8F80420D8F8043002F00302BD
:1090A000C3F303130133032A08BF0146D8F80400B1
:1090B000B1FBF3F1D8F80420C0F306204843C2F313
:1090C0004161022202EB4101B0FBF1F001E000BF7F
:1090D0000020D8F8001049F28842C1F30311C0F60D
:1090E0000102515C40F2900201F01F0120FA01F1EF
:1090F00040F26800C2F200000068C2F20002116093
:1091000001B0BDE8000FBDE8F04005F049BE41F2F6
:109110000C01C4F2020151F8040C42F20042C0F208
:10912000F40200F00C000428104608BF704751F804
:10913000040C00F00C00082843F20060C0F26E102E
:1091400021D051F8043C03F00C030C2B1CBF002071
:109150007047D1F800C00B680CF0030CC3F3031385
:109160000133BCF1030F08BF02460868B2FBF3F2FB
:109170000968C0F306205043C1F34161022202EBAB
:109180004101B0FBF1F0704740F2900041F208015C
:10919000C2F20000C4F202010068096849F2984274
:1091A000C1F30221C0F60102515C01F01F01C84069
:1091B000704740F2900041F20801C2F20000C4F290
:1091C00002010068096849F29842C1F3C221C0F661
:1091D0000102515C01F01F01C84070470F2202607C
:1091E00041F20802C4F20202136803F00303436071
:1091F000136803F0F0038360136803F4E063C36053
:1092000012684FF4E06303EAD202026142F2000006
:10921000C4F20200006800F00F00086070474EF6CC
:109220008850CEF20000016841F47001016070477F
:109230000D488546FFF7F3FF0C480D490D4A002302
:1092400002E0D458C4501B1DC4188C42F9D30A4AFA
:109250000A4C002301E01360121DA242FBD3F8F771
:1092600015FCFDF773FAFEE70080002000000020E7
:10927000300100200CA101083001002044740020BE
:10928000FEE700004EF60C50BFF34F8FCEF2000009
:109290000168042201F4E061C0F2FA521143016056
:1092A000BFF34F8F00BFFDE780B56F4682B041F23C
:1092B0005800C4F202008168002241F0010181607F
:1092C000816801F0010101910199016841F080512B
:1092D000016000680F2100F08050009000986FF04E
:1092E0000100FEF76EFC052005210022FEF769FC57
:1092F0000520FEF792FC02B0BDE88040FFF773BA8C
:10930000D0B502AF96B00446684604304021F8F765
:1093100063FB206846F20041C4F20001884201D09C
:1093200016B0D0BD4FF4805000904FF000700C90FC
:10933000684601F0CDFE002818BF05F033FA41F26F
:109340004C00C4F20200C16841F00071C160C16804
:1093500001F0007111911199016841F00101016062
:10936000006811A900F00100119011984FF4C0504D
:109370001190022012900020CDE9130009201590D1
:109380004FF0904001F090FD152005210022FEF7DE
:1093900018FC1520FEF741FC162005210022FEF7DF
:1093A00010FC1620FEF739FC16B0D0BDF0B503AFA7
:1093B0002DE9000786B00446006843F60041C4F278
:1093C000000100268842CDE90466CDE902660196D7
:1093D00070D043F20001C4F20101884240F0CD8018
:1093E00041F24C00C4F2020041690DF1040941F45C
:1093F00080514161416940F2300801F4805100918F
:1094000000990168022541F0010101600068002611
:1094100000F0010000900098A0200190012003902E
:109420004FF0050A4FF090404946C4F202080295F9
:109430000496CDF814A001F037FD4020CDE90105D8
:1094400003A880E860044FF09040494601F02CFDED
:1094500041F2D00508F12800C2F200050A214FF0C0
:10946000800985E843002846C5E90369C5E9056622
:10947000C5E9076600F036FF002818BF05F092F92D
:10948000A565AC6241F2301508F13C00C2F200055E
:109490000B21102285E847022846C5E90566C5E983
:1094A000076600F01FFF00284FF0230618BF05F0E5
:1094B00079F958E041F24C00C4F20200C16840F270
:1094C000300841F40041C160C168C4F2020801F4EF
:1094D000004100910099016841F0020101600068BB
:1094E00001A900F0020000900098382001900220AD
:1094F000CDE902060620059040F20040C4F60000C7
:10950000049601F0D1FC41F29015C2F200050E2044
:109510004FF08009C5E900802846C5E90266C5E923
:109520000496C5E906662E6200F0DCFE002818BF2E
:1095300005F038F9A565AC6241F2F01508F11400A8
:10954000C2F200050F211022002385E80F022846F1
:10955000C5E90533C5E9073300F0C4FE4FF0330613
:1095600008B105F01FF93046052100226565AC629F
:10957000FEF727FB3046FEF750FB06B0BDE80007BC
:10958000F0BD000080B56F4682B00068B0F1804F3A
:109590001ED042F60041C4F20101884225D141F2B9
:1095A0005800C4F202008168002241F40061816029
:1095B00080680F2100F40060019001981820FEF7E8
:1095C00000FB182002B0BDE88040FEF726BB00BFBC
:1095D00041F25800C4F20200016841F0010101604B
:1095E000006800F001000090009802B080BD00000B
:1095F00081B0006843F20041C4F20101884201D009
:1096000001B0704741F26000C4F20200016841F409
:1096100000510160006800F400500090009801B013
:109620007047000080B56F4686B000680021B0F139
:10963000804F0591CDE903110291019118D042F6B6
:109640000041C4F2010188422DD141F24C00C4F224
:109650000200016841F001010160006800F00100B2
:10966000009000984FF480700190062010E000BF39
:1096700041F24C00C4F20200016841F001010160B6
:10968000006800F001000090009802200190012085
:10969000022102910021CDE90311059001A94FF0AB
:1096A000904001F001FC06B080BD0000F0B503AFB2
:1096B0002DE9000B98B0044600201790CDE9150065
:1096C000CDE9130002A84421F8F786F9206844F296
:1096D0000041C4F20001884272D043F60001C4F296
:1096E0000101884240F0DA800120029002A801F0D6
:1096F000EFFC002818BF05F055F841F25800C4F2FD
:109700000200816841F24C0841F480418160806828
:10971000C4F2020800F4804001900198D8F80000DB
:10972000002640F00100C8F80000D8F8000013A996
:1097300000F00100019001984FF4C06013900220E6
:109740001490072017904FF09040CDE9156601F076
:10975000ABFB0820C4F2020041F2502500F5806006
:10976000C2F2000518214FF0800985E84300284621
:10977000C5E90369C5E90566C5E9076600F0B2FDFC
:10978000002818BF05F00EF8C4F88050AC6241F212
:10979000B025A8F54360C2F200051921102285E822
:1097A00047022846C5E90566C5E9076600F09AFD47
:1097B00000284FF0250618BF04F0F4FF64E000BF56
:1097C000022502A8029501F083FC002818BF04F0CE
:1097D000E9FF41F25800C4F20200016840F20808B3
:1097E00041F4003101600068002600F4003001906F
:1097F000019841F24C00C4F202000168C4F2020870
:1098000041F001010160006813A900F0010001901E
:1098100001980C20CDE91305072017904FF09040D8
:10982000CDE9156601F040FB41F21035C2F20005AA
:109830001A204FF08009C5E900802846C5E9026674
:10984000C5E90496C5E906662E6200F04BFD0028C6
:1098500018BF04F0A7FFC4F88050AC6241F2703525
:1098600008F11400C2F200051B21102285E847020E
:109870002846C5E90566C5E9076600F033FD4FF0E7
:10988000260608B104F08EFF304605210022E56768
:10989000AC62FEF796F93046FEF7BFF918B0BDE8A6
:1098A000000BF0BD80B56F464EF21004012080F32E
:1098B0001088CEF20004002525606560A560FEF7E3
:1098C0009BFF4FF0FF30C4F87001C4F87002C4F879
:1098D0007401C4F87402C4F87801C4F87802C4F8BA
:1098E0007C01C4F87C02C4F88001C4F88002C4F88A
:1098F0008401C4F88402C4F88801C4F88802C4F85A
:109900008C01C4F88C02002085F31088C1F6FF702A
:10991000016881F308884068804700BFFEE70000C7
:1099200080B56F464EF21004012080F31088CEF20D
:109930000004002525606560A560FEF75DFF4FF01F
:10994000FF30C4F87001C4F87002C4F87401C4F8A0
:109950007402C4F87801C4F87802C4F87C01C4F831
:109960007C02C4F88001C4F88002C4F88401C4F801
:109970008402C4F88801C4F88802C4F88C01C4F8D1
:109980008C02002085F31088C1F6FF70016881F316
:1099900008884068804700BFFEE7000080B56F463A
:1099A0004EF21004012080F31088CEF2000400254E
:1099B00025606560A560FEF71FFF4FF0FF30C4F81B
:1099C0007001C4F87002C4F87401C4F87402C4F8D9
:1099D0007801C4F87802C4F87C01C4F87C02C4F8A9
:1099E0008001C4F88002C4F88401C4F88402C4F879
:1099F0008801C4F88802C4F88C01C4F88C020020E5
:109A000085F31088C1F6FF70016881F3088840680B
:109A1000804700BFFEE7000080B56F464EF210049D
:109A2000012080F31088CEF20004002525606560D7
:109A3000A560FEF7E1FE4FF0FF30C4F87001C4F8F6
:109A40007002C4F87401C4F87402C4F87801C4F850
:109A50007802C4F87C01C4F87C02C4F88001C4F820
:109A60008002C4F88401C4F88402C4F88801C4F8F0
:109A70008802C4F88C01C4F88C02002085F3108899
:109A8000C1F6FF70016881F308884068804700BF15
:109A9000FEE7000080B56F464EF21004012080F30F
:109AA0001088CEF20004002525606560A560FEF7F1
:109AB000A3FE4FF0FF30C4F87001C4F87002C4F880
:109AC0007401C4F87402C4F87801C4F87802C4F8C8
:109AD0007C01C4F87C02C4F88001C4F88002C4F898
:109AE0008401C4F88402C4F88801C4F88802C4F868
:109AF0008C01C4F88C02002085F31088C1F6FF7039
:109B0000016881F308884068804700BFFEE770471E
:109B10007047012001F0D1BA41F21030C2F20000CA
:109B200000F06CBD41F27030C2F2000000F066BD82
:109B300041F29010C2F2000000F060BD41F2F0105E
:109B4000C2F2000000F05ABD41F2D000C2F20000A3
:109B500000F054BD41F23010C2F2000000F04EBDE2
:109B600040F69850C2F2000001F0C8B840F6985094
:109B7000C2F2000001F0C2B8802001F09EBA80B5A8
:109B80006F4640F6C460C2F20000006828B140F69B
:109B9000C460C2F2000002F057FF41F2D030C2F2BE
:109BA00000000068002808BF80BD41F2D030C2F23A
:109BB0000000BDE8804002F047BF40F6FC50C2F212
:109BC000000002F0C9BBD0B502AF40F6A874C2F2E3
:109BD0000004204604F07EFA40F69840C2F20000ED
:109BE00001682046BDE8D0400847D0B502AF41F239
:109BF0003C04C2F20004204604F06CFA40F698409F
:109C0000C2F2000001682046BDE8D04008474FF48A
:109C1000004001F052BA40F66060C2F2000002F06B
:109C20009BBB41F25020C2F2000000F0E7BC41F2C1
:109C3000B020C2F2000000F0E1BC40F69841C2F250
:109C400000010860704780B56F4640F26800C2F2BC
:109C500000000F210160FDF76FFF04F071FD04F0BB
:109C6000FFFF04F098FF04F0A1FD04F0CBFD04F029
:109C70004FFF04F007FF04F081FE04F0EBFD04F059
:109C800017FE04F0BFFE41F2D030C2F2000002F035
:109C900059FD00F0B4F940F65C70C2F20000BDE876
:109CA000804002F0BFBC80B56F460CF02BF900205D
:109CB00080BD000080B56F460CF086FC60B110F8E6
:109CC000041F42788378C07841EA022143EA0020E9
:109CD00041EA004080BD00BF002080BDF0B503AF69
:109CE0004DF804BD14460E460CF06EFCC0B10146A2
:109CF00011F8042F4B788D78C97842EA032245EA9F
:109D0000012142EA0141A1420AD10CF0AAFC01461C
:109D1000304622465DF804BBBDE8F040F7F70CBFC3
:109D20005DF804BBF0BD0000F0B503AF4DF804BD15
:109D300014460D4606460CF047FC60B110F8041FAF
:109D400042788378C07841EA022143EA002041EA60
:109D50000040A0420AD13046294622460CF082FA41
:109D60005DF804BBBDE8F0400CF0AAB95DF804BB97
:109D7000F0BD0CF03EBA80B56F4649F2A041C0F686
:109D8000010101EBC00251F83000918802F02AFD78
:109D9000002080BDB7EE001AB4EE410AF1EE10FAD1
:109DA000C8BFB0EE410A9FED151AB5EE400AF1EEBC
:109DB00010FA48BFB0EE410A9FED111A49F2A041D6
:109DC00020EE010AC0F6010101280DD0002851F84B
:109DD0003000BDEEC00A006810EE101A14BFC16456
:109DE00041630020704700BF51F83000BDEEC00A4B
:109DF000006810EE101A8163002070470000000018
:109E00000000C84280B56F4649F2A041C0F601018A
:109E100001EBC00251F83000918802F0A7FD00204C
:109E200080BD0DF03FBF40F65C70C2F200000068DC
:109E3000406A80B270470000006844F20041C4F2FA
:109E400000010322884201F5744108BF0122401A33
:109E500018BF1046032808BF704740F69C4100EB2E
:109E6000C000C2F2000101EBC000816811B1C068FE
:109E7000084700BF70470000006844F20041C4F288
:109E800000010322884201F5744108BF0122401AF3
:109E900018BF1046032808BF704740F69C4200EBED
:109EA000C000C2F2000252F8301019B102EBC0003B
:109EB0004068084770470000006844F20041C4F25F
:109EC00000010322884201F5744108BF0122401AB3
:109ED00018BF1046032808BF704740F69C4100EBAE
:109EE000C000C2F2000101EBC000816911B1C0697C
:109EF000084700BF70470000006844F20041C4F208
:109F000000010322884201F5744108BF0122401A72
:109F100018BF1046032808BF704740F69C4100EB6D
:109F2000C000C2F2000101EBC000016911B140693B
:109F3000084700BF70470000006844F20041C4F2C7
:109F400000010322884201F5744108BF0122401A32
:109F500018BF1046032808BF704740F69C4100EB2D
:109F6000C000C2F2000101EBC000016A11B1406AF9
:109F7000084700BF70470000006844F20041C4F287
:109F800000010322884201F5744108BF0122401AF2
:109F900018BF1046032808BF704740F69C4100EBED
:109FA000C000C2F2000101EBC000816B11B1C06BB7
:109FB000084700BF704700000068C169C9061DD589
:109FC00044F20041C4F200010322884201F57441C9
:109FD00008BF0122411A18BF11461022032902624C
:109FE00008BF704701EBC10040F69C41C2F200017E
:109FF00001EBC000016C09B1406C0847704780B5A7
:10A000006F4649F6B970C0F60000FFF716FE40F63D
:10A01000A870C2F200000068016841F01001016000
:10A0200041F23C00C2F200000068016841F01001FA
:10A03000016080BD00EBC00C40F69C40C2F2000005
:10A0400000EBCC0000EBC10C40F831200020CCF834
:10A050000430704780B56F4641F23C0CC2F2000CF0
:10A06000012818BF4FF0000C002840F6A870C2F27B
:10A07000000018BF604692B233B10A2303F0E6FB3A
:10A08000002818BF012080BD03F014FE002818BF6F
:10A09000012080BD80B56F4641F23C0CC2F2000C3D
:10A0A000012818BF4FF0000C002840F6A870C2F23B
:10A0B000000018BF604692B233B10A2303F084FD5A
:10A0C000002818BF012080BD03F0E8FE002818BF5B
:10A0D000012080BD41F23C0140F6A872C2F20001AD
:10A0E0000128C2F2000218BF0021002818BF0A464A
:10A0F000D2F88000B2F85C1000684068081A704717
:10A1000080B56F4641F23C02C2F2000200210128F4
:10A1100018BF0A4640F6A871C2F20001002818BF15
:10A120001146084603F04EFF002080BD80B56F4603
:10A1300040F6A872C2F2000243F6000C0029116139
:10A1400018BF0121C4F2010C090300234FF00C0ECB
:10A15000C2E900C01046C2E90213C2E905E3C2E940
:10A160000733C2E9093303F017F9002818BF04F0D8
:10A1700019FB40F6A870C2F20000002104F050FA6A
:10A18000002818BF04F00EFB40F6A870C2F20000D1
:10A19000002104F08DFA002818BF04F003FB40F6FC
:10A1A000A870C2F2000004F020FA002808BF80BDA9
:10A1B000BDE8804004F0F6BA80B56F460A46014615
:10A1C00001200023FFF746FF40F62C50C2F20000AA
:10A1D00040680A210CF0B0FF002080BD40F62C51F1
:10A1E000C2F200010878002804BF002070474878B8
:10A1F00091F802C0431C0844007ADAB262454B7001
:10A2000024BF00220A70704740F62C50C2F20000B2
:10A21000C078704740F62C50C2F2000000787047BA
:10A22000D0B502AF4AF26D22C0F60002012008212B
:10A230000023FFF7FFFE4AF2AB22C0F60002012026
:10A2400001210023FFF7F6FE40F62C54C2F2000471
:10A2500004F10801012064220023FFF71BFF012005
:10A26000002103220CF070FB6060D0BDD0B502AFBE
:10A2700040F62C54C2F20004204610F8031F31B1FE
:10A280000120FFF727FFA070002060702046012109
:10A2900001700120FFF734FF04F10801012064225E
:10A2A0000023BDE8D040FFF7F5BE80B56F4682B011
:10A2B00040F62C50C2F2000000214068019101A933
:10A2C0000CF0EEFD019850B14EF60450CEF20000B5
:10A2D0004FF080510160BFF34F8FBFF36F8F02B01B
:10A2E00080BD704700284FF0010C00F09680F0B55B
:10A2F00003AF2DE9000F0021C4F2020103684FF6FD
:10A30000F83201F58168CBF6FD72434538BF02F59E
:10A3100080624CF6CD451A44CCF6CC45A2FB052E06
:10A320006FF0070252FA83F2A2FB052901F580655E
:10A330006FF00304D0E9026BD0F810A03CBF0025F9
:10A34000C4F2020504EA9E04C0E91054022580F814
:10A3500025501D6847F6F07225EA0202324342EAB0
:10A360000B02456942EA0A0281692A43C569114321
:10A37000026A294311430022C4F20202196002F565
:10A380000261434538BF02F50061631802F50861B8
:10A39000C164C9F304110CFA01F240F6840CB6F55D
:10A3A000804FC4F2020C8364026505D10021416034
:10A3B0001960CCF800201DE041685FFA81FE013988
:10A3C00003294FF00001C3F800E0CCF8002011D8B9
:10A3D000AEF101020CEB820646F87C1F02F01F0171
:10A3E000012202FA01F30CF1BC023146CCF8C03074
:10A3F00002E000BF0022002300F1540C8CE80E00A4
:10A400004FF0000C0121C0F83CC080F8251080F806
:10A4100024C0BDE8000FBDE8F04060467047000072
:10A42000F0B503AF2DE9000B90F824C0BCF1010F8B
:10A4300045D04FF0010C80F824C090F825C0BCF145
:10A44000010F39D14FF0020C80F825C04FF0000CFD
:10A45000C0F83CC0D0F800C000F14C0E9EE830407F
:10A46000DCF80060BEF1000F26F00106CCF80060B9
:10A4700065601CBFD0E916456560D0E9105601241F
:10A4800006F01F06D0F80890B440D0F830806C6019
:10A49000CCF804300B46B9F1100F04BF13460A463E
:10A4A000CCF80830CCF80C20DCF80010B8F1000F24
:10A4B0000AD041F00E010FE0002180F824100220A4
:10A4C000BDE8000BF0BD00BF21F00401CCF8001086
:10A4D000DCF8001041F00A01CCF80010806C016833
:10A4E000C90303D5016841F480710160BEF1000F1A
:10A4F00005D0DEF8000040F48070CEF80000DCF8F3
:10A50000000040F00100CCF800000020BDE8000B86
:10A51000F0BD000080B56F46014690F82500022886
:10A5200024D10868D1E910CE8A6C036823F00E03A9
:10A530000360136823F480731360026822F0010241
:10A5400002600EF01F00012202FA00F0CCF80400B5
:10A55000D1E913205060486D30B1026822F4807256
:10A560000260D1E916024260002002E00420C863C4
:10A570000120012281F82520002281F8242080BDBD
:10A5800080B56F4690F8251002292DD10168D0E9D9
:10A5900010CE826C0B6823F00E030B600B6823F067
:10A5A00001030B60116821F4807111600EF01F022D
:10A5B000012101FA02F2CCF80420D0E913325A60EA
:10A5C000426D32B1136823F480731360D0E916230F
:10A5D000536080F82510826B002180F824100AB1A6
:10A5E00090470021084680BD0421C163012100225B
:10A5F00080F8251080F82420084680BDB0B502AF51
:10A60000D0E910C30268DCF8001003F01F03042433
:10A61000D2F800E09C400C4218BF1EF0040521D186
:10A6200002249C400C4218BF1EF0020528D1D940DC
:10A63000090723D51EF0080108BFB0BD116821F03D
:10A640000E011160012101FA03F2CCF80420C1636C
:10A6500080F82510416B002280F8242071B1BDE8FC
:10A66000B04008471168890603D4116821F004013D
:10A670001160CCF80440016B0029F0D1B0BD00BFDF
:10A680001168890606D4116821F00A0111600121C0
:10A6900080F82510CCF80440C16A0022002980F817
:10A6A0002420DCD1EAE70000F0B503AF4DF804BD8B
:10A6B000E0B1044690F85C0028B9002084F85D0001
:10A6C0002046FEF71DFE2068816921F0100181619E
:10A6D000FDF74FFA054600BF20688169090709D5D3
:10A6E000FDF747FA401B0B28F6D314E001205DF874
:10A6F00004BBF0BD816941F001018161FDF739FAC8
:10A70000054600BF21688869C0070FD1FDF731FAFF
:10A71000401B0B28F6D3206E032140F00100206679
:10A72000012084F85C105DF804BBF0BD4AF20040E3
:10A730008A69C4F20000A0F5804342F00202994207
:10A740008A6105D162684CF20013CFF6FF73C250E4
:10A75000227C8B69012A23F0400318BF40338B61B0
:10A76000627C8B69012A23F4804308BF03F5804390
:10A770008B61A27C8B69012A23F4805318BF03F5F7
:10A7800080538B618A69D4E902E322F4407545EA7B
:10A790000E058D618D6925F0A4058D610D6925F08B
:10A7A00010050D61A3B1012B0ED0022B09D08D69CC
:10A7B000032B45F080058D610D6945F010050D6195
:10A7C00006D1202301E000BF04238D692B438B6158
:10A7D000D4E90535D4E907266FF0FF0C013D0CEBF9
:10A7E000022242EA4562751E2A430025CFF6FF7514
:10A7F00005EB03431A43BEF5407FCA6110D1D4E98B
:10A8000009E3D4E90B62013B0CEB062633436FF0FE
:10A810000F0606EB02121A4305EB0E431A43CA60F9
:10A8200004F134064CCED1F8C0502E43C1F8C060BC
:10A830002064D1F880604AF2704526F4F816C4F21C
:10A84000000546EA0242C1F880206564D1F8802004
:10A8500022F0706242EA0362C1F8802005F14001F3
:10A86000A16405F58C71E16405F5F871216505F5C4
:10A8700002716165002105F5037200BFC0E9001196
:10A88000C0E90211C0E90411C0E90611C0E90811CC
:10A89000C0E90A11C0E90C11C0E90E11C0E910119C
:10A8A000C0E91211C0E91411C0E91611C0E918116C
:10A8B000C0E91A11C0E91C11C0E91E11C0E920113C
:10A8C000C0E92211C0E92411C0E92611C0E928110C
:10A8D000C0E92A11C0E92C11C0E92E11C0E93011DC
:10A8E000C0E93211C0F8D010904200F1D400C5D3B5
:10A8F00000200121A065206684F85C105DF804BB8F
:10A90000F0BD000080B56F4690F85C20013A012A46
:10A9100014D80A68C2B101F1040ED1E904319EE8ED
:10A920000450406C43EA4E7E41EA8C7100EBC20356
:10A9300040F832E00020596080BD00BF016E41F058
:10A9400002010166012080BDD1E90323D1E901CED6
:10A95000D206496942EA8E7242EA0342006C114310
:10A9600040F82C10002080BD90F85C1001290BD11C
:10A97000022180F85C1001688A6922F001028A6174
:10A980000021016608467047016E41F0040101662E
:10A9900001207047F0B503AF2DE9000790F85C3057
:10A9A000022B57D1D0F800E0DEF8C4309B0259D416
:10A9B000DEF8C450D1E901360C69002B0B6844EA7B
:10A9C00006041ABF234343F0804844EA8348D1E990
:10A9D0000763C5F3014CD1E9059546EA0363CC68EA
:10A9E0002B43456D43EA09030CEBCC0643EA0443D1
:10A9F00005EBC60445F836806360CB6803B349F2C3
:10AA0000B04804F1080902F1030A0024C0F6010865
:10AA10000AEB040616F8012C1AF8045016F8033C49
:10AA200016F8026C120442EA056242EA06221A444F
:10AA300049F80420CA68043418F802209442E7D385
:10AA4000012101FA0CF1CEF8CC1081650020BDE89F
:10AA50000007F0BD016E41F0080101660120BDE86C
:10AA60000007F0BD016E41F4007101660120BDE8F0
:10AA70000007F0BDF0B503AF2DE9000790F85C606A
:10AA8000022E1BD1D0F800C040291FD1DCF8906005
:10AA9000360700F0A380DCF89060F60146BFDCF8D2
:10AAA0008060C6F340260026DCF89050C5F30125EF
:10AAB00005EB060C00F148061EE000BF016E41F0F8
:10AAC000080101660120BDE80007F0BDDCF89860D0
:10AAD000360700F08380DCF89860F60146BFDCF8AA
:10AAE0008060C6F300260026DCF89850C5F30125E7
:10AAF00005EB060C00F14C0636680CEBCC0556F85D
:10AB0000354014F08044546056F835E02EF060442F
:10AB100008BFCEF38A44146056F8354006EBC50EE4
:10AB200004F00054946056F8354004F00044146179
:10AB3000BEF80440D461BEF8064014F00F04D4609F
:10AB4000DEF8044004F480145461DEF8044004F498
:10AB5000001494619EF8074004F07F041462DEF84C
:10AB600004404FEAD47454622CD049F2B048002417
:10AB7000C0F601080EEB040A9AF808501D55D56876
:10AB800018F80590651C4D451CD29AF809901D19BE
:10AB900085F80190D66818F80690A61C4E4511D28B
:10ABA0009AF80A60AE70D66818F80690E61C4E4512
:10ABB00008D29AF80B600434EE70D56818F8055086
:10ABC000AC42D7D3006840290CBFC0F894C0C0F88D
:10ABD0009CC00020BDE80007F0BD00BF016E41F43D
:10ABE000807101660120BDE80007F0BDD0B502AF5D
:10ABF00090F85C30013B012B6AD8006811F0070E19
:10AC0000D0F858C00CF0010300D01BB311F0380F7E
:10AC100002D01CF002041DD011F4E07F02D01CF021
:10AC2000040417D011F4F05F02D01CF0080411D016
:10AC300011F4604F02D01CF010040BD011F4403F0F
:10AC400002D01CF0200405D011F47C0F06D01CF0BB
:10AC5000400403D1C46D44F00104C465BEF1000F8B
:10AC600018BF002B3CD111F0380F18BF1CF00203A5
:10AC700036D111F4E07F18BF1CF0040330D111F479
:10AC8000F05F18BF1CF008032AD111F4604F18BF01
:10AC90001CF0100324D111F4403F18BF1CF0200316
:10ACA0001ED111F47C0F18BF1CF0400318D10B0605
:10ACB0001CD4CB0504D5D0F8E0301A43C0F8E0200E
:10ACC00000F154020020136819431160D0BD00BF89
:10ACD00000F1600201200221136819431160D0BD08
:10ACE000C36D43F00203C3650B06E2D5D0F8DC3038
:10ACF0001343C0F8DC30CB05DDD4E1E7F0B503AF9A
:10AD00002DE9000F85B004460068016D426DD0F852
:10AD100050A0456D066DD0F854C0036D01EA0209DC
:10AD20000493436D0393036D0293436D0193D0F835
:10AD30005480D0F850B05FEA4B630DD518F0400155
:10AD40000AD0402101652046CDF80080E04600F0A1
:10AD5000A3F8C446DDF800800AEA050A5FEACB5092
:10AD600009F4E05512D518F480700FD02068C14660
:10AD7000D0F8D810D0F8E020E04611404FF48072AF
:10AD8000026520460AF0D8FCC446C84606EA0C090B
:10AD90000AF007062DB1206829460565204600F017
:10ADA0007CF809F038052EB120683146066520464A
:10ADB0000AF04AFD2DB1206829460565204600F0BD
:10ADC0006DF85FEA8B5009D518F4007006D0206842
:10ADD0004FF400710165204600F061F85FEA0B60F6
:10ADE0000DD518F080000AD02068D0F8D410D0F823
:10ADF000DC2011408022026520460AF079FC5FEADF
:10AE00008B4009D518F4005006D020684FF400514B
:10AE10000165204600F044F85FEA0B40DDE90110CF
:10AE200000EA010509D518F4004006D020684FF467
:10AE300000410165204600F034F8DDE903100840C8
:10AE40005FEA4B4105F460210AD518F4804207D02F
:10AE500022684FF480431365226E42F0800222661E
:10AE600000F4710521B120680165204600F01AF850
:10AE700025B120680565206E28432066206E38B114
:10AE8000204605B0BDE8000FBDE8F0400AF078BCF0
:10AE900005B0BDE8000FF0BD7047704770477047C0
:10AEA0007047704770470000F0B503AF2DE9000F01
:10AEB00086B00A680290002A00F0F080029841F201
:10AEC000004500F13843C4F600054FEAB3260624D6
:10AED000A84208BF0524052E4FF0000B4FF00106D5
:10AEE0004FF000084FF0000938BF4FEAB324009438
:10AEF00003910CE00A6809F1010932FA06F008F141
:10AF0000020806F101060BF1040B00F0C780A6F160
:10AF1000010C012000FA0CF312EA0300EAD04D689C
:10AF2000049005F00304621E012A21D8CDF804C064
:10AF3000DDF808C00322DCF8080002FA08FECA683F
:10AF400020EA0E0002FA08F21043CCF80800DCF800
:10AF50000400C5F3001298436346DDF804C04FEACD
:10AF6000490A02FA0CF26FEA0E0E104358600BE029
:10AF7000032000FA08F0029B6FEA000E032CC24681
:10AF800002D14146032426E0D868039900EA0E0066
:10AF90008A68022C02FA0AF240EA0200CDF804A004
:10AFA000D86017D16FF0030000EA5C0018440BF082
:10AFB0001C030F22056A02FA03F40A6925EA040455
:10AFC0009A402243029B02624A68019902F00304FC
:10AFD00002E000BF01992A46049D186804FA01F1B5
:10AFE00000EA0E0008431860039912F4403F3FF452
:10AFF00081AF41F26002C4F20202106840F2004EDA
:10B0000040F0010010601068C4F2010E00F0010071
:10B01000059005982CF003004FF6084C7044CFF6CD
:10B02000FF7C50F80C400BF00C020F23934024EAF5
:10B030000303009C04FA02F21A4340F80C20DEF8E5
:10B0400008004C6840EA050240F20C4CE30258BF8D
:10B0500020EA0502CEF80820C4F2010CDCF800005A
:10B06000A30240EA050258BF20EA0502CCF80020FE
:10B07000DEF80400A30340EA050258BF20EA0502F7
:10B08000CEF80420DEF80000E30340EA050258BFD2
:10B0900020EA0502CEF800202CE700BF06B0BDE88C
:10B0A000000FF0BD0069084018BF01207047182349
:10B0B000002A08BF2823C150704740F21441C4F24F
:10B0C00001010A68024214BF086070470AF0F6BC2A
:10B0D000F0B503AF2DE9000B82B08146807841F2D4
:10B0E00088060007C4F2020602D400202FE000BF49
:10B0F00056F8300C10F080580BD156F8300C40F058
:10B10000805046F8300C56F8300C00F0805001901A
:10B11000019847F20004C4F20004206840F48070F3
:10B120002060FCF726FD05462068C00500F1E6809A
:10B13000FCF71FFD401B0228F6D90320B8F1000FD1
:10B1400005D156F8301C21F0805146F8301CD9F852
:10B150000010CA0712D18A0719D44A0720D40A0757
:10B1600027D48A062ED44A0635D40A063CD4CA050A
:10B1700043D48A054AD44A0551D460E03268D9F8EC
:10B18000043022F003021A4332608A07E5D53268A0
:10B19000D9F8083022F00C021A4332604A07DED593
:10B1A0003268D9F80C3022F030021A4332600A07B4
:10B1B000D7D53268D9F8103022F0C0021A43326075
:10B1C0008A06D0D53268D9F8143022F440621A4386
:10B1D00032604A06C9D53268D9F8183022F4405294
:10B1E0001A4332600A06C2D53268D9F81C3022F4FC
:10B1F00040421A433260CA05BBD53268D9F82030C4
:10B2000022F440321A4332608A05B4D53268D9F844
:10B21000243022F440221A4332604A050FD53268A6
:10B22000D9F8283022F440121A43B3F5801F326057
:10B2300005D156F87C2C42F4801246F87C2C0A0585
:10B240000FD53268D9F82C3022F440021A43B3F5F6
:10B25000800F326005D156F87C2C42F4801246F8FB
:10B260007C2CCA040FD53268D9F8303022F04072F5
:10B270001A43B3F1807F326005D156F87C2C42F43A
:10B28000801246F87C2C8A040FD53268D9F8343005
:10B2900022F040621A43B3F1006F326005D156F8D4
:10B2A0007C2C42F4801246F87C2C4A040FD532687C
:10B2B000D9F8383022F040621A43B3F1006F32609F
:10B2C00005D156F87C2C42F4801246F87C2C0904F7
:10B2D0000FD53168D9F83C2021F040511143B2F12B
:10B2E000805F316005D156F87C1C41F4803146F80E
:10B2F0007C1C02B0BDE8000BF0BD00BFB06810F4CC
:10B30000407011D0D9F8401088420BD0B068B168B5
:10B3100020F4407041F48031B160B16821F4803193
:10B32000B160B060C0070DD1B068D9F8401020F40A
:10B3300040700843B0600020B8F1000F7FF407AF01
:10B34000FFE600BFFCF715FC054641F2883400BF5C
:10B35000B0688007E8D4FCF70CFC401BA042F7D98A
:10B36000EBE60000002804BF01207047B0B502AF33
:10B370000446406A20B10020206104F1140005E079
:10B380006068B0F5827F03D004F11C0000210160E9
:10B390000025A56294F85D0020B9204684F85C5031
:10B3A000FEF704F8022084F85D002068D4F80CE071
:10B3B0000268BEF5E06F22F0400202604EF40062C7
:10B3C00098BF0125B2F5706F1CBF0023A3624FEA3E
:10B3D000053CD4E90135D4E9042103F4827305F472
:10B3E00004452B4402F002021A44A36901F0010152
:10B3F000E569114403F40072114405F03802256A2E
:10B40000114405F08002A56A114405F4005211436D
:10B4100001600421626A0EF4706501EA1341636BF6
:10B4200045EA0C0502F01002294303F0080311431A
:10B4300019434160C16921F40061C161002001210B
:10B44000206684F85D10B0BDF0B503AF2DE9000BA8
:10B4500082B0044690F85C00012805D1022002B0B9
:10B46000BDE8000BF0BD00BF0120994615460E4611
:10B4700084F85C00FCF77DFB94F85D10012975D120
:10B480008046002E4FF0010018BF002D6FD0032022
:10B49000002184F85D002166A663A587E587216405
:10B4A000A4F84410A4F84610A068E164B0F5004F79
:10B4B0002068216507D1016821F040010160016821
:10B4C00041F4804101600168490603D4016841F0FC
:10B4D0004001016061686B1EE268B1FA81F1B3FA64
:10B4E00083F349095B09B2F5E06F41EA030145D9ED
:10B4F00031B136F8021BC160A663E18F0139E187E3
:10B50000E18F002900F07B8019F101011BD000BF01
:10B510008168890706D4FCF72CFBA0EB080048459E
:10B5200008D3B9E0A16B31F8022BC260A163E08FB0
:10B530000138E087E08F002861D0206881688907A2
:10B54000E9D5EFE720688168890703D4FCF711FB90
:10B5500008E000BFA16B31F8022BC260A163E08F4D
:10B560000138E087E08F0028ECD148E0022000217C
:10B5700084F85C1002B0BDE8000BF0BD89B1E18F2A
:10B5800002294FF6FE7103D336F8022BC26004E0A5
:10B59000327801310273A06B461CA663E08F084429
:10B5A000E087E08F58B319F1010058D04FF6FE70D4
:10B5B000451C07E0FCF7DDFAA0EB080048456BD21C
:10B5C000E08FE0B1206881688907F3D5E18F022917
:10B5D00008D3A16B31F8022BC260A1634FF6FE7055
:10B5E00007E000BFA16B09780173A06B0130A06375
:10B5F0002846E18F0844E087E08F0028E2D120460A
:10B600004FF4C0514A46434600F06EFD68B92046EB
:10B610004946424600F030FE38B920464FF4C0613A
:10B620004A46434600F060FD28B1206E40F02000FD
:10B63000206620202066A06838B90020019020688C
:10B64000C1680191806801900198206E10B30120BB
:10B650008DE700BFFCF78DFAE08F0028CFD020687F
:10B6600081688907F6D5E18F012909D9A16B31F8E5
:10B67000022BC260A163E08F0238E087ECE700BFD5
:10B68000A16B09780173A06B0130A063E08F0138D2
:10B69000E087E1E7002000E00320012184F85D104D
:10B6A00065E70000F0B503AF2DE9000782B004465E
:10B6B00090F85D00012813D16068994692460D46C6
:10B6C000B0F5827F01D1A068F0B194F85C00012848
:10B6D00008D10226304602B0BDE80007F0BD00BF29
:10B6E000022609E0012684F85C60FCF742FA002D8E
:10B6F00018BFBAF1000F17D1002084F85C00304663
:10B7000002B0BDE80007F0BD042084F85D002046CB
:10B7100029462A465346CDF8009000F0F1F802B0D1
:10B72000BDE80007F0BD00BF8046042084F85D003E
:10B73000002020662564A4F844A0A4F846A0A063D5
:10B74000A087E087C4E913002068D4E90221436898
:10B75000B1F5E06F23F4805398BF03F58053B2F541
:10B76000004F43604CD1026822F040020260026840
:10B7700022F4804202600268520644D5B4F84620A2
:10B78000B1F5E06F48D8002A00F07C8019F1010182
:10B790001FD000BF8168C90706D1FCF7EAF9A0EB0A
:10B7A000080048450BD3A5E0007B216C0870206C95
:10B7B00001302064B4F846000138A4F84600B4F81B
:10B7C000460000285ED020688168C907E5D0EBE715
:10B7D00020688168C90703D1FCF7CBF90BE000BFF3
:10B7E000007B216C0870206C01302064B4F84600A6
:10B7F0000138A4F84600B4F846000028E8D141E03A
:10B8000002685206BAD4026842F040020260B4F8FC
:10B810004620B1F5E06FB6D9A2B319F101011CD0F1
:10B820008168C90706D1FCF7A4F9A0EB08004845D8
:10B830000AD35FE0C068216C21F8020B2164B4F8E0
:10B8400046000138A4F84600B4F84600D0B120689C
:10B850008168C907E7D0EDE720688168C90703D18F
:10B86000FCF787F90AE000BFC068216C21F8020BE1
:10B870002164B4F846000138A4F84600B4F8460044
:10B880000028E9D16068B0F5827F0BD1A068B0F5DF
:10B89000004F02D0B0F5806F04D12068016821F01C
:10B8A0004001016020464946424600F0E5FC38B1BF
:10B8B000206E40F0200020662020206614E000BFAB
:10B8C0006068B0F5827F0FD1A068B0F5004F02D05C
:10B8D000B0F5806F08D120464FF4C0614A46434618
:10B8E00000F002FC0028E3D1206E08B1012603E736
:10B8F000002600E00326012084F85D00FCE600003D
:10B90000F0B503AF2DE90007044690F85C0001286C
:10B9100004D10220BDE80007F0BD00BF01201D4694
:10B9200016468A4684F85C00FCF723F994F85D100B
:10B93000814601290CD1BAF1000F4FF0010018BF68
:10B94000002E13D1002184F85C10BDE80007F0BD83
:10B950006068B0F5827F40F0B380A06800284FF0A7
:10B96000020008BF0429EDD1E5E700BF002DE9D0B2
:10B9700094F85D0004281CBF052084F85D000020B9
:10B9800020662664A4F84650A4F84450C4F838A0B1
:10B99000E587C4E913002068A587E1684268B1F52E
:10B9A000E06F22F48052134698BF03F58053012DB7
:10B9B00088BF134643600268520603D4026842F00F
:10B9C0004002026062686B1EB2FA82F2B3FA83F33D
:10B9D000D7F8088052095B09B1F5E06F43EA02012C
:10B9E00076D939B13AF8021BC160C4F838A0E08FAB
:10B9F0000138E087012518F1010036D102E000BFCF
:10BA0000FCF7B7F8E08F20B9B4F84600002800F042
:10BA1000D1802068816889070CD5E18F51B1012D53
:10BA200008D1A16B002531F8022BC260A163E18F20
:10BA30000139E1878168C907E2D0B4F846100029CE
:10BA4000DED0C068216C012521F8020B2164B4F816
:10BA500046000138A4F84600D2E700BFFCF789F899
:10BA6000A0EB0900404580F0A380E08F20B9B4F836
:10BA70004600002800F09E802068816889070CD568
:10BA8000E18F51B1012D08D1A16B002531F8022BB6
:10BA9000C260A163E18F0139E1878168C907DDD008
:10BAA000B4F846100029D9D0C068216C012521F8CE
:10BAB000020B2164B4F846000138A4F84600CDE733
:10BAC0000220002184F85C10BDE80007F0BD00BF33
:10BAD000A1B1E18F02294FF6FE7103D33AF8022B90
:10BAE000C26006E09AF8002001310273A06B00F1F9
:10BAF000010AC4F838A0E08F0844E087012608F165
:10BB0000010500BFE08F18B9B4F84600002851D0F5
:10BB10002068816889071AD5E18FC1B1012E16D13D
:10BB2000E18F022908D3A16B31F8022BC260A16317
:10BB3000E18F023909E000BFA16B09780173A16BA5
:10BB400020680131A163E18F01390026E187816816
:10BB5000C90725D0B4F8461011B3B4F8461002292D
:10BB600012D3C168226C22F8021B2264B4F846107A
:10BB70000239A4F84610B4F8461001290FD84168DC
:10BB800041F4805141600AE0007B216C0870206C18
:10BB900001302064B4F846000138A4F846000126BC
:10BBA000FBF7E7FF002DADD0A0EB09004045A9D37E
:10BBB000032029E020464FF4C05142464B4600F096
:10BBC00093FA68B9204641464A4600F055FB38B919
:10BBD00020464FF4C06142464B4600F085FA78B1EA
:10BBE000206E40F020002066202020660120216E7B
:10BBF00051B10120002184F85C10BDE80007F0BDC0
:10BC00000020216E0029F4D1012184F85D1000216B
:10BC100084F85C10BDE80007F0BD806A01684A68DE
:10BC200022F003024A60016E41F010010166012119
:10BC300080F85D1000F02FBCF0B503AF4DF804BDE7
:10BC4000044690F85D00012812D1A56813460A4603
:10BC5000B5B96068B0F5827F12D10426204611463E
:10BC600084F85D605DF804BBBDE8F04000F098B872
:10BC70000220002184F85C105DF804BBF0BD00BF19
:10BC800094F85C00012803D102205DF804BBF0BDEC
:10BC90000120002A84F85C0018BF002BE9D00420A2
:10BCA00084F85D000020264646F8600F2264A4F860
:10BCB0004430A4F84630C4E91300A087E087216827
:10BCC000B5F5004F07D1086820F04000086008680B
:10BCD00020F480400860486820F400504860E36821
:10BCE0004868B3F5E06F05D920F480504860A06D36
:10BCF00022E000BF40F480504860A06D8369B3F536
:10BD0000806F19D14B6823F480534B60B4F84650D0
:10BD10004B68ED0706D123F400534B60B4F846306E
:10BD20005B0807E043F400534B60B4F8463001254C
:10BD300005EB5303A4F846304BF6837C4BF689752C
:10BD40004BF61B43C0F6000CC0F60005C0F600031E
:10BD50004FF0000EC0E90B5CC0E90D3EB4F8463070
:10BD60000C31FEF75DFB18B1012010210FE000BF80
:10BD700026683068400603D4306840F040003060E8
:10BD800056F8040F012140F0200030600020326896
:10BD900011433160002184F85C105DF804BBF0BDF4
:10BDA000F0B503AF2DE9000B044690F85C000128C4
:10BDB00004D10220BDE8000BF0BD00BF012084F8D3
:10BDC0005C0094F85D60012E0CD100294FF0010059
:10BDD00018BF002A12D1002184F85C10BDE8000BC6
:10BDE000F0BD00BF6068B0F5827F2DD1A06800284B
:10BDF0004FF0020008BF042EEDD1E6E7002BEAD099
:10BE000094F85D00A04604281CBF052084F85D005E
:10BE1000002048F8600FA163A387E3872264A4F899
:10BE20004430A4F846302168C4E91300E668486845
:10BE3000B6F5E06F20F4C040486048680CD920F4A3
:10BE40008050486042E000BF0220002184F85C106E
:10BE5000BDE8000BF0BD00BF40F480504860606D4D
:10BE60008069B0F5806F11D14868DB0706D120F4F6
:10BE700080404860E08F400807E000BF40F4804009
:10BE80004860E08F012303EB5000E087A06D8069DC
:10BE9000B0F5806F1AD1486820F480504860B4F83B
:10BEA00046304868DB0707D120F400504860B4F8FA
:10BEB0004600400808E000BF40F400504860B4F875
:10BEC0004600012303EB5000A4F8460094F85D30CF
:10BED0004BF683764CF25305C0F60006C0F600051B
:10BEE000A06D042B08BF35464BF689734CF25906FA
:10BEF000C0F60003C0F6000608BF1E464BF61B4303
:10BF0000C0F600034FF00009C0E90B65C0E90D3928
:10BF1000B4F846300C31FEF783FA78B92268A16B89
:10BF2000606D536843F001035360C0E90B99C0E9A9
:10BF30000D99E38F0C32FEF773FA68B101201021DE
:10BF4000D8F800201143C8F80010002184F85C10D4
:10BF5000BDE8000BF0BD00BFD4F80080D8F80000A9
:10BF6000400605D4D8F8000040F04000C8F80000B2
:10BF700058F8040F022140F02000C8F8000000200B
:10BF8000DEE7806A00F089BAB0B502AF846A054680
:10BF9000FBF7EFFD29680968890655D40546206836
:10BFA000A268014651F8043F23F020030B603AB920
:10BFB0006368B3F5827F03D16FF0030211E000BF25
:10BFC0000B6823F001030B606168B1F5827F0BD130
:10BFD000B2F5004F02D0B2F5806F05D16FF040028C
:10BFE0000146086810400860204664212A4600F097
:10BFF00043F938B1206E40F02000206620202066F2
:10C0000014E000BF6068B0F5827F0FD1A068B0F582
:10C01000004F02D0B0F5806F08D120464FF4C061C8
:10C0200064222B4600F060F80028E3D10020A4F839
:10C030004600012084F85D00206E28B12046BDE84E
:10C04000B04000F028BA00BF2046BDE8B04009F07B
:10C05000AFBE806A00F022BAB0B502AF846A05466E
:10C06000FBF787FD29680968890637D405462068EB
:10C07000642241682B4621F02001416020464FF4A4
:10C08000C05100F031F868B9204664212A4600F01A
:10C09000F3F838B920464FF4C06164222B4600F013
:10C0A00023F838B1206E40F020002066206E40F06A
:10C0B000200020662068416821F0030141600020D3
:10C0C000E087A4F84600012084F85D00206E28B1C6
:10C0D0002046BDE8B04000F0DEB900BF2046BDE814
:10C0E000B04000F0D9B90000F0B503AF2DE9000F62
:10C0F00083B000261C4691468B46804607F8216C8B
:10C10000FBF737FD201A00EB0905FBF732FD40F283
:10C110009001C2F20001096823225143090DD8F8A9
:10C12000004069430291A16811EA0B0F35D08246A5
:10C1300019F1010036D0BBF5C06F19D1207B07F88B
:10C14000210C17F8210CFBF714FDA0EB0A00A84204
:10C1500064D2029802990028A1F101010291D8F855
:10C160000010896808BF054611F4C06FE6D113E0DE
:10C17000FBF7FFFCA0EB0A00A8424FD202980299FD
:10C180000028A1F101010291D8F80010896808BFC8
:10C19000054611EA0B0FEBD10026304603B0BDE88F
:10C1A000000FF0BD0026BBF5C06F25D1207B07F83E
:10C1B000210C17F8210CA06810F4C06FECD0207B84
:10C1C00007F8210C17F8210CA06810F4C06FE3D019
:10C1D000207B07F8210C17F8210CA06810F4C06F21
:10C1E000DAD0207B07F8210C17F8210CA06810F496
:10C1F000C06FDBD1D1E700BFA06810EA0B0FCBD036
:10C20000A06810EA0B0FC7D0A06810EA0B0FC3D0CC
:10C21000A06810EA0B0FEFD1BFE700BFD8E900011B
:10C220004268B1F5827F22F0E00242600BD1D8F87B
:10C230000810B1F5004F02D0B1F5806F03D101684D
:10C2400021F040010160D8F82810B1F5005F07D156
:10C25000016821F400510160016841F4005101605E
:10C26000012088F85D00002088F85C000326304635
:10C2700003B0BDE8000FF0BDF0B503AF4DF8048D7D
:10C2800082B0154688460446FBF773FC281A00EB7B
:10C290000806FBF76EFC40F29001C2F2000109684B
:10C2A000C1F3CB317143019121688A68120622D50E
:10C2B000054618F1010014D0FBF75BFC401BB042AF
:10C2C0001ED2019801990028A1F101010191216874
:10C2D000896808BF06460806EED40CE088680006A8
:10C2E00009D58868000606D58868000644BF8868B6
:10C2F0005FEA0060F2D4002002B05DF8048BF0BD6C
:10C30000D4E900014268B1F5827F22F0E002426088
:10C310000AD1A168B1F5004F02D0B1F5806F03D109
:10C32000016821F040010160A16AB1F5005F07D109
:10C33000016821F400510160016841F4005101607D
:10C34000012084F85D00002084F85C00032002B026
:10C350005DF8048BF0BD0000B0B502AF82B00446BA
:10C3600000684168826812F0400305D112F00105AF
:10C3700018BF11F0400513D1950709D511F08005BC
:10C3800006D0216D204602B0BDE8B040084700BF8E
:10C3900012F4B07F18BF11F0200507D102B0B0BD74
:10C3A000E16C204602B0BDE8B0400847BBB194F84C
:10C3B0005D30032B08D100210191C1680191806893
:10C3C0000190019802B0B0BD236E43F004032366D0
:10C3D00000230193C368019383680193019B12F0CA
:10C3E000200302F4807203D18AB9226EDAB9D5E74C
:10C3F000236E43F0010323660023019383680193B6
:10C40000036823F040030360019B002AEDD0226EF5
:10C4100042F0080222660022019282680192019A8B
:10C42000226E002ABAD04268890722F0E0024260F8
:10C430004FF0010284F85D2020D041684CF289451C
:10C4400021F003014160A06DC0F6000538B185639D
:10C45000FEF796F818B1206E40F040002066606D3F
:10C4600000289BD08563FEF78BF800283FF496AF39
:10C47000206E40F04000206602B0B0BD204602B001
:10C48000BDE8B04000F007B8806A0021A0F846106F
:10C49000C18700F000B870477047704770470028A8
:10C4A00004BF01207047D0B502AF044690F83D00AC
:10C4B00028B9002084F83C002046FDF799F80220B6
:10C4C00084F83D002068211D00F01CF8012084F84C
:10C4D000480084F83E0084F83F0084F8400084F867
:10C4E000410084F8420084F8430084F8440084F852
:10C4F000450084F8460084F8470084F83D00002099
:10C50000D0BD000080B56F4640F2FF7C0268C4F2E7
:10C51000000C604522DD40F60003C4F2000398429F
:10C5200025D043F20043C4F2010398421FD042F6E3
:10C530000043C4F20103984219D043F2FF33C4F21E
:10C54000010398421DDC60452ADCB0F1804F3DD0EC
:10C5500040F20043C4F2000336E000BFB0F1804F68
:10C5600005D040F20043C4F200039842E5D14B6885
:10C5700022F070021A4343F2FF33C4F201039842DF
:10C58000E1DD44F2FF33C4F20103984212DC43F2CE
:10C590000043C4F20103984218D044F2000311E0B2
:10C5A00040F60003C4F2000398420FD042F6004365
:10C5B00008E000BF44F60003C4F20103984205D02E
:10C5C00044F20043C4F20103984203D1CB6822F441
:10C5D00040721A434B6922F0800E8A6843EA0E03C8
:10C5E000D1F800C00360C262A0F18042A2F5963289
:10C5F0004FEAB222072AC0F828C007D8012303FA5D
:10C6000002F212F0E50F1CBF0969016301214161CB
:10C610000169C90708BF80BD016921F001010161FD
:10C6200080BD000090F83D1001291CBF012070471B
:10C63000022180F83D10016842F6FF30C4F201008B
:10C6400081420FDCB1F1804F1ED040F20040C4F2B5
:10C650000000814218D040F60000C4F20000814280
:10C6600012D01EE042F60040C4F2010081420BD01D
:10C6700044F20000C4F20100814205D043F20040C0
:10C68000C4F2010081420CD188680722C0F2010285
:10C690000240062A4FF0000008D0B2F5803F08BFE4
:10C6A0007047086840F001000860002070470000F3
:10C6B00090F83D1001291CBF01207047022180F82D
:10C6C0003D10016842F6FF32C868C4F2010291428F
:10C6D00040F00100C8600FDCB1F1804F1ED040F285
:10C6E0000040C4F20000814218D040F60000C4F2BD
:10C6F0000000814212D01EE042F60040C4F2010068
:10C7000081420BD044F20000C4F20100814205D006
:10C7100043F20040C4F2010081420CD18868072234
:10C72000C0F201020240062A4FF0000008D0B2F524
:10C73000803F08BF7047086840F001000860002093
:10C74000704700000146006841F21113C26822F0F0
:10C750000102C260026A1A4204D00122002081F85C
:10C760003D207047026A44F244431A42F5D1026800
:10C7700022F0010202600122002081F83D20704772
:10C78000002804BF01207047D0B502AF044690F8DE
:10C790003D0028B9002084F83C002046FCF7F2FE5A
:10C7A000022084F83D002068211DFFF7ABFE012028
:10C7B00084F8480084F83E0084F83F0084F8400084
:10C7C00084F8410084F8420084F8430084F844006F
:10C7D00084F8450084F8460084F8470084F83D005A
:10C7E0000020D0BD61B10A1F4FEAB202032A11D85E
:10C7F000DFE802F00214181C00F13F0318E000BF4C
:10C8000090F83E20012A1CBF01207047022280F8C8
:10C810003E202CE000F143030AE000BF00F140039A
:10C8200006E000BF00F1410302E000BF00F1420357
:10C830001B78012B1CBF01207047032A08D8DFE8B2
:10C8400002F0030B0F1300BF022280F83F200EE01E
:10C85000022280F843200AE0022280F8402006E00D
:10C86000022280F8412002E0022280F84220026881
:10C8700001F01F010120136A00FA01F18B431362DA
:10C88000136A0B43A2F18041A1F596314FEAB12121
:10C890000629136244D8884010F0650F40D0506CD0
:10C8A00042F6FF31C4F2010140F400408A42506474
:10C8B00010DCB2F1804F1FD040F20040C4F2000003
:10C8C000824219D040F60000C4F20000824213D028
:10C8D0001FE000BF42F60040C4F2010082420BD0CC
:10C8E00044F20000C4F20100824205D043F200404D
:10C8F000C4F2010082420CD190680721C0F201010C
:10C90000014006294FF0000008D0B1F5803F08BF74
:10C910007047106840F0010010600020704700BFB1
:10C9200042F6FF30C4F201008242C2DD43F6FF70DE
:10C93000C4F20100824207DC42F60040C4F201006A
:10C940008242D3D1D8E700BF44F20000C4F2010014
:10C950008242D1D044F60000C4F20100824202BFFC
:10C96000506C40F400405064D3E70000D0B502AFF3
:10C97000026801F01F0E4FF0010C146A0CFA0EF35E
:10C9800024EA03031362A2F18043A3F59633146AE9
:10C990004FEAB323062B146214D80CFA03F313F0F6
:10C9A000650F0FD0136A41F21114234210D1136A9C
:10C9B00044F2444423420BD1536C23F400435364A8
:10C9C00006E000BF44F60003C4F201039A42E9D036
:10C9D000136A41F21114234208D1136A44F2444409
:10C9E000234203D1136823F0010313604FEAB1011E
:10C9F00004290BD8DFE801F00410161C220000BF48
:10CA0000012180F83E100020D0BD00BF012180F838
:10CA100043100020D0BD00BF012180F83F1000204E
:10CA2000D0BD00BF012180F840100020D0BD00BF64
:10CA3000012180F841100020D0BD00BF012180F805
:10CA400042100020D0BD0000F0B503AF4DF8048DBA
:10CA500004460068D0F80C800669B10716D518F0B6
:10CA6000020113D06FF00201016101212177806979
:10CA7000800703D0204600F0D2F805E0204600F001
:10CA8000CFF8204600F0CDF800202077700719D5A8
:10CA900018F0040016D020686FF004010161022133
:10CAA0002177806910F4407F04D0204600F0B7F869
:10CAB00006E000BF204600F0B3F8204600F0B1F8D1
:10CAC00000202077300717D518F0080014D0206810
:10CAD0006FF00801016104212177C069800703D04C
:10CAE000204600F09CF805E0204600F099F820462A
:10CAF00000F097F800202077F00619D518F0100004
:10CB000016D020686FF01001016108212177C069FB
:10CB100010F4407F04D0204600F081F806E000BF0A
:10CB2000204600F07DF8204600F07BF800202077BA
:10CB3000F00718BF18F0010006D020686FF001015F
:10CB40000161204602F021F916F4025F08F0800529
:10CB500018BF002D02D1F00509D410E020686FF451
:10CB600002510161204600F011FCF00507D535B1F6
:10CB700020686FF480710161204600F008FC7006A7
:10CB800009D518F0400006D020686FF0400101611F
:10CB9000204600F047F8B00609D518F0200006D06E
:10CBA00020686FF020010161204600F0EEFBF002EA
:10CBB00009D518F4801006D020686FF48011016147
:10CBC000204600F0E5FBB00209D518F4001006D0AD
:10CBD00020686FF400110161204600F0DAFB70025A
:10CBE00009D518F4800006D020686FF48001016137
:10CBF000204600F0CFFB30020ED518F400000BD019
:10CC000021686FF4000220460A615DF8048BBDE8DC
:10CC1000F04000F0C0BB00BF5DF8048BF0BD704772
:10CC20007047704770470000F0B503AF2DE9000B67
:10CC300090F83C30012B05D102210846BDE8000BDD
:10CC4000F0BD00BF4FEAB202052A00F29581DFE88D
:10CC500012F007005500A900FF005501950100BF23
:10CC600003681D6A1A6AA3F1804622F001021A6263
:10CC70001A46D3F8048052F818CF8C68A6F5963679
:10CC8000D1F800E025F002054FEAB626072E44EA67
:10CC900005090BD80124B44014F0E50F1FBFCC6880
:10CCA00029F00C0524F0040444EA0509072E0BD8EA
:10CCB0000124B44014F0E50F1FBF28F44074D1E9FB
:10CCC0000565344344EA05084FF68C74CFF6FE74CC
:10CCD0000CEA040646EA0E06C3F804809E614E681C
:10CCE00009695E63C3F820909E6946F008069E615C
:10CCF0009E6926F004069E617FE100BF036843F24F
:10CD000000461D6A1A6AC4F2010622F010021A6275
:10CD10001A465C6852F818EFB3428E68D1F800C02A
:10CD200025F0200545EA061805D042F60046C4F273
:10CD30000106B34208D1CE686FF0400528F0C00864
:10CD400005EA061548EA0508A3F18046A6F59636D9
:10CD50004FEAB626072E0CD80125B54015F0E50F91
:10CD60001FBF24F44064D1E9055644EA850444EA2F
:10CD7000860448F6FF45CFF6FF650EEA050646EA4B
:10CD80000C265C609E614E6809699E63C3F8208032
:10CD90009E6946F400669E619E6926F480669E61E7
:10CDA0002AE100BF036843F200461D6A1A6AC4F212
:10CDB000010622F480721A621A46D3F8048052F8EF
:10CDC0001CCFB3428E68D1F800E025F4007545EA27
:10CDD000062905D042F60046C4F20106B34209D145
:10CDE000CE6840F2FF44360229F4406526EA040486
:10CDF00044EA0509A3F18044A4F596344FEAB42629
:10CE0000072E0CD80124B44014F0E50F1FBF28F4FE
:10CE10004054D1E9056544EA061444EA05184FF682
:10CE20008C74CFF6FE740CEA040646EA0E06C3F8CC
:10CE30000480DE614E680969DE63C3F82090DE6914
:10CE400046F00806DE61DE6926F00406DE61D4E005
:10CE5000036843F200461D6A1A6AC4F2010622F40E
:10CE600080521A621A46D3F8048052F81CCFB3429B
:10CE70008E68D1F800E025F4005545EA063905D062
:10CE800042F60046C4F20106B34209D1CE6844F628
:10CE9000FF74360329F4404526EA040444EA0509F0
:10CEA000A3F18044A4F596344FEAB426072E0CD89B
:10CEB0000124B44014F0E50F1FBF28F44044D1E929
:10CEC000056544EA861444EA851848F6FF44CFF61F
:10CED000FF640CEA040646EA0E26C3F80480DE610D
:10CEE0004E6809691E64C3F82090DE6946F4006646
:10CEF000DE61DE6926F48066DE617DE00368D3F8DA
:10CF000020C01A6AA3F1804422F480321A621A46C1
:10CF1000A4F596345D6852F8508FD1F800E0D1F84E
:10CF200008904FEAB424072C0AD8012606FA04F424
:10CF300014F0E50F1EBF4C6925F4803545EA042541
:10CF40004FF68C74CFF6FE74033404EA080444EA06
:10CF50000E045D601C652CF400364D6846EA0946F7
:10CF600009699D641E621E6D46F008061E651E6DF1
:10CF700026F004061E6540E0012142E00368D3F874
:10CF800020C01A6AA3F1804422F480121A621A4661
:10CF9000A4F596345D6852F8508FD1F800E0D1F8CE
:10CFA00008904FEAB424072C0AD8012606FA04F4A4
:10CFB00014F0E50F1EBF4C6925F4802545EA842551
:10CFC00048F6FF44CFF6FF6404F5407404EA080411
:10CFD00044EA0E245D601C652CF400164D6846EA98
:10CFE00009560969DD641E621E6D46F400661E6501
:10CFF0001E6D26F480661E650902136819431160D0
:10D000000021002280F83C200846BDE8000BF0BD5E
:10D0100080B56F4690F83C20012A4FF0020200F0E4
:10D02000A88080F83D20D0F800C08822DCF80830C5
:10D03000CFF6CE721A40CCF808200B686F2B0FDDAC
:10D040001F22C0F21002934236DCB3F5005F45DACE
:10D05000702B00F09180B3F5805F00F08380D5E005
:10D060002F2B35DD4F2B3FDC302B6FD0402B40F08A
:10D07000CD80D1F804E0C968DCF82030DCF820204D
:10D0800022F00102CCF82020DCF8182022F0F00277
:10D0900042EA011123F00A0242EA0E02CCF818100B
:10D0A000CCF82020DCF808104FF68872CFF6CF724B
:10D0B0001140473154E000BF3F21C0F210018B42C4
:10D0C0003ADC2021C0F210018B423FD0302139E000
:10D0D000E3B3102B3AD0202B38D097E060D0B3F1D7
:10D0E000101F33D092E000BF502B6DD0602B40F06A
:10D0F0008D80D1F804E0C968DCF82030DCF820200D
:10D1000022F01002CCF82020DCF8182022F4704223
:10D1100042EA013123F0A00242EA0E12CCF81810C4
:10D12000CCF82020DCF808104FF68872CFF6CF72CA
:10D130001140673114E000BF4021C0F210018B4262
:10D1400004D07021C0F210018B425FD1DCF80810CE
:10D150004FF68872CFF6CF721140194341F00701A4
:10D16000CCF808100022012180F83D10002180F841
:10D170003C10104680BD00BFD1E901E3C968DCF86E
:10D18000082043EA0E0322F47F4243EA01211143BF
:10D19000CCF80810DCF8081041F07701E0E700BF98
:10D1A000D1E901E3C968DCF8082043EA0E0322F460
:10D1B0007F4243EA01211143CCF80810DCF8081043
:10D1C00041F48041CCE700BFD1F804E0C968DCF845
:10D1D0002030DCF8202022F00102CCF82020DCF8FE
:10D1E000182022F0F00242EA011123F00A0242EA7A
:10D1F0000E02CCF81810CCF82020DCF808104FF6FE
:10D200008872CFF6CF7211405731A9E70122AAE701
:10D21000F0B503AF4DF804BD90F83C20012A4FF063
:10D22000020248D080F83D20026843F2004C546866
:10D230009368C4F2010C42F6004E6245C4F2010E3E
:10D2400001D0724503D14D6824F470042C434FF68D
:10D250008F75CFF6FF550E682C4042F6FF35C4F2AD
:10D2600001053443AA42546010DCB2F1804F17D05C
:10D2700040F20046C4F20006B24211D040F6000669
:10D28000C4F20006B2420BD00FE000BF724507D0D7
:10D2900044F20006C4F20106B24201D0624504D154
:10D2A000896823F08003194391600121002280F8EE
:10D2B0003D1080F83C2010465DF804BBF0BDB0B5D1
:10D2C00002AF90F83C20012A04BF0220B0BDD1E992
:10D2D0000232D1E900CE22F47C5223F4705343EAA7
:10D2E000020448F2FF73CEF6F0730EEA0302224303
:10D2F00003F5006404EA0C0442EA040C0C6903F52B
:10D30000C05222404C6942EA0C02224303F56054A9
:10D3100022400C6B03F5F04323401A438B6940F223
:10D32000000CCC69CEF6FF7C0CEA03431443D0F822
:10D3300000C043F20042C4F20102944543EA0403F0
:10D3400005D042F60042C4F20102944516D14FF6D0
:10D35000FF72CDF60F421A40D1E9083ED1E90A41E9
:10D360000025CDF6F04505EA0454224323F0085386
:10D370001A432EF000531A4342EA01030021CCF86D
:10D38000443080F83C100846B0BD70477047704785
:10D390007047704770477047D0B502AFD8B10446A8
:10D3A000D0F8880028B9002084F884002046FCF7D3
:10D3B0007DF92420C4F888002068A16A026822F060
:10D3C0000102026011B1204600F01AF8204600F078
:10D3D0008BF8012802D10120D0BD00BF2168486828
:10D3E00020F490404860886820F02A00886008682F
:10D3F00040F0010220460A60BDE8D04000F0C0B90C
:10D4000080B56F46816A0A070CD4CA0715D18A070E
:10D410001ED44A0727D4CA0630D48A0639D44A060D
:10D4200042D456E00268D0F838C0536823F4004371
:10D4300043EA0C035360CA07E9D00268D0F82CC055
:10D44000536823F4003343EA0C0353608A07E0D5A2
:10D450000268D0F830C0536823F4803343EA0C03E9
:10D4600053604A07D7D50268D0F834C0536823F414
:10D47000802343EA0C035360CA06CED50268D0F875
:10D480003CC0936823F4805343EA0C0393608A06FC
:10D49000C5D50268D0F840C0936823F4005343EA2E
:10D4A0000C0393604A0614D50268D0F844C0536850
:10D4B000BCF5801F23F4801343EA0C03536008D1AA
:10D4C000D2F804C0D0F848E02CF4C00343EA0E03BD
:10D4D0005360090658BF80BD0168C06C4A6822F4D9
:10D4E00000221043486080BDF0B503AF4DF804BD85
:10D4F00004462269D4E9021300680A436169E669B7
:10D500001143026846F6F315CCF6FF7531432A4005
:10D5100011430160416848F2000C21F44051194365
:10D520004160A269C4F2000C60451CBF216A0A4335
:10D5300081684FF2FF43C1F2FF131940114381602C
:10D54000C16AD4F824E021F00F0141EA0E01C16262
:10D5500044F6FF31C4F2000188424FF0100317DD9A
:10D5600044F60041C4F20001884225D060452BD02A
:10D5700043F60001C4F2010188423BD141F2880127
:10D58000C4F202010B6849F2D842C0F601022DE054
:10D5900044F20041C4F2000188421DD044F600016B
:10D5A000C4F20001884225D141F28801C4F202018F
:10D5B00009680B0916E000BF41F28801C4F20201BC
:10D5C00009688B090EE000BF41F28801C4F2020134
:10D5D00009688B0A06E000BF41F28801C4F202012B
:10D5E00009688B0849F2E842C0F6010203F0030122
:10D5F00052F82130604542F20040C0F2F40015D0EC
:10D60000B6F5004F22D1082B4FF0010100F2AD809A
:10D61000DFE803F0065C6AAB60ABABAB680000BF51
:10D62000FBF7B2FD002840F059809AE0082B4FF03C
:10D63000010100F29A80DFE803F0059825981B9815
:10D6400098982300FBF7A0FDB0B98AE0082B4FF0B3
:10D65000010100F28A80DFE803F005636F886788C4
:10D6600088886D00FBF790FD002860D179E000BF4D
:10D67000FBF74DFD002874D0D4F824E002E000BF91
:10D680004FF4004049F2C041C0F6010131F81E10CC
:10D690006268B0FBF1F002EB420188424FF00101F9
:10D6A00063D31303984260D8010E000210EB5200BE
:10D6B00041F100010023F5F76DFE4FF60052A0F591
:10D6C0004071C0F20F02914249D34DE0FBF771FD6A
:10D6D00020B946E0FBF71BFD002842D0D4F824E037
:10D6E00002E000BF4FF4004049F2C041C0F6010122
:10D6F00031F81E106268B0FBF1F0510801EB4000F8
:10D70000B0FBF2F04FF6EF72A0F1100191422BD86E
:10D710004FF6F0710140C0F3420008441FE000BF23
:10D72000FBF747FD18B91CE0FBF7F1FCC8B1D4F8D2
:10D7300024E001E04FF4004049F2C041C0F601018D
:10D7400031F81E104FF6EF72B0FBF1F0616800EB9C
:10D750005100B0FBF1F0A0F11001914204D8216812
:10D76000C860002101E000BF01214FF0011000223C
:10D77000A06662670846A2675DF804BBF0BD0000C2
:10D78000B0B502AF82B004460020C4F89000FAF7AA
:10D79000F0F9216805460A6812071AD56FF07E4C29
:10D7A00020464FF4001100222B46CDF800C000F0B7
:10D7B00017F968B1206850E8000F216820F0800058
:10D7C00041E80002002AF5D12020C4F8880028E0B2
:10D7D0002168086840072BD56FF07E4C20464FF437
:10D7E000800100222B46CDF800C000F0F9F8F8B116
:10D7F000206850E8000F216820F4907041E8000292
:10D80000002AF5D12068083050E8000F216820F088
:10D810000100083141E80002002AF3D12020C4F8B9
:10D820008C000320002184F8841002B0B0BD00BF3A
:10D830002020C4F88800C4F88C000020E06620672F
:10D84000002184F8841002B0B0BD0000F0B503AF31
:10D850002DE900070446D0F88800202844D10E4660
:10D8600000294FF0010000F095801546002A00F0D5
:10D8700091804FF0000A21209946C4F890A0C4F886
:10D880008800FAF776F9A4F85450A4F85650A16825
:10D890008046B1F5805F05D12069002814BF30466D
:10D8A000B2460646B4F8560010B319F1010021D073
:10D8B000B9F1000F72D121680BE000BF16F8010B1F
:10D8C0008862B4F856000138A4F85600B4F856003F
:10D8D00098B3C869000657D5002EEFD13AF8020B6D
:10D8E00000266FF35F20EBE70220BDE80007F0BDE4
:10D8F000216822E0216802E0C869000609D4C869ED
:10D90000000606D4C86900065CBFC8695FEA00600B
:10D91000F2D51EB116F8010B05E000BF3AF8020B74
:10D9200000266FF35F208862B4F856000138A4F82F
:10D930005600B4F856000028E1D1C869400620D44A
:10D94000B9F1000F20D019F101000FD1C8694006CC
:10D9500017D4C869400614D4C869400611D4C869F0
:10D9600040064FF00000F1D511E000BFFAF701F9D1
:10D97000A0EB0800484509D820680168C069400646
:10D98000F4D5002003E000BFFAF7F3F803202021CC
:10D99000C4F88810BDE80007F0BD00BF216800BFD3
:10D9A000C869000608D4FAF7E4F8A0EB0800484577
:10D9B000ECD821680868F3E716B116F8010B04E00B
:10D9C0003AF8020B00266FF35F208862B4F8560025
:10D9D0000138A4F85600B4F856000028E0D1ACE7AE
:10D9E000F0B503AF2DE9000B804600681546C2690B
:10D9F0000E461140891BB1FA81F14909A94227D18C
:10DA0000D7F80890B9F1000F26D019F1010129D1FA
:10DA1000C1693140891BB1FA81F14909A94217D185
:10DA2000C1693140891BB1FA81F14909A9420FD17D
:10DA3000C1693140891BB1FA81F14909A94207D175
:10DA4000C1693140891BB1FA81F14909A942DFD08E
:10DA50000020BDE8000BF0BDFAF78BF80320BDE80D
:10DA6000000BF0BD1C4607E0C0693040801BB0FAD7
:10DA700080F04009A842EBD1FAF77BF8001B48453B
:10DA8000ECD8D8F8000001684907EDD5402EEBD05E
:10DA9000802EE9D0C16909074CD4C1690905E3D5D5
:10DAA0004FF40061016250E8000FD8F8001020F434
:10DAB000907041E800025AB1D8F8000050E8000F19
:10DAC000D8F8001020F4907041E80002002AF3D149
:10DAD0004FF6FE70CEF6FF70D8F80010083151E80E
:10DAE000001FD8F800200140083242E80013002B44
:10DAF000F2D1D8F86C0001280BD1D8F8000050E81A
:10DB0000000FD8F8001020F0100041E80002002AB1
:10DB1000F3D120200021C8F88C00C8F86C10C8F898
:10DB20007410C8F8900088F884100320BDE8000B3A
:10DB3000F0BD00BF0821016250E8000FD8F80010C6
:10DB400020F4907041E8000262B100BFD8F80000F4
:10DB500050E8000FD8F8001020F4907041E800025F
:10DB6000002AF3D14FF6FE70CEF6FF70D8F8001001
:10DB7000083151E8001FD8F800200140083242E87F
:10DB80000013002BF2D1D8F86C0001280BD1D8F883
:10DB9000000050E8000FD8F8001020F0100041E815
:10DBA0000002002AF3D12020C8F88C0000200821B0
:10DBB000C8F86C00C8F87400C8F8901088F88400A1
:10DBC0000120BDE8000BF0BDF0B503AF2DE9000763
:10DBD00082B00446D0F88C0020282DD10E464FF09C
:10DBE000010051B3154642B3002022219946C4F8E2
:10DBF0009000C4F88C10E066F9F7BBFFA4F85C5005
:10DC0000A4F85E50A1688046E1B1B1F1805F1DD0FB
:10DC1000B1F5805F1ED12069FF250028014618BF9D
:10DC2000314608BF40F2FF15A4F86050002818BF25
:10DC30000026B2460E461EE0022002B0BDE80007F4
:10DC4000F0BD00BF206938B9FF2506E0206918B192
:10DC50003F2502E0002500E07F254FF0000AA4F8F0
:10DC6000605008E028402AF8020B0026B4F85E0055
:10DC70000138A4F85E00B4F85E0088B12046202187
:10DC800000224346CDF80090FFF7AAFE50B9206865
:10DC9000002E406AE6D0284006F8010BE6E700BFF8
:10DCA000002000E003202021C4F88C1002B0BDE861
:10DCB0000007F0BDB0B502AF0446D0F888002028B8
:10DCC0001CBF0220B0BD00294FF0010049D0002A3E
:10DCD000134608BFB0BD002221202165A4F85430AE
:10DCE000A4F85630C4F89020C4F88800E06FE8B17A
:10DCF0004DF6AD55C0F60005456325684DF6655CEB
:10DD00004DF6A75EC0F6000CC0F6000E826305F16A
:10DD10002802C0E90BCEFCF783FB38B11020C4F811
:10DD200090002020C4F888000120B0BD2068402168
:10DD30000162083050E8000F216840F0800008318F
:10DD400041E8000262B100BF2068083050E8000FCF
:10DD5000216840F08000083141E80002002AF3D138
:10DD60000020B0BD0168806A0968890648BFFCF7D9
:10DD700063B80021A0F856100168083151E8001F6F
:10DD8000026821F08001083242E80013002BF3D131
:10DD9000016851E8001F026841F0400142E80013A9
:10DDA000002BF5D17047806AFCF766B8806A02687C
:10DDB000D0F88830D0F88CC09168090626D5212B80
:10DDC00024D10021A0F8561052E8001F026821F06B
:10DDD000C00142E800134BB1016851E8001F02681E
:10DDE00021F0C00142E80013002BF5D10168083191
:10DDF00051E8001F026821F40001083242E80013D4
:10DE0000002BF3D12021C0F88810026891684906E0
:10DE10003CD5BCF1220F39D10021A0F85E1052E8A8
:10DE2000001F026821F4907142E8001353B100BF53
:10DE3000016851E8001F026821F4907142E8001364
:10DE4000002BF5D14FF6FE7CCEF6FF7C026808323F
:10DE500052E8002F036802EA0C02083343E800216D
:10DE60000029F3D1C16E01290AD100BF016851E830
:10DE7000001F026821F0100142E80013002BF5D1C9
:10DE80002021C0F88C100021C1664167D0F89010A5
:10DE900041F01001C0F89010FCF74EB880B56F4605
:10DEA000D0F88C30202B07D100294FF0010318BF88
:10DEB000002A05D1184680BD0223184680BD00BF48
:10DEC0000023C366D0F800C048F20003C4F2000388
:10DED0009C4503D0DCF804301B0203D4BDE880402D
:10DEE00000F01AB85CE800CFD0F800E04CF0806396
:10DEF0004EE8003CBCF1000FF0D000BF036853E8CF
:10DF000000CFD0F800E04CF080634EE8003CBCF15C
:10DF1000000FF3D1E2E70000B0B502AF13460A46A6
:10DF2000816500210446A0F85C30C0F890102220E2
:10DF3000C4F88C00D4F88000F0B14DF6AD55C0F6B1
:10DF40000005456325684EF2415C4EF2CB5EC0F69B
:10DF5000000CC0F6000E816305F12401C0E90BCE70
:10DF6000FCF75EFA40B11020C4F890002020C4F8FD
:10DF70008C000120B0BD00BF206948B1206850E886
:10DF8000000F216840F4807041E80002002AF5D1BA
:10DF90002068083050E8000F216840F00100083187
:10DFA00041E80002002AF3D12068083050E8000F51
:10DFB000216840F04000083141E80002002AF3D116
:10DFC0000020B0BDD0B502AF044600BF206850E8C5
:10DFD000000F216820F4907041E80002002AF5D17A
:10DFE0004FF6FE70CEF6FF702168083151E8001F31
:10DFF00022680140083242E80013002BF4D1E06EA1
:10E00000012809D1206850E8000F216820F0100095
:10E0100041E80002002AF5D12068816849060BD446
:10E0200000210F22A4F85E10A16502622020C4F82E
:10E030008C00E16637E000BF083050E8000F21682F
:10E0400020F04000083141E800025AB12068083051
:10E0500050E8000F216820F04000083141E800023C
:10E06000002AF3D1D4F8800070B14EF2B101C0F6AD
:10E0700000018163FCF784FAC0B1D4F88000816BA1
:10E0800088470020D0BD00BF0020A4F85E002168B2
:10E090000F22A0650A628A6942F008028A61202183
:10E0A000C4F88C10E0662046FBF766FF0020D0BD68
:10E0B000806A0021A0F85E1002680F231362936942
:10E0C00043F0080393612022C0F88C20C166FBF75F
:10E0D00053BF0000F0B503AF4DF804BD016840F632
:10E0E0002F03CA69044608688E681340202B0FD19D
:10E0F00000F0200306F080555B191AD0616F0029EB
:10E1000070D020465DF804BBBDE8F040084700BF72
:10E1100040F60F031A420CD00123C1F2000306EAB5
:10E12000030C40F22013C0F20043034013EB0C0336
:10E130005CD1E36E012B05D112F0100318BF10F073
:10E1400010033DD1D3020DD516F480030AD04FF44D
:10E15000801220460A625DF804BBBDE8F04000F082
:10E1600041BA00BF130606D500F0800306F400068E
:10E170009B1940F01781530640F1A28010F0400334
:10E1800000F09E8051E8000F216820F0400041E837
:10E1900000024AB1206850E8000F216820F04000DA
:10E1A00041E80002002AF5D120200021C4F88800AF
:10E1B0002046A1675DF804BBBDE8F040FBF73CBE1C
:10E1C00010200862886840061CD4B4F85C00B4F8DB
:10E1D0005E20B4F85E30002B1CBF801A5FEA00425C
:10E1E00040F060815DF804BBF0BD00BFD30718BFED
:10E1F00010F4807340F07280930706F0010E00F176
:10E20000798082E0D4F880000068426893B2002BE5
:10E21000E8D0B4F85C60B342E4D2A4F85E200068B1
:10E2200080063DD451E8000F216820F4807041E859
:10E2300000024AB1206850E8000F216820F4807085
:10E2400041E80002002AF5D12068083050E8000FAC
:10E25000216820F00100083141E80002002AF3D1D2
:10E260002068083050E8000F216820F04000083195
:10E2700041E80002002AF3D12020C4F88C000020DD
:10E28000E06600BF206850E8000F216820F0100011
:10E2900041E80002002AF5D1D4F88000FCF73AF9F1
:10E2A00002202067B4F85C00B4F85E10401A81B216
:10E2B00020465DF804BBBDE8F04000F03FB900BF68
:10E2C000110240F1D98010F0804100F0D580204645
:10E2D0005DF804BBBDE8F04000F086B901230B6295
:10E2E000D4F8903043F00103C4F89030930706F05F
:10E2F000010E0AD5BEF1000F07D002230B62D4F83D
:10E30000903043F00403C4F8903053070AD5BEF1AF
:10E31000000F07D004230B62D4F8903043F00203BF
:10E32000C4F8903013070CD500F0200353EA0C0317
:10E3300007D008230B62D4F8903043F00803C4F8E8
:10E34000903013050BD510F0806308D04FF40063B4
:10E350000B62D4F8903043F02003C4F89030D4F826
:10E360009030002B3FF43EAF12F020021EBF00F0B1
:10E37000200006F0805210EB020040F0CF80D4F86D
:10E3800090008A6800F0280002F0400280180FD147
:10E390002046FBF7D1FD0020C4F890005DF804BBD7
:10E3A000F0BD00BFA16F00297FF4ABAE1AE700BF3C
:10E3B00051E8000F216820F4907041E800024AB152
:10E3C000206850E8000F216820F4907041E80002B6
:10E3D000002AF5D14FF6FE70CEF6FF7021680831A5
:10E3E00051E8001F22680140083242E80013002B68
:10E3F000F4D1E06E012809D1206850E8000F2168AF
:10E4000020F0100041E80002002AF5D12020002170
:10E41000C4F88C00E166206861678168490639D5D7
:10E42000083050E8000F216820F04000083141E832
:10E4300000025AB12068083050E8000F216820F02F
:10E440004000083141E80002002AF3D1D4F88000EE
:10E4500000B34EF22D51C0F600018163FCF790F835
:10E4600000283FF4BFAED4F88000816B5DF804BB98
:10E47000BDE8F040084700BFD1017FF5B3AEB0F171
:10E48000FF3F3FF7AFAE20465DF804BBBDE8F0406C
:10E4900000F0A9B820465DF804BBBDE8F040FBF7EA
:10E4A0004BBD00BF51E8001F226821F4907142E883
:10E4B00000134BB1216851E8001F226821F49071CC
:10E4C00042E80013002BF5D14FF6FE71CEF6FF7136
:10E4D0002268083252E8002F23680A40083343E8D4
:10E4E0000026002EF4D12021C4F88C100021E16612
:10E4F000616700BF216851E8001F226821F0100108
:10E5000042E80013002BF5D1022281B22046226797
:10E510005DF804BBBDE8F04000F010B8626F002A5F
:10E520003FF42DAF20469047216828E7806A0021FC
:10E53000A0F85E10A0F85610FBF7FEBC7047000074
:10E540000168806A0968890634D40021A0F85E1049
:10E55000016851E8001F026821F4807142E800134D
:10E56000002BF5D10168083151E8001F026821F045
:10E570000101083242E80013002BF3D10168083191
:10E5800051E8001F026821F04001083242E8001300
:10E59000002BF3D12021C0F88C10C16E012909D1C4
:10E5A000016851E8001F026821F0100142E80013E1
:10E5B000002BF5D100210167C16E012918BFFBF7BF
:10E5C0007BBCB0F85C10FFF7B9BF806A012101671E
:10E5D000C16E012918BFFBF78FBCB0F85C10490869
:10E5E000FFF7ACBF70477047704790F8841001295F
:10E5F00004BF022070472421C0F888100268116807
:10E60000136823F00103136021F0005300214166D9
:10E6100013602022C0F8882080F8841008467047D4
:10E62000B0B502AF90F88420012A04BF0220B0BD2B
:10E630002422C0F888200268D0F864E0D2F800C034
:10E640001368BEF1000F23F001031360936823F0F9
:10E65000604341EA030191601AD09368916849F2DE
:10E66000F84E490FC0F6010E49F200551EF8014060
:10E67000C0F60105695CC3F34263E400B4FBF1F149
:10E680001EF80340EB5CE500B5FBF3F302E000BFCE
:10E6900001210123A0F86A102021A0F86830C2F8F7
:10E6A00000C0C0F88810002180F884100846B0BD72
:10E6B000B0B502AF90F88420012A04BF0220B0BD9B
:10E6C0002422C0F888200268D0F864E0D2F800C0A4
:10E6D0001368BEF1000F23F001031360936823F069
:10E6E000606341EA030191601AD09368916849F22E
:10E6F000F84E490FC0F6010E49F200551EF80140D0
:10E70000C0F60105695CC3F34263E400B4FBF1F1B8
:10E710001EF80340EB5CE500B5FBF3F302E000BF3D
:10E7200001210123A0F86A102021A0F86830C2F866
:10E7300000C0C0F88810002180F884100846B0BDE1
:10E74000B0B502AF94B0002400200C94CDE90A4487
:10E75000CDE90844F9F7B4FF012006904FF4A0205A
:10E760000790022028210D900325CDE91010CDE956
:10E77000120006A8CDE90E55FAF7ACF810B172B642
:10E78000FEE700BF0F20CDE9010501A80421CDE976
:10E7900003440594FAF720FB10B172B6FEE700BF00
:10E7A00014B0B0BD72B600BFFEE7000080B56F4682
:10E7B00040F6985046F20041C2F20000C4F2000157
:10E7C0004FF44073002280E80E004FF00A0C04233F
:10E7D0004FF00D0E0221C0E905C300F1240CC26008
:10E7E00002828274C0E907E18CE80A40C0E90C119A
:10E7F000C0E90E12FBF758FF002808BF80BD72B6B3
:10E80000FEE70000D0B502AF40F6FC5043F2000135
:10E81000C2F20000C4F201014FF4827200234FF4EF
:10E82000E06C4FF4007E182480E80E1007210822C7
:10E83000C0E90433C0E906E4C0E90833C0E90A319D
:10E84000C0E90C32FCF78EFD002808BFD0BD72B6BF
:10E85000FEE70000F0B503AF4DF804BD40F6606080
:10E8600043F60041C2F20000C4F200014FF482728C
:10E8700000234FF4E06C4FF0020E012480E80E50AC
:10E8800000F114014FF40075182670C10721C0E98A
:10E890000833C0E90A31C0E90C33FCF763FD18B155
:10E8A00072B600BFFEE700BF5DF804BBF0BD00001C
:10E8B000D0B502AF98B001A83421F3F78DF840F637
:10E8C000C46042F60041C2F20000C4F2010100241B
:10E8D0006322C0E90014C0E90242C0E90444846133
:10E8E000FDF74EFF10B172B6FEE700BF40F6C46000
:10E8F000C2F2000015A9CDE915441794FEF788FC73
:10E9000010B172B6FEE700BF60200E9040F6C46002
:10E910000024C2F200000EA90022CDE90F44CDE987
:10E920001144CDE91344FEF77FF918B172B600BF68
:10E93000FEE700BF4FF40050CDE906044FF0007031
:10E94000CDE90A0440F6C460C2F2000001A9CDE995
:10E950000144CDE903440594CDE90844CDE90C44D4
:10E96000FEF7ADFC10B172B6FEE700BF40F6C46022
:10E97000C2F20000FAF756FE18B0D0BDD0B502AF13
:10E980008AB040F610700024C2F200004FF08041BF
:10E9900063220894CDE90544CDE90344C0E900149D
:10E9A000C0E9024204618461FDF7EAFE10B172B66B
:10E9B000FEE700BF40F61070C2F2000007A90794FE
:10E9C0000994FEF725FC18B172B600BFFEE700BF40
:10E9D000602000900020CDE90100049040F6107006
:10E9E000C2F2000069460422FEF71EF910B172B6A9
:10E9F000FEE700BF40F61070C2F20000FAF712FE08
:10EA00000AB0D0BD80B56F4688B040F65C7043F266
:10EA100000420021C2F20000C4F201029F234FF61F
:10EA2000FF7C0791CDE90511C0E90023C0E9021C74
:10EA3000C0E904118161FDF732FD18B172B600BF63
:10EA4000FEE700BF4FF48050049040F65C70C2F2C5
:10EA5000000004A9FEF7DCFA10B172B6FEE700BFB1
:10EA60000020CDE90100039040F65C70C2F2000086
:10EA700001A9FEF7CDFB18B172B600BFFEE700BFDB
:10EA800008B080BD80B56F4640F6A87043F600011F
:10EA9000C2F20000C4F2010144F2402200234FF010
:10EAA0000C0CC0F20F0280E80E00C0E90333C0E98D
:10EAB00005C3C0E90733C0E90933FEF76DFC18B19F
:10EAC00072B600BFFEE700BF40F6A870C2F20000B9
:10EAD0000021FFF7A5FD18B172B600BFFEE700BF29
:10EAE00040F6A870C2F200000021FFF7E1FD18B166
:10EAF00072B600BFFEE700BF40F6A870C2F2000089
:10EB0000FFF773FD002808BF80BD72B6FEE7000066
:10EB100080B56F4641F23C0044F20041C2F2000071
:10EB2000C4F2000100234FF00C0C4FF4E12280E806
:10EB30000E00C0E90333C0E905C3C0E90733C0E9EB
:10EB40000933FEF729FC18B172B600BFFEE700BF1B
:10EB500041F23C00C2F200000021FFF761FD18B154
:10EB600072B600BFFEE700BF41F23C00C2F20000F7
:10EB70000021FFF79DFD18B172B600BFFEE700BF90
:10EB800041F23C00C2F20000FFF72FFD002808BF51
:10EB900080BD72B6FEE780B56F4684B041F2480092
:10EBA000C4F202000168002241F004010160016822
:10EBB00001F0040103910399016841F00101016032
:10EBC000016801F0010102910299016841F002011E
:10EBD00001600068052100F00200019001980B20FF
:10EBE000F8F7EFFF0B20F9F718F80C2005210022A9
:10EBF000F8F7E7FF0C20F9F710F80D2005210022A7
:10EC0000F8F7DFFF0D20F9F708F80E2005210022A4
:10EC1000F8F7D7FF0E20F9F700F80F2005210022A2
:10EC2000F8F7CFFF0F20F8F7F8FF1020052100229A
:10EC3000F8F7C7FF1020F8F7F0FF38200521002271
:10EC4000F8F7BFFF3820F8F7E8FF39200521002248
:10EC5000F8F7B7FF392004B0BDE88040F8F7DDBF12
:10EC6000F0B503AF2DE9000F87B0002441F24C004E
:10EC70000694C4F20200016840F2004841F020010D
:10EC800001600168C4F6000801F0200101910199BA
:10EC9000016808F5805641F0010101600168002219
:10ECA00001F001010191019901684FF0020A41F060
:10ECB000020101600068022100F002000190019849
:10ECC0003046FCF7F4F94FF09040112101224FF04B
:10ECD000110B4FF00109FCF7EAF9404640210122EF
:10ECE000FCF7E5F902AD30462946CDE902A9CDE9A8
:10ECF0000444FCF7D9F84FF090402946CDE902B919
:10ED0000CDE90444FCF7D0F84FF488164046294674
:10ED1000CDF80890CDE9036AFCF7C6F84FF400403F
:10ED2000CDE902064FF0904029460494FCF7BCF868
:10ED30004020CDE9020940462946CDE90444FCF7CC
:10ED4000B3F88020CDE90206404629460494FCF73A
:10ED5000ABF8062005210022F8F733FF0620F8F76C
:10ED60005CFF172005210022F8F72BFF1720F8F78A
:10ED700054FF282005210022F8F723FF2820F8F768
:10ED80004CFF07B0BDE8000FF0BD006844F2000181
:10ED9000C4F20101884208BFF8F7DEBE70470000E8
:10EDA000B0B502AF86B041F26001C4F202010A6858
:10EDB000044642F480320A60096801A801F48031F7
:10EDC000019101996946FAF709FAFAF7F2F94DF655
:10EDD0008361C4F21B31A0FB01014FF0FF3000EB57
:10EDE000914141F2D03044F20002C2F20000C4F27C
:10EDF000010240F2E7330025C0E90021C0E90253D7
:10EE00000561FDF74CFB054610B1284606B0B0BDC4
:10EE100041F2D030C2F20000FDF74AFC054600285E
:10EE2000F3D11820F8F7F9FE0F2C0DD81820214641
:10EE300000220025F8F7C5FE40F26800C2F200008B
:10EE40000460284606B0B0BD0125284606B0B0BD16
:10EE50004EF60C50BFF34F8FCEF200000168042233
:10EE600001F4E061C0F2FA5211430160BFF34F8F29
:10EE700000BFFDE7F0B503AF4DF804BD98B040F218
:10EE8000940103ADC2F2000128465022F2F7A8FD1A
:10EE90001020F4F7EAFC04465420F4F7E6FC06469A
:10EEA000043029465022F2F79BFD4EF60D704EF6C7
:10EEB0001571C0F60000C0F60001C4E90210002080
:10EEC00017900820266007F0D9FB03464FF209008F
:10EED000C0F60000C3E90004042000904FF20100D6
:10EEE00049F2085117AEC0F60000C0F601014FF418
:10EEF0000072019608F0A8FA09F052F8012808BF3C
:10EF000008F0C2FD18B05DF804BBF0BD0068011D3B
:10EF100000F022B8B0B502AF032A044608D00D466F
:10EF2000022A0DD0012A08D1286820600020B0BD37
:10EF30002068002818BFF4F79AFC0020B0BD00BF7D
:10EF40005420F4F792FC296854220546F2F748FD54
:10EF500000202560B0BD0000F0B503AF4DF8048D72
:10EF600094B06C4620465022F2F73AFD012001266B
:10EF700007F084FBF6F7A8F8012007F07FFBF4F711
:10EF8000AEFC012007F07AFBF4F70EFC0C2007F032
:10EF900075FBF4F7D9FE41F22045C2F2000528784E
:10EFA000C00705D04FF0FF3008F00AFDFAE700BFB8
:10EFB0004FF4A360F4F759FC804604F043FA303074
:10EFC00001F056FC08F1A8002146062204F084FE58
:10EFD00008F5D47004F1240102F01CFB08F57A70E6
:10EFE00004F1480102F096FA08F57E7000F028F866
:10EFF00041F21C40C2F20000C0F800802E70D1E740
:10F00000D0E900210846104780B56F46816819B1E4
:10F01000C168BDE88040084709F0EAFB4EF60C5095
:10F02000BFF34F8FCEF200000168042201F4E061CB
:10F03000C0F2FA5211430160BFF34F8F00BFFDE7EA
:10F04000F0B503AF2DE9000F83B049F6930149F203
:10F0500017520446C0F60101C0F6010200203B230E
:10F060000025F4F7C7FFA3464BF8585F4BF8040C94
:10F0700049F22150DA46D846D946C0F601004AF88E
:10F08000045F48F8085F49F80C5FCBE90455CBF8FA
:10F0900018500BF11C05CBF82000FAF70BFE0428E2
:10F0A00008D149F22150C0F6010029460422FAF79E
:10F0B00015FE09E03020286049F22150C0F6010019
:10F0C00029460422FAF730FE49F22A50C0F6010020
:10F0D00004F17C05C4F88000FAF7ECFD042809D19E
:10F0E00049F22A50C0F6010029460422FAF7F6FD3B
:10F0F0000AE000BF0220286049F22A50C0F6010051
:10F1000029460422FAF710FE49F23950C0F60100F0
:10F1100004F18405C4F88800FAF7CCFD012809D170
:10F1200049F23950C0F6010029460122FAF7D6FD0E
:10F130000AE000BF0120287049F23950C0F60100F2
:10F1400029460122FAF7F0FD49F24550C0F60100C8
:10F1500004F18C05C4F89000FAF7ACFD012809D140
:10F1600049F24550C0F6010029460122FAF7B6FDE2
:10F170000AE000BF0120287049F24550C0F60100A6
:10F1800029460122FAF7D0FD49F25150C0F601009C
:10F1900004F19405C4F89800FAF78CFD012809D110
:10F1A00049F25150C0F6010029460122FAF796FDB6
:10F1B0000AE000BF0120287049F25150C0F601005A
:10F1C00029460122FAF7B0FD49F25D50C0F6010070
:10F1D00004F19C05C4F8A000FAF76CFD012809D1E0
:10F1E00049F25D50C0F6010029460122FAF776FD8A
:10F1F0000AE000BF0120287049F25D50C0F601000E
:10F2000029460122FAF790FD49F26950C0F6010043
:10F2100004F1A405C4F8A800FAF74CFD012809D1AF
:10F2200049F26950C0F6010029460122FAF756FD5D
:10F230000AE000BF0020287049F26950C0F60100C2
:10F2400029460122FAF770FD49F27650C0F6010016
:10F2500004F1AC05C4F8B000FAF72CFD012809D17F
:10F2600049F27650C0F6010029460122FAF736FD30
:10F270000AE000BF0120287049F27650C0F6010074
:10F2800029460122FAF750FD49F28250C0F60100EA
:10F2900004F1B405C4F8B800FAF70CFD012809D14F
:10F2A00049F28250C0F6010029460122FAF716FD04
:10F2B0000AE000BF0120287049F28250C0F6010028
:10F2C00029460122FAF730FD49F28D50C0F60100BF
:10F2D00004F1BC05C4F8C000FAF7ECFC012809D120
:10F2E00049F28D50C0F6010029460122FAF7F6FCDA
:10F2F0000AE000BF0020287049F28D50C0F60100DE
:10F3000029460122FAF710FD49F61700C0F6010060
:10F3100004F1C405C4F8C800FAF7CCFC012809D1EF
:10F3200049F61700C0F6010029460122FAF7D6FC7B
:10F330000AE000BF0520287049F61700C0F601005A
:10F3400029460122FAF7F0FC49F65000C0F6010008
:10F3500004F1CC05C4F8D000FAF7ACFC012809D1BF
:10F3600049F65000C0F6010029460122FAF7B6FC22
:10F370000AE000BF0020287049F65000C0F60100E6
:10F3800029460122FAF7D0FCF7F72BF805464FF291
:10F390008D5004F1D406C0F6000049F29F514FF69B
:10F3A0006962C4E93D044FF0000CC0F60101C0F6EB
:10F3B000000230460023CDF800C0CDF804C0F5F7B8
:10F3C00026FF30462946F5F72FFF0A200E2100229E
:10F3D00007F0BAFAC4F8FC000A200C21002207F05A
:10F3E000B3FAC4F800014FF0FF30012107F02CFB05
:10F3F000C4F804014FF0FF30002107F025FBC4F8EA
:10F4000008014FF0FF30002107F01EFBC4F80C018B
:10F41000012007F0E2FA49F6F40194F8C420C0F69E
:10F42000010194F8CC3051F8222049F61011C0F6B1
:10F43000010151F82310C4F810011046FAF776FEC6
:10F440004FF6F942C0F60002002008212346FAF7E1
:10F45000F1FD4FF61D62C0F6000200200121234697
:10F46000FAF7E8FD082007F009F903464FF679603E
:10F470004FF67165C0F60000C0F6000549F2A751CD
:10F48000C3E900040426C0F601012846C022CDF8D5
:10F4900004B0009607F0D8FF082007F0EFF8034605
:10F4A00040F2F100C0F6010049F2B551C3E9000491
:10F4B000C0F6010128464FF48072CDF804A00096F2
:10F4C00007F0C2FF49F6930149F2BE52C0F60101AE
:10F4D000C0F6010200200C23F4F78CFD02900820F6
:10F4E00007F0CCF8034640F2B150C0F601001860B6
:10F4F000029849F6C50140F29D52C0F60101C0F6DE
:10F5000001025C60F4F776FD02A8002100224FF0B2
:10F51000FF3304F012FB082007F0B0F8034640F276
:10F520007160C0F6010049F2CC51C3E90004C0F695
:10F53000010128468022CDF80490009607F084FF50
:10F54000082007F09BF8034640F29970C0F60100CE
:10F5500049F2D751C3E90004C0F601012846C02290
:10F560000096CDF8048007F06FFF41F26C40C2F2C4
:10F57000000000F10C01002046220023FAF78AFD6A
:10F58000204603B0BDE8000FF0BD0000F0B503AFAA
:10F590002DE9000B88B0044649F27C60C0F60100FA
:10F5A00015460E46F4F778F9032E0BD0012E43D101
:10F5B00094F8A400002845D049F2E250C0F60100BA
:10F5C00056E100BF686849F2D971C0F60101F2F74F
:10F5D0006BFD00286AD0686849F26F51C0F60101DE
:10F5E000F2F762FD00287DD0686849F2F471C0F638
:10F5F0000101F2F759FD002800F0E280686849F245
:10F60000FC71C0F60101F2F74FFD002800F0C8813F
:10F61000686849F61301C0F60101F2F745FD0028BC
:10F6200000F0E281686849F64C01C0F60101F2F78A
:10F630003BFD002800F0FC8149F67F00C0F6010088
:10F6400060E100BF94F8B400002800F00D8149F299
:10F65000EF50C0F60100F4F71FF994F8840028B1C8
:10F6600049F2FF50C0F60100F4F716F994F88C0047
:10F6700028B149F20560C0F60100F4F70DF994F8DD
:10F68000940028B149F20B60C0F60100F4F704F9C8
:10F6900094F89C0028B149F21160C0F60100F4F71B
:10F6A000FBF849F27B60C0F60100E1E0AD6801A81B
:10F6B00000F10808002DCDF8048000F0558228469E
:10F6C000F2F7BEFE06460F2807906FD901A807A9DA
:10F6D000002209F095F8079901900391002E69D155
:10F6E0001CE100BFA86849F61F21C0F60101F2F72E
:10F6F000DBFC002800F07481A86849F6C001C0F660
:10F700000101F2F7D1FC002800F08A81A86849F6CF
:10F71000EC11C0F60101F2F7C7FC002800F0AC8143
:10F72000A86849F6B401C0F60101F2F7BDFC002853
:10F7300000F0AA81A86849F2E371C0F60101F2F76E
:10F74000B3FC002800F0AE81A86849F2B151C0F6C0
:10F750000101F2F7A9FC002800F0C681A86849F26F
:10F76000B951C0F60101F2F79FFC002800F0E081DA
:10F77000A86849F2E971C0F60101F2F795FC00288A
:10F7800040F0C28004F1BC00012501A98DF80450AD
:10F7900000F09EFA062104F1C4008DF8041001A9BE
:10F7A00000F0A0FA85F31388FFF738FC0198002ECB
:10F7B00000F0B480012E40F0AD8029780170ADE0FA
:10F7C000A86849F61F21C0F60101F2F76DFC002878
:10F7D00000F02A81A86849F6C001C0F60101F2F7DD
:10F7E00063FC002800F04C81A86849F6EC11C0F6D3
:10F7F0000101F2F759FC002800F05081A86849F691
:10F80000B401C0F60101F2F74FFC002800F05E8160
:10F81000A86849F2E371C0F60101F2F745FC00283F
:10F8200000F07281A86849F2B151C0F60101F2F707
:10F830003BFC002800F08081A86849F2B951C0F66D
:10F840000101F2F731FC002800F08A81A86849F232
:10F85000E971C0F60101F2F727FC00284FF000051E
:10F8600053D104F8BC5F34E149F21760C0F60100DF
:10F87000F4F712F894F8AC1049F2346049F24B6294
:10F88000C0F60100C0F60102002908BF1046F4F7D7
:10F8900003F894F8BC1049F2636049F27E62C0F646
:10F8A0000100C0F60102002908BF1046F3F7F4FF7B
:10F8B000E16F49F29A60C0F60100F3F7EDFF616F66
:10F8C00049F2AE60C0F60100F3F7E6FF49F2C0600E
:10F8D000C0F60100F3F7E0FF49F2EB60C0F601006B
:10F8E000F3F7DAFF49F20E70C0F60100F3F7D4FF28
:10F8F00049F25470C0F60100F3F7CEFF49F2AB7045
:10F90000C0F60100F3F7C8FF0025284608B0BDE89F
:10F91000000BF0BD29463246F2F762F807980199CC
:10F92000002602900E54019DF2F7AAF8D0F800903C
:10F93000F2F7A6F8066007A928460A22F2F734FF74
:10F940000799A94200F016810546F2F799F8006878
:10F95000222800F01581F2F793F8006818B9F2F741
:10F960008FF8C0F800900198404518BFF3F77FFF6B
:10F97000B5F57A7FA8BF4FF47A75012DD8BF012560
:10F9800044F87C5F606821460422FAF7CDF949F219
:10F99000A360C0F601002946F3F77EFFB4E700BF7D
:10F9A000A96801AD07AA284600F05AF900210A22E9
:10F9B00000F014F9019905F108029142054602D0C0
:10F9C0000846F3F754FF44F8745F60682146042248
:10F9D000FAF7AAF949F60700C0F60100DBE700BF15
:10F9E000012004F8840F52E0A96801AD07AA284657
:10F9F00000F036F900210A2200F0F0F8019905F133
:10FA000008029142054602D00846F3F730FF072D61
:10FA1000C0F0BC8049F62100C0F6010022E000BF22
:10FA2000012004F88C0F32E0002504F8845F50E0D8
:10FA3000A96801AD07AA284600F012F900210A22A0
:10FA400000F0CCF8019905F108029142054602D078
:10FA50000846F3F70CFF032DC0F0B08049F65C00B8
:10FA6000C0F60100F3F718FF4FF0FF35284608B045
:10FA7000BDE8000BF0BD00BF012004F8940F06E0C4
:10FA8000002504F88C5F24E0012004F89C0F6068D6
:10FA900021460122FAF748F936E700BF002504F8AD
:10FAA000945F16E001252146D4F8A80001F8A45F70
:10FAB0000122FAF739F9214611F8B40F00287FF432
:10FAC00023AFD4F8B80084F8B450E2E7002504F876
:10FAD0009C5F606821460122FAF726F9284608B0A3
:10FAE000BDE8000BF0BD00BF01222146D4F8B800EC
:10FAF00001F8B42F0122FAF717F9214611F8A40FE3
:10FB0000002540BB01E700BF00252146D4F8A8002E
:10FB100001F8A45F0122FAF707F9214611F8B40FA2
:10FB200000283FF4F2AED4F8B80084F8B450D2E71D
:10FB3000012004F8AC0FAAE700252146D4F8B8004C
:10FB400001F8B45F0122FAF7EFF8214611F8A40F8B
:10FB500000283FF4DAAED4F8A80084F8A450BAE73D
:10FB6000002504F8AC5FB4E749F6C700C0F6010011
:10FB700008F032FE49F68E00C0F6010008F02FFEB4
:10FB800049F68E00C0F6010008F02FFE04F1C40013
:10FB900001A98DF8045000F0A5F849F6F400C0F66C
:10FBA000010050F8251049F64200C0F60100F3F7B5
:10FBB00073FE012080F31388FFF730FA04F1CC00C4
:10FBC00001A9002D18BF01258DF8045000F080F820
:10FBD000012080F31388FFF721FA0000F0B503AF8E
:10FBE0004DF8048D82B0056816460C46F1F748FFC3
:10FBF000D0F80080F1F744FF0021016001A92846F8
:10FC00003246F2F7D1FD0199A9421DD00646F1F71F
:10FC100037FF006822281DD014B10198401B2060D6
:10FC2000F1F72EFF006828B1304602B05DF8048B72
:10FC3000F0BD00BFF1F724FFC0F80080304602B0ED
:10FC40005DF8048BF0BD00BF49F68E00C0F60100E0
:10FC500008F0C5FD49F68E00C0F6010008F0C5FDAC
:10FC6000F0B503AF4DF804BD82B004460830206003
:10FC700041B308460D46F2F7E3FB06460F28019014
:10FC80000AD901A92046002208F0BAFD0199206096
:10FC9000A1601EB90CE000BF20684EB1012E03D157
:10FCA0002978017004E000BF29463246F1F798FE3A
:10FCB00001992268002361602046535402B05DF828
:10FCC00004BBF0BD49F6C700C0F6010008F084FD92
:10FCD0000346406891F800C01946012283F800C02D
:10FCE000FAF722B80346406891F800C0194601228D
:10FCF00083F800C0FAF718B8F0B503AF2DE9000F8C
:10FD000083B082460020FAF7E5F905460020FAF7AD
:10FD1000F7F941F26C460E2DC2F2000672D34FF095
:10FD20000E0B4FF080594FF0000808E008F1010871
:10FD300008F10E0BAB4598BFB8F1390F62D206EB54
:10FD4000080414F80C0FA628F0D120460E2105F067
:10FD5000CBF90028EAD014F8010F6178A278E37893
:10FD600040EA012042EA032140EA0141304640F8DE
:10FD7000041B211D0822F1F7DFFEEFF3058058B3C5
:10FD8000DAF80001314601AA002306F0FBFF0198D2
:10FD900048B14EF60450CEF20000C0F80090BFF318
:10FDA0004F8FBFF36F8FEFF3058000B3DAF80C01CC
:10FDB0000021029102A907F073F80298F0B14EF603
:10FDC0000450CEF20000C0F80090BFF34F8FBFF395
:10FDD0006F8F5FFA8BF8ABE7DAF80001314600224B
:10FDE000002306F073FEEFF305800028DED1DAF879
:10FDF0000C0100210022002306F068FE5FFA8BF858
:10FE000096E700BF06F10C01002046220023FAF716
:10FE100041F903B0BDE8000FF0BD000080B56F46AA
:10FE200082B0EFF30581A9B10021D0F8040101915E
:10FE300001A907F035F8019850B14EF60450CEF202
:10FE400000004FF080510160BFF34F8FBFF36F8F01
:10FE500002B080BDD0F8040100210022002302B0CE
:10FE6000BDE8804006F032BED0E908C318466047BE
:10FE7000D0E900210846104780B56F4682B004469D
:10FE8000851DF9F7CEFF9FED998A9FED969A9FED1C
:10FE900096BA9FED93CA04F1020904F58A76B6EE8C
:10FEA00000AA0DF10408019094F8B40038B900BF1D
:10FEB0000A2007F085FD94F8B4000028F8D094F8E3
:10FEC000A40038B1616F00204A46382303F0DAFD00
:10FED000FCE000BF94F88400B0B3E88BA98B2A8CB7
:10FEE00041EA004000EE100A20EE0C0A20EE090A5A
:10FEF000BDEEC00A698C10EE100AA4F8180142EA9F
:10FF0000014000EE100A20EE0C0A20EE090ABDEEB8
:10FF1000C00AE98CAA8C10EE100AA4F81A0142EA71
:10FF2000014000EE100A20EE0C0A20EE090ABDEE98
:10FF3000C00A616F10EE100AA4F81C01C4F8141175
:10FF40000020314603F044FD94F88C00B8B3688A71
:10FF5000298A41EA004000EE100AE88AA98A80EE68
:10FF60000B0A41EA004001EE100A688B298B81EEF2
:10FF70000B1A41EA004002EE100A82EE0B2A20EE34
:10FF8000090ABDEEC00A10EE100AA4F8180121EE0D
:10FF9000090ABDEEC00A10EE101A22EE090AA4F8F2
:10FFA0001A11BDEEC00A616F10EE100AA4F81C0110
:10FFB000481CC4F814010020314603F009FD94F8F0
:10FFC0009400002847D068882988AA8841EA004020
:10FFD00000EE100A20EE0A0A20EE090ABDEEC00A61
:10FFE000E98810EE100AA4F8180142EA014000EE78
:10FFF000100A20EE0A0A20EE090ABDEEC00A69893D
:020000040801F1
:100000002A8910EE100AA4F81A0142EA014000EE13
:10001000100A20EE0A0A20EE090ABDEEC00AE9899C
:10002000AA8910EE100AA4F81C0142EA014000EE71
:10003000100A20EE0A0A20EE090ABDEEC00A616F1E
:1000400010EE100AA4F81E01081DC4F814010020C7
:10005000314603F0BDFC94F89C00B8B3E88DA98D3F
:1000600041EA004000EE100A688E298E80EE080AF0
:1000700041EA004001EE100A688D298D81EE081AD0
:1000800041EA004002EE100A82EE082A20EE090A38
:10009000BDEEC00A10EE100AA4F8180121EE090AFC
:1000A000BDEEC00A10EE101A22EE090AA4F81A11C9
:1000B000BDEEC00A616F10EE100AA4F81C01C81C46
:1000C000C4F814010020314603F082FCE16F404681
:1000D00007F02EFB94F8B40000287FF4F0AEE7E6BA
:1000E0000000803D00FEFF4658A00B42DB0FC940D8
:1000F00080B56F4688B0044649F69500C0F6010009
:100100004FF0FF31F4F7D2FE20B1F4F71BFB0546A8
:1001100001E000BF002549F69E00C0F601004FF047
:10012000FF31F4F7C3FE18B1F4F70CFB064600E00C
:10013000002649F6A700C0F601004FF0FF31F4F7A2
:10014000B5FE18B1F4F7FEFA824601E04FF0000A5E
:1001500049F6B000C0F601004FF0FF31F4F7A6FEFB
:1001600020B1F4F7EFFA834602E000BF4FF0000B36
:1001700049F61820C0F601004FF0FF310595F4F75D
:1001800095FE049620B1F4F7DDFA054601E000BFC4
:10019000002549F6B900C0F601004FF0FF3104F127
:1001A000220604F11608F4F781FE18B1F4F7CAFA32
:1001B000814601E04FF00009F9F733FE0690A01DDB
:1001C000039004F16800029004F148009FED8D8ACD
:1001D0009FED8DDA019004F13C00B5EE00CAB7EE58
:1001E000009A009094F8AC0020BB1CE0D4F8040105
:1001F0004FF0FF3106F0A0FF41F224410020C2F28F
:1002000000013B220023F9F725FFD4F8100100215B
:100210000022002306F05AFCE16F06A807F088FAD6
:1002200094F8AC0030B90A2007F0CAFB94F8AC008F
:100230000028F8D0D4F810014FF0FF3106F07CFF11
:10024000BAF1000FEFF3058206D050463146002A7E
:1002500018BF0122F4F786FA0498EFF3058228B15B
:100260004146002A18BF0122F4F77CFA0598EFF303
:10027000058228B1002A18BF01220399F4F772FA07
:10028000BBF1000FEFF3058206D0002A18BF012250
:1002900002995846F4F766FAEFF3058235B1002A61
:1002A00018BF012201992846F4F75CFAB9F1000F52
:1002B000EFF3058206D0002A18BF012200994846B4
:1002C000F4F750FA41F23C50C2F2000000680078A6
:1002D00060B1002DEFF305827ED028463146002A1A
:1002E00018BF0122F4F73EFA76E000BF708831882B
:1002F00041EA004000EE100AF0F78AF8F088B18871
:10030000B0EE40AA41EA004000EE100AF0F780F893
:10031000B0EE40BAB4EE40AAF1EE10FAC8BFB0EEAB
:100320004ABA708931898DED07BA41EA004000EE82
:10033000100AF0F76DF8B4EE40BAF1EE10FAC8BF4B
:10034000B0EE4B0A20EE0C0A20EE000A8DED070AF3
:1003500007A8B0EE480AF0EE490A05F0A7F8708841
:1003600031889DED071A41EA004094ED122A00EE13
:10037000100A39EE413A21EE022A20EE030A30EE4D
:10038000020A10EE100A3080000C7080F088B188EC
:1003900094ED130A41EA004002EE100A21EE000A31
:1003A00022EE032A32EE000A10EE100AB080000C92
:1003B000F0807089318994ED140A41EA004002EE20
:1003C000100A21EE000A22EE031A31EE000A10EEA6
:1003D000100A3081000C708141F23C50C2F20000E2
:1003E0000068407890B1B9F1000FEFF3058200F09A
:1003F000958048464146002A18BF0122F4F7B2F919
:100400008CE000BF0000000058A00B41B8F80200CB
:10041000B8F8001041EA004000EE100AEFF7F8FFCC
:10042000B8F80600B8F80410B0EE40AA41EA00405F
:1004300000EE100AEFF7ECFFB0EE40BAB4EE40AABF
:10044000F1EE10FAC8BFB0EE4ABAB8F80A00B8F830
:1004500008108DED07BA41EA004000EE100AEFF7F0
:10046000D7FFB4EE40BAF1EE10FAC8BFB0EE4B0AB7
:1004700080EE0D0A07A8F0EE490A20EE000A8DED85
:10048000070AB0EE480A05F011F8B8F80200B8F80B
:1004900000109DED071A41EA004094ED0F2A00EE8E
:1004A000100A39EE413A21EE022A20EE030A30EE1C
:1004B000020A10EE100AA8F80000000CA8F80200CA
:1004C000B8F80600B8F8041094ED100A41EA0040AC
:1004D00002EE100A21EE000A22EE032A32EE000A92
:1004E00010EE100AA8F80400000CA8F80600B8F8EE
:1004F0000A00B8F8081094ED110A41EA004002EE33
:10050000100A21EE000A22EE031A31EE000A10EE64
:10051000100AA8F80800000CA8F80A0004F1680303
:100520000FCB3182090CB081000C7182110CF0816B
:10053000A520B282F18220706370F9F772FC6080AE
:10054000000CA08020463A21FF2204F085FD84F8AB
:100550003A0041F22440C2F2000021463B22F1F76A
:10056000EBFAEFF3058000283FF440AED4F8040125
:1005700000210791002107AA06F0BCFE0798002879
:100580003FF43AAE4EF60450CEF200004FF08051E8
:100590000160BFF34F8FBFF36F8F2DE680B56F46BD
:1005A0004068D1E90021904780F0010080BD000043
:1005B000D0B502AF86B0024652F8040B0C46010ECD
:1005C0008DF805008DF80810010C000A8DF8060062
:1005D00001A88DF80710053011460822F1F7ACFA92
:1005E000EFF3058070B3D4F8FC0001A905AA00233D
:1005F00006F0C8FB059850B14EF60450CEF200004C
:100600004FF080510160BFF34F8FBFF36F8FEFF357
:10061000058010B30021D4F80801059105A906F062
:100620003FFC059850B14EF60450CEF200004FF05A
:1006300080510160BFF34F8FBFF36F8F012006B071
:10064000D0BD00BFD4F8FC0001A90022002306F0B1
:100650003DFAEFF305800028DCD1D4F80801002131
:100660000022002306F032FA012006B0D0BD0000BF
:1006700080B56F468AB04EF604590446CEF20009A2
:1006800005AD4FF0000AA7F1220809AE4FF0805BDC
:1006900094F8BC0010BB1AE0D4F804014FF0FF310D
:1006A00006F04AFD404629460E22F1F745FA0020A1
:1006B00041460E220023F9F7CDFCD4F810010021A9
:1006C0000022002306F002FA94F8BC0030B90A2098
:1006D00007F076F994F8BC000028F8D0EFF3058015
:1006E00080B1D4F8080100213246CDF824A006F0EC
:1006F00001FE099860B1C9F800B0BFF34F8FBFF396
:100700006F8F05E0D4F808014FF47A7106F014FDFC
:10071000D4F810014FF0FF3106F00EFDEFF3058025
:1007200080B1D4F8FC002946324606F0E3FD099971
:1007300029B1C9F800B0BFF34F8FBFF36F8F012805
:10074000BBD107E0D4F8FC002946002206F024FCC7
:100750000128B2D1A6208DF8140028460D21FF22D1
:1007600004F07AFC8DF82100EFF3058000283FF4B7
:1007700093AFD4F8040100213246CDF824A006F04E
:10078000B9FD099800283FF48DAFC9F800B0BFF358
:100790004F8FBFF36F8F85E780B56F4682B04EF6FF
:1007A000045B41F260450446CEF2000BC2F2000544
:1007B0004FF0000A0DF104084FF08056E94602E0C0
:1007C0000A2007F0FDF894F8BC000028F8D0EFF3F9
:1007D000058018B3D4F80C0100214A46CDF800A0DA
:1007E00006F088FD009828B1CBF80060BFF34F8F6A
:1007F000BFF36F8FEFF30580D0B1D4F80001294625
:10080000424606F077FD019929B1CBF80060BFF3AD
:100810004F8FBFF36F8F0128D5D111E0D4F80C01B1
:100820004FF47A7106F088FCEFF305800028E4D1DC
:10083000D4F800012946002206F0AEFB0128C2D1FF
:100840000020294603F0C4F8BDE700004EF60C5026
:10085000BFF34F8FCEF200000168042201F4E06183
:10086000C0F2FA5211430160BFF34F8F00BFFDE7A2
:10087000F0B503AF2DE9000B82B049F693060025D1
:10088000C0F6010649F695020446C0E900558046C7
:10089000C0F6010200203146102348F8085FF3F744
:1008A000A9FB49F6B002E060C0F601020020314623
:1008B0000C23F3F79FFBC4E90405C4E90655C4E91A
:1008C0000855C4E90A55C4E90C55C4E90E55C4E9F4
:1008D0001055F5F77FFD814640F6691004F1480692
:1008E000C0F6010049F61C1141F2F912C4E91A04DC
:1008F000C0F60101C0F601023046002300950195C3
:10090000F4F785FC30464946F4F78EFC4FF0FF3093
:10091000002106F099F820670020CBF68070C4E92A
:1009200005050820C4E9075505F0A8FE034641F275
:100930000920C0F60100C3E900040320009041F241
:10094000012049F62111C0F60100C0F601014FF463
:100950008072CDF8048006F077FD204602B0BDE835
:10096000000BF0BD00000000F0B503AF2DE9000F53
:1009700081B02DED048B90B09246042904460BD033
:1009800002293BD0012940F04C8249F62D10C0F6D7
:100990000100F2F781FF44E2DAF8040049F6C111E0
:1009A000C0F60101F1F780FB00286BD0DAF80400F3
:1009B00049F6E611C0F60101F1F776FB002840F098
:1009C0003082DAF8088009A800F1080BB8F1000FAE
:1009D0000794CDF824B000F02D824046F1F730FDA9
:1009E00006460F280F9040F2538109A80FA9002254
:1009F00007F006FF0F9909900B914AE1DAF804001D
:100A000049F67311C0F60101F1F74EFB002840F0E2
:100A1000088249F67810C0F60100F2F73DFF40F673
:100A2000B83006F0CDFF49F69F10C0F60100F2F78E
:100A300033FF94ED098A42F2107006F0C1FF94ED85
:100A4000090A30EE480A10EE100AF2F7FBF89FEDA3
:100A5000BC0B53EC102BF2F777FA9FEDBB0B53EC6A
:100A6000102BF2F747F99FEDBA0B53EC102BF2F76E
:100A700041F9024649F6AB10C0F601000B46F2F709
:100A80000BFFCEE1DAF8088009A800F10809B8F1F7
:100A9000000FCDF8249000F0CD814046F1F7D0FC56
:100AA00006460F280F9009D909A80FA9002207F0C0
:100AB000A7FE0F9909900B9101E000BF09984EB174
:100AC000012E03D198F80010017003E04146324630
:100AD000F0F786FF0F98099900260A900E540794A4
:100AE000099CF0F7CDFFD0F80080F0F7C9FF066051
:100AF0000FA920460A22F1F757FE0F99A14200F0F4
:100B00009F810546F0F7BCFF0068222800F09E8117
:100B1000F0F7B6FF006818B9F0F7B2FFC0F8008030
:100B20000998484518BFF2F7A2FEDAF80C80CDF814
:100B30002490B8F1000F00F07D814046F1F780FC71
:100B400004460F280F9009D909A80FA9002207F021
:100B500057FE0F9909900B9101E000BF09984CB125
:100B6000012C03D198F80010017003E041462246A1
:100B7000F0F736FF0F98099900260A900E54099C49
:100B8000F0F77EFFD0F80080F0F77AFF06600FA93B
:100B900020460A22F1F708FE0F99A14200F0508189
:100BA0000446F0F76DFF0068222800F04F81F0F74F
:100BB00067FF006818B9F0F763FFC0F80080099874
:100BC000484518BFF2F753FEB4F57A7FA8BF4FF43B
:100BD0007A74022CD8BF0224DDF81CA0A54230DDB7
:100BE000DAE90980DAF80460DAF82C900895F2F76F
:100BF00029F82546044648468B46F2F723F841EC8F
:100C0000180B4046F2F71EF841EC190B3046F2F78C
:100C100019F841EC100B49F6C610C0F60100224647
:100C20002C46089D5B468DEC048B8DED040BF2F792
:100C300033FE204606F0C4FEF5F701F82D1BA54251
:100C4000CEDCDAE90940DAF80460DAF82C50F1F782
:100C5000F9FF804628468946F1F7F4FF41EC180B6E
:100C60002046F1F7EFFF41EC190B3046F1F7EAFFB0
:100C700041EC100B49F6C610C0F6010042464B4647
:100C80008DEC048B8DED040BF2F706FEC9E000BF7E
:100C900009984EB1012E03D198F80010017003E0BD
:100CA00041463246F0F79CFE0F98099900260A90BB
:100CB0000E54099CF0F7E4FED0F80080F0F7E0FE57
:100CC00006600FA920460A22F1F76EFD0F99A14296
:100CD00000F0B6808146F0F7D3FE0068222800F0CD
:100CE000B580F0F7CDFE006818B9F0F7C9FEC0F87E
:100CF00000800998584518BFF2F7B9FDDAF80C8062
:100D0000CDF824B0B8F1000F00F094804046F1F720
:100D100097FB05460F280F9008D909A80FA90022B4
:100D200007F06EFD0F9909900B9100E00998BDB195
:100D3000012D11D198F80010017011E000BF00BF23
:100D4000182D4454FB21094000000000008066403B
:100D5000000000000000084041462A46F0F740FE2F
:100D60000F98099900260A900E54099CF0F788FE06
:100D70000568F0F785FE06600FA920460A22F1F704
:100D800013FD0F99A1425BD00446F0F779FE00688D
:100D900022285BD0F0F774FE006810B9F0F770FEFF
:100DA00005600998584518BFF2F761FDB4F57A7FE0
:100DB000A8BF4FF47A74022CD8BF0224079DA14526
:100DC0002FDD00BFD5E90506CA46A146D5E907488B
:100DD000F1F738FF834630460891F1F733FF41ECD5
:100DE000180B20464C46D146F1F72CFF41EC190B6D
:100DF0004046F1F727FF41EC100B49F6F110DDE911
:100E00000753C0F601005A468DEC048B8DED040BA0
:100E1000F2F742FD204606F0D3FDAAEB0409A145F6
:100E2000D0DC002010B0BDEC048B01B0BDE8000F99
:100E3000F0BD00BF49F6C700C0F6010007F0CCFCCA
:100E400049F68E00C0F6010007F0C9FC49F68E0095
:100E5000C0F6010007F0C9FCB0B502AF2DED0A8B5A
:100E6000044641F2E440C2F2000000682188008894
:100E70004A42884238BFCA43111889B201EE101A9B
:100E80009FEDDA2AB8EE411A81EE021A9FEDD82AB8
:100E9000B0EE408A6080B4EE421AF1EE10FA09DD3D
:100EA0009FEDD40AB4EE401AF1EE10FA02D584EDAB
:100EB000011A06E048F6C670C0F60100F2F7ECFC35
:100EC000608894ED0F4A94ED105A94ED062A94ED43
:100ED000071A94ED116A94ED080A94ED053A25EE8F
:100EE000017A62EE440A30EEC77A60EE060A37EE07
:100EF000607A66EE010A63EE041A71EEA00A60EEF3
:100F0000051A70EEE10A66EE021A63EE052A94ED08
:100F10000C9A25EE025A23EE066A72EEE11A60EE92
:100F2000042A36EE055A21EE044A72EEA11A94ED17
:100F30000DAA75EE442AF6EE003A94ED0EBA41F28F
:100F4000C045B5EE409A27EE234A20EEA35A21EE83
:100F5000A36A22EEA37AC2F20005F1EE10FA208015
:100F600085ED004A85ED015A85ED026A85ED037A2B
:100F70000AD1B5EE40AAF1EE10FA05D1B5EE40BAAD
:100F8000F1EE10FA00F0EC802AEE0A0A29EE091AB6
:100F900031EE000A2BEE0B1A31EE000A04F06AFA69
:100FA00094ED053A94ED075A94ED064AF1EE000AE5
:100FB00029EE002A35EE057A63EE201A65EE053A31
:100FC00064EE042A62EE074A61EEA35A75EEA44A63
:100FD00061EEA21A71EEA41AF8EE004A2AEE001A87
:100FE00094ED086A64EE245A65EE816A76EEA11AE1
:100FF00066EE244A64EE206A66EE067A22EE249AB1
:1010000026EEA7AA3AEE099A23EE03AA2AEE20AA10
:101010002BEE000A2AEE04BA33EE033A3BEE099AAD
:1010200023EE01BA39EE4B9AB2EE00BA24EE0B4A27
:1010300039EE669A24EE22CA3CEE099A24EE234A3F
:1010400034EE094A66EE806A36EE844A22EE033AAE
:101050006AEE056A36EE833A65EE0B6A25EE205A93
:1010600065EE277A37EE833A64EE814A34EE833AAE
:1010700033EE453A66EEA24A34EE833A66EEA34A70
:1010800034EE833A25EE000A30EE030A22EEA03A4F
:1010900022EE252A23EE063A33EE022A23EEA03A68
:1010A00023EE063A33EE022A27EE011A32EE411AF7
:1010B00024EE042A21EEA13A33EE022A85ED060A37
:1010C00020EE000A30EE020A85ED071A21EE011A21
:1010D00031EE000AC5ED041A85ED054A04F0CAF99F
:1010E00095ED041A95ED052A95ED063A95ED074A1A
:1010F00020EE011A20EE022A20EE033A20EE040A26
:1011000095ED004A85ED041A28EE011A95ED015A75
:1011100095ED026A95ED037A34EE414A28EE021A03
:1011200085ED070A35EE415A28EE031A28EE000A2B
:1011300085ED052A85ED063A36EE416A37EE407AAE
:1011400094ED053A94ED062A94ED071A94ED080AF9
:1011500085ED004A85ED015A85ED026A85ED037A39
:10116000D4ED010A24EE204A34EE033A25EE204A5B
:1011700034EE022A26EE204A34EE011A27EE204AE7
:1011800084ED053A84ED062A22EE022A23EE033A84
:1011900034EE000A84ED071A33EE022A21EE011A1A
:1011A00084ED080A31EE021A20EE000A30EE010A40
:1011B00004F060F994ED051A94ED062A94ED073ACF
:1011C00094ED084A20EE011A20EE022A20EE033A9E
:1011D00020EE040A84ED051A84ED062A84ED073A10
:1011E00084ED080ABDEC0A8BB0BD00BF0024744931
:1011F00017B751396F12033CD0E908C3184660474E
:10120000D0E900210846104780B56F4684B00446F7
:1012100049F61820C0F601004FF0FF31F3F746FE03
:1012200020B1F3F78FFA804602E000BF4FF00008CC
:1012300049F6B900C0F601004FF0FF31F3F736FE72
:1012400020B1F3F77FFA064601E000BF002649F619
:10125000B900C0F601000021F3F728FE054608207A
:1012600005F00CFA034641F2A540C0F6010049F62C
:10127000C50141F29142C3E90004C0F60101C0F684
:1012800001022846F2F7B6FE0A2006F099FB9FED10
:101290007DBA9FED7D8A9FED7D9A04F13C0004F1BB
:1012A000300904F1140A04F1240BB7EE00CA0290CD
:1012B00056E000BFB0EE4A0AEFF716F9F0EE480A22
:1012C000EFF748F9B5EE400A30EE081AF1EE10FAE1
:1012D00048BFB0EE410A84ED0B0A94ED050A94ED87
:1012E000061A94ED072A94ED083A21EE021A20EE30
:1012F000030A30EE010A23EE031A22EE022A32EE2E
:10130000011A31EE011A30EE000A7CEE410AEFF7C5
:101310001FF9F0EE480AEFF71DF9B5EE400A30EE7E
:10132000081AF1EE10FA48BFB0EE410A84ED090A3E
:10133000EFF30585E068514610220123002D18BF08
:1013400001250095F3F7B2F9EFF3058520695946B9
:101350000C220123002D18BF01250095F3F7A6F9F3
:10136000EFF30580002800F08380206F00210391B7
:10137000002103AA05F0BEFF039850B14EF60450B9
:10138000CEF200004FF080510160BFF34F8FBFF3EA
:101390006F8FEFF3058236B1002A18BF0122029940
:1013A0003046F3F7DFF9B8F1000FEFF3058206D00E
:1013B00040464946002A18BF0122F3F7D3F9F8F74F
:1013C00030FD40F6C4118842B0EE4C0A204688BF7A
:1013D000B0EE4B0AFFF740FD94ED050A94ED071AB5
:1013E00094ED082A94ED063A21EE022A20EE030A33
:1013F00030EE020A21EE011A23EE032A32EE011A20
:1014000031EE011A30EE000A7CEE410AEFF7A0F847
:10141000F0EE480AEFF79EF8B5EE400A30EE081AF3
:10142000F1EE10FA48BFB0EE410A84ED0A0A94EDDD
:10143000050A94ED061A94ED082A94ED073A21EE78
:10144000021A20EE030A30EE410A30EE00AAB0EE96
:101450004A0AEEF7DDFFB4EE4C0AF1EE10FAFFF6A1
:1014600029AFB0EE490AF0EE4A0AEEF78DFF25E704
:10147000206F4FF0FF3105F05FFE002EEFF3058285
:101480008AD190E70AD7233CDB0FC940DB0FC93F65
:1014900080B56F464068D1E90021904780F0010097
:1014A00080BD000080B56F4682B0EFF30580A8B123
:1014B000086F002201A9019205F0F2FC019850B1D9
:1014C0004EF60450CEF200004FF080510160BFF3A1
:1014D0004F8FBFF36F8F012002B080BD086F0021D6
:1014E0000022002305F0F2FA012002B080BD0000C6
:1014F0004EF60C50BFF34F8FCEF20000016804226D
:1015000001F4E061C0F2FA5211430160BFF34F8F62
:1015100000BFFDE7F0B503AF2DE9000B0446D1E9AC
:1015200000024FF00008C4E90002A4F80880D1F8D6
:101530000490082005F0A2F8064641F2A550C0F636
:101540000100C6E900041420F2F78FF90546A0F85F
:101550000A80A0F8089041F29B50C0F60100C5E94E
:10156000006040F2A810C2F2000006680121706815
:1015700029734FF0FF3105F0DFFD05F11000314612
:10158000F3F7D2FA706800210022002305F09EFADA
:101590002046E560BDE8000BF0BDD0E9002108461B
:1015A00010470000B0B502AF0446407A90B141F256
:1015B000E045C2F200052878B0B12078217A04F025
:1015C000D2FB207A297880F00100207281F001009E
:1015D0002870B0BD2078217A04F0C5FB207A80F015
:1015E00001002072B0BD00BF01202870B0BD000016
:1015F0004EF60C50BFF34F8FCEF20000016804226C
:1016000001F4E061C0F2FA5211430160BFF34F8F61
:1016100000BFFDE7F0B503AF2DE9000F83B004462E
:101620000020208049F6FE10C0F601000D4604F1AE
:101630000806A066F8F73EFB602809D149F6FE10BF
:10164000C0F6010031466022F8F748FB0DE000BF0C
:10165000304600216022F0F785FB49F6FE10C0F607
:10166000010031466022F8F75FFB4FF0FF300021A8
:1016700025674FF0000805F0E7F960674FF0FF308D
:10168000002105F0E1F9A0674FF0FF30002105F0DF
:10169000DBF9E0674FF0FF30002105F0D5F9C4F821
:1016A00080004FF0FF30002105F0CEF949F6930598
:1016B000C0F6010549F61822C4E92108A146C0F682
:1016C0000102002029460C2349F88C8FC4F8908031
:1016D000F2F790FC49F6B902C4F89400C0F6010292
:1016E000002029460C23F2F785FCC4F89800F4F793
:1016F00078FE054641F6490004F1C006C0F6010037
:1017000049F60A2143F29502C4E93804C0F6010102
:10171000C0F6010230460023CDF80080CDF80480E9
:10172000F3F775FD30462946F3F77EFD40F2E401FC
:1017300004F1E800C2F20001B2EE040A03F034FD45
:101740004FF4C060A4F8740104F5BC70C621F0F732
:1017500043F941F2E440C2F200000460042004F0C6
:10176000EFFA05204FF0050A04F0EAFA42F6C161EB
:10177000C0F601010420224604F05CFA42F65171E1
:10178000C0F601010520224604F054FA42F6E57243
:10179000C0F601020120012123464FF0010B04F0A5
:1017A00024FB01F099F830B9012006F009F901F0A5
:1017B00093F80028F8D0082004F060FF054643F2B3
:1017C000A500C0F60100C5E900041420F2F74DF8A9
:1017D00040F2A8110646C2F2000143F29D083220F1
:1017E00035600D68C0F60108C6E9018068684FF0F1
:1017F000FF3186F80CB005F09FFC06F11000294679
:10180000F3F792F9686800210022002305F05EF9E1
:10181000082004F033FF034643F2E500C0F6010060
:1018200049F61121C3E90004C0F6010140464FF416
:101830008072CDF800A0CDF8049005F005FE20469A
:1018400003B0BDE8000FF0BDF0B503AF2DE9000F08
:1018500081B02DED0C8BA2B0164604291A9019D038
:1018600002293BD0012940F07F8049F62420C0F6B0
:101870000100F2F711F849F66820C0F60100F2F70E
:101880000BF849F68220C0F60100F2F705F800F0E7
:10189000DDBC00BF706849F6C111C0F60101F0F768
:1018A00003FC002840F0D284B4681BA800F10808AB
:1018B000002CCDF86C8000F0F9872046F0F7C0FDD1
:1018C00005460F28219040F2B9831BA821A90022C8
:1018D00006F096FF21991B901D91B0E305467068B4
:1018E00049F69621C0F60101F0F7DEFB002845D04D
:1018F000706849F69B21C0F60101F0F7D5FB00287E
:1019000068D0706849F60521C0F60101F0F7CCFBFC
:10191000002840F09B8495ED220A9FED0F1A30EECF
:10192000010AEEF775FD9FED0D1AB4EE410AF1EED6
:1019300010FA40F39584D5F88800F1F783F9024650
:1019400049F6FC20C0F601000B46F1F7A5FF4FF069
:10195000FF3000F07CBC00BF000034C29A99993E71
:10196000000000000000184049F6AB40C0F601003E
:10197000F1F792FF4FF0FF3000F069BC05F108006D
:1019800090EC080B49F6B624C0F6010453EC102B7A
:1019900020468DEC041B8DED043BF1F77DFF05F136
:1019A000280090EC080B204653EC102B8DEC041B08
:1019B0008DED043BF1F770FF05F1480090EC080B4A
:1019C000204653EC102B8DEC041B8DED043B00F0F6
:1019D0003BBC00BF95F83802002800F03F8495F822
:1019E0003902002800F04E8495F83A02002800F0F1
:1019F000598495F83B02002800F0568495F83C0283
:101A0000002800F0638495F83D02002800F06A8405
:101A100095ED5E0B95ED661B95ED60BB95ED648BCA
:101A200051EC100B53EC112B109013911192149355
:101A3000F0F7A8FF95ED6C0B04460E4651EC180B21
:101A400053EC102BF0F79EFF02461A900B461991AB
:101A500020463146F1F778FA41EC100B95ED761BF4
:101A600085ED020B95ED6E0B05F10800129051EC1F
:101A7000100B53EC112BAB46CDE90C01CDE90E2335
:101A8000F0F780FF95ED740B95ED7C1B04460D4639
:101A900051EC100B53EC112BF0F774FF0246189029
:101AA0000B46179120462946F1F74EFA9BED7E0B27
:101AB0009BED861B41EC180B54EC108B5AEC115B20
:101AC000404621462A4653468BED048BF0F75AFFD9
:101AD0009BED840B9BED8C1B0646894651EC100B4D
:101AE00053EC112BF0F74EFF024616900B46159162
:101AF00030464946F1F728FA41EC190BDDE91002AE
:101B0000DDE913138BED069BF0F73EFFDDE90C23B7
:101B1000F0F73AFFDDE90E23F0F736FF42462346A1
:101B2000F0F732FF2A465346F0F72EFF1FED740BF5
:101B300053EC102BCDE91323F1F706FA9BED680B5C
:101B400041EC1A0B51EC1B0B53EC102B8BED08AB3B
:101B50000E9010910F921193F0F714FFDDE91932F6
:101B6000F1F7F2F941EC100B9BED781B8BED0A0BB2
:101B70009BED700B9BED62CB55EC10AB9BED6ADBE4
:101B80009BED72BB53EC112B50462946CDE90C233B
:101B9000F0F7F8FEDDE91732F1F7D6F99BED801B7F
:101BA0009BED882B41EC100B58EC119B54EC126B05
:101BB00048464146324623468BED0C0BF0F7E2FED9
:101BC000DDE91532F1F7C0F941EC100BDDE90E0249
:101BD000DDE910138BED0E0BF0F7D6FE52462B46C7
:101BE000F0F7D2FEDDE90C23F0F7CEFE4A4643467D
:101BF000F0F7CAFE32462346F0F7C6FEDDE91323AE
:101C0000F1F7A2F941EC100B51EC1C0B53EC1D2B1E
:101C10008BED100B0E9010910F921193F0F7B2FE16
:101C2000DDE91932F1F790F99BED7A1B41EC100BCD
:101C300056EC1B5B53EC112B284631468BED120BF7
:101C4000CDE91923F0F79EFEDDE91732F1F77CF9B3
:101C50009BED821B9BED8A2B41EC100B5AEC118BF8
:101C600054EC129B404651464A4623468BED140BDA
:101C7000F0F788FEDDE91532F1F766F941EC100B5B
:101C8000DDE90E02DDE910138BED160BF0F77CFE9B
:101C90002A463346F0F778FEDDE91923F0F774FEA3
:101CA00042465346F0F770FE4A462346F0F76CFE74
:101CB000DDE91323F1F748F99BED021B49F6B32444
:101CC00041EC100BC0F6010453EC112B2046782197
:101CD0008BED180B8DEC048B8DED04ABF1F7DCFD77
:101CE0000BF1280090EC080B204653EC102B7921C7
:101CF0008DEC041B8DED043BF1F7CEFD0BF148009C
:101D000090EC080B204653EC102B7A218DEC041B31
:101D10008DED043BF1F7C0FD49F6C420C0F601008B
:101D2000F1F7BAFD9BED5E0B9BED089B51EC100BA0
:101D30009BED020B9BED0AAB9BED108B53EC102B34
:101D4000F0F720FE53EC192BF0F71CFE9BED600B17
:101D500004460D4651EC100B53EC1A2BF0F712FE13
:101D600053EC182BF0F70EFE9BED620B9BED121B54
:101D700041EC180B51EC100B53EC112BF0F702FE59
:101D80009BED180B53EC102BF0F7FCFD49F6CD261C
:101D900041EC100BC0F60106304622462B468DED75
:101DA000008B8DED020BF1F777FD9BED5E0B9BED4C
:101DB000089B51EC100B9BED020B9BED0AAB9BEDCE
:101DC000108B53EC102BF0F7DFFD53EC192BF0F7D1
:101DD000D9FD9BED600B04460D4651EC100B53EC06
:101DE0001A2BF0F7D1FD53EC182BF0F7CBFD9BED40
:101DF000620B9BED121B41EC180B51EC100B53ECDA
:101E0000112BF0F7C1FD9BED180B53EC102BF0F7E5
:101E1000B9FD41EC100B304622462B468DED008B70
:101E20008DED020BF1F738FD9BED660B9BED089BEA
:101E300051EC100B9BED040B9BED0CAB9BED108B51
:101E400053EC102BF0F79EFD53EC192BF0F79AFD95
:101E50009BED680B04460D4651EC100B53EC1A2B0E
:101E6000F0F790FD53EC182BF0F78CFD9BED6A0B0F
:101E70009BED141B41EC180B51EC100B53EC112B88
:101E8000F0F780FD9BED180B53EC102BF0F77AFD6B
:101E900041EC100B304622462B468DED008B8DED2C
:101EA000020BF1F7F9FC9BED660B9BED089B51ECE7
:101EB000100B9BED040B9BED0CAB9BED108B53ECCF
:101EC000102BF0F761FD53EC192BF0F75BFD9BED48
:101ED000680B04460D4651EC100B53EC1A2BF0F72F
:101EE00053FD53EC182BF0F74DFD9BED6A0B9BED6A
:101EF000141B41EC180B51EC100B53EC112BF0F7A9
:101F000043FD9BED180B53EC102BF0F73BFD41EC20
:101F1000100B304622462B468DED008B8DED020BCB
:101F2000F1F7BAFC9BED6E0B9BED089B51EC100B8F
:101F30009BED060B9BED0EAB9BED108B53EC102B2A
:101F4000F0F720FD53EC192BF0F71CFD9BED700B07
:101F500004460D4651EC100B53EC1A2BF0F712FD12
:101F600053EC182BF0F70EFD9BED720B9BED161B3F
:101F700041EC180B51EC100B53EC112BF0F702FD58
:101F80009BED180B53EC102BF0F7FCFC41EC100B05
:101F9000304622462B468DED008B8DED020BF1F77E
:101FA0007BFC9BED6E0B9BED089B51EC100B9BEDAE
:101FB000060B9BED0EAB9BED108B53EC102BF0F74B
:101FC000E3FC53EC192BF0F7DDFC9BED700B0446A2
:101FD0000D4651EC100B53EC1A2BF0F7D5FC53ECDB
:101FE000182BF0F7CFFC9BED720B9BED161B41EC11
:101FF000180B51EC100B53EC112BF0F7C5FC9BEDBB
:10200000180B53EC102BF0F7BDFC41EC100B3046D5
:1020100022462B468DED008B8DED020BF1F73CFC3B
:1020200049F6DE20C0F60100F1F736FCDBF8680067
:1020300012996022F7F778FE08E100BF1B984DB1B6
:10204000012D03D12178017004E000BF21462A460A
:10205000EFF7C6FC21981B9900251C900D541B9C82
:10206000EFF70EFDD0F80090EFF70AFD056021A90B
:1020700020460A22F0F798FB2199A14200F01C8427
:102080000546EFF7FDFC0068222800F01B84EFF7FF
:10209000F7FC006818B9EFF7F3FCC0F800901B9844
:1020A000404518BFF1F7E3FBF468CDF86C80002CD5
:1020B00000F0FC832046F0F7C3F906460F28219074
:1020C00008D91BA821A9002206F09AFB21991B9090
:1020D0001D9100E01B984EB1012E03D121780170B3
:1020E00004E000BF21463246EFF77AFC21981B99A5
:1020F00000261C900E541B9CEFF7C2FCD0F800A0E9
:10210000EFF7BEFC066021A920460A22F0F74CFB3F
:102110002199A14200F0D0838146EFF7B1FC00681D
:10212000222800F0CF83EFF7ABFC006818B9EFF777
:10213000A7FCC0F800A01B98404518BFF1F797FB1B
:10214000B9F57A7FA8BF4FF47A79B9F1020FD8BFF9
:102150004FF002091A9E4D4542DD00BF1A99D6F88C
:102160008840D6E92706D1F8A480F0F76BFD8246B7
:1021700030468B46F0F766FD41EC180B40461A9E40
:10218000F0F760FD41EC190BD6F8B400F0F75AFDFA
:1021900041EC1A0BD6F8B800F0F754FD41EC1B0BDC
:1021A000D6F8BC00F0F74EFD41EC1C0B2046F0F7D2
:1021B00049FD41EC100B49F62C40C0F60100524697
:1021C0005B468DEC0A8B8DED0A0BF1F765FB4846FB
:1021D00005F0F6FBF3F733FDA5EB09054D45BDDC36
:1021E00006F19C0531CDD6F888A0F0F72BFD80468E
:1021F00020468946F0F726FD41EC180B2846F0F7FB
:1022000021FD41EC190BD6F8B400F0F71BFD41ECB1
:102210001A0BD6F8B800F0F715FD41EC1B0BD6F8F9
:10222000BC00F0F70FFD41EC1C0B5046F0F70AFD27
:1022300041EC100B49F66B40C0F6010042464B469C
:102240008DEC0A8B8DED0A0BF1F726FB002022B0F6
:10225000BDEC0C8B01B0BDE8000FF0BD002042E0EA
:10226000D5F89C00F0F7EEFC9FED630B04465AECAA
:1022700010BB5A4653460E46F0F7CCFF20B1002063
:102280005DE000BF01202EE09FED5D0B204659EC84
:10229000108B314642464B46F0F79EFF30B11A9DF7
:1022A00001204CE002201EE003201CE01A98D0F828
:1022B000A000F0F7C7FC5A46534604460D46F0F717
:1022C000A9FF28B11A9D022039E000BF04200AE0CE
:1022D0002046294642464B46F0F77EFFA0B11A9DA4
:1022E00003202CE0052049F61C51C0F6010101EB4A
:1022F000C000416849F6A420C0F60100F1F7CCFA0D
:102300004FF0FF30A3E700BF1A98D0F8A400F0F711
:1023100099FC5A46534604460D46F0F77BFF18B128
:102320001A9D04200BE000BF2046294642464B463A
:10233000F0F752FF002800F0B3821A9D052049F6FD
:102340001C51C0F6010101EBC001496885F8750117
:1023500049F62930C0F60100F1F79EFA49F6333408
:10236000C0F6010420460521F1F796FA4FF47A7081
:1023700005F026FBF3F763FC20460421F1F78CFA05
:102380004FF47A7005F01CFBF3F759FC204603214B
:10239000F1F782FA4FF47A7005F012FBF3F74FFC75
:1023A00020460221F1F778FA4FF47A7005F008FB25
:1023B000F3F745FC204601214FF00109F1F76CFAD3
:1023C0004FF47A7005F0FCFAF3F739FC49F63F3028
:1023D000C0F601000521F1F75FFA95F875010021BB
:1023E00005EB4010C0E95E11C0E96011C0E962115F
:1023F000002110E000BF00BF0AD7A3703D0AEF3FE5
:102400000AD7A3703D0AEFBF16998BED648B01319B
:10241000052900F0FF8149F6BC361A9CC0F601067A
:10242000002530468B460021C4E95055C4E9525579
:10243000C4E95455C4E95655C4E95855C4E95A5538
:10244000C4F8705184F87491F1F726FA4FF47A7059
:1024500005F0B6FAF3F7F3FB30460121F1F71CFA69
:102460004FF47A7005F0ACFAF3F7E9FB304602213D
:10247000F1F712FA4FF47A7005F0A2FAF3F7DFFBE6
:1024800030460321F1F708FA4FF47A7005F098FA14
:10249000F3F7D5FB30460421F1F7FEF94FF47A70DB
:1024A00005F08EFAF3F7CBFB30460521F1F7F4F98E
:1024B0004FF47A7005F084FAF3F7C1FB3046062139
:1024C000F1F7EAF94FF47A7005F07AFAF3F7B7FB0F
:1024D00030460721F1F7E0F94FF47A7005F070FA11
:1024E000F3F7ADFB30460821F1F7D6F94FF47A70D7
:1024F00005F066FAF3F7A3FB30460921F1F7CCF9B2
:102500004FF47A7005F05CFAF3F799FB30460A2134
:10251000F1F7C2F94FF47A7005F052FAF3F78FFB36
:1025200030460B21F1F7B8F94FF47A7005F048FA0C
:10253000F3F785FB30460C21F1F7AEF94FF47A70D2
:1025400005F03EFAF3F77BFB30460D21F1F7A4F9D5
:102550004FF47A7005F034FAF3F771FB30460E2130
:10256000F1F79AF94FF47A7005F02AFAF3F767FB5E
:1025700030460F21F1F790F94FF47A7005F020FA08
:10258000F3F75DFB30461021F1F786F94FF47A70CE
:1025900005F016FAF3F753FB30461121F1F77CF9F9
:1025A0004FF47A7005F00CFAF3F749FB304612212C
:1025B000F1F772F94FF47A7005F002FAF3F73FFB86
:1025C00030461321F1F768F94FF47A7005F0F8F905
:1025D000F3F735FB30461421F1F75EF94FF47A70CA
:1025E00005F0EEF9F3F72BFB30461521F1F754F91E
:1025F0004FF47A7005F0E4F9F3F721FB3046162129
:10260000F1F74AF94FF47A7005F0DAF9F3F717FBAE
:1026100030461721F1F740F94FF47A7005F0D0F900
:10262000F3F70DFB30461821F1F736F94FF47A70C5
:1026300005F0C6F9F3F703FB30461921F1F72CF941
:102640004FF47A7005F0BCF9F3F7F9FA30461A2125
:10265000F1F722F94FF47A7005F0B2F9F3F7EFFAD7
:1026600030461B21F1F718F94FF47A7005F0A8F9FC
:10267000F3F7E5FA30461C21F1F70EF94FF47A70C2
:1026800005F09EF9F3F7DBFA30461D21F1F704F966
:102690004FF47A7005F094F9F3F7D1FAD4F8700199
:1026A00084F87451F0F7ACFA94ED500B81468A46E9
:1026B00094ED529B94ED54AB94ED568B51EC100B72
:1026C0004A465346F0F740FCF0F7C4FDF0F7BAFA7B
:1026D00005460E4651EC190B4A465346F0F734FCBA
:1026E000F0F7B8FDF0F7AEFACDE9180141EC190B9F
:1026F00051EC1A0B4A465346F0F726FCF0F7AAFDB8
:10270000F0F7A0FA8046179141EC1B0B51EC180B27
:102710004A465346F0F718FCF0F79CFDF0F792FAA2
:1027200094ED580B41EC180B51EC100B4A465346F4
:10273000F0F70AFCF0F78EFDF0F784FA94ED5A0BEF
:1027400041EC1A0B51EC100B4A465346F0F7FCFBD8
:10275000F0F780FDF0F776FA41EC1C0B49F6CB3030
:10276000C0F6010059462A4633468DED009B8DED9B
:1027700002BB8DED048B8DED06ABCDF858B08DED21
:1027800008CBF1F789F894F875912A4604EB491BB8
:102790009BED5E0B9BED609B9BED62BB51EC100BC8
:1027A0003346F0F7F1F841EC100BDDE918238246CF
:1027B000159151EC190B8BED5E0BF0F7E5F841EC40
:1027C000100B179B05460C4651EC1B0B42468BED3C
:1027D000600BF0F7D9F841EC100BB9F1050F8BED58
:1027E000620B3FF6C7A80646012000FA09F08846AA
:1027F00081074FF001097FF407AEB0EE4A8AF0EE90
:102800006A8A10F00C0F04BFB0EE4C8AF0EE6C8AAE
:10281000FAE500BF0BF5BC709FED2D0B16900BF584
:10282000C07018900BF5C47059EC10BB1599199035
:1028300050465A464B46F0F787FB179041EC100B79
:1028400016988A4680ED000B284621465A464B468C
:10285000F0F77AFB41EC190B1898414680ED009B8C
:1028600030465A464B46F0F76FFB41EC100B199877
:10287000179A80ED000B49F60640C0F6010053465A
:102880008DED009B8DED020B8DED048BF1F704F8BF
:102890001A9991F875010844012180F83812D5E49D
:1028A00049F61130C0F60100FFF762B849F6C700DB
:1028B000C0F6010005F090FF49F68E00C0F6010059
:1028C00005F08DFF49F68E00C0F6010005F08DFF82
:1028D0000000000000001440F0B503AF4DF8048D77
:1028E00082B00120012605F06BF8022000214FF094
:1028F000000803F038FA01207E21B62203F0A9FA7D
:102900000220012103F02FFA012005F059F80320DD
:10291000002103F028FA01201421B62203F099FACD
:102920000320012103F01FFA1E2005F049F841F2AF
:10293000E845C2F20005802401202C7005F040F823
:102940000220002103F00FFA012000212A46022371
:10295000009603F0A1FA0220012103F004FA0120FD
:102960002C7005F02DF80320002103F0FCF9012064
:1029700000212A460223009603F08EFA032001214B
:1029800003F0F1F901202C7005F01AF80220002163
:1029900003F0E9F9012000212A460223009603F002
:1029A0007BFA0220012103F0DEF968781E2840F04E
:1029B000C78001202C7005F003F8032000214FF0A0
:1029C000000803F0D0F9012000212A4602230096D6
:1029D00003F062FA0320012103F0C5F928780F28DB
:1029E00040F0AE8001204FF0010804F0E9FF022022
:1029F000002103F0B8F901204021AA2203F029FAAE
:102A00000220012103F0AFF9012004F0D9FF0220D8
:102A1000002103F0A8F901204121032203F019FA53
:102A20000220012103F09FF9012004F0C9FF0220D8
:102A3000002103F098F901205321082203F009FA3C
:102A40000220012103F08FF9012004F0B9FF0220D8
:102A5000002103F088F901205821042203F0F9F93C
:102A60000220012103F07FF9012004F0A9FF0220D8
:102A7000002103F078F901207D21042203F0E9F917
:102A80000220012103F06FF9322004F099FF0420A5
:102A900003F042F9012004F093FF0320002103F02A
:102AA00062F901200F21002203F0D3F90320012154
:102AB00003F059F9012004F083FF0320002103F003
:102AC00052F901201021002203F0C3F90320012153
:102AD00003F049F9012004F073FF0320002103F003
:102AE00042F901201621002203F0B3F9032001214D
:102AF00003F039F9012004F063FF0320002103F003
:102B000032F901201821012203F0A3F90320012149
:102B100003F029F9012004F053FF0320002103F002
:102B200022F901201521802203F093F903200121CD
:102B300003F019F9322004F043FF052003F0ECF80C
:102B4000404602B05DF8048BF0BD0000F0B503AF65
:102B50002DE9000F81B02DED0A8B8CB041F2EA45D2
:102B600004460020C2F2000527F84A0CADF82C00FC
:102B700027F84E0C05F11301A7F14A000222EEF7E7
:102B8000DBFF05F115010BA80222EEF7D5FF05F1D9
:102B90001701A7F14E000222EEF7CEFF37F94A0CDB
:102BA0009FEDC42A00EE100ABDF92C00B8EEC00A51
:102BB00001EE100A37F94E0CB8EEC11A03EE100AF6
:102BC000B8EEC33A80EE020A81EE021A83EE022AC0
:102BD0009FEDB93A206F9FEDB97A90ED036AD0ED81
:102BE000060A90ED014A90ED025A07A90C2220EE48
:102BF000030A21EE031A22EE032A90ED003A26EE94
:102C0000006A23EE003A20EE800A33EE073A36EEF1
:102C1000076A30EE070A90ED047A24EE014A34EE9A
:102C2000033A27EE014A90ED077A34EE064A27EE82
:102C3000011A31EE000A25EE021A31EE031A90ED68
:102C4000053A8DED071A23EE021A90ED083A31EE9F
:102C5000041A8DED081A23EE021A31EE000A04F16F
:102C6000A8008DED090AEEF767FFD4F89C0094EDFB
:102C70002A8AEFF7E7FF05460690D4F8A0000E4633
:102C8000EFF7E0FF94ED040B82468B4694ED02BB18
:102C900094ED06AB94ED089B51EC100B52465B464D
:102CA000F0F728F88046894651EC1B0B2A4633463C
:102CB000F0F720F842464B46EFF766FE8046D4F820
:102CC000A4008946EFF7BEFF024605900B4604912B
:102CD00051EC1A0BF0F70EF842464B46B1460396FC
:102CE000EFF752FE02460B4651EC190BEFF74CFE84
:102CF000F0F7B0FA94ED0C1B00EE100A38EE400A23
:102D000094ED2B9A94ED0AAB51EC110B52465B46B5
:102D100084ED2D0AEFF7EEFF069A05460E4651ECBC
:102D20001A0B4B46EFF7E6FF2A463346EFF72CFE29
:102D300094ED0E0BDDF81480DDF8109005460E467C
:102D400051EC100B42464B46EFF7D4FF2A46334670
:102D5000EFF71AFE94ED100B02460B4651EC100BE8
:102D6000EFF712FEF0F776FA94ED141B00EE100A5E
:102D700039EE400A94ED2CAA94ED12BB51EC110BE4
:102D800052465B4684ED2E0ACDF808A0CDF804B07B
:102D9000EFF7B0FF069A039B05460E4651EC1B0B5E
:102DA00092469B46EFF7A6FF2A463346EFF7ECFD27
:102DB00094ED160B05460E4651EC100B42464B4661
:102DC000EFF798FF2A463346EFF7DEFD94ED180B38
:102DD00002460B4651EC100BEFF7D6FDF0F73AFA2E
:102DE00000EE100A94F874013AEE400A002884EDCF
:102DF0002F0A58D0D4F870010130C4F8700118EED1
:102E0000100AEFF71FFF94ED500B02460B4694EDAE
:102E100052CB94ED54BB94ED568B51EC100BEFF765
:102E2000B3FD41EC100B19EE100A84ED500BEFF7D7
:102E300009FF02460B4651EC1C0BEFF7A5FD41ECD8
:102E4000100B1AEE100A84ED520BEFF7FBFE024650
:102E50000B4651EC1B0BEFF797FD41EC100B51ECBF
:102E6000180B52465B4684ED540BEFF78DFD94ED45
:102E7000581B41EC100BDDE9013251EC110B84EDD4
:102E8000560BEFF781FD94ED5A1B41EC100BDDE979
:102E9000043251EC110B84ED580BEFF775FD41EC4A
:102EA000100B84ED5A0B0CB0BDEC0A8B01B0BDE8E1
:102EB000000FF0BD6F12834135FA8E3C0000000018
:102EC000D0B502AF82B0EFF30581044661B30021B3
:102ED000D4F884000091694603F0E2FF009850B1F5
:102EE0004EF60450CEF200004FF080510160BFF367
:102EF0004F8FBFF36F8FEFF3058000B30021D4F83D
:102F00008000019101A903F0CBFF0198F0B14EF6CA
:102F10000450CEF200004FF080510160BFF34F8F9C
:102F2000BFF36F8F02B0D0BDD4F88400002100221F
:102F3000002303F0CBFDEFF305800028DED1D4F8A9
:102F4000800000210022002303F0C0FD02B0D0BDAC
:102F5000D0B502AF82B00446F6F765FF2080EFF3EC
:102F6000058058B30021D4F884000091694603F02D
:102F700097FF009850B14EF60450CEF200004FF08B
:102F800080510160BFF34F8FBFF36F8FEFF3058068
:102F9000F8B10021E06F019101A903F081FF0198D0
:102FA000E8B14EF60450CEF200004FF080510160BF
:102FB000BFF34F8FBFF36F8F02B0D0BDD4F8840042
:102FC00000210022002303F081FDEFF3058000289B
:102FD000DFD1E06F00210022002303F077FD02B073
:102FE000D0BD0000D0B502AF82B00446022002F08E
:102FF000CDFEC8B90220012102F0B5FEEFF3058035
:1030000090B30021A06F0091694603F049FF00983A
:1030100050B14EF60450CEF200004FF080510160E6
:10302000BFF34F8FBFF36F8F032002F0AFFE30BBB3
:103030000320012102F097FEEFF3058010B3002179
:10304000606F019101A903F02BFF0198B8B14EF612
:103050000450CEF200004FF080510160BFF34F8F5B
:10306000BFF36F8F02B0D0BDA06F002100220023FC
:1030700003F02CFD032002F089FE0028D8D002B016
:10308000D0BD00BF606F00210022002303F01EFDB1
:1030900002B0D0BDD0E908C318466047D0E900218E
:1030A00008461047D0B502AFD0ED220A00F1E8047F
:1030B0009FED0A0A9FED0A1A204602F0B9F8002097
:1030C000F6F768FEF6F7ADFEC0087C2888BFD0BDD5
:1030D0002046BDE8D04002F09BB800BF000034425B
:1030E000CDCC4C3D80B56F46A0B040F2E4019FEDE1
:1030F000C90A0446C2F2000105A802F055F80020F2
:103100004FF0000BF6F737FE41F2EA4604F1B40047
:10311000C2F200060490701C9FEDBF8A9FEDBFBAFB
:1031200004F19C090390F01CB4EE009AB3EE07AAD8
:103130000DF16C0A4FF0805802900DE049F6BA404C
:1031400049F6C045C0F60100002101220023C0F667
:1031500001050095F1F72AF9EFF30580B0B1D4F835
:10316000840000215246CDF86CB004F0C3F81B99DE
:1031700049B14EF60451CEF20001C1F80080BFF310
:103180004F8FBFF36F8F0128D8D106E0D4F88400A9
:10319000142103F0D1FF0128D0D1EFF3058088B3CB
:1031A000D4F8800000215246CDF86CB004F0A2F8AB
:1031B0001B9949B14EF60451CEF20001C1F80080CE
:1031C000BFF34F8FBFF36F8F012822D0EFF305803D
:1031D000002800F0DE80E06F00215246CDF86CB090
:1031E00004F088F81B9949B14EF60451CEF2000163
:1031F000C1F80080BFF34F8FBFF36F8F0128ABD1B1
:10320000CEE000BFD4F88000002103F095FF012834
:10321000DCD10220002102F0A6FD0120122132465D
:103220001323CDF800B002F037FEEFF3058098B11C
:10323000A06F00215246CDF86CB004F05BF81B98EB
:1032400078B14EF60450CEF20000C0F80080BFF313
:103250004F8FBFF36F8F04E0A06F4FF0FF3103F08B
:103260006BFF0399B81E022227F802BCADF87CB0B0
:1032700027F806BCEEF760FC02991FA80222EEF7C1
:103280005BFC711DB81F0222EEF756FC37F9020CE9
:10329000BDF97C1000EE100AB8EEC00A80EE080AF4
:1032A000707C01EE101AB17CC00040EA51104FF65C
:1032B0000001BBEB902FCFF6FF7118BF084302EE61
:1032C000100AB8EEC22AB8EEC11A22EE092A81EE1F
:1032D000081A32EE0A2A206F84ED222A90ED002A85
:1032E00037F9061C90ED033A90ED064A22EE002ACB
:1032F00023EE003A24EE000A04EE101AB8EEC44A97
:1033000084EE084A90ED015A32EE0B2A25EE015A5E
:1033100035EE022A90ED045A33EE0B3A25EE015AAF
:1033200090ED076A35EE033A90ED025A26EE011A47
:1033300030EE0B0A31EE000A25EE041A31EE021AC5
:1033400090ED052A8DED1B1A22EE041A90ED082A45
:1033500031EE031A8DED1C1A22EE041A31EE000A2A
:10336000484651460C228DED1D0AEEF7E5FBEFF3C2
:103370000585D4F8940049460C220123002D18BF7E
:1033800001250095F1F792F9EFF3058000287FF40D
:1033900022AFE06F002103F0CFFE01287FF4DCAE06
:1033A0000320002102F0DFFC06F1130201200221BC
:1033B0000623CDF800B002F06FFDEFF3058098B161
:1033C000606F00215246CDF86CB003F093FF1B985C
:1033D00078B14EF60450CEF20000C0F80080BFF382
:1033E0004F8FBFF36F8F04E0606F4FF0FF3103F03A
:1033F000A3FE2046FFF7AAFBEFF30585002DD4F8C6
:10340000980018BF012504990C2201230095F1F7BB
:103410004DF9A1E600007A4400A0AA440000000093
:103420004EF60C50BFF34F8FCEF20000016804221D
:1034300001F4E061C0F2FA5211430160BFF34F8F13
:1034400000BFFDE7F0B503AF2DE9000F8FB0824656
:10345000F2F7C7FF054643F24D60C0F6010049F29E
:10346000B15143F6AB42CAE9080A0026C0F6010191
:10347000C0F601025046002300960196F1F7C7FE00
:1034800050462946F1F7D0FE4FF0FF30002103F0FF
:10349000DBFACAF8280020200C21002203F054FA9D
:1034A000CAF82C0041F20450C2F20000C0F810A08B
:1034B0000420F0F7DAF903AC814604F1080B20464A
:1034C00001212D22CDF80CB005F005FA039849F63C
:1034D00054553021C0F6010501702846EEF7B0FFC3
:1034E00006462046002100222B46009605F04AFAA7
:1034F00009A901F10808CDF82480014651F8082BEC
:103500008A4203D0836809920B9307E0D2E9003620
:10351000D2E90252C8E90036C8E9025242680023E3
:103520000A92C0E90013099A49F693010372C0F6A2
:10353000010100200C23F0F75DFD01460998C9F850
:10354000001041F204514045C2F20001C1F804905C
:1035500018BFF0F78CF90398584518BFF0F787F9B2
:103560000420F0F782F90DF10C09064648460121C6
:103570002D22CDF80CB005F0AEF9039849F65D5553
:103580003021C0F6010501702846EEF759FF0446C8
:103590004846002100222B46009405F0F3F9CDF8AF
:1035A0002480014651F8082B8A4203D0836809928F
:1035B0000B9307E0D2E90035D2E90242C8E90035B1
:1035C000C8E90242426800230A92C0E90013099A3E
:1035D00049F693010372C0F6010100200C23F0F7B5
:1035E00009FD0146099841F204554045C2F2000523
:1035F0003160AE6018BFF0F73AF90398584518BF2C
:10360000F0F735F90420F0F730F904464FF0FF30B9
:10361000012103F019FA43F67D322060C0F6010261
:10362000002000210023EC6002F082F943F65B42A7
:10363000C0F6010200200221002302F079F902F015
:10364000C3F850460FB0BDE8000FF0BDF0B503AFB2
:103650002DE9000F8DB00429154615D0032935D06A
:1036600001290BD149F66850C0F60100F0F714F9B2
:1036700049F69850C0F60100F0F70EF900200DB0A1
:10368000BDE8000FF0BD00BF686849F6DC51C0F628
:103690000101EEF709FD0028F0D1AC6806A800F1A1
:1036A0000808002CCDF8188000F080812046EEF745
:1036B000C7FE06460F280C9032D906A80CA9002296
:1036C00005F09EF80C99069008912AE0686849F682
:1036D000D751C0F60101EEF7E7FC0028CED1AC6867
:1036E00006A800F10806002C069600F05F8120462F
:1036F000EEF7A6FE05460F280C9009D906A80CA9DE
:10370000002205F07DF80C990690089101E000BFB9
:1037100006988DB1012D0BD1217801700CE000BF0E
:103720000698002E4AD0012E44D12178017045E040
:1037300021462A46EEF754F90C9806990025079081
:103740000D54069CEEF79CF9D0F80080EEF798F93E
:1037500005600CA920460A22EFF726F80C99A14231
:1037600000F02A810446EEF78BF90068222800F069
:103770002981EEF785F9006818B9EEF781F9C0F8EC
:1037800000800698B04218BFF0F771F840F20010C0
:10379000C0F20230079040F20450C0F20670089068
:1037A00006A90020069400F013F900200DB0BDE832
:1037B000000FF0BD21463246EEF712F90C9806993B
:1037C000002607900E54069CEEF75AF9D0F80090A8
:1037D000EEF756F906600CA920460A22EEF7E4FF40
:1037E0000C99A14200F0E8800446EEF749F9006820
:1037F000222800F0E780EEF743F9006818B9EEF7E9
:103800003FF9C0F800900698404518BFF0F72FF830
:10381000ED68CDF81880002D00F0C8802846EEF73E
:103820000FFE06460F280C9008D906A80CA9002206
:1038300004F0E6FF0C990690089100E006984EB15E
:10384000012E03D12978017004E000BF29463246D9
:10385000EEF7C6F80C980699002607900E54069DC0
:10386000EEF70EF9D0F80090EEF70AF906600CA911
:1038700028460A22EEF798FF0C99A94200F09C8096
:103880000546EEF7FDF80068222800F09B80EEF771
:10389000F7F8006818B9EEF7F3F8C0F8009006984A
:1038A000404518BFEFF7E3FF42F2C070C0F20900D5
:1038B000854238BF2846012841F2045A4FF00101E1
:1038C00098BF0846002C08BF0124C2F2000A451E1A
:1038D000202C28BF20248AF8001000BF012004F00B
:1038E0006FF8DAF81000EFF30581C06A21B103F038
:1038F0009DFDA04204D907E003F082FDA04203D859
:10390000002DA5F10105E9D149F6E45B00200AF19B
:103910001409C0F6010B0DF118088AF80000DAF856
:103920001000EFF30581A9B1C06A4946424603F091
:10393000E1FC069951B14EF60451CEF200014FF070
:1039400080520A60BFF34F8FBFF36F8F012809D0F9
:1039500094E600BFC06A4946002203F01DFB01281F
:103960007FF48CAE9AF81A009AF81B509AF81C4013
:10397000DAF814109AF818209AF819309AF81FE01B
:10398000CDE9000502A89AF81D609AF81EC080E8EB
:1039900050105846CDF814E0EFF77EFFDAF810002B
:1039A000EFF305810029BFD1D4E700BF49F6C70076
:1039B000C0F6010004F010FF49F68E00C0F60100C9
:1039C00004F00DFF49F68E00C0F6010004F00DFF73
:1039D000F0B503AF4DF804BD82B0044641F2045087
:1039E000C2F2000000EB8406F068EFF305820D469A
:1039F000A2B10021006800916A46002103F07AFC20
:103A0000009880B14EF60450CEF200004FF0805185
:103A10000160BFF34F8FBFF36F8F04E000684FF07A
:103A2000FF3103F089FB55F8042B204600212B467B
:103A3000002501F089FFF168EFF3058204469AB191
:103A4000086801A9019503F02BFA019890B14EF690
:103A50000450CEF200004FF080510160BFF34F8F51
:103A6000BFF36F8F06E000BF08680021002200232B
:103A700003F02CF8B4FA84F0400902B05DF804BBFE
:103A8000F0BD0000F0B503AF2DE9000B84B0064691
:103A900041F20450C2F2000000EB8605E868984647
:103AA0009146EFF305820C46A2B100210068029115
:103AB00002AA002103F01EFC029880B14EF60450C9
:103AC000CEF200004FF080510160BFF34F8FBFF383
:103AD0006F8F04E000684FF0FF3103F02DFB30469C
:103AE000012122464B46CDF8008001F073FFE968C2
:103AF000EFF3058204469AB10868002203A90392F5
:103B000003F0CEF9039888B14EF60450CEF20000CF
:103B10004FF080510160BFF34F8FBFF36F8F05E00F
:103B2000086800210022002302F0D0FFB4FA84F0DC
:103B3000400904B0BDE8000BF0BD80B56F4684B00D
:103B40009C4641F20453C2F2000303EB8101496831
:103B5000D0F800E00B6804200021CDE9001049F600
:103B600021610292C0F60101184672460C23CDF87D
:103B70000CC0F0F74FFB012004B080BDF0B503AFDF
:103B80004DF804BD84B041F20456054600EB4000F8
:103B9000C2F2000606EB800444F8201F201D1146E7
:103BA0000822EDF7C9FF06EB85004068EFF30585B5
:103BB000006821460C220123002D18BF0125009525
:103BC000F0F774FD307801282DD13069EFF30581CD
:103BD00071B3C06A02AA2146002303F0D3F8029809
:103BE00050B14EF60450CEF200004FF0805101600B
:103BF000BFF34F8FBFF36F8F3069EFF3058111B3C0
:103C00000021806A039103A903F04AF9039850B197
:103C10004EF60450CEF200004FF080510160BFF329
:103C20004F8FBFF36F8F04B05DF804BBF0BD00BFD2
:103C3000C06A21460022002302F048FF3069EFF3FA
:103C400005810029DCD1806A00210022002302F0D6
:103C50003DFF04B05DF804BBF0BDF0B503AF4DF817
:103C600004BD82B041F20456044600EB4000C2F2AB
:103C7000000606EB800545F82C1F281D114608227A
:103C8000EDF75AFF06EB84008068EFF305860068C5
:103C900029460C220123002E18BF01260096F0F7BA
:103CA00005FD02B05DF804BBF0BDD0E908C31846BD
:103CB000604700004EF60C50BFF34F8FCEF200006D
:103CC0000168042201F4E061C0F2FA52114301607C
:103CD000BFF34F8F00BFFDE7F0B503AF2DE900073D
:103CE00082B004460020208049F62360C0F601001F
:103CF00090460E46251D2061F5F7DCFF0C2809D102
:103D000049F62360C0F6010029460C22F5F7E6FFCC
:103D10000DE000BF284600210C22EEF723F849F6FB
:103D20002360C0F6010029460C22F5F7FDFF4FF095
:103D3000FF300021666184F81880002502F084FEBF
:103D4000E0614FF0FF30002102F07EFE49F693065D
:103D5000C0F6010649F6A702C4E90805A146C0F667
:103D60000102002031460C2349F8285FE562F0F794
:103D700041F949F69E022063C0F601020020314657
:103D80000C23F0F737F9C4E90D05C4E90F55C4E970
:103D90001155E564F2F725FB804643F6B56004F162
:103DA0005006C0F6010049F6316144F6AB62C4E941
:103DB0001C04C0F60101C0F6010230460023009544
:103DC0000195F1F724FA30464146F1F72DFA40F219
:103DD00008119FED370A04F17800C2F2000101F0EA
:103DE000E3F941F23C50C2F200000460012084F883
:103DF000FC504FF0010A01F0A3FF44F60D61C0F63C
:103E000001010120224601F015FF44F65962C0F677
:103E1000010200200121234601F0E7FF082002F003
:103E20002DFC054644F6BD60C0F60100C5E900045E
:103E30001420EFF71AFD0646056040F2A810C2F202
:103E400000000568C6F808A044F6B3686868C0F6C4
:103E500001084FF0FF3186F80CA0C6F8048003F08B
:103E60006BF906F110002946F0F75EFE6868002144
:103E70000022002302F02AFE082002F0FFFB034686
:103E800044F6FD60C0F60100C3E90004052049F6D0
:103E90003A610090C0F6010140464FF48072CDF8BF
:103EA000049003F0D1FA204602B0BDE80007F0BD4F
:103EB00000007A44F0B503AF2DE9000F81B02DED7D
:103EC0000A8B94B016460429824615D0022937D0B1
:103ED000012940F0298249F62420C0F60100EFF7BD
:103EE000DBFC49F66820C0F60100EFF7D5FC49F687
:103EF0008220C0F601000AE3706849F6C111C0F6DD
:103F00000101EEF7D1F8002840F00383B4680DA852
:103F100000F10808002CCDF8348000F0038320461F
:103F2000EEF78EFA05460F28139040F225820DA871
:103F300013A9002204F064FC13990D900F911CE268
:103F4000706849F69621C0F60101EEF7ADF8002839
:103F500000F0F481706849F60521C0F60101EEF722
:103F6000A3F800284FF0000540F0D4824FF47A7097
:103F700003F026FD49F66764C0F6010420460521DA
:103F8000EFF78AFC4FF47A7003F01AFD2046042103
:103F9000EFF782FC4FF47A7003F012FD2046032104
:103FA000EFF77AFC4FF47A7003F00AFD2046022105
:103FB000EFF772FC4FF47A7003F002FD2046012106
:103FC0000124EFF769FC49F67560C0F60100EFF7D0
:103FD00063FC49F6BC36C0F6010630460021CAE94A
:103FE0003855CAE93A55CAE93C55CAF8F8508AF832
:103FF000FC40EFF751FC4FF47A7003F0E1FCF1F76D
:104000001EFE30460121EFF747FC4FF47A7003F0B3
:10401000D7FCF1F714FE30460221EFF73DFC4FF4D8
:104020007A7003F0CDFCF1F70AFE30460321EFF77A
:1040300033FC4FF47A7003F0C3FCF1F700FE304616
:104040000421EFF729FC4FF47A7003F0B9FCF1F783
:10405000F6FD30460521EFF71FFC4FF47A7003F0B0
:10406000AFFCF1F7ECFD30460621EFF715FC4FF4FD
:104070007A7003F0A5FCF1F7E2FD30460721EFF777
:104080000BFC4FF47A7003F09BFCF1F7D8FD30463F
:104090000821EFF701FC4FF47A7003F091FCF1F77F
:1040A000CEFD30460921EFF7F7FB4FF47A7003F0AD
:1040B00087FCF1F7C4FD30460A21EFF7EDFB4FF422
:1040C0007A7003F07DFCF1F7BAFD30460B21EFF773
:1040D000E3FB4FF47A7003F073FCF1F7B0FD304668
:1040E0000C21EFF7D9FB4FF47A7003F069FCF1F77C
:1040F000A6FD30460D21EFF7CFFB4FF47A7003F0A9
:104100005FFCF1F79CFD30460E21EFF7C5FB4FF445
:104110007A7003F055FCF1F792FD30460F21EFF76E
:10412000BBFB4FF47A7003F04BFCF1F788FD30468F
:104130001021EFF7B1FB4FF47A7003F041FCF1F777
:104140007EFD30461121EFF7A7FB4FF47A7003F0A4
:1041500037FCF1F774FD30461221EFF79DFB4FF469
:104160007A7003F02DFCF1F76AFD30461321EFF76A
:1041700093FB4FF47A7003F023FCF1F760FD3046B7
:104180001421EFF789FB4FF47A7003F019FCF1F773
:1041900056FD30461521EFF77FFB4FF47A7003F0A0
:1041A0000FFCF1F74CFD30461621EFF775FB4FF48D
:1041B0007A7003F005FCF1F742FD30461721EFF766
:1041C0006BFB4FF47A7003F0FBFBF1F738FD3046E0
:1041D0001821EFF761FB4FF47A7003F0F1FBF1F770
:1041E0002EFD30461921EFF757FB4FF47A7003F09C
:1041F000E7FBF1F724FD30461A21EFF74DFB4FF4B2
:104200007A7003F0DDFBF1F71AFD30461B21EFF762
:1042100043FB4FF47A7003F0D3FBF1F710FD304607
:104220001C21EFF739FB4FF47A7003F0C9FBF1F76B
:1042300006FD30461D21EFF72FFB4FF47A7003F097
:10424000BFFBF1F7FCFCDAF8F8009AED388B8AF83E
:10425000FC50EEF7D5FC04460E4651EC180B2246F6
:104260003346EEF771FEEEF7F5FF9AED011A00EE18
:10427000100A31EE00AA9AED3A0B9AED028A9AEDF5
:10428000039A51EC100B224633460AF104088AEDDA
:1042900001AAEEF759FEEEF7DDFF00EE100A38EE48
:1042A000008A9AED3C0B224651EC100B33468AED06
:1042B000028AEEF749FEEEF7CDFF00EE100A39EE66
:1042C000009A1AEE100A8AED039AEEF7BBFC044638
:1042D00018EE100A0E46EEF7B5FC41EC180B19EE7D
:1042E000100AEEF7AFFC41EC100B49F64960C0F63E
:1042F0000100224633468DED008B8DED020BEFF76A
:10430000CBFADAF8100041460C22F5F70DFD49F61C
:104310009F60C0F60100EFF7BFFA49F6F320C0F640
:104320000100EFF7B9FAF5E049F6AB40C0F601003D
:10433000EFF7B2FA4FF0FF35ECE000BF0AF10405E9
:1043400031CDEEF77FFC064620468846EEF77AFC34
:1043500041EC180B2846EEF775FC41EC100B49F6C2
:104360004960C0F60100324643468DED008B8DED6D
:10437000020BEFF791FACCE00D984DB1012D03D16E
:104380002178017004E000BF21462A46EDF728FBA2
:1043900013980D9900250E900D540D9CEDF770FBB0
:1043A000D0F80090EDF76CFB056013A920460A22B7
:1043B000EEF7FAF91399A14200F0BA800546EDF73D
:1043C0005FFB0068222800F0B980EDF759FB006818
:1043D00018B9EDF755FBC0F800900D98404518BF8F
:1043E000EFF745FAF468CDF83480002C00F09A809D
:1043F0002046EEF725F806460F28139008D90DA899
:1044000013A9002204F0FCF913990D900F9100E01C
:104410000D984EB1012E03D12178017004E000BF48
:1044200021463246EDF7DCFA13980D9900260E90DE
:104430000E540D9CEDF724FBD0F80090EDF720FB17
:10444000066013A920460A22EEF7AEF91399A1429D
:104450006ED00646EDF714FB006822286ED0EDF70B
:104460000FFB006818B9EDF70BFBC0F800900D9832
:10447000404518BFEFF7FBF9B6F57A7FA8BF4FF4B8
:104480007A76022ED8BF0226F1F7D9FB0AF1380955
:1044900099E80103DAF82440EEF7D4FB834640465E
:1044A0000C91EEF7CFFB41EC180B4846EEF7CAFB38
:1044B00041EC190BDAF84400EEF7C4FB41EC1A0B9F
:1044C000DAF84800EEF7BEFB41EC1B0BDAF84C00C3
:1044D000EEF7B8FB41EC1C0B2046EEF7B3FB41ECCA
:1044E000100B49F6B4600C9BC0F601005A468DECE7
:1044F0000A8B8DED0A0BEFF7CFF9304603F060FA27
:10450000AD1BB542C0DC49F27B60C0F60100EFF79D
:10451000C3F90025284614B0BDEC0A8B01B0BDE8F4
:10452000000FF0BD49F6C700C0F6010004F054F9D1
:1045300049F68E00C0F6010004F051F949F68E00EC
:10454000C0F6010004F051F9F0B503AF4DF8048D49
:1045500082B001200D464FF0010803F031FA00202F
:10456000002101F000FC00207621002201F071FC06
:104570000020012101F0F7FB012003F021FA0020C7
:10458000002101F0F0FB00201121012201F061FC6B
:104590000020012101F0E7FB052003F011FA0120C2
:1045A00003F00EFA0020002101F0DDFB00202D2198
:1045B00001F029FC0020012101F0D5FB012003F0CE
:1045C000FFF90020002101F0CEFB0020762100221F
:1045D00001F03FFC0020012101F0C5FB012003F0A8
:1045E000EFF90020002101F0BEFB0020752101F051
:1045F0000AFC04460020012101F0B5FB472C40F0E5
:104600001B82012003F0DCF90020002101F0ABFB4C
:1046100000204E21002201F01CFC0020012101F0AD
:10462000A2FB012003F0CCF90020002101F09BFB4C
:1046300000207621012201F00CFC0020012101F074
:1046400092FB012003F0BCF90020002101F08BFB5C
:1046500000200B21A02201F0FCFB0020012101F031
:1046600082FB012003F0ACF90020002101F07BFB6C
:1046700000200C210C2201F0ECFB0020012101F0B4
:1046800072FB012003F09CF90020002101F06BFB7C
:1046900000200D21902201F0DCFB0020012101F01F
:1046A00062FB012003F08CF90020002101F05BFB8C
:1046B00000200E21802201F0CCFB0020012101F01E
:1046C00052FB012003F07CF90020002101F04BFB9C
:1046D00000207621022201F0BCFB0020012101F024
:1046E00042FB012003F06CF90020002101F03BFBAC
:1046F00000200321182201F0ACFB0020012101F071
:1047000032FB012003F05CF90020002101F02BFBBB
:1047100000200421902201F09CFB0020012101F0E7
:1047200022FB012003F04CF90020002101F01BFBCB
:1047300000200521802201F08CFB0020012101F0E6
:1047400012FB012003F03CF90020002101F00BFBDB
:1047500000207621002201F07CFB0020012101F0E5
:1047600002FB012003F02CF90020002101F0FBFAEC
:1047700000205221222201F06CFB0020012101F0D7
:10478000F2FA012003F01CF90020002101F0EBFAFD
:1047900000201421122201F05CFB0020012101F015
:1047A000E2FA012003F00CF90020002101F0DBFA0D
:1047B00000205121362201F04CFB0020012101F0A4
:1047C000D2FA012003F0FCF80020002101F0CBFA1E
:1047D00000205221442201F03CFB0020012101F085
:1047E000C2FA012003F0ECF80020002101F0BBFA2E
:1047F000002053210D2201F02CFB0020012101F0AB
:10480000B2FA012003F0DCF80020002101F0ABFA3D
:1048100000206321002201F01CFB0020012101F097
:10482000A2FA012003F0CCF80020002101F09BFA4D
:1048300000206421002201F00CFB0020012101F086
:1048400092FA012003F0BCF80020002101F08BFA5D
:1048500000206521082201F0FCFA0020012101F06E
:1048600082FA012003F0ACF80020002101F07BFA6D
:1048700000206621002201F0ECFA0020012101F065
:1048800072FA012003F09CF80020002101F06BFA7D
:1048900000206821002201F0DCFA0020012101F053
:1048A00062FA012003F08CF80020002101F05BFA8D
:1048B00000206921002201F0CCFA0020012101F042
:1048C00052FA012003F07CF80020002101F04BFA9D
:1048D00000204D2101F097FA06460020012101F049
:1048E00042FA012068F39F1603F06AF800200021C5
:1048F00001F039FA00204D21324601F0AAFA0020D9
:10490000012101F030FA012003F05AF800200021C3
:1049100001F029FA00207621002201F09AFA002005
:10492000012101F020FA012003F04AF800200021C3
:1049300001F019FA00204E210F2201F08AFA00201E
:10494000012101F010FA012045F0400503F038F88C
:104950000020002101F007FA00204F212A4601F033
:1049600078FA0020012101F0FEF9012003F028F877
:104970000020002101F0F7F9002050212A4601F023
:1049800068FA0020012101F0EEF9012003F018F887
:104990000020002101F0E7F900207621002201F03B
:1049A00058FA0020012101F0DEF9012003F008F897
:1049B0000020002101F0D7F900207721952201F095
:1049C00048FA0020012101F0CEF9012002F0F8FFA1
:1049D0000020002101F0C7F900207621012201F01A
:1049E00038FA0020012101F0BEF9012002F0E8FFB1
:1049F0000020002101F0B7F900207B21042201F002
:104A000028FA0020012101F0AEF9012002F0D8FFC0
:104A10000020002101F0A7F900207621002201F0FA
:104A200018FA0020012101F09EF9322002F0C8FF9F
:104A3000012001F071F90EE049F6F260C0F60100C4
:104A4000009049F6BA40C0F601000021012200237F
:104A50000194EFF7ABFCA4F14700B0FA80F04009F5
:104A600002B05DF8048BF0BDF0B503AF2DE9000B8B
:104A70002DED0E8B41F24058C2F20008044698F822
:104A8000020098F8031098F8042098F8053041EADD
:104A9000002001B243EA022298F8063098F8076035
:104AA00015B200EE101A46EA0323B8EEC08A00EEF3
:104AB000105A1EB2B8EEC09AA4F8D0000020B0EE92
:104AC000480A0AEE106AA4F8D220A4F8D430207064
:104AD000EBF79EFC9FEDC8BA9FEDC8DAB4EE4B0A27
:104AE000B0EE490AF1EE10FAC4BF01202070B8EE12
:104AF000CAAAEBF78DFCB4EE4B0AB0EE4A0AF1EE0F
:104B000010FAC4BF0120207028EE0DCA29EE0D8ACC
:104B1000EBF77EFCB4EE4B0AF1EE10FAC4BF0120B5
:104B2000207004F1380000210C222AEE0D9A4FF07B
:104B30000009EDF717F9606994ED0E1A90ED000A7F
:104B400094ED0F2A20EE0C0A30EE010A84ED0E0AD5
:104B500090ED031A94ED103A21EE0C1A31EE021A80
:104B600084ED0F1A90ED062A98F8091022EE0C2A0F
:104B700032EE032A84ED102A90ED013A98F80A20CB
:104B800023EE083A33EE000A84ED0E0A90ED043A63
:104B900098F80B3023EE083A33EE011A84ED0F1A21
:104BA00090ED073A43EA022223EE083A33EE022A56
:104BB00084ED102A90ED023A98F80C3023EE093A71
:104BC00033EE000A84ED0E0A90ED050A98F80D50B8
:104BD00020EE090A30EE010A84ED0F0A90ED080A72
:104BE00098F8080020EE090A41EA002030EE020A97
:104BF00001B284ED100A16B200EE101A45EA032342
:104C0000B8EEC09A00EE106A1DB2B8EEC08AB0EEDF
:104C1000490A0AEE105AA4F8D600A4F8D820A4F83D
:104C2000DA3084F80190EBF7F3FB9FED75CAB4EE30
:104C30004B0A9FED74DAB0EE480AF1EE10FAC4BFE9
:104C40000120607089EE0CEAB8EECA9AEBF7E0FB3F
:104C5000B4EE4B0A88EE0C0AF1EE10FAC4BF012044
:104C600060702EEE0DAA20EE0D8AB0EE490AEBF729
:104C7000CFFBB4EE4B0A89EE0C0AF1EE10FAC4BF7A
:104C80000120607004F1440000210C2220EE0D9AF6
:104C9000EDF768F8606994ED111A90ED000A94ED53
:104CA000122A20EE0A0A30EE010A84ED110A90ED74
:104CB000031A94ED133A21EE0A1A31EE021A84ED2A
:104CC000121A90ED062A94ED014A22EE0A2A32EEDB
:104CD000032A84ED132A90ED013A23EE083A33EECD
:104CE000000A84ED110A90ED043A23EE083A33EEFF
:104CF000011A84ED121A90ED073A23EE083A33EECA
:104D0000022A84ED132A90ED023A23EE093A33EE9B
:104D1000000A84ED110A90ED053A30EE440A23EEC4
:104D2000093A33EE011A84ED121A90ED083A94ED27
:104D3000034A23EE093A33EE022A94ED023A94F83C
:104D4000FC0031EE43AA32EE448A84ED110A84ED70
:104D500012AA84ED138AA0B3D4F8F8000130C4F885
:104D6000F80010EE100AEDF76DFF94ED380B0246D7
:104D70000B4694ED3ABB94ED3C9B51EC100BEDF7D8
:104D800003FE41EC100B1AEE100A84ED380BEDF720
:104D900059FF02460B4651EC1B0BEDF7F5FD41ECBC
:104DA000100B18EE100A84ED3A0BEDF74BFF02469C
:104DB0000B4651EC190BEDF7E7FD41EC100B84EDC0
:104DC0003C0B98F8000098F801109FED0F1A41EA8B
:104DD000002000B200EE100AB8EEC00A80EE010A10
:104DE000B3EE091A30EE010A84ED090ABDEC0E8B10
:104DF000BDE8000BF0BD00BF00FCFF46000000391D
:104E00006F12834235FA8E3CE17A044380B56F46D7
:104E100082B0EFF30581A9B10021006A019101A9D7
:104E200002F03EF8019850B14EF60450CEF2000068
:104E30004FF080510160BFF34F8FBFF36F8F02B00F
:104E400080BD00BF006A00210022002302B0BDE83F
:104E5000804001F03BBE0000B0B502AF82B0044616
:104E600000200121002500F07EFFEFF3058098B1BE
:104E7000E06901A9019502F013F8019850B14EF6CE
:104E80000450CEF200004FF080510160BFF34F8F0D
:104E9000BFF36F8F02B0B0BDE06900210022002394
:104EA00002B0BDE8B04001F011BED0E908C3184619
:104EB0006047D0E90021084610470000D0B502AF96
:104EC000D0ED090A00F178049FED0A0A9FED0A1A55
:104ED000204600F0ADF90120F4F75CFFF4F7A1FFE4
:104EE000C0087C2888BFD0BD2046BDE8D04000F077
:104EF0008FB900BF000034426F12833A80B56F460D
:104F000084B0017E0446FFF71FFB40B9012002F088
:104F100057FD217E2046FFF717FB0028F6D0012021
:104F2000F4F729FF04F1380904F144064FF00008B2
:104F30004FF0805A0DF1080BEFF3058088B927E098
:104F400049F6BA4049F60F75C0F60100002101226A
:104F50000023C0F601050095EFF728FAEFF305806E
:104F6000B0B1206A00215A46CDF8088002F0C2F99B
:104F7000029949B14EF60451CEF20001C1F800A0E9
:104F8000BFF34F8FBFF36F8F0128D9D106E000BF69
:104F9000206A142102F0D0F80128D1D1002000218C
:104FA00000F0E1FE41F2405200201D21C2F2000259
:104FB0000E23CDF8008000F06FFFEFF3058098B16D
:104FC000E069002103AACDF80C8002F093F9039860
:104FD00078B14EF60450CEF20000C0F800A0BFF346
:104FE0004F8FBFF36F8F04E0E0694FF0FF3102F0A5
:104FF000A3F82046FFF738FDEFF30585206B4946FF
:105000000C220123002D18BF01250095EFF74EFB60
:10501000EFF30585606B31460C220123002D18BF8C
:1050200001250095EFF742FBEFF30580002898D1AA
:10503000AEE700004EF60C50BFF34F8FCEF20000EB
:105040000168042201F4E061C0F2FA5211430160E8
:10505000BFF34F8F00BFFDE7B0B502AFB9B349F65C
:105060002673A1F1010C11F0030EC0F6010318D054
:10507000044614F8015BBEF1010F82EA05029A5C56
:1050800006D161462046BCF1030F0DD21FE000BFE0
:105090004478BEF1020F82EA04029A5C1AD1023906
:1050A0000230BCF1030F12D3043800BF10F8045FC4
:1050B000D2B26A409A5C457884786A409A5CC57836
:1050C00062409A5C043982EA05029A5CEED1D0B261
:1050D000B0BD00BF857803396A409A5C0330BCF1EB
:1050E000030FE1D2F3E7000002293CBF0020704724
:1050F000F0B503AF4DF804BDA1F1010E023903294B
:1051000049F626710EF0030CC0F6010102D2FF230E
:10511000024619E02EF00304FF23024612F8045B56
:10512000043C83EA050312F8036CCB5C12F8025CC2
:1051300083EA0603CB5C12F8016C83EA0503CB5CBF
:1051400083EA0603CB5CE9D1BCF1000F10D01478E0
:10515000BCF1010F83EA0403CB5C09D05478BCF1A5
:10516000020F83EA0403CB5C02D092785A408B5C36
:1051700010F80E00181AB0FA80F040095DF804BB70
:10518000F0BD00004EF60C50BFF34F8FCEF2000082
:105190000168042201F4E061C0F2FA521143016097
:1051A000BFF34F8F00BFFDE7F0B503AF4DF804BD6F
:1051B0002DED028B8E4604468446BEE82D00B0EEEF
:1051C000408AACE82D009EE86D008CE86D00D1EDC2
:1051D000060A002504F13800C4E90A55C4E90C5553
:1051E00000F08AF9B7EE000A80EE080AC4E90A5511
:1051F000C4E90C5584ED090A9FED040A00F026FA73
:105200002046BDEC028B5DF804BBF0BD0000000041
:1052100000229FED050A0146C0E90A2202633830E8
:105220004A6300F013BA00BF000000000000000055
:10523000F0B503AF4DF804BD2DED0E8B9FED88CA80
:10524000B0EE418AB0EEC01AB4EE4C1AF1EE10FA8C
:10525000044600F0F68080F1F480FFE7B0EEE01A3B
:10526000B4EE4C1AB0EE609AF1EE10FA00F0E9805C
:1052700080F1E78000E000BFB0EEC81AB4EE4C1A2F
:10528000F1EE10FA00F0DD8080F1DB8000E000BF7D
:10529000207F002852D09FED73AAF0EE4A0AEBF768
:1052A00059F9B0EE40BA30EE0A0AB5EE40BAF1EE66
:1052B00010FA48BFB0EE40BAB0EE490AF0EE4A0A22
:1052C000EBF748F9B5EE400A30EE0A1AF1EE10FAA3
:1052D00048BFB0EE410A3BEE40BA1BEE100AEDF7B4
:1052E000B1FC9FED5B0B41EC1D0B56EC105B2A46AD
:1052F0003346EDF785FF78B19FED5BEA3BEE0EBAE2
:105300001BEE100AEDF79EFC2A46334641EC1D0BBE
:10531000EDF776FF0028F1D19FED4F0B51EC1D0BFF
:1053200056EC105B2A463346EDF756FF40B13BEE94
:105330000ABA1BEE100AEDF785FCF3E730EE49BA26
:1053400094ED000A04F138002BEE00DA20EE090A91
:1053500000F04AF9B0EE409A94ED0C0AD4ED090A37
:1053600039EE40AAB0EE480AEBF75AF88AEE000A86
:105370009FED3E2A84ED0BBA84ED0C9A9FED3C9A8A
:10538000B0EEC01AB4EE4C1AF1EE10FA48BFB0EE0F
:10539000402AC8BFB0EE402A94ED010A94ED033ACA
:1053A00094ED021A94ED0A4A23EE022A2DEE000A29
:1053B00030EE42AA2DEE080A30EE048AB4EE491A05
:1053C000F1EE10FA28EE01BA20DDB0EEC80AB4EE14
:1053D0004C0AF1EE10FA19D018D6FFE73AEE0B0A94
:1053E000EBF716F894ED051AB4EE410AF1EE10FA57
:1053F0000CD8B0EE480AEBF70BF894ED041AB4EEB3
:10540000410AF1EE10FA98BF84ED0A8A94ED080A79
:105410003BEE000A3AEE000AB0EEC01AB4EE4C1AA7
:10542000F1EE10FA0DD00CD600E000BFD4ED050A65
:10543000F4EE490AF1EE10FAC8BF00F024F884ED4A
:105440000D0A94ED0D0ABDEC0E8B5DF804BBF0BDAA
:10545000182D4454FB210940182D4454FB2109C048
:105460000000807FDB0FC940DB0FC9C000000000D7
:10547000BD37863580B56F46EBF796F8B7EE001A64
:1054800081EE000A80BDB1EE601AB4EE401AF1EE72
:1054900010FA48BFB0EE401AB4EE601AF1EE10FAFE
:1054A000C8BFB0EE601AB0EE410A704790ED001A26
:1054B000B4EE401AF1EE10FAC8BFB0EE410AB4EEF5
:1054C000600AF1EE10FAC8BFB0EE600A80ED000A83
:1054D000704700004EF60C50BFF34F8FCEF2000025
:1054E0000168042201F4E061C0F2FA521143016044
:1054F000BFF34F8F00BFFDE7D0B502AF2DED0A8B94
:10550000F5EE400A0446C0ED000A0020F1EE10FA64
:10551000A061E06152D980EE200A10EE100AEDF78A
:1055200091FB9FED2D0B02460B4651EC100BEDF756
:105530000BFDEDF78FFE00EE100AEAF7ABFF9FEDD3
:10554000299AB0EE408AB0EE490AEAF729FF30EE18
:10555000000A20EE080AB7EE00AA30EE0A0A28EE8A
:1055600008BABFEE001A3BEE00CA3BEE011A8BEE02
:105570000C0A31EE011A81EE0C1A30EE002A84ED8D
:10558000030A84ED050AB0EE490A84ED042A84ED8D
:10559000011AEAF705FFB8EE001A20EE010A20EE24
:1055A000080A30EE0A0A3BEE000A80EE0C0A20469A
:1055B00084ED020ABDEC0A8BD0BD00BF4FF07E51D6
:1055C0009FED070AC4E9031060616060204684ED26
:1055D000020ABDEC0A8BD0BD182D4454FB210940B2
:1055E00000000000DB0F493F90ED011A90ED066AC4
:1055F00090ED022A90ED077A26EE011A30EE411A5C
:1056000027EE022A31EE421A9FED0F2A90ED033A5F
:1056100090ED044AF0EEC10A90ED055AF4EE420A0C
:10562000F1EE10FA08BFB0EE401A26EE040A21EEA1
:10563000032A32EE000A27EE052A32EE000A80ED38
:10564000061A80ED076A70470000807F90ED031A0C
:1056500090ED042A90ED053A31EE024A34EE034A09
:1056600080EE044A9FED187A90ED015A90ED026A9F
:10567000F0EEC40AF4EE470AF1EE10FA08BFB0EEFD
:10568000404A68BFB0EE404A24EE055A30EE455A13
:1056900024EE066A35EE465AB0EEC56AB4EE476AA5
:1056A000F1EE10FA08BFB0EE405A22EE040A25EEE1
:1056B000011A31EE000A24EE031A31EE000A80EDE1
:1056C000065A80ED074A70470000807F4EF60C5066
:1056D000BFF34F8FCEF200000168042201F4E061B5
:1056E000C0F2FA5211430160BFF34F8F00BFFDE7D4
:1056F00080B56F4682B0006846F20042C4F20002F4
:10570000904241F2B850C2F2000018BF08300021A8
:105710000068019101A901F0C3FB019850B14EF658
:105720000450CEF200004FF080510160BFF34F8F64
:10573000BFF36F8F02B080BD80B56F4682B0006846
:1057400046F20042C4F20002904241F2B850C2F266
:10575000000018BF083000210068019101A901F084
:105760009FFB019850B14EF60450CEF200004FF06E
:1057700080510160BFF34F8FBFF36F8F02B080BDC8
:1057800080B56F4682B0006846F20042C4F2000263
:10579000904241F2B850C2F2000018BF0830002118
:1057A0000068019101A901F07BFB019850B14EF610
:1057B0000450CEF200004FF080510160BFF34F8FD4
:1057C000BFF36F8F02B080BDF0B503AF2DE9000BC2
:1057D00086B00120002103224FF00108002601F0CD
:1057E000B3F841F2B85140F69854C2F20001C2F247
:1057F00000046D4608604FF0020920462946CDE9B5
:105800000066CDE90298CDE90466F5F77BF84FF024
:1058100080408DE8010320462946CDE903860596A0
:10582000F5F770F82046F5F79FF820460121002291
:10583000F5F7DCF920464FF400710022F5F7D6F9B0
:1058400006B0BDE8000BF0BDF0B503AF2DE9000FC9
:1058500087B0006846F20041C4F20001441A41F2E8
:10586000505918BF01248842C2F200094FF0D000FD
:1058700040F6985B14FB0095C2F2000B05F1280678
:1058800018BF4FF0000B584640212A463346F5F723
:10589000F1F818B107B0BDE8000FF0BD6100682055
:1058A00041F2B85811FB0090C2F2000800F1180A4A
:1058B000049108EB41110C30039001F1200001F13B
:1058C0001C0901F10C02029001F1100001920090FC
:1058D00009E000BFA047584640212A463346F5F765
:1058E000C9F80028D6D1D8F80800DAF8001001303D
:1058F000C8F8080091B1D9F80040002CEBD003980B
:1059000049F2B0414088C0F60101085C2968059061
:10591000029805AA036804980696DBE701980468D4
:10592000002CD8D000982968036804983246D1E743
:1059300041F2B85CC2F2000C0CEB401000EBC1016C
:105940000020CA600B617047F0B503AF4DF8048DBD
:105950008AB0002918BF0121054688070821029056
:10596000002004914FF000410390CDE9051007900D
:105970004FF4000040F6985641F2B854984608900B
:105980000120C2F20006C2F200040192099000BF99
:105990003068D0F8C40080020CD554F825000A21E4
:1059A00001F0CAFB0028F3D105200AB05DF8048B92
:1059B000F0BD00BF002D18BF002601A930464246A9
:1059C000F4F7E8FF002818BF01200AB05DF8048B47
:1059D000F0BD0000F0B503AF4DF8048D8AB0054668
:1059E000002918BF0121B868890798460291002153
:1059F00008280192039107D84AF22801C0F6010154
:105A000051F8200014E000BF182809D809384AF2DC
:105A1000280120F00300C0F601010844406A07E0B5
:105A20001F2801D80D2003E02F288CBF0F200E2047
:105A300004904FF0004005904FF4801006904FF412
:105A4000001040F6985641F2B85407900020C2F278
:105A50000006C2F20004CDE9080000BF3068D0F8AB
:105A6000C400800212D560680A2821D854F82500A5
:105A7000012101F061FB0028F0D160680130606015
:105A800005200AB05DF8048BF0BD00BF0020002D9A
:105A900018BF0646606001A930464246F4F77AFF17
:105AA000002818BF01200AB05DF8048BF0BD00BFCC
:105AB00001200AB05DF8048BF0BD0000B0B502AF64
:105AC00040F214450446C007C4F2010508D041F273
:105AD000E4502C60C2F20000016809B140688847B8
:105AE000A00708D541F2E4502C60C2F200008168A2
:105AF00009B1C0688847600708D541F2E4502C60BE
:105B0000C2F20000016909B140698847200708D541
:105B100041F2E4502C60C2F20000816909B1C06911
:105B20008847E00608D541F2E4502C60C2F200003C
:105B3000016A09B1406A8847A00608D541F2E450DD
:105B40002C60C2F20000816A09B1C06A8847600611
:105B500008D541F2E4502C60C2F20000016B09B19B
:105B6000406B8847200608D541F2E4502C60C2F211
:105B70000000816B09B1C06B8847E00508D541F290
:105B8000E4502C60C2F20000016C09B1406C8847FF
:105B9000A00508D541F2E4502C60C2F20000816CEF
:105BA00009B1C06C8847600508D541F2E4502C600B
:105BB000C2F20000016D09B1406D8847200508D58B
:105BC00041F2E4502C60C2F20000816D09B1C06D59
:105BD0008847E00408D541F2E4502C60C2F200008E
:105BE000016E09B1406E8847A00408D541F2E45027
:105BF0002C60C2F20000816E09B1C06E884760045B
:105C000008D541F2E4502C60C2F20000016F09B1E6
:105C1000406F8847200458BFB0BD41F2E4502C606B
:105C2000C2F20000816F19B1C06FBDE8B0400847F3
:105C3000B0BD00004AF26803C0F6010333F830003B
:105C4000C30723D1830725D4430727D4030729D4C7
:105C5000C3062BD483062DD443062FD4030631D498
:105C6000C30533D4830535D4430537D4030539D46C
:105C7000C3043BD483043DD443043FD400045CBF3D
:105C8000012070474FF00F0C3AE000BF4FF0000CBE
:105C900036E000BF4FF0010C32E000BF4FF0020CC5
:105CA0002EE000BF4FF0030C2AE000BF4FF0040CC1
:105CB00026E000BF4FF0050C22E000BF4FF0060CBD
:105CC0001EE000BF4FF0070C1AE000BF4FF0080CB9
:105CD00016E000BF4FF0090C12E000BF4FF00A0CB5
:105CE0000EE000BF4FF00B0C0AE000BF4FF00C0CB1
:105CF00006E000BF4FF00D0C02E000BF4FF00E0CAD
:105D000041F2E453C2F2000303EBCC0042600020F6
:105D100043F83C1070470000012807D0052807D041
:105D200004281CBF01207047282002E0062000E064
:105D3000172080B56F46F1F770FF002080BD00008E
:105D4000012807D0052807D004281CBF0120704770
:105D5000282002E0062000E0172080B56F46F1F70A
:105D60006CFF002080BD80B56F464AF26803C0F624
:105D7000010303EBC002526833F830308C46104602
:105D800019466246F5F793F9002080BD80B56F464D
:105D90004AF26801C0F6010101EBC002526831F815
:105DA00030101046F5F77EF9002818BF012080BD9D
:105DB000006843F60041C4F200010322884201F565
:105DC000744108BF0122401A18BF1046032808BFBB
:105DD000704741F26461C2F2000101EB001081687A
:105DE00011B1C068084700BF704741F2646CC2F24D
:105DF000000C0CEB001000EBC10C40F8312000202F
:105E0000CCF80430704780B56F4682B041F0800115
:105E100040F6606207F8021C0021C2F2000207F897
:105E2000011C012818BF0A4640F6FC51C2F20001CD
:105E3000002818BF1146BA1E4FF00A0C084611463A
:105E40000223CDF800C0F5F75BFD17F8010C02B096
:105E500080BD80B56F4682B001F07F0107F8021C5B
:105E600007F8012C40F6606140F6FC52C2F20001D6
:105E70000128C2F2000218BF0021002818BF0A46FC
:105E8000B91E104602220A23F5F7DEFA002818BFD1
:105E9000012002B080BD0000F0B503AF4DF8048DC5
:105EA00082B041F0800107F8111C40F66061C2F237
:105EB000000140F6FC56012818BF0021C2F200067E
:105EC0001D461446D7F80880002818BF0E46A7F1D3
:105ED0001101304601220A23F5F7B6FAAAB230467C
:105EE0002146B8F1000F03D00A23F5F7DBFB01E0F0
:105EF000F5F7A2FE002818BF012002B05DF8048B60
:105F0000F0BD0000F0B503AF4DF8048D84B04AF247
:105F1000A000C0F601008268D0E9001041F284645C
:105F2000C2F2000445F278664FF600050392CDE90F
:105F3000011020464FF0FF314FF40062C1F23426C9
:105F4000C0F60105EBF70EFF01A920460C22EBF786
:105F5000F3FD562084F8FF072868B04206D14FF6BB
:105F6000FF70C0F601000078562802D0284600F0E5
:105F700057F84FF20008C0F60108D8F80000B04208
:105F800002D0404600F04CF815F8010C56283AD0E3
:105F90004FF606004FF60501C0F60100C0F60101FC
:105FA0004FF6070200780978C0F60102127841EA3C
:105FB000002040EA024018B3F1F7FEFF18BB42F29E
:105FC0001800C4F20200016808F5FF6441F0404186
:105FD00001604CF2FA312646454640F8081C00BFE5
:105FE00056F8082F002073682946F1F73BFEA542BA
:105FF00003D2002805F10805F2D0F1F7F4FF02E022
:10600000404600F00DF841F28460C2F200004146C3
:106010004FF40062EBF790FD04B05DF8048BF0BD27
:10602000F0B503AF4DF8048D86B042F21805002696
:106030000446C4F202050196F1F7BEFF28684CF24F
:10604000FA3840F040402860012045F8088C05905F
:10605000039004F17840C00A049002A801A90296B6
:10606000F2F726F8F1F7BFFFF1F7A6FF20B106B06F
:106070005DF8048BF0BD00BF286814F5006F40F098
:106080004040286045F8088C14D241F28460C2F286
:10609000000004F50065A0F1080600BF56F8082FBF
:1060A000002073682146F1F7DDFD0834AC4201D2CF
:1060B0000028F3D0F1F797FF06B05DF8048BF0BD30
:1060C000F0B503AF2DE9000F85B042F2180B4FF089
:1060D0000009C4F2020BCDF80090F1F76DFFDBF878
:1060E00000004CF2FA3840F04040CBF800003F206E
:1060F0004BF8088C4FF0010A039001A86946CDF8CF
:1061000010A0CDF808A0CDF80490F1F7D1FFF1F779
:106110006AFFF1F751FF00BBDBF800004FF6000407
:10612000C0F601044EF6F87640F04040C0F6010695
:1061300004F5FF65CBF800004BF8088C56F8082FE3
:10614000002073682146F1F78DFDAC4203D2002890
:1061500004F10804F2D0F1F746FFCDF80090F1F712
:106160002BFFDBF80000694640F04040CBF8000010
:106170003E204BF8088C039001A8CDF810A0CDF874
:1061800008A0CDF80490F1F793FFF1F72CFFF1F799
:1061900013FF18B105B0BDE8000FF0BDDBF800003B
:1061A0004EF6F87140F04040CBF800004CF2FA3067
:1061B0004BF8080C41F28460C0F60101C2F2000005
:1061C000A0F1080501F1080401F5006655F8082F53
:1061D00000206B682146F1F745FDB44203D2002848
:1061E00004F10804F2D0F1F7FEFE05B0BDE8000F9F
:1061F000F0BDF0B503AF4DF8048D86B000240194D6
:10620000F1F7DAFE42F21805C4F2020528684CF2F2
:10621000FA3840F0404028603F2045F8088C0126BD
:10622000049002A801A9059603960294F1F740FF95
:10623000F1F7D9FE0194F1F7BFFE286801A940F0FB
:10624000404028603E2045F8088C049002A805963E
:1062500003960294F1F72CFFF1F7C5FE06B05DF846
:10626000048BF0BDF0B503AF2DE9000F81B041F212
:10627000846AC2F2000A9046524612F8053F8B46E5
:106280005178927843EA012141EA0241814689B37B
:10629000544614F8040F28B30AF10404254600BF3D
:1062A00005F108014846EBF7FFFE002800F0C68024
:1062B00015F804CF15F8031DAA796B78AE786879C4
:1062C0002D7940EA02204CEA052241EA032142EA04
:1062D000004041EA06410844044414F8080F00282D
:1062E0002546DDD104F108014846EBF7DDFE002824
:1062F00000F0A4804846CDF800B0ECF7A1F8524673
:1063000012F8051F00F1010B5378967841EA03213A
:1063100041EA0641002900F0D580554615F8040FE2
:10632000002800F0D580504610F8082F9AF8093060
:106330008678C07842EA032246EA002042EA00401A
:10634000084400EB0A0515F80C0F00286AD000BFBE
:10635000284610F8011FAA78807841EA02212A46CF
:1063600012F8046F6B7941EA00409178D27846EADE
:10637000032341EA022143EA01410844054415F898
:10638000080F00284ED0284610F8011FAA78807800
:1063900041EA02212A4612F8046F6B7941EA004073
:1063A0009178D27846EA032341EA022143EA014187
:1063B0000844054415F8080FA0B3284610F8011F3B
:1063C000AA78807841EA02212A4612F8046F6B7994
:1063D00041EA00409178D27846EA032341EA02215B
:1063E00043EA01410844054415F8080FD0B1284696
:1063F00010F8011FAA78807841EA02212A4612F893
:10640000046F6B7941EA00409178D27846EA032321
:1064100041EA022143EA01410844054415F8080F06
:10642000002895D1284610F8011FAA78807841EA03
:106430000221C44641EA00414BE000BF504610F83B
:10644000051F4278807841EA022141EA0040002895
:1064500000F08C80544614F8040F30B30AF10405A0
:106460002C4600BF04F108014846EBF71DFE00284A
:1064700000F0828014F804CF14F8031DA279637829
:10648000A6786079247940EA02204CEA042241EAA5
:10649000032142EA004041EA06410844054415F858
:1064A000080F00282C46DDD12C4604F1080148468F
:1064B000EBF7FAFD00285FD0032001B0BDE8000F24
:1064C000F0BD00BFC446A2F10108D41D002512E0B2
:1064D000C446284610F8042F6B798678C07842EAC3
:1064E000032246EA002042EA00400844284400F122
:1064F000080800F1100408EB0C00584408300AF2B8
:10650000FF71884204D9022001B0BDE8000FF0BD40
:10651000204649465A466646EBF70EFB009904EBC7
:106520000B003246EBF708FB4FEA1B2188F80210FC
:10653000414601F801BF4FEA1B4200208A70310A30
:1065400088F8000088F8051008F8046F310E88F804
:106550000310310C002D88F80210AED001202870F5
:10656000002001B0BDE8000FF0BD00BF032001B066
:10657000BDE8000FF0BD00BF204610F8041F4278B0
:106580008378C07841EA022143EA002041EA0040D2
:10659000404513D1204610F8011FA278807841EAC7
:1065A000022141EA00402044083059464246EBF7B8
:1065B000C3FA002001B0BDE8000FF0BD012001B01A
:1065C000BDE8000FF0BD0000F0B503AF4DF8048D3D
:1065D00041F28461C2F200010A4612F8053F567882
:1065E000927843EA062343EA0242AAB30D46804664
:1065F00015F8040F18B30E1D354600BF05F108014C
:106600004046EBF751FD10B315F804CF15F8031D04
:10661000AA796B78AC7868792D7940EA02204CEA47
:10662000052241EA032142EA004041EA04410844CC
:10663000064416F8080F00283546DFD1354605F127
:1066400008014046EBF730FD002818BF002528461A
:106650005DF8048BF0BD00BF002528465DF8048B73
:10666000F0BD014611F8012F8378897842EA0322B0
:1066700042EA01410844083070470000F0B503AF1A
:106680004DF804BD044601F0DEF841F68463C2F221
:106690000003186820B104F10802092A26D22BE071
:1066A00041F69470C2F20000C21D22F0070210F001
:1066B0000701A0EB020618BF1046002245F2AF45C5
:1066C000C3E90502002918BF35444119083921F0F2
:1066D00007011960C1E900221A68091AC0E90021FE
:1066E000C3E9011104F10802092A05D314F00700D7
:1066F00010D00938824209D9002401F0ADF86007B2
:1067000062D120465DF804BBF0BD00BF04F110006B
:1067100020F00702012A4FF0000450DB5868824243
:106720004DD81E4656F814EFDEF8044094422CD2A1
:10673000DEF80010C1B170464C68944218D20D6862
:10674000B5B16C68944217D22E68AEB174689442A9
:1067500016D23068A0B14468944215D201688646CA
:106760000029E9D111E000BF03F114060DE000BFDC
:106770008E46064609E000BFAE460E4605E000BF65
:10678000B6462E4601E000BF86461868864515D0FD
:10679000D6F800C0DEF80010A01A112831604CD3E2
:1067A0000EEB0204610719D04FF0500080F31188FE
:1067B000BFF36F8FBFF34F8FFEE700BF002401F0E0
:1067C0004BF860073FF49DAF4FF0500080F3118805
:1067D000BFF36F8FBFF34F8FFEE700BF606003F121
:1067E0001400CEF804200168A1420BD20868A04230
:1067F0000CD20168A14205D208680A46A042F2D331
:1068000005E000BF0246084601E000BF0A465568A1
:1068100061685619A64202D1294414465160651890
:10682000854206D11D68A84203D0D0E9000529445D
:106830006160A242206018BF1460DEF80400D3E952
:1068400001120CF10804091A40F00040914259600D
:1068500038BF9960CEF80400D86800210130CEF826
:106860000010D86000F0F8FF6007ADD149E70000E4
:10687000B0B502AF002808BFB0BD044650F8040C04
:10688000002809D44FF0500080F31188BFF36F8FB8
:10689000BFF34F8FFEE700BFA4F10805296849B197
:1068A0004FF0500080F31188BFF36F8FBFF34F8F0D
:1068B000FEE700BF20F0004044F8040C00F0C3FFE6
:1068C00041F6846CC2F2000C54F8042CDCF804107D
:1068D0001144CCF804100CF1140100BF0B68AB425A
:1068E0000AD21968A94229D20B68AB4204D21968AE
:1068F0001C46A942F2D301E00C4619466368E01831
:10690000A84202D11A4425466260A818884207D1DD
:10691000DCF80000814203D0D1E900101044686027
:10692000AC42296018BF2560DCF810000130CCF8BB
:106930001000BDE8B04000F08FBF00BF1C46636888
:10694000E018A842E1D1DDE7F0B503AF4DF8048DC2
:10695000D0B305460E46A0FB0101A9BB06FB05F01E
:1069600010F1490F30D84830FFF788FE4FF000088B
:1069700028B30446002E18BF48302060C4E90F56E3
:1069800001F0C6FD2068D4E90F12C4F8388002FB7C
:106990000103013901FB0201C4E90103FF20E160A9
:1069A00084F8440084F8450004F1100001F0BDFEB5
:1069B00004F1240001F0B9FE01F0CEFDA0464046EE
:1069C0005DF8048BF0BD00BF4FF0500080F31188DC
:1069D000BFF36F8FBFF34F8FFEE7B0B502AF482014
:1069E000FFF74CFE4FF0000558B30446006001204D
:1069F000C4E90F0501F08CFD2068D4E90F12A563EE
:106A000002FB0103013901FB0201C4E90103FF207C
:106A1000E16084F8440084F8450004F1100001F0BE
:106A200084FE04F1240001F080FE01F095FD204673
:106A30000021002200232560C4E9025500F046F839
:106A400025462846B0BD0000F0B503AF4DF8048DD3
:106A500090B30446884681422ED84820FFF70EFEA8
:106A60004FF0000618B305460060C0E90F4601F07C
:106A70004FFD2868D5E90F12AE6302FB010301390F
:106A800001FB0201C5E90103FF20E96085F844002C
:106A900085F8450005F1100001F047FE05F12400DE
:106AA00001F043FE01F058FD2E46C5F8388030460F
:106AB0005DF8048BF0BD00BF4FF0500080F31188EB
:106AC000BFF36F8FBFF34F8FFEE70000F0B503AF4A
:106AD0002DE9000F85B00492C0B11D4616468B46C5
:106AE0000446E9B1022D03D1E06B012840F0888013
:106AF00001F056FA10BB0EB34FF0500080F311882E
:106B0000BFF36F8FBFF34F8FFEE700BF4FF0500012
:106B100080F31188BFF36F8FBFF34F8FFEE700BF85
:106B2000206C0028DED04FF0500080F31188BFF3B6
:106B30006F8FBFF34F8F00BFFEE700BF01F0E8FC8F
:106B4000A06B022D66D0E16B884263D3002E53D038
:106B500004F110000DF108090190484601F0CDF94B
:106B60000DF1100A01F0F8FC00F06DFE01F0D0FC10
:106B700094F84400FF2804BF002084F8440094F8EF
:106B80004500FF2804BF002084F8450001F0E4FC24
:106B90004846514601F0BAF9002867D101F0B8FC27
:106BA000A66BD4F83C8001F0D7FC464516D1049979
:106BB000019801F0D9F8204600F0A4F800F04CFE4E
:106BC00088B94EF60450CEF200004FF080510160BB
:106BD000BFF34F8FBFF36F8F05E000BF204600F07B
:106BE00091F800F039FE01F093FCA06BE16B884254
:106BF00010D304980028B5D101F0AEFC3BE000BFF3
:106C00004FF0500080F31188BFF36F8FBFF34F8FA9
:106C1000FEE700BF204659462A4600F031F854F8F6
:106C2000241F79B1204601F0EFF8B8B14EF60450B8
:106C3000CEF200004FF080510160BFF34F8FBFF3E1
:106C40006F8F0BE050B14EF60450CEF200004FF0C3
:106C500080510160BFF34F8FBFF36F8F01F07CFC59
:106C6000012005B0BDE8000FF0BD00BF204600F0D8
:106C700049F800F0F1FD002005B0BDE8000FF0BDBF
:106C8000F0B503AF4DF804BD866B036C0446DBB171
:106C900015461AB3E0681A46EAF74EFFE168206C21
:106CA0002268091A9142E16003D2A1684042084477
:106CB000E060A81EB0FA80F040093146002E18BFEF
:106CC00001210840361A16E020680025A0B9A06806
:106CD00001F0DCF9A56005460EE000BF60681A46C9
:106CE000EAF72AFF216CD4E901020844904260606F
:106CF00001D3206860600025711C2846A1635DF8FF
:106D000004BBF0BDF0B503AF4DF8048D044601F0AF
:106D1000FFFB94F94560012E0FDB04F1240500BF51
:106D2000286850B1284601F06FF8002818BF01F01C
:106D300030F970B2013E0128F2DC4FF0FF0884F810
:106D4000458001F009FC01F0E3FB94F94460012E59
:106D50000FDB04F1100500BF286850B1284601F090
:106D600053F8002818BF01F014F970B2013E012851
:106D7000F2DC84F844805DF8048BBDE8F04001F05B
:106D8000EBBB0000F0B503AF2DE9000F81B018B3E5
:106D90001E46904605460C4641B3022E02D1E86BD2
:106DA00001284FD101F03EFCEFF311894FF0500064
:106DB00080F31188BFF36F8FBFF34F8FA86B022E44
:106DC00022D0E96B88421FD3002089F3118801B0DB
:106DD000BDE8000FF0BD00BF4FF0500080F31188F8
:106DE000BFF36F8FBFF34F8FFEE700BF286C002803
:106DF000D3D04FF0500080F31188BFF36F8FBFF3F3
:106E00004F8F00BFFEE700BF95F945B0A86B28463D
:106E1000214632465FFA8BFAFFF732FFBAF1FF0FD5
:106E20001AD000F045FF584532D9BAF17F0F2BD167
:106E30004FF0500080F31188BFF36F8FBFF34F8F77
:106E4000FEE700BF4FF0500080F31188BFF36F8F53
:106E5000BFF34F8FFEE700BF55F8240FC0B128469F
:106E600000F0D2FF0146B8F1000F4FF00100ACD0A6
:106E700000291CBF0120C8F8000089F3118801B067
:106E8000BDE8000FF0BD00BF0AF1010085F8450024
:106E9000012089F3118801B0BDE8000FF0BD0000AA
:106EA000F0B503AF2DE9000B60B10546006C98B159
:106EB0004FF0500080F31188BFF36F8FBFF34F8FF7
:106EC000FEE700BF4FF0500080F31188BFF36F8FD3
:106ED000BFF34F8FFEE700BF28680C4680B301F078
:106EE000A1FBEFF311884FF0500080F31188BFF33E
:106EF0006F8FBFF34F8FA86BE96B88421AD295F959
:106F0000456001305FFA86F9B9F1FF0FA86325D01B
:106F100000F0CEFEB04239D9B9F17F0F32D14FF037
:106F2000500080F31188BFF36F8FBFF34F8F00BF06
:106F3000FEE700BF002088F31188BDE8000BF0BD1C
:106F4000A8680028CBD04FF0500080F31188BFF321
:106F50006F8FBFF34F8F00BFFEE700BF55F8240FC0
:106F6000A0B1284600F050FF0146002C4FF0010070
:106F7000E1D000291CBF0120206088F31188BDE802
:106F8000000BF0BD09F1010085F84500012088F3F0
:106F90001188BDE8000BF0BDF0B503AF2DE9000F7F
:106FA00085B0049290B116460D460446002949D09A
:106FB00000F0F6FFA0B99EB14FF0500080F31188A9
:106FC000BFF36F8FBFF34F8FFEE700BF4FF050004E
:106FD00080F31188BFF36F8FBFF34F8FFEE700BFC1
:106FE00001F096FAD4F838B0BBF1000F38D0226C1B
:106FF00052B1D4E902308118E160994224BF21687E
:10700000E1602846EAF798FDABF10100A06354F86F
:10701000100F70B1204600F0F7FE50B14EF604504C
:10702000CEF200004FF080510160BFF34F8FBFF3ED
:107030006F8F4FF0010801F08FFA404605B0BDE8B0
:10704000000FF0BD206C0028B2D04FF0500080F34C
:107050001188BFF36F8FBFF34F8F00BFFEE700BFF4
:10706000002E4FF00008E6D004F124000DF10809CD
:107070000190484600F041FF0DF1100A01F06CFA52
:1070800000F0E1FB01F044FA94F84400FF2808BF47
:1070900084F8448094F84500FF2808BF84F84580B0
:1070A00001F05AFA4846514600F030FF60B12046E0
:1070B000FFF728FE00F0D0FB01F02AFAA66B01F0E2
:1070C0004BFA1EBB30E000BF01F022FAA66B01F0C4
:1070D00043FA2EB12046FFF715FE00F0BDFB15E088
:1070E0000499019800F040FE2046FFF70BFE00F0E7
:1070F000B3FB58B94EF60450CEF200004FF0805169
:107100000160BFF34F8FBFF36F8F00BF01F000FA34
:10711000D4F838B0BBF1000F7FF469AF04980028B1
:10712000ACD14FF0000886E74FF00008404605B0AC
:10713000BDE8000FF0BD0000F0B503AF2DE9000F72
:1071400085B0049160B10446006C98B14FF05000D6
:1071500080F31188BFF36F8FBFF34F8FFEE700BF3F
:107160004FF0500080F31188BFF36F8FBFF34F8F44
:10717000FEE700BF0D4600F013FF58B955B14FF0C0
:10718000500080F31188BFF36F8FBFF34F8F00BFA4
:10719000FEE700BF01F0BCF9A06BE8B10138A063C5
:1071A000206810B901F046F8A06054F8100F88B1BB
:1071B000204600F029FE68B14EF60450CEF20000E1
:1071C0004FF080510160BFF34F8FBFF36F8F0125E8
:1071D00089E000BF012586E0002D4FF0000500F09A
:1071E000828004F1240801200DF1080A0DF1100934
:1071F00000210191C00702D0504600F07EFE01F050
:10720000ABF900F020FB01F083F994F84400FF286B
:1072100008BF84F8445094F84500FF2808BF84F85C
:10722000455001F099F95046494600F06FFE58B1BB
:107230002046FFF767FD00F00FFB01F069F9A66B30
:1072400001F08AF986BB3BE001F062F9D4F838B06E
:1072500001F082F9BBF1000F06D02046FFF752FD86
:1072600000F0FAFA20E000BF206838B901F050F9C8
:10727000A06800F0A5FE019001F06EF90499404667
:1072800000F072FD2046FFF73DFD00F0E5FA58B929
:107290004EF60450CEF200004FF080510160BFF373
:1072A0004F8FBFF36F8F00BF01F032F9A06B002842
:1072B0007FF474AF049800284FF000009AD111E0D9
:1072C000019848B101F024F9606A38B1206B006878
:1072D000C0F1060103E000BF002506E00021A06820
:1072E00000F03EFF002501F037F9284605B0BDE863
:1072F000000FF0BDF0B503AF2DE9000F81B00028FD
:107300003AD0914605460E4600293FD001F08AF951
:10731000EFF311884FF0500080F31188BFF36F8FA7
:10732000BFF34F8FAC6B002C3ED095F944B02A6C64
:107330005FFA8BFA52B1D5E902308118E9609942BF
:1073400024BF2968E9603046EAF7F6FB601EBAF10F
:10735000FF0FA86330D000F0ABFC584548D9BAF114
:107360007F0F41D14FF0500080F31188BFF36F8F32
:10737000BFF34F8FFEE700BF4FF0500080F311883E
:10738000BFF36F8FBFF34F8FFEE700BF286C00285D
:10739000BCD04FF0500080F31188BFF36F8FBFF364
:1073A0004F8F00BFFEE700BF002088F3118801B0B7
:1073B000BDE8000FF0BD00BF55F8100FC0B1284662
:1073C00000F022FD0146B9F1000F4FF00100ECD0B2
:1073D00000291CBF0120C9F8000088F3118801B002
:1073E000BDE8000FF0BD00BF0AF1010085F84400C0
:1073F000012088F3118801B0BDE8000FF0BD000046
:10740000D0B502AF40B1044601F082F8A46B01F0A0
:10741000A3F82046D0BD00BF4FF0500080F3118884
:10742000BFF36F8FBFF34F8FFEE7000000281CBF34
:10743000806B70474FF0500080F31188BFF36F8F5F
:10744000BFF34F8FFEE70000F0B503AF2DE9000F4B
:1074500081B0950081462846984616468A46FFF731
:107460000DF9002800F0A48004465820FFF706F923
:10747000002800F0A580002158228346EAF772FC1C
:107480002046A5212A46CBF83040EAF76BFCDBF812
:107490003000BAF1000F00EB8600A0F1040020F0EC
:1074A0000706CBF8446076D09AF800008BF83400D9
:1074B0009AF8000000286BD09AF801008BF835008C
:1074C0009AF80100002863D09AF802008BF8360081
:1074D0009AF8020000285BD09AF803008BF8370076
:1074E0009AF80300002853D09AF804008BF838006B
:1074F0009AF8040000284BD09AF805008BF8390060
:107500009AF80500002843D09AF806008BF83A0054
:107510009AF80600E0B39AF807008BF83B009AF857
:107520000700A8B39AF808008BF83C009AF8080006
:1075300070B39AF809008BF83D009AF8090038B347
:107540009AF80A008BF83E009AF80A0000B39AF8FD
:107550000B008BF83F009AF80B00C8B19AF80C00AA
:107560008BF840009AF80C0090B19AF80D008BF857
:1075700041009AF80D0058B19AF80E008BF84200BD
:107580009AF80E0000281CBF9AF80F008BF84300F1
:1075900000208BF84300BC68062C1BD34FF0500032
:1075A00080F31188BFF36F8FBFF34F8FFEE700BFEB
:1075B0004FF0FF36304601B0BDE8000FF0BD00BF10
:1075C0002046FFF755F94FF0FF36304601B0BDE8D1
:1075D000000FF0BD0BF10405D7F80CA02846CBF83E
:1075E0002C40CBF8484001F0ABF80BF1180001F04B
:1075F000A7F8C4F10600CBF81800304649464246C9
:10760000CBF810B0CBF824B000F020FEBAF1000F98
:10761000CBF8000018BFCAF800B000F079FF41F6BF
:107620001C74C2F20004606941F6A06A0130606116
:10763000C2F2000ADAF8000041F6A468C2F20008BB
:1076400060B12069B8BBDAF80000DBF82C10C06A22
:10765000884298BFCAF800B02DE000BFCAF800B059
:107660006069012827D1404601F05FF808F1140055
:1076700001F05BF808F1280001F057F808F13C0030
:1076800001F053F808F1500001F04FF808F16400E0
:1076900001F04BF804F14809484601F046F804F1BE
:1076A0005C06304601F041F804F1340001F03DF889
:1076B000C4F82490A662A069216B012601312163E0
:1076C000DBF82C1006FA01F21043A06101EB8100F7
:1076D00008EB80014A68CBF814109368CBF80820B7
:1076E000CBF80C30936895605D6058F8201001313C
:1076F00048F8201000F030FF206900283FF45AAF0E
:10770000DAF80000DBF82C10C06A88420AD24EF684
:107710000450CEF200004FF080510160BFF34F8F54
:10772000BFF36F8F0126304601B0BDE8000FF0BDFA
:10773000F0B503AF4DF8048D80B1C9B141F61C75A9
:10774000C2F200052A68EAB14FF0500080F31188B8
:10775000BFF36F8FBFF34F8FFEE700BF4FF05000B6
:1077600080F31188BFF36F8FBFF34F8FFEE700BF29
:107770004FF0500080F31188BFF36F8FBFF34F8F2E
:10778000FEE700BF2A6801322A606A6803689A42ED
:10779000194407D299424FF0000401603CD2914253
:1077A00008D839E09942016004D3914202D80024FC
:1077B00032E000BF41F6A068C2F200086E68D8F857
:1077C00000008C1A043000F0F2FF58B1D8F8000025
:1077D000A419446015D3A86AD8F80010043100F049
:1077E000B3FF18E0D8F800000121C06AAA6901FAC5
:1077F00000F022EA0000A861D8F80000A419446053
:10780000E9D2686AD8F80010043100F09DFFE868FA
:10781000844238BFEC60012400F01EF820B12046FD
:107820005DF8048BF0BD00BF4EF60450CEF20000B0
:107830004FF080510160BFF34F8FBFF36F8F204631
:107840005DF8048BF0BD41F61C70C2F200000168C7
:107850000131016070470000F0B503AF2DE900076A
:1078600041F61C7AC2F2000ADAF8000080B100F09A
:107870004FFEDAF800000138CAF80000DAF800001C
:1078800080B1002400F068FE2046BDE80007F0BD8E
:107890004FF0500080F31188BFF36F8FBFF34F8F0D
:1078A000FEE700BFDAF814000028EAD0DAF8340066
:1078B00000285FD041F6A46941F6A06E4FF0000C9D
:1078C0004FF00108C2F20009C2F2000EDAF84000DF
:1078D000C068D0E90715836A8D605A68056A00F1AF
:1078E0001806B242696008BF5D60C0F828C0196818
:1078F00001391960D0E9021245698A606A68C66870
:10790000031D9A42716008BF6E60296801392960C1
:10791000C16ADAF8182008FA01F52A43CAF81820D3
:1079200001EB810209EB82056E684561B4688660EF
:10793000C460B468B360636059F82200013049F84C
:107940002200DEF80000C06A814288BFCAF81C80AD
:10795000DAF834000028B9D1DAF82400006828B138
:10796000DAF82400C068006802E000BF4FF0FF3082
:10797000CAF80C00DAF820505DB1012600F0D6F804
:10798000002818BFCAF81C60013DF7D10020CAF8D2
:107990002000DAF81C0000283FF473AF4EF60450C4
:1079A000CEF200004FF080510160BFF34F8F0124F1
:1079B000BFF36F8F00F0D0FD2046BDE80007F0BD9B
:1079C000F0B503AF4DF8048D00284FD041F61C757B
:1079D000C2F200050446286850B14FF0500080F311
:1079E0001188BFF36F8FBFF34F8F00BFFEE700BF5B
:1079F000286841F6A06801302860C2F200086E686D
:107A0000D8F80000043000F0D2FE78B1D8F80000B9
:107A1000A419446019D3A86AD8F80010043100F002
:107A200093FEFFF719FFE8B920E000BFD8F8000087
:107A30000121C06AAA6901FA00F022EA0000A861E7
:107A4000D8F80000A4194460E5D2686AD8F800109C
:107A5000043100F079FEE868844238BFEC60FFF73B
:107A6000FBFE18B15DF8048BF0BD00BF4EF604506C
:107A7000CEF200004FF080510160BFF34F8FBFF393
:107A80006F8F5DF8048BF0BDB0B502AF82B041F6E8
:107A90001C750020C2F20005009047F605304AF23E
:107AA000B00105F10804C0F60100C0F60101202272
:107AB00000230194FFF7C8FC411C19D0012810D104
:107AC0004FF0500080F31188BFF36F8FBFF34F8FDB
:107AD0004FF0FF30E860012028610020686000F06E
:107AE00001FC4AF2AC00C0F60100006802B0B0BD73
:107AF0004FF0500080F31188BFF36F8FBFF34F8FAB
:107B0000FEE7000041F6A4604EF60451C2F2000008
:107B1000CEF200014FF080520368022BFCD30A60C2
:107B2000BFF34F8FBFF36F8FF6E70000F0B503AFE1
:107B30002DE9000F41F61C7BC2F2000BDBF80000C0
:107B400040B1DBF820000130CBF820000020BDE878
:107B5000000FF0BDDBF8040010F10109CBF8049030
:107B600028D3DBF82400006850B14FF0500080F3B8
:107B70001188BFF36F8FBFF34F8F00BFFEE700BFC9
:107B8000DBF82400DBF82820CBF82420CBF82800F1
:107B9000DBF82C000130CBF82C00DBF82400006867
:107BA00020B1DBF82400C068006801E04FF0FF302E
:107BB000CBF80C00DBF80C00814501D2002069E015
:107BC000DBF82400006800285CD041F6A46A41F686
:107BD000A0684FF0010EC2F2000AC2F200080020B5
:107BE00024E000BFD5F82CC0DBF818200EFA0CF307
:107BF0001A43CBF818200CEB8C020AEB82035C686A
:107C00006B61A168AC60E960A168A6604E605AF83B
:107C1000221001314AF82210D8F80010C96ADBF8A6
:107C200024208C4588BF0120116879B3DBF824201B
:107C3000D268D5682E4656F8044FA14528D3D5E919
:107C400002326C699A606168EA68B142536008BFA9
:107C50006260216801392160AC6A002CC2D0D5E98C
:107C60000712D4F804C08A602A6A05F1180351602B
:107C700000219C4508BF6260A9622168013921602A
:107C8000B0E700BF4FF0FF34002001E04FF0FF34B9
:107C9000CBF80C40DBF81C10002918BF0120BDE810
:107CA000000FF0BD41F61C70C2F200004068704742
:107CB00041F61C70C2F2000040697047B0B502AFD7
:107CC00041F61C75C2F20005286818B10120E86170
:107CD000B0BD00BF002041F6A064E861C2F200041C
:107CE0002068006B0168B1F1A53F0BD14168B1F18B
:107CF000A53F07D18168B1F1A53F03D1C068B0F1BC
:107D0000A53F04D020682168343100F0C5FCA86983
:107D1000B0FA80F0C0B2C0F11F0041F6A46100EBE0
:107D20008000C2F2000151F820206AB101EB80020C
:107D3000114651F8040F40680B1D984208600DD0A1
:107D4000C0682060B0BD00BF4FF0500080F31188C4
:107D5000BFF36F8FBFF34F8FFEE700BFD06808609F
:107D6000C0682060B0BD0000F0B503AF4DF8048DD1
:107D700010B341F6A066C2F200060C463168183115
:107D800000F0E2FC41F61C78C2F20008D8F804507A
:107D90003068043000F00BFDC0B1306864194460F5
:107DA00023D3D8F82800316804315DF8048BBDE88E
:107DB000F04000F0C9BC00BF4FF0500080F31188C4
:107DC000BFF36F8FBFF34F8FFEE700BF3068012115
:107DD000C06AD8F8182001FA00F022EA0000C8F8BA
:107DE0001800306864194460DBD2D8F82400316888
:107DF000043100F0A9FCD8F80C00844238BFC8F860
:107E00000C405DF8048BF0BDF0B503AF4DF804BD38
:107E1000C068C06850B3D0E90723816A9360036AE1
:107E2000D1F804C000F1180E5A600022F44508BFD2
:107E30004B6082620A6841F61C7C013A0A60C2F219
:107E4000000CDCF80010D9B1614651F8342F4B68B2
:107E500001329C68C36104629C68C3F808E0C4F8FE
:107E600004E081620A60C36A38E000BF4FF050004E
:107E700080F31188BFF36F8FBFF34F8FFEE700BF12
:107E8000D0E90221436991605C68C16800F1040E89
:107E900074454A6008BF5960196801391960C36A9E
:107EA0000121DCF818209940114341F6A462CCF876
:107EB000181003EB8301C2F2000202EB8104656833
:107EC0004461AE688560C660AE68C5F808E0C6F873
:107ED00004E052F82100013042F8210041F6A06090
:107EE000C2F200000068C06A834292BF00200120F5
:107EF000CCF81C005DF804BBF0BD41F61C71C2F269
:107F00000001CA6A0260496841607047B0B502AFBB
:107F100020B30D46A1B3044600F0FAFA41F61C7CEA
:107F2000C2F2000CDCF80410D4E90032DCF82C00BA
:107F3000984201D091421BD22B68891A8B4217D9E3
:107F4000581A2860DCF82C002060DCF8040060601F
:107F5000002400F001FB2046B0BD00BF4FF05000F0
:107F600080F31188BFF36F8FBFF34F8FFEE700BF21
:107F700000200124286000F0EFFA2046B0BD00BFC9
:107F80004FF0500080F31188BFF36F8FBFF34F8F16
:107F9000FEE741F61C70C2F200000121C16170478A
:107FA00041F61C70C2F20000016900290FBF0120D8
:107FB0000068B0FA80F0400918BF40007047000028
:107FC000F0B503AF4DF8048D20B341F6A066C2F2C0
:107FD00000060446C06A3168C96A88421ED2A16997
:107FE000002904D43168C96AC1F10601A16141F6D2
:107FF000A468616900EB8000C2F2000808EB800011
:10800000814215D03068C06AE06201205DF8048BBF
:10801000F0BD00BF00205DF8048BF0BDA16C30689E
:10802000C26A0020914238BF01205DF8048BF0BD88
:10803000251D284600F0BBFB41F61C71C2F2000171
:1080400038B9E06A01228B6902FA00F023EA0000E5
:1080500088613068C26A0120E2628B6900FA02F628
:1080600033438B6102EB820108EB8102536862614A
:108070009E68A360E6609E689D60756058F8212048
:10808000013248F821205DF8048BF0BDF0B503AF54
:108090004DF804BD90B1044641F6A060C2F2000064
:1080A0000068A0420ED04FF0500080F31188BFF35B
:1080B0006F8FBFF34F8F00BFFEE700BF00205DF85A
:1080C00004BBF0BDE06C002840D0411EE06AA26C09
:1080D000E16490424FF0000035D0A1BB261D304630
:1080E00000F065FB41F61C7CC2F2000C48B9E06A66
:1080F0000122DCF8183002FA00F023EA0000CCF884
:108100001800A26CC2F10600E262A0610120DCF856
:10811000183000FA02F11943CCF8181041F6A46C9B
:1081200002EB8201C2F2000C0CEB81035A6863611E
:108130009568A260E560956896606E605CF82120A5
:1081400001324CF821205DF804BBF0BD4FF0500027
:1081500080F31188BFF36F8FBFF34F8FFEE70000EE
:10816000F0B503AF4DF804BD20B3C36C04462BB388
:10817000A26CE06A8A4238BF0A4690421AD0012BAC
:1081800018D141F6A061C2F200010968A1421FD0D6
:10819000A169E26200295CBFC2F10601A16141F65A
:1081A000A466616900EB8000C2F2000606EB800065
:1081B000814217D05DF804BBF0BD00BF4FF0500006
:1081C00080F31188BFF36F8FBFF34F8FFEE700BFBF
:1081D0004FF0500080F31188BFF36F8FBFF34F8FC4
:1081E000FEE700BF251D284600F0E1FAE16A012202
:1081F000002841F61C7002FA01F2C2F2000002D11E
:1082000083699343836183691A43826101EB81002F
:1082100006EB80014A6861619368A260E36093683D
:1082200095605D6056F82010013146F820105DF829
:1082300004BBF0BD41F6A060C2F20000016819B1B4
:108240000168CA6C0132CA6400687047034648F28C
:108250007520C0F601004FF0807C21F0010103E998
:1082600003106FF0020043F8240CA3F1440043F81C
:10827000202C704781B00020009040F22C10C2F2F8
:10828000000000684FF0500181F31188BFF36F8F39
:10829000BFF34F8F013007D0FEE700BF009830B921
:1082A000009820B9009810B900980028F6D001B0C5
:1082B0007047000000000000000000000000000007
:1082C000074B19680868B0E8F04F80F30988BFF3DE
:1082D0006F8F4FF0000080F31188704700BF00BF20
:1082E000A01E0020B0B502AF84B04EF20040CEF226
:1082F00000004CF27021C4F20F11D0F800294B1C81
:108300009A4209D14FF0500080F31188BFF36F8F6C
:10831000BFF34F8FFEE700BFD0F800298A4209D192
:108320004FF0500080F31188BFF36F8FBFF34F8F72
:10833000FEE700BF00210191017807F80D1CFF2125
:108340000170017807F8151C17F8151C11F0500280
:1083500041F68C71C2F200010A7000F08D8017F8AE
:10836000152C02F05002502A40F0908017F9152C7D
:10837000B2F1FF3F66DD019A0024082A4FF00002A7
:1083800006D0019A4FF4E063A3EB022202F4E0620C
:108390004A6017F80D1C0170D0F8201941F47F01D4
:1083A000C0F82019D0F8201941F07F41C0F82019F9
:1083B00000F075F840F22C15C2F200052C6000F0B8
:1083C00089F84EF63470CEF20000016841F0404169
:1083D000016000F089F8FFF771FC039428684FF002
:1083E000500181F31188BFF36F8FBFF34F8F0130BE
:1083F0003CD000BFFEE700BF019A0132019217F89E
:10840000152C520007F8152C17F9152CB2F1FF3F67
:10841000B1DC019A0132019217F8152C520007F8CD
:10842000152C17F9152CB2F1FF3FA4DC019A01328B
:10843000019217F8152C520007F8152C17F9152C76
:10844000002A98D5019A0132019217F8152C520092
:1084500007F8152C17F9152CB2F1FF3FCCDD8AE790
:10846000039830B9039820B9039810B903980028ED
:10847000F6D0002004B0B0BD4FF0500080F311885A
:10848000BFF36F8FBFF34F8FFEE700BF4FF0500079
:1084900080F31188BFF36F8FBFF34F8FFEE74EF26B
:1084A0001000CEF2000000210160816040F29001D6
:1084B000C2F20001096844F6D352C1F26202A1FB84
:1084C00002124FF0FF3101EB921141600721016070
:1084D00070470000DFF80C00016841F47001016092
:1084E0007047000088ED00E008480068006880F3ED
:1084F00008884FF0000080F3148862B661B6BFF3BD
:108500004F8FBFF36F8F00DF00BF000008ED00E06A
:108510004FF0500080F31188BFF36F8FBFF34F8F80
:1085200040F22C10C2F2000001684A1C026009B13E
:10853000704700BF4EF60450CEF2000000680006FF
:1085400008BF70474FF0500080F31188BFF36F8F62
:10855000BFF34F8FFEE7000040F22C10C2F2000084
:10856000016839B10139016018BF7047002080F3FC
:10857000118870474FF0500080F31188BFF36F8F60
:10858000BFF34F8FFEE70000000000000000000076
:10859000EFF30980BFF36F8F154B1A681EF0100FB1
:1085A00008BF20ED108A20E9F04F10602DE9090086
:1085B0004FF0500080F31188BFF34F8FBFF36F8FE0
:1085C000FFF77CFB4FF0000080F31188BDE8090045
:1085D00019680868B0E8F04F1EF0100F08BFB0EC43
:1085E000108A80F30988BFF36F8F704700BF00BF08
:1085F000A01E002080B56F464FF0500080F3118818
:10860000BFF36F8FBFF34F8FFFF790FA30B14EF685
:108610000450CEF200004FF080510160002080F342
:10862000118880BD41F68C70EFF305811029C2F2EC
:10863000000011D34EF2F032CEF20002895C0278D3
:10864000914209D24FF0500080F31188BFF36F8F31
:10865000BFF34F8FFEE700BF4EF60C51CEF2000184
:108660000968406801F4E061814298BF70474FF0AB
:10867000500080F31188BFF36F8FBFF34F8F00BF9F
:10868000FEE780B56F46FFF78BFC012808BF80BD71
:10869000BDE88040FFF7AEBF80B56F464FF0500099
:1086A00080F31188BFF36F8FBFF34F8F4AF2B5008D
:1086B000C0F60100EBF7F0F84EF21004012080F351
:1086C0001088CEF20004002525606560A560F0F7F3
:1086D00093F84FF0FF30C4F87001C4F87002C4F88A
:1086E0007401C4F87402C4F87801C4F87802C4F8BC
:1086F0007C01C4F87C02C4F88001C4F88002C4F88C
:108700008401C4F88402C4F88801C4F88802C4F85B
:108710008C01C4F88C02002085F31088C1F6FF702C
:10872000016881F30888406880474FF0FF310246B6
:1087300042F8081F00214260C0E90322016070472F
:108740000021016170470000D0B502AFD1F800E010
:108750001EF1010214D000F1080400BF6268136822
:10876000734511D853681C68744511D85A68146849
:1087700074450FD854682368A4467345EED90BE0BE
:108780000269D2F804C007E09446224604E000BF24
:108790009C4601E094461A46C1F804C0CCF8081083
:1087A0008A6051600861016801310160D0BDD0E983
:1087B000013201699A60D1F804C08268844553602F
:1087C00008BF4A6000220261086801380860086832
:1087D000704708B5E9F7F8F808B5E9F7F5F808B50E
:1087E000E9F7F2F808B5E9F7EFF808B5E9F7ECF8BA
:1087F00008B5E9F7E9F80AB1E9F79EB97047000052
:1088000008B50B68B3F1804F02D30D48FFF7EAFFBC
:1088100093420BD9B3EB420F4FEA420006D2B0F1BC
:10882000804F2ABF6FF0404308600B60086801303A
:1088300001D5FFF7CEFFBDE80840EBF716B800BF43
:10884000C6A0010850F8083B834202D01846EBF757
:108850000EB87047406801F180410139091A914210
:1088600008B502D21846FFF7BDFF08BD03688B426A
:1088700006D840681844814294BF00200120704708
:1088800001207047012A10B404D10A785DF8044B26
:10889000027070475DF8044BFFF7ADBF012A30B49A
:1088A00003D10B78037030BC7047002AFBD030BC7A
:1088B000E9F7DCB90B46012B10B41146044603D18D
:1088C00022705DF8044B7047002BFAD05DF8044B22
:1088D0001A46E9F747BA37B50F29044601911546FC
:1088E00006D9002201A9FFF78BFF019B2060A3603E
:1088F000019919B120682A46FFF7DCFF019B226825
:1089000063600021D15403B030BD2DE9F3470A9EC6
:108910001F46436801EB0208B21A1A44A3EB080988
:108920000346019253F8082B9A4218BF82680D46FD
:1089300008BF0F2201A90446FFF762FF82461DB15E
:1089400021682A46FFF79EFF37B12EB132463946DD
:108950000AEB0500FFF796FFB9F1000F07D0216879
:1089600035444A4641440AEB0500FFF78BFF204699
:10897000FFF768FF019BC4F800A0A36002B0BDE848
:10898000F08700002DE9F74F0C9D144680462A46DB
:1089900089461F462146394BFFF75CFF4246D8F80F
:1089A000043052F8086B964218BFD8F80820A5EB9F
:1089B000040B03EB0B0A08BF0F22524551D34E4460
:1089C0003946A1444046A3EB0909FFF74FFF80B1A8
:1089D000B9F1000F06D0AC4204D04A4631197019E3
:1089E000FFF75CFF15B32A4639463046FFF74AFFCA
:1089F0001CE035B1AC423CD32A4639463046FFF73D
:108A00004DFFB9F1000F11D0AC420FD04A463119D9
:108A10007019FFF743FFAC4208D234447B199C42E3
:108A20000FD32A4639463046FFF738FFD8F80030D2
:108A3000C8F804A00022404603F80A2003B0BDE8AD
:108A4000F08FBC4203D82A4607EB0B01CDE7E41BAD
:108A5000224639463046FFF721FF2A1B711930198B
:108A6000C4E700953B46224649464046FFF74DFF86
:108A7000DCE7B9F1000FD0D0C8E700BFDEA00108E5
:108A8000F8B500BFF8BC08BC9E467047F8B500BFFB
:088A9000F8BC08BC9E467047CB
:108A9800DB0F49BFE4CB1640E4CB16C000000080D2
:108AA800DB0F4940DB0F49C00000000000000080D8
:108AB800000FC93F000F494000CB9640000FC94046
:108AC8000053FB4000CB164100ED2F41000F4941F8
:108AD8000031624100537B41003A8A4100CB964104
:108AE800005CA34100EDAF41007EBC41000FC941CD
:108AF80000A0D5410031E24100C2EE410053FB41E4
:108B080000F20342003A0A420083104200CB1642A8
:108B180000141D42005C234200A5294200ED2F42AB
:108B280000363642007E3C4200C74242000F4942AE
:108B3800A2000000F9000000830000006E000000A1
:108B48004E0000004400000015000000290000004D
:108B5800FC0000002700000057000000D1000000C2
:108B6800F500000034000000DD000000C000000037
:108B7800DB00000062000000950000009900000082
:108B88003C0000004300000090000000410000008D
:108B9800FE0000005100000063000000AB00000070
:108BA800DE000000BB000000C500000061000000FE
:108BB800B7000000240000006E0000003A0000002A
:108BC800420000004D000000D2000000E00000005C
:108BD80006000000490000002E000000EA00000026
:108BE80009000000D1000000920000001C000000F5
:108BF800FE0000001D000000EB0000001C0000004B
:108C0800B100000029000000A70000003E0000009D
:108C1800E80000008200000035000000F5000000B8
:108C28002E000000BB00000044000000840000008B
:108C3800E90000009C000000700000002600000011
:108C4800B40000005F0000007E000000410000004A
:108C58003900000091000000D60000003900000033
:108C6800830000005300000039000000F4000000F9
:108C78009C000000840000005F0000008B000000E2
:108C8800BD000000F9000000280000003B000000C3
:108C98001F000000F800000097000000FF0000001F
:108CA800DE00000005000000980000000F00000032
:108CB800EF0000002F000000110000008B000000F2
:108CC8005A0000000A0000006D0000001F000000AC
:108CD8006D000000360000007E000000CF0000009C
:108CE80027000000CB00000009000000B7000000CA
:108CF8004F000000460000003F0000006600000032
:108D08009E0000005F000000EA0000002D00000047
:108D18007500000027000000BA000000C70000002E
:108D2800EB000000E5000000F10000007B000000FF
:108D38003D0000000700000039000000F7000000B7
:108D48008A0000005200000092000000EA000000C3
:108D58006B000000FB0000005F000000B100000095
:108D68001F0000008D0000005D00000008000000EA
:108D7800560000000300000030000000460000001C
:108D8800FC0000007B0000006B000000AB0000004E
:108D9800F0000000CF000000BC0000002000000030
:108DA8009A000000F4000000360000001D000000DA
:108DB800A9000000E300000091000000610000002D
:108DC8005E000000E60000001B0000000800000034
:108DD8006500000099000000850000005F000000A9
:108DE80014000000A000000068000000400000001F
:108DF8008D000000FF000000D80000008000000087
:108E08004D00000073000000270000003100000042
:108E180006000000060000001500000056000000D3
:108E2800CA00000073000000A8000000C90000008C
:108E380060000000E20000007B000000C0000000AD
:108E48008C0000006B000000040000000700000018
:108E5800090000000000C93F0000F0390000DA37BF
:108E68000000A2330000842E0000502B0000C2270F
:108E78000000D0220000C41F0000C61B00004417D9
:108E88006937AC3168212233B40F14336821A23317
:108E98003863ED3EDA0F493F5E987B3FDA0FC93FF2
:108EA80000202020202020202020282828282820B2
:108EB80020202020202020202020202020202020AA
:108EC8002088101010101010101010101010101012
:108ED8001004040404040404040404101010101002
:108EE80010104141414141410101010101010101CC
:108EF800010101010101010101010101101010101E
:108F0800101042424242424202020202020202029D
:108F180002020202020202020202020210101010F1
:108F28002000000000000000000000000000000019
:108F38000000000000000000000000000000000029
:108F48000000000000000000000000000000000019
:108F58000000000000000000000000000000000009
:108F680000000000000000000000000000000000F9
:108F780000000000000000000000000000000000E9
:108F880000000000000000000000000000000000D9
:108F980000000000000000000000000000000000C9
:108FA800002E2E2E6162636465666768696A6B6C61
:108FB8006D6E6F707172737475767778797A2E2EFC
:108FC8002E00E4BDA0E58FAFE883BDE59CA8E4BD15
:108FD800BFE794A8E4B88DE59088E6B395E79A844E
:108FE800E7A1ACE4BBB6EFBC8CE8AFB7E88194E787
:108FF800B3BB323539323539303931383340717194
:109008002E636F6D0D0A00706F776572006461746E
:1090180065007573625F7468726561640074657277
:109028006D5F74687265616400252D2E3466202595
:1090380073006F70656E00636C6F73650073746F97
:10904800700073687574646F776E007265626F6F15
:109058007400626C005265626F6F7420696E746F81
:1090680020626F6F746C6F6164657220696E203363
:10907800207365636F6E64732E0D0A0072657374D6
:109088006F726500303834633332343100546869A4
:10909800732066756E6374696F6E206973206E6FD6
:1090A8007420617661696C61626C6520696E2070FC
:1090B80075626C69632076657273696F6E2E0D0A2E
:1090C800002564206461797320256420686F7572B7
:1090D80073202564206D696E7574657320252E33A1
:1090E80066207365636F6E64730D0A0074696D653D
:1090F800725F7461736B004454006F6D5F6C6F67CF
:10910800005B25735D25730D0A00257325734025C3
:10911800733A2573241B5B30306D20001B5B3332A0
:109128006D0061746F6D0058526F626F74007E003D
:1091380062696E006574630064657600686F6D65CA
:1091480000707764006C7300636400636174006589
:1091580063686F00636C65617200524541444D4518
:109168002E7478740041746F6D3A204475616C20D8
:10917800362D4178697320494D5520436F7265201B
:10918800426F6172642056332E312E2068747470D9
:10919800733A2F2F78726F626F742D6F72672E6714
:1091A80069746875622E696F2F0057656C636F6DFF
:1091B8006520746F207573652058526F626F742133
:1091C800004552524F523A204469726563746F7277
:1091D80079206E6F7420666F756E642E004552524A
:1091E8004F523A204469726563746F72792027255B
:1091F8007327206E6F7420666F756E642E0045525B
:10920800524F523A2046696C65206E6F7420666F23
:10921800756E642E004552524F523A2046696C656D
:109228002027257327206E6F7420666F756E642E55
:109238000046696C65206E6F742065786563757487
:1092480061626C652E0008200800257325730045AF
:1092580052524F523A20496E76616C6964206E759D
:109268006D626572206F6620617267756D656E74D8
:10927800732E004552524F523A2046696C65206E53
:109288006F74207772697461626C652E0045525262
:109298004F523A2046696C65206E6F742072656182
:1092A8006461626C652E002F257300642D2D2D20BE
:1092B8002020252D3135730066256325632563201D
:1092C8002020252D3135732073697A6520256400A7
:1092D8006625632D2D202020252D31357300632D23
:1092E80025632563202020252D313573003E001B82
:1092F8005B324B0D001B5B324A1B5B314800205F21
:109308005F20205F5F205F2020202020205F205FDB
:109318005F5F205F20202020202020205F205F200A
:109328000D0A7C20205C2F2020285F295F205F20E9
:10933800285F29205F5F7C207C5F20205F5F5F7C47
:10934800207C207C0D0A7C207C5C2F7C207C207C6F
:109358002027205C7C205C5F5F205C2027205C2F1E
:10936800202D5F29207C207C0D0A7C5F7C20207CBE
:109378005F7C5F7C5F7C7C5F7C5F7C5F5F5F2F5F77
:109388007C7C5F5C5F5F5F7C5F7C5F7C0D0A427505
:10939800696C643A4D6172202032203230323520B7
:1093A80031313A35333A32320D0A76657273696F64
:1093B8006E3A312E302E360D0A001B5B43001B5BC4
:1093C80044001B5B73001B5B4B001B5B7500296C27
:1093D8006C756E2800296C696E28006E616E0066D7
:1093E8006E692D00666E692B00666E6900000000CC
:1093F800000000000000F03F0000000000002440D2
:1094080000000000000059400000000000408F40AC
:10941800000000000088C34000000000006AF84017
:109428000000000080842E4100000000D01263413B
:109438000000000084D797410000000065CDCD41B1
:10944800000000205FA00242000000E87648374292
:10945800000000A2941A6D42000040E59C30A24230
:109468000000901EC4BCD64200003426F56B0C43A5
:109478000080E03779C3414300A0D885573476434C
:1094880000000000000000000102030406070809AC
:109498000000000001020304C40E002000000000C8
:1094A800100F002004000000000102030405060755
:1094B800080C1014182030400100020004000600B7
:1094C80008000A000C001000200040008000000185
:1094D8000100000004000000020000000800000075
:1094E8000000000004000000020000000800000066
:1094F8000101010307010000080402040801010139
:10950800696E69745F7468726561645F666E006332
:10951800616E66645F696D750063616E66645F693C
:10952800640063616E66645F66625F6379636C653D
:10953800006163636C5F656E61626C650067797278
:109548006F5F656E61626C6500717561745F656EF1
:1095580061626C650065756C725F656E61626C65F1
:109568000063616E66645F656E61626C650075615B
:1095780072745F656E61626C650063616E5F656ED3
:1095880061626C650063616E5F6272696467655FE2
:10959800656E61626C65007365745F696D75006303
:1095A800616E66645F696D755F63616E00696D7594
:1095B8005F7561727400696D755F63616E5F727863
:1095C8005F747000696D755F63616E5F72780069C2
:1095D8006D755F63616E5F74780063616E666420A9
:1095E8006D6F64650D0A0063616E206D6F64650DB3
:1095F8000A646174613A006163636C2C0067797274
:109608006F2C00717561742C0065756C722C006389
:10961800616E2F63616E6664206F75747075742057
:1096280064697361626C65642E0D0A0075617274F9
:10963800206F757470757420656E61626C65642E38
:109648000D0A0075617274206F75747075742064EA
:10965800697361626C65642E0D0A0063616E206235
:109668007269646765206D6F646520656E61626C00
:1096780065642E0D0A0063616E2062726964676515
:10968800206D6F64652064697361626C65642E0D7A
:109698000A00666565646261636B2064656C617964
:1096A8003A25640D0A0069643A25640D0A0D0A55C5
:1096B800736167653A0D0A00097365745F64656CC8
:1096C800617920205B74696D655D2020E8AEBEE796
:1096D800BDAEE58F91E98081E5BBB6E697B66D73BF
:1096E8000D0A00097365745F63616E5F6964205BCE
:1096F80069645D20202020E8AEBEE7BDAE63616EE0
:109708002069640D0A0009656E61626C652F6469E1
:109718007361626C6520202020205B6163636C2F7D
:109728006779726F2F717561742F65756C722F630D
:10973800616E66642F63616E2F756172742F636149
:109748006E5F6272696467655D0D0A00097365740E
:109758005F756172745F626175642020202020202B
:109768005B303A3936303020313A313030303030B1
:1097780020323A31313532303020333A34363038CD
:10978800303020343A39323136303020353A3130C1
:10979800303030303020363A323030303030305D92
:1097A8000D0A00097365745F756172745F70617288
:1097B800697479202020205B303A4E6F6E652C202A
:1097C800313A4F64642C20323A4576656E5D0D0A55
:1097D800007365745F64656C61790063616E6664CB
:1097E8000063616E5F6272696467650064697361D2
:1097F800626C65007365745F63616E5F69640063C2
:10980800616E5F69643A25640D0A007365745F755B
:109818006172745F62617564006261756420736867
:109828006F756C64206265206265747765656E206B
:109838003020616E6420360D0A00626175643A2535
:10984800640D0A007365745F756172745F7061728C
:10985800697479007061726974792073686F756CC6
:1098680064206265206265747765656E20302061CA
:109878006E6420320D0A00E591BDE4BBA4E9949919
:10988800E8AFAF0D0A0073746F69004100696D7528
:109898005F7175617400696D755F6779726F0069D2
:1098A8006D755F6163636C00696D755F65756C727A
:1098B80000626D693038385F6779726F0044006202
:1098C800617369635F737472696E673A3A5F4D5F7B
:1098D800636F6E737472756374206E756C6C206E32
:1098E8006F742076616C69640000000080250000B8
:1098F800A086010000C201000008070000100E0049
:1099080040420F0080841E00000000000006000096
:10991800000400004148525300616872735F746824
:1099280072656164005B73686F775D205B74696D55
:10993800655D205B64656C61795D20E59CA8746950
:109948006D65E697B6E997B4E58685E6AF8FE99A3F
:109958009464656C6179E68993E58DB0E4B880E636
:10996800ACA1E695B0E68DAE0D0A0074657374007F
:10997800E8AFB7E4BF9DE68C81E99D99E6ADA2EF1B
:10998800BC8CE5BC80E5A78BE6A380E6B58BE99B9C
:10999800B6E6BC820D0A00E8AFB7E7AD89E5BE853B
:1099A8000D0A00E99BB6E6BC823A2566E5BAA62F01
:1099B800E58886E9929F0D0A0073686F77007069E1
:1099C8007463683A256620726F6C6C3A2566207954
:1099D80061773A25662064743A25660D0A0070722C
:1099E800696E745F717561740025662C25662C2577
:1099F800662C25660A00626D693038385F63616CD1
:109A08006900626D69303838007468726561645F36
:109A1800626D693038385F6163636C0073686F77B3
:109A2800205B74696D655D205B64656C61795D20A0
:109A3800E59CA874696D65E697B6E997B4E58685EF
:109A4800E6AF8FE99A9464656C6179E68993E58D50
:109A5800B0E4B880E6ACA1E695B0E68DAE0D0A009C
:109A68006C69737420E58897E587BAE6A0A1E58755
:109A780086E695B0E68DAE0D0A0063616C6920E557
:109A8800BC80E5A78BE6A0A1E587860D0A006C6976
:109A980073740063616C5F63616C6900257320E611
:109AA8009CAAE6A0A1E587860D0A0025633A2566EB
:109AB8002025662025662025660D0A006572726FCE
:109AC800723A0D0A00252B386620252B386620258A
:109AD8002B38660D0A00E68980E69C89E6A0A1E598
:109AE8008786E6ADA5E9AAA4E5B7B2E5AE8CE68817
:109AF800900D0A00E6B8A9E5BAA6E4B88DE7A8B3C0
:109B0800E5AE9A3A25660D0A00E69186E694BEE629
:109B180096B9E59091E99499E8AFAFE380820D0A90
:109B280000417869733A25730D0A00E58092E8AE22
:109B3800A1E697B6256400E5BC80E5A78BE6A0A161
:109B4800E58786EFBC8CE8AFB7E4BF9DE68C81E97A
:109B58009980E89EBAE4BBAAE7A8B3E5AE9AEFBC41
:109B68008CE680BBE585B1E99C80E8A681E6A0A1EA
:109B7800E58786E585ADE4B8AAE696B9E59091EF64
:109B8800BC8CE6AF8FE4B8AAE696B9E59091E6A05A
:109B9800A1E587862564E4B8AAE5BEAAE78EAFEFFB
:109BA800BC8CE8AFB7E88090E5BF83E7AD89E5BE38
:109BB800850D0A00E8BF9BE5BAA6EFBC9A25642F7D
:109BC800333000E7ACAC2569E6ACA1E5BEAAE78E68
:109BD800AFE7BB93E69E9C2067783A2566206779B5
:109BE8003A256620677A3A25662061783A25662004
:109BF80061793A256620617A3A25660D0A00E6A061
:109C0800A1E58786E7BB93E69E9C20783A256620E7
:109C1800793A2566207A3A2566206163636C3A258D
:109C2800660D0A006163636C20783A252B3566203F
:109C3800793A252B3566207A3A252B3566206779BF
:109C4800726F20783A252B356620793A252B3566B0
:109C5800207A3A252B35662C2074656D703A252BB1
:109C68003366006163636C20783A252B356620796A
:109C78003A252B3566207A3A252B35662067797286
:109C88006F20783A252B356620793A252B356620C2
:109C98007A3A252B35662074656D703A252B336624
:109CA8000D0A00E58F82E695B0E99499E8AFAF0D0B
:109CB8000A004572726F7200424D49303838207779
:109CC8006169742074696D656F75742E0041584917
:109CD800535F5800415849535F585F4D494E55539B
:109CE80000415849535F5900415849535F595F4DE6
:109CF800494E555300415849535F5A0041584953FA
:109D08005F5A5F4D494E555300415849535F4E5570
:109D18004D00000006000000D59C01080C00000062
:109D2800DC9C010806000000E99C01080C0000000A
:109D3800F09C010806000000FD9C01080C000000D2
:109D4800049D010808000000119D01086465765F04
:109D580063616E5F006465765F63616E66645F0071
:109D680073656E64202020205B69645D20202020BC
:109D78002020202020202020202020E58F91E9800D
:109D880081E6B58BE8AF95E695B0E68DAE0D0A0095
:109D98006D6F6E69746F72205B6E756D6265723A75
:109DA80020312D33325D205B74696D656F75745D8C
:109DB80020E79B91E68EA7E68C87E5AE9AE695B0FC
:109DC800E9878FE79A8463616EE58C850D0A0073D5
:109DD800656E64006D6F6E69746F720043616E49E1
:109DE800642049443A2530387820444154413A2582
:109DF80030327820253032782025303278202530CE
:109E080032782025303278202530327820253032BB
:109E18007820253032780D0A00520069636D34329B
:109E28003638385F63616C690069636D343236387F
:109E380038007468726561645F69636D34323638FE
:109E480000E6A0A1E58786E695B0E68DAE20783AD3
:109E5800256620793A2566207A3A25660D0A00E5B6
:109E68008092E8AEA1E697B625640D0A00E5BC80AD
:109E7800E5A78BE6A0A1E58786EFBC8CE8AFB7E441
:109E8800BF9DE68C81E99980E89EBAE4BBAAE7A861
:109E9800B3E5AE9A0D0A00E4BF9DE5AD98E6A0A132
:109EA800E58786E695B0E68DAE0D0A006163636CC2
:109EB80020783A252B356620793A252B3566207A85
:109EC8003A252B3566206779726F20783A252B352D
:109ED8006620793A252B3566207A3A252B35662077
:109EE80074656D703A252B33660049434D3432361C
:109EF80038382057686F416D492069732025642CD4
:109F08002072657472790049434D343236383820EE
:109F1800776169742074696D656F75742E00005ED1
:109F2800BCE2613FDD83C29C7E20A3FD1F419DC32F
:109F3800217FFCA2401E5F01E3BD3E6082DC237DE1
:109F48009FC1421CFEA0E1BF5D0380DE3C62BEE013
:109F5800025CDF81633D7C22C09E1D43A1FF461841
:109F6800FAA427799BC584DA3866E5BB5907DB85EF
:109F78006739BAE406581947A5FB7826C49A653BA1
:109F8800D987045AB8E6A7F91B45C6987A24F8A6D3
:109F9800441A99C7257B3A6486D85B05E7B98CD201
:109FA800306EEDB3510F4E10F2AC2F7193CD114FAF
:109FB800ADF3702ECC92D38D6F31B2EC0E50AFF161
:109FC800134DCE90722C6D33D18F0C52B0EE326C93
:109FD8008ED0530DEFB1F0AE4C1291CF2D73CA94C1
:109FE8007628ABF517490856B4EA6937D58B57096F
:109FF800EBB536688AD495CB2977F4AA4816E9B721
:10A00800550B88D6346A2B7597C94A14F6A8742A52
:10A01800C896154BA9F7B6E80A54D7896B350000DE
:10A028000000000001000000020000000300000022
:10A038000400000005000000060000000700000002
:10A0480008000000090000000A0000000B000000E2
:10A058000C0000000D0000000E0000000F000000C2
:10A068001000000000000048010000000004004843
:10A078004000000000040048010000000000004803
:10A088000080000000000048800000000004004834
:10A098000200000000140048785634120000000046
:10A0A800000000000500000049444C45005374615D
:10A0B800636B206F766572666C6F770D0A0062615C
:10A0C8007369635F737472696E673A3A5F4D5F6371
:10A0D80072656174650062617369635F7374726944
:10A0E8006E673A3A5F4D5F7265706C616365000038
:04A0F8000000000064
:08A0FC000461FE7F0100000079
:04A1040069030008E3
:04A108004103000807
:10A10C00FF0000000800002000000000000000001C
:10A11C000000000000000000000000000000000033
:10A12C000000000000000000000000000000000023
:10A13C000000000000000000000000000000000013
:10A14C000000000000000000000000000000000003
:10A15C0000000000000000000000000000000000F3
:10A16C0000000000000000001000000001000000D2
:10A17C0000000000000000000000000000000000D3
:10A18C0001000000000000000000000000000000C2
:10A19C000024F400000080BF00000000000000005C
:10A1AC0000000000000080BF000000000000000064
:10A1BC00000000000000803F0000803F0000000015
:10A1CC0000000000000000000000803F00000000C4
:10A1DC0000000000000000000000803F06000000AE
:10A1EC00C80000009A99193E0000803FCDCCCC3DB0
:10A1FC00000000009A99993E0000803F000000008A
:10A20C0000000000CDCCCC3DCDCC4C3E0000803FBE
:10A21C00CDCCCC3D000000009A99993E0000803FC7
:10A22C000000000000000000295C8F3DAAAAAAAA29
:04000005080092312C
:00000001FF
