:020000040800F2
:100000000080002031920008A5980008219900087E
:100010009D990008199A0008959A000800000000B0
:100020000000000000000000000000001183010833
:100030000F9B000800000000E1850108D38601083D
:100040008192000881920008819200088192000844
:1000500081920008119B0008139B00088192000800
:10006000819200088192000881920008199B000883
:10007000259B0008319B00083D9B0008499B000818
:10008000559B000800000000819200088192000842
:1000900081920008619B00086D9B0008799B000815
:1000A0007F9B0008819200088192000881920008DD
:1000B00081920008819200088192000881920008D4
:1000C000819200088192000881920008BB9B000881
:1000D00081920008C79B0008EB9B000881920008F2
:1000E0000F9C00088192000881920008819200080C
:1000F00081920008819200088192000800000000AF
:10010000000000008192000800000000179C000819
:10011000819200080000000081920008819200088E
:10012000239C00082F9C00088192000881920008FF
:100130008192000800000000000000008192000889
:100140008192000881920008000000000000000079
:10015000000000000000000000000000000000009F
:100160000000000000000000000000008192000874
:100170008192000800000000000000000000000064
:100180000000000081920008000000000000000054
:10019000000000000000000000000000000000005F
:1001A0000000000000000000819200088192000819
:1001B00081920008819200088192000800000000EE
:1001C0000000000081920008000000000000000014
:0801D0008192000881920008F1
:1002000080B56F4603F0BEFA80B56F4603F032FB4F
:1002100080B56F4603F086FD80B56F4603F002FEA1
:1002200080B56F4603F0B0FE80B56F4603F0BEFEAA
:1002300080B56F4603F0CCFE80B56F4604F078F8C9
:1002400080B56F4604F002F980B56F4604F0CAFA33
:1002500080B56F4604F024FC80B56F4604F050FC76
:1002600080B56F4604F064FC80B56F4604F04CFD29
:1002700080B56F4604F016FF80B56F4604F02EFF80
:1002800080B56F4604F03CFF80B56F4606F04CFA2F
:1002900080B56F4608F0F6FF80B56F460EF0D8FDCA
:1002A00080B56F460EF0BAFE80B56F4610F0CEFAFC
:1002B00080B56F4611F0CCF980B56F4611F048FA61
:1002C00080B56F4613F0D8F880B56F4613F01EFD69
:1002D00080B56F4614F0DAFE80B56F4614F07EFFED
:1002E00080B56F4615F022F980B56F4615F01AFA01
:100300000348044B834202D0034B03B118477047A4
:10031000300100203001002000000000054806499F
:100320000B1AD90F01EBA301491002D0034B03B103
:100330001847704730010020300100200000000005
:1003400010B5064C237843B9FFF7DAFF044B13B11D
:100350000448AFF300800123237010BD300100205A
:1003600000000000D08A010808B5044B1BB1044905
:100370000448AFF30080BDE80840CFE7000000006C
:1003800034010020D08A010810EE103A10EE902AB5
:1003900023F0004302F00042134300EE103A70478E
:1003A00010EE103A184A23F0004393421BDDB3F1DC
:1003B000FF4F02DB30EE400A704700B583B068465D
:1003C00000F056FB00F003000128DDED010A9DED71
:1003D000000A0CD0022812D070B1012001F03AF8C6
:1003E00003B05DF804FBDFED090A00F077BC01F013
:1003F00031F8B1EE400AF3E700F070FCF0E700F0EE
:100400006DFCB1EE400AEBE7D80F493F0000000059
:1004100010EE103A23F0004300EE103A704700BF90
:1004200008B52DED028BF0EE408AB0EE608A00F048
:1004300015F820B9B0EE480ABDEC028B08BDB0EE4D
:10044000480A00F00BF820B1F4EEC88AF1EE10FA79
:10045000F0DDB0EE680ABDEC028B08BD10EE103A7C
:1004600033F000400ED0A0F50003B3F1FE4F0DD3E2
:10047000074B421E9A4207D9A0F1FF40B0FA80F024
:1004800040097047022070470320704704207047DE
:10049000FEFF7F0010EE103A114A23F00043934212
:1004A00018DDB3F1FF4F02DB30EE400A704700B5B4
:1004B00083B0684600F0DCFA400000F00200DDED99
:1004C000010A9DED000AC0F1010001F00BF803B034
:1004D0005DF804FBDFED030A012001F003B800BF63
:1004E000DA0F493F0000000008B52DED028BB0EE99
:1004F000408A00F081F8144B93F900300133F0EE9C
:10050000408A0FD0B4EE488AF1EE10FA0AD6B0EE67
:10051000480AFFF77DFFF7EE007AB4EEE70AF1EE46
:1005200010FA04DCB0EE680ABDEC028B08BD01F0E5
:10053000A7FABDEC028B034621221A600348BDE8EE
:10054000084001F0C9B900BF000000203CA101082B
:1005500000F058B908B52DED028BF0EE408AB0EEF0
:10056000608A00F0F5F90E4B93F9003001330BD09F
:10057000F4EE488AF1EE10FA06D6DFED0A8AB4EE00
:10058000688AF1EE10FA02D0BDEC028B08BD01F0D2
:1005900077FA88EEA80ABDEC028B2123036008BD20
:1005A000000000200000000008B52DED028BB0EE29
:1005B000408A00F08FFB0E4B93F9003001330BD0D3
:1005C000B4EE488AF1EE10FA06D6DFED0A8AB4EEF0
:1005D000E88AF1EE10FA02D4BDEC028B08BD01F0FE
:1005E0004FFA88EEA80ABDEC028B2123036008BDF8
:1005F000000000200000000038B510EE105A25F071
:100600000044B4F17E5F2DED048B00F085807ADC30
:10061000B4F17C5F0FDAB4F1485F80F29C80DFEDCB
:10062000697A70EE277AB7EE007AF4EEC77AF1EEC7
:1006300010FA00F38D80FFF7EBFEF7EE007A37EE4D
:10064000C00AB6EE008A20EE088A9FED5F7ADFEDE1
:100650005F6A9FED5F6A9FED5F5ADFED5F5ADFEDE6
:100660005F8AE8EE076A9FED5E7AA8EE067A9FED54
:100670005D6AA6EE885AA7EE086A9FED5B7ADFED09
:100680005B6AE5EE085AA6EE087AE5EE886AE7EEC0
:10069000087AE6EE888AB0EE480AB0EE679A00F073
:1006A00019FB534B9C4268EE888A42DC10EE103AEC
:1006B00023F47F6323F00F0306EE903AA6EEE68A5A
:1006C00070EE267A88EE895AC8EE274A9FED497A5D
:1006D000DFED497AB0EE006AA4EEC67A30EE000A89
:1006E000F0EE675AE6EEC65A90EE057A37EE657A76
:1006F00037EEC77A002D0ADCBDEC048BB1EE477AE9
:10070000B0EE470A38BD70EE407A87EEA77ABDECAE
:10071000048BB0EE470A38BD9FED367ADFED377AAD
:1007200020EE077ABDEC048BA0EE277AB0EE470AE4
:1007300038BD88EE896A9FED327ADFED307AA0EE1F
:10074000060AF0EE006AA0EE267A37EEC77AD1E705
:10075000B0EE407ADBE760EE007A9FED1B7ADFEDCA
:100760001B6A9FED1C6ADFED1A5A9FED1B5AE7EEDC
:10077000876ABDEC048BA6EEA76A9FED197ADFEDC0
:10078000196AA7EEA57AA6EE275AE7EE276ADFEDEB
:10079000175A9FED156A9FED117AE5EE275AA6EEDE
:1007A000A76AA5EEA77AF7EE006AE6EE276A67EE7B
:1007B000277AB0EE407A87EEA66AA0EE067AB0EE0F
:1007C000470A38BDCAF2497108EF1138047F4F3A21
:1007D0002EC69D3D461124BDA80A4E3EABAA2A3E18
:1007E000613330BF2D57014039D119C090B0A6BE3A
:1007F0009999793F2EBD3BB3DB0F493FDB0FC93FD2
:100800002EBD3B3310B582B0CDED010A019B23F024
:100810000042B2F1FF4FF0EE407A30DC10EE100AE9
:1008200020F00041B1F1FF4F29DCB3F17E5F42D0EF
:100830009C1704F0020444EAD07431B37AB3B2F1E5
:10084000FF4F40D0B1F1FF4F29D08A1AB2F1F45FC7
:100850004FEAE25134DA002B42DA3C3140DA9FEDC4
:10086000340A012C4ED0022C43D064B19FED317A72
:10087000DFED317A30EE070A30EE670A03E09DEDD6
:10088000017A37EE270A02B010BD022C10D09FED7E
:100890002B0A032C18BFB0EE670A02B010BD9FED03
:1008A000280ADFED287A0028B8BFB0EE670AEAE729
:1008B0009FED210AE7E702B0BDE8104000F0F2BE6C
:1008C0009FED1F0ACDE7B1F1FF4F04F1FF3420D0B7
:1008D000022C26D81C4B03EB840494ED030AD2E7C8
:1008E0009DED017A87EE870AFFF792FD00F0DAFEB0
:1008F000B7E79FED107ADFED107A30EE070A37EE9A
:10090000C00AC0E710EE103A03F1004300EE103ABF
:10091000B9E7022C08D80C4B03EB840494ED000AD1
:10092000B1E79FED030AAEE79FED080AABE700BF12
:10093000000000002EBDBB33DB0F4940DB0F49C078
:10094000DB0FC93FDB0FC9BFE88A0108DB0F493F56
:1009500030B583B0CDED010A019D35F0004041D0A6
:1009600010EE10EA2EF00043B3F1FF4F3ADAB0F187
:10097000FF4F37DC83423BDB0EF000443AD01EF0E1
:10098000FF4F56D1190200296FF07D0204DD4900A6
:10099000002902F1FF32FADC15F0FF4F57D10102B6
:1009A0006FF07D0C03D449000CF1FF3CFBD512F134
:1009B0007E0F47DBCEF3160343F400031CF17E0FDA
:1009C0003ADBC5F3160040F40000B2EB0C0204D190
:1009D00017E00FD04B00013A13D0191A0029F8DAAA
:1009E0005B00F8E7DDED017A60EE277A87EEA70A73
:1009F00003B030BD1D4B03EB547393ED000A03B0FD
:100A000030BD181A58BF03461BB9F3E75B000CF161
:100A1000FF3CB3F5000FF9DB1CF17E0F1CDBA3F5E7
:100A200000030CF17F0C234343EACC5300EE103A51
:100A3000DEE7DA157F3AAFE76FF07D01A1EB0C013D
:100A40008840C2E76FF07D01891A8B40B6E74FEA14
:100A5000E05CACF17F0CAAE76FF07D02A2EB0C0C1E
:100A600043FA0CF3234300EE103AC1E7008B010870
:100A700070B510EE103A894A23F00044944286B0D3
:100A8000054670DD864A944210EE106A22DC002B87
:100A9000DFED847A844A24F00F04B0EE407A40F30C
:100AA000E480944270EE677A09BFDFED806A9FEDC3
:100AB000807A9FED807A77EEE67A012077EEC76A3A
:100AC00077EEE67AC5ED006A77EEC77AC5ED017A72
:100AD00006B070BD784A944254DDB4F1FF4F49DA54
:100AE000E215863AA4EBC25307EE903ABDEEE77AE0
:100AF000DFED726AB8EEC77A77EEC77A8DED037ACA
:100B000067EEA67ABDEEE77AB8EEC77A77EEC77AD7
:100B10008DED047A67EEA67AF5EE407AF1EE10FAE2
:100B2000CDED057A40F09080B5EE407AF1EE10FA06
:100B300014BF02230123624901910221009103A8FD
:100B4000294600F04DF9002EC2DA95ED007AD5ED78
:100B5000017AB1EE477AF1EE677A85ED007AC5ED5C
:100B6000017A4042B4E7002285ED000A426000208D
:100B700006B070BD70EE407A0020C5ED017AC5ED7B
:100B8000007AA5E7FFF744FC9FED4E7A9FED456A9A
:100B9000F6EE007AE0EE077A9FED457AFDEEE77A11
:100BA00017EE900AF8EEE76A1F28A6EEC60A66EE70
:100BB000877AB1EE666A1EDC434A411E24F0FF03C9
:100BC00052F82120934216D030EE677A85ED007AF4
:100BD00030EE470A002E30EE670A85ED010ABFF6B7
:100BE00077AFB1EE477AB1EE400A85ED007A85ED38
:100BF000010A40426CE730EE677AE21517EE103AD0
:100C0000C3F3C753C3EBD454082CDFDDDFED277AE1
:100C10009FED287AF0EE405AE6EE275A30EE650A4C
:100C2000A6EE270AF0EE407AD6EE877A35EEE77A1E
:100C300017EE103AC3F3C753D21A192A06DCB0EEE6
:100C4000650A85ED007AC3E7032374E79FED1F7AF9
:100C50009FED1F5AB0EE650AA6EE070A75EEC07A40
:100C6000E6EE077AD6EE857AAEE7944270EE277A02
:100C700009BFDFED0E6A9FED0E7A9FED0E7A77EEDB
:100C8000A67A4FF0FF3077EE876A77EEE67AC5ED09
:100C9000006A77EE877AC5ED017A19E7D80F493FE8
:100CA000E3CB1640800FC93FD00FC93F0044353712
:100CB0004344353708A3852E800F49430000804305
:100CC000888B010884F9223F088B010800A3852E38
:100CD00032318D24B1EEC00A704700BF10EE103AD9
:100CE00023F00043B3F1485F2CDAFDEEC07A17EE33
:100CF000903A002B60D020EE007ADFED317A9FED44
:100D0000315ADFED315A9FED316ADFED316AA7EEDE
:100D1000275ADFED307AE7EE055AA7EE256AE7EEAF
:100D2000067AE7EE276A67EE266A60EEC00AF6EEFC
:100D3000007AE7EE260AB7EE000AD7EE270A30EE71
:100D4000600A704720EE007ADFED1D7A9FED1D5A94
:100D5000DFED1D5A9FED1D6ADFED1D6A1E4AA7EEED
:100D6000275A9342DFED1B7AE5EE075AA5EE876A14
:100D7000E6EE077AE7EE876A66EE876AD5DD174A00
:100D8000934214DC03F17F4307EE903AB7EE006A1A
:100D900036EE676A60EEC00AF6EE005AD7EE257AA4
:100DA000E7EE260A77EEE00A36EE600A7047B6EE06
:100DB000076AF5EE027AEDE7B7EE000A704700BF6A
:100DC0004ED747ADF6740F317CF293B4010DD03796
:100DD000ABAA2A3D610BB6BA9999993E0000483FEB
:100DE0002DE9F04F2DED048BDBB01C4603930691EB
:100DF000A24B6899089253F82150111D824604F1C4
:100E0000FF38C0F2A382D31E48BF131DDB1002932C
:100E10000133DB000793DDE907239B1A0593029B4F
:100E200015EB0801A3EB080316D401319FED947A6A
:100E3000699819441EAA002BA4BF50F8234007EE5E
:100E4000904A03F10103ACBFF8EEE77AF0EE477A7F
:100E50008B42E2EC017AEED1002DC0F2E782039BD7
:100E60001EAA02EB830446AE4FEA830C4046EF18FD
:100E70000AEB8301B8F1000FDFED817A09DB22462E
:100E80005346F3EC016A32ED017A8B42E6EE877A43
:100E9000F7D10130B842E6EC017A04F10404E9D15B
:100EA00009AB0AAF03EB850907EB8503083B9FED10
:100EB000769ADFED748A059804930AEB0C0446AE2B
:100EC00000955AAB03EB8503002D13ED140A4FEA8E
:100ED000850B16DD06EB85033A4660EE097AB0EE27
:100EE000407AFDEEE77A73ED016AF8EEE77AB342F5
:100EF000A7EEE87A37EEA60ABDEEC77AA2EC017A31
:100F0000EBD1019000F0EEFCB0EE408AB4EE000AA6
:100F100028EE000A00F09AFCF2EE007AA0EE678A52
:100F200001980028FDEEC89AF8EEE97A38EE678A53
:100F300079DD05F1FF3EC0F1080357F82E1041FAA4
:100F400003FC0CFA03F3CB1AC0F1070219EE901A56
:100F500043FA02F26144002A47F82E3009EE901A53
:100F600069DCB5EE408AF1EE10FA40F0C080009BDB
:100F700005F1FF3B5B4510DC05F18043013B07EBCE
:100F800083030021944653F804294B4541EA0201AA
:100F9000F9D16246002940F0F280009B013B57F8EE
:100FA0002330002B40F0E780049B4FF0010C53F8F6
:100FB00004290CF1010C002AF9D06B1CAC449E46AC
:100FC000039A5119029A02EB030B0BF1804B699AB9
:100FD0000BF1FF3B06EB83051EAB02EB8B0B03EB28
:100FE0008101DBED017A9FED267AF8EEE77AB8F120
:100FF000000F0BF1040BC1ED007A0A4601F1040168
:1010000009DB534601E072ED017AF3EC016AA34279
:10101000A6EEA77AF7D10EF1010EE645A5EC017A0E
:10102000DFDD65464DE740F09C806B1E57F82320BE
:101030001212002A95DD19EE903A002D03F10103FA
:1010400009EE903A40F39881396800297FD1012D4B
:1010500026D03B464FF0010C53F8041F00297AD0EC
:101060000CF10103C1F580719D4247F82C1016DD8B
:1010700057F82310BB4407EB83030AE0A08E010856
:1010800000000000000080430000803B0000C93FDA
:101090001968C1F1FF0143F8041B5B45F8D1012138
:1010A00000280CDD012800F04881022807D105F155
:1010B000FF3C57F82C3003F03F0347F82C30022A4E
:1010C0007FF44FAFB7EE000A30EE488A00293FF4B4
:1010D00048AF0992019000F005FC38EE408A099A69
:1010E0000198B5EE408AF1EE10FA3FF440AF02925B
:1010F000DDE90732B0EE480A981A0195009D00F02C
:10110000F1FB1FED207AB4EEC70AF1EE10FADDE92B
:101110000132C0F259815FED247A059960EE277A99
:101120000831FDEEE77A0591F8EEE77A03F1010B5D
:10113000A7EEC70AFDEEE77ABDEEC00A10EE101A60
:1011400047F8231017EE903A47F82B302EE0012392
:101150004FF0000C86E70CF1010CAC457FF47CAF3E
:101160009EE7F6EE007AB4EEE78AF1EE10FA80F22E
:10117000F2800022F5E66B1C9E469C4620E705990E
:10118000A1F1080057F82B1005902B46009D69B976
:1011900003F18043023B07EB8303014653F8040944
:1011A0000BF1FF3B08390028F8D005910598009213
:1011B000B7EE000A00F096FBBBF1000F009AC0F2F8
:1011C00028814FEA8B0E46AB03EB0E060EF1040CA2
:1011D0001FED537A07EB0C03311D73ED017AF8EE26
:1011E000E77ABB4267EE807A20EE070A61ED017A6A
:1011F000F3D1002D1FED5B6A4FF0000420DB934814
:10120000DFED937AB0EE467A3146002303E09C424C
:1012100008DBB0EC017AF1EC016A01339D42E6EEA5
:10122000877AF4DA5AAB03EB8403A34543ED287ABB
:10123000A6F1040604F1010305D0002D1C46DEDAF8
:10124000DFED837AEEE7689902291CDC002900F3C0
:1012500095800FD132ABDFED7E7A9C443CED017A74
:10126000634577EE877AF9D10AB1F1EE677A069B8A
:10127000C3ED007A19EE903A03F007005BB0BDECC5
:10128000048BBDE8F08F689B032BF3D1BBF1000FFB
:1012900000F0D4800EF5B4736B4432A913ED287AB4
:1012A00001EB8B0373ED017AF0EE476A37EE277A94
:1012B000994277EEC77A83ED007A77EEA67AC3ED8E
:1012C000017AEFD1BBF1010F40F3B8800BF1804BF5
:1012D0000EF5B4730BF1FF3B0DEB030E4FEA8B0BD6
:1012E0000BF104031EED287A0B4433A873ED017A49
:1012F000F0EE476A37EE277A984277EEC77A83EDA9
:10130000007A77EEA67AC3ED017AEFD10BF1080BE4
:10131000DFED4F7A01EB0B03083133ED017A99428F
:1013200077EE877AF9D1002A56D10699329A339B03
:101330000A604B60C1ED027A9CE705F1FF3C57F86B
:101340002C3003F07F0347F82C30B8E608230793CE
:10135000002302935FE519EE903A002D03F101039B
:1013600009EE903AC8BF02223FF76EAEF7EE007A60
:1013700037EEC88A0222F4E5002191E632A9DFEDBA
:10138000347A01EB830333ED017A994277EE877A61
:10139000F9D19DED327A8ABB069BBBF1000FC3EDFC
:1013A000007A77EE677A0BDD33A90123B1EC017A7D
:1013B00001339B4577EE877AF8DA0AB1F1EE677A66
:1013C000069BC3ED017A55E7BDEEC00A9B4610EEC1
:1013D000101A47F82310E9E6DDED326A9DED337A05
:1013E000069BF1EE666AB1EE477AF1EE677AC3EDDD
:1013F000006A83ED017AC3ED027A3BE7069BF1EECA
:10140000676ABBF1000F77EE677AC3ED006ACBDC49
:10141000D4E7689B022B0DDC002B14DC7FF42AAF91
:10142000DFED0B7A002A3FF422AF1EE7039B4FEA61
:10143000830C35E5689B032B7FF41CAFDFED047A4A
:10144000002AC9D171E7DFED027AA2E7B08E010868
:101450000000000010EE103A23F00043B3F1485FA3
:1014600004DAFDEEC07A17EE903A5BB360EE007AD4
:101470009FED157ADFED155A9FED156ADFED156AC0
:10148000E7EE875A9FED147AA5EEA76A20EE275A59
:10149000E6EE276AA6EEA77A30B9DFED106AE7EE2E
:1014A000876AA6EE850A704727EE457AF6EE006A4F
:1014B000A0EEA67ADFED0A6AD7EE270AE5EE260A45
:1014C00030EE600A704700BFD3C92E2F342FD7B239
:1014D0001BEF3836010D50B98988083CABAA2ABEEB
:1014E000ABAA2A3E08B510EE103A23F00042B2F142
:1014F000465FF0EE407A0FDABDEEC07A17EE101AB2
:1015000001BB431C134300F0A080012803D0BFEEB1
:10151000007A87EE270A08BD50498A4212DB002B69
:10152000B8BFF1EE407A9FED4E7A9FED4E0AB8BFFC
:10153000F1EE600A70EE677A37EE600ADFED4A0A74
:1015400070EE277A67EEA76ADFED484ADFED485A6A
:101550009FED485A9FED486A404926EEA67A8A4296
:10156000E7EE245AA7EE056ADFED444A9FED445AA0
:10157000E5EE874AA6EE075ADFED425A9FED426A32
:10158000E4EE875AA5EE076ADFED404A9FED405A28
:10159000E5EE874AA6EE075A9FED3E6ADFED3E5A1A
:1015A000A4EE876AE5EE075AB0EE467AA5EEA67A73
:1015B00027EEA65AB0EE606AA7EE056ADFED374A5D
:1015C000E6EE260AE5EE240A37EEA00A1FDA012825
:1015D000A1D0BFEE007AC7EE006A314B10EE102AA0
:1015E0001A4006EE102A16EE902A76EE677A13401D
:1015F00000EE103AB7EE007A70EEE70AF0EE477AA6
:10160000E6EE007AE0EE807AA7EEA60A08BD07EEC5
:10161000100AB8EEC77A60EE005A30EE070A9B1740
:10162000C5EE806A03F00203C3F10103B0EE006A65
:1016300076EEE00A00EE103A77EEE07AB8EEC00AF5
:10164000A7EEC67A20EE070A08BDFEF7E1FEB7EE68
:10165000007AF0EE407A87EE270A08BD40A12C3FC1
:1016600068212233DA0F493F000000005FAE9BB7CC
:1016700045F4A3388453D9377AC09538C8261A3A26
:10168000B937813916696B3B48DEBE3AA427B33CB3
:101690001F37113C8988083ED10D5D3DABAAAA3E9B
:1016A00000F0FFFF38B510EE105A25F00044B4F1F9
:1016B000A14FF0EE407A0BDBB4F1FF4F58DCDFEDC9
:1016C000517A9FED510A002DC8BFB0EE670A38BDB0
:1016D0004E4B9C425BDCB4F1445F4CDB4FF0FF327D
:1016E00067EEA76ADFED4A4ADFED4A5A9FED4A5A94
:1016F0009FED4A4A26EEA67AB0EE666AE7EE245AD5
:10170000531CDFED474ADFED476AA5EE875AE7EE47
:10171000246ADFED455ADFED454AE6EE875AA5EE2D
:10172000074A9FED435ADFED436AA5EE875AE4EE80
:10173000074ADFED415AE4EE876AE5EE075A66EEA6
:10174000866A25EE877A37D03C4B03EB820376EE30
:10175000876A93ED000A93ED047A96EEA70A002DAE
:1017600070EE677A37EE670AB1DAB1EE400A38BD3B
:1017700030EE000A38BD9FED327A30EE077AF7EE90
:10178000006AB4EEE67AF1EE10FAA7DD38BDFEF796
:101790003FFE2C4B9C4216DCA3F5D0039C4227DC79
:1017A000F0EE007ABFEE007AA0EE277A002230EE4B
:1017B000270AC7EE007A93E776EE876AE6EEE77AC5
:1017C000B0EE670A38BD204B9C420BDCF7EE087A7E
:1017D000B7EE007AA0EE277A022230EE670AC0EE5A
:1017E000077A7DE7BFEE007AC7EE007A032277E73B
:1017F000F7EE007A30EE677A30EE270A0122C7EE64
:10180000007A6DE7DB0FC93FDB0FC9BFFFFFDF3E8B
:10181000D769853C59DA4B3D356B883D6E2EBA3D14
:1018200021A215BD6BF16EBD95879DBD2549123E68
:10183000388EE3BDABAAAA3ECDCC4CBED88E0108F3
:10184000CAF24971FFFF973FFFFF1B4010EE102ABD
:10185000C2F3C7537F3B162B22F0004128DC002B3C
:1018600018DB1A4919410A4221D0DFED197A70EECE
:10187000277AF5EEC07AF1EE10FA18DD002A04DAC4
:101880004FF4000040FA03F31A4422EA010300EE89
:10189000103A7047DFED0E7A70EE277AF5EEC07AD7
:1018A000F1EE10FA03DD002A08DB9FED0A0A70470B
:1018B000B1F1FF4FFBD330EE000A7047FFEE007A24
:1018C000002918BFB0EE670A704700BFFFFF7F0016
:1018D000CAF24971000000009FED010A704700BF85
:1018E0000000C07F82B08DED010A019B33F0004201
:1018F0002AD0B2F1FF4F23D213F0FF4F28D19DED34
:10190000017ADFED2A7A2A4B67EE277A9842CDEDED
:10191000017A37DB019BC3F3C752193A0244FE2A0E
:101920001ADD9FED240A9FED247A019B002BF0EE37
:10193000407AB8BFB0EE470A20EE270A02B07047DF
:1019400030EE000A02B070479DED010A02B0704708
:10195000D20D0244FE2AE4DC002A0BDC12F1160F41
:1019600017DA4CF250339842DBDC9FED140A9FEDFE
:10197000147ADAE723F0FF4343EAC25300EE103A49
:1019800002B070479FED0D0ADDED017A27EE800A67
:10199000D8E7193223F0FF4343EAC253DFED097A57
:1019A00007EE103A27EE270ACCE700BF0000004CF4
:1019B000B03CFFFFCAF24971CAF249F16042A20D80
:1019C0006042A28D0000003308B5062000F0B0FA96
:1019D000012001F0D5FE00BF002200F003B800BFD7
:1019E00000F0AAB870B4840746D04C1E002941D03C
:1019F000D5B2034602E0611EE4B30C4603F8015B76
:101A00009907F8D1032C2ED9D5B245EA05250F2C1C
:101A100045EA054519D9264603F11001103E0F2E5F
:101A200041F8105C41F80C5C41F8085C41F8045C3A
:101A300001F11001F2D8A4F1100121F00F0104F01E
:101A40000F041031032C0B440DD91E4621460439D6
:101A5000032946F8045BFAD8211F21F00301043161
:101A60000B4404F003042CB1D2B21C4403F8012B44
:101A7000A342FBD170BC70470C460346C2E700008E
:101A8000014B1868704700BF0400002070B50D4E70
:101A90000D4D761BB61006D0002455F8043B0134DA
:101AA0009847A642F9D1094E094D761B17F010F858
:101AB000B61006D0002455F8043B01349847A642DE
:101AC000F9D170BD48A1010848A101084CA1010845
:101AD00048A10108032A70B515D940EA010C1CF091
:101AE000030F04460B4621D1194620460E680568AF
:101AF000B54204F1040403F1040317D1043A032AA4
:101B000020461946F0D8541EA2B100F1FF3C01391D
:101B100001E0C3180CD01CF801EF11F8012F964515
:101B2000A4EB0C03F5D0AEEB020070BD541EECE745
:101B3000184670BD104670BD844641EA000313F09C
:101B400003036DD1403A41D351F8043B40F8043BC4
:101B500051F8043B40F8043B51F8043B40F8043B87
:101B600051F8043B40F8043B51F8043B40F8043B77
:101B700051F8043B40F8043B51F8043B40F8043B67
:101B800051F8043B40F8043B51F8043B40F8043B57
:101B900051F8043B40F8043B51F8043B40F8043B47
:101BA00051F8043B40F8043B51F8043B40F8043B37
:101BB00051F8043B40F8043B51F8043B40F8043B27
:101BC00051F8043B40F8043B403ABDD2303211D3C7
:101BD00051F8043B40F8043B51F8043B40F8043B07
:101BE00051F8043B40F8043B51F8043B40F8043BF7
:101BF000103AEDD20C3205D351F8043B40F8043BC7
:101C0000043AF9D2043208D0D2071CBF11F8013BC4
:101C100000F8013B01D30B8803806046704700BF8A
:101C2000082A13D38B078DD010F003038AD0C3F199
:101C30000403D21ADB071CBF11F8013B00F8013B7B
:101C400080D331F8023B20F8023B7BE7043AD9D33A
:101C5000013A11F8013B00F8013BF9D20B7803700F
:101C60004B7843708B7883706046704788420DD9FB
:101C70008B1883420AD900EB020CBAB1624613F802
:101C800001CD02F801CD9942F9D170470F2A0ED843
:101C9000034602F1FF3C4AB10CF1010C013B8C44BC
:101CA00011F8012B03F8012F6145F9D1704740EA83
:101CB00001039B0750D1A2F1100370B501F1200C74
:101CC00023F00F0501F1100E00F11004AC441B09C4
:101CD0005EF8105C44F8105C5EF80C5C44F80C5C38
:101CE0005EF8085C44F8085C5EF8045C44F8045C48
:101CF0000EF1100EE64504F11004E9D1013312F0A3
:101D00000C0F01EB031102F00F0400EB031327D0BB
:101D1000043C24F003064FEA940C1E441C1F8E461C
:101D20005EF8045B44F8045FB442F9D10CF101049D
:101D300002F0030203EB840301EB840102F1FF3C98
:101D40004AB10CF1010C013B8C4411F8012B03F852
:101D5000012F6145F9D170BD02F1FF3C03469BE7BD
:101D60002246EBE7830730B548D0541E002A3FD007
:101D7000CAB2034601E0013C3AD303F8012B9D07A8
:101D8000F9D1032C2DD9CDB245EA05250F2C45EA12
:101D9000054536D9A4F1100222F00F0C03F1200EF4
:101DA000E6444FEA121C03F1100242E9045542E9ED
:101DB000025510327245F8D10CF1010214F00C0FEB
:101DC00003EB021204F00F0C13D0ACF1040323F068
:101DD00003030433134442F8045B9342FBD10CF039
:101DE00003042CB1CAB21C4403F8012B9C42FBD162
:101DF00030BD64461346002CF4D1F9E7034614467F
:101E0000BFE71A46A446E0E738B5446C0CB10020A1
:101E100038BD8021054600F0DBFC0246686430B125
:101E2000031F7C3243F8044F9342FBD1EFE74FF09E
:101E3000FF3038BD1F29F8B5054608D8466C0C465A
:101E400017464EB156F8240046F82470F8BD162304
:101E500003604FF0FF30F8BD802100F0B9FC06466A
:101E6000686440B1031F00F17C05002143F8041FA2
:101E70009D42FBD1E6E74FF0FF30F8BD1F2938B592
:101E8000054620D8426C0C466AB152F8213053B155
:101E9000012B16D0591C10D00025204642F82450A2
:101EA0009847284638BD284600F0F8F822460146F3
:101EB0002846BDE8384000F0DBB816230360012057
:101EC00038BD002038BD162303604FF0FF3038BD09
:101ED0001F292AD8426C38B50C46054682B152F803
:101EE000243002EB84024BB1591C19D0012B15D0C0
:101EF0000025204615609847284638BD012038BD8A
:101F0000802100F065FC0246686458B1031F00217F
:101F10007C3043F8041F9842FBD1E0E7032038BD32
:101F2000022038BD4FF0FF3038BD4FF0FF30704712
:101F300038B5144B1F281D681FD86A6C044662B15F
:101F400052F820304BB1012B15D0591C0FD0002571
:101F500042F820509847284638BD284600F09EF8A1
:101F6000224601462846BDE8384000F081B81623D5
:101F70002B60012038BD002038BD16232B604FF0A8
:101F8000FF3038BD04000020124B1F2870B51E68BA
:101F900008D80D46716C044649B151F8240041F847
:101FA000245070BD162333604FF0FF3070BD802188
:101FB000304600F00DFC0146706440B1031F00F193
:101FC0007C0C002243F8042F6345FBD1E5E74FF07A
:101FD000FF3070BD0400002038B50B4B1D686C6CE1
:101FE0000CB1002038BD8021284600F0F1FB686468
:101FF00038B1031F00F17C0243F8044F9342FBD138
:10200000EFE74FF0FF3038BD0400002038B5174B24
:102010001F281D6826D86A6C044682B152F8243005
:1020200002EB84024BB1591C1AD0012B16D00025AB
:10203000204615609847284638BD012038BD8021CC
:10204000284600F0C5FB0246686458B1031F002112
:102050007C3043F8041F8342FBD1DFE7032038BD07
:10206000022038BD4FF0FF3038BD00BF0400002013
:1020700070B50C46084D03460026204611461C4606
:102080002E6001F067FB431C00D070BD2B68002B55
:10209000FBD0236070BD00BF5401002001F052BB93
:1020A000A2EB0300704700BF02780B78012A28BF1B
:1020B0009A42F5D16DE9044540EA0104CDE9026791
:1020C0006FF0000C4FEA447212B380EA010414F07E
:1020D000070F6AD100F0070420F0070004F00305A1
:1020E00021F007014FEAC505F0E8042314F0040FBE
:1020F000F1E804670CFA05F462EA040266EA0406F1
:102100000AD063EA0403624667EA0407664603E00E
:10211000F0E80423F1E8046782FA4CF582EA060449
:10212000A4FA8CF46CBB83FA4CF583EA0705A5FA94
:102130008CF595B950E9022351E9026782FA4CF512
:1021400082EA0604A4FA8CF483FA4CF583EA0705C4
:10215000A5FA8CF52543DBD09CB92DBAB5FA85F4E8
:1021600024F0070427FA04F1DDE9026723FA04F3F7
:1021700003F0FF0001F0FF01FDE80445A0EB0100C2
:10218000704724BAB4FA84F424F0070426FA04F160
:10219000DDE9026722FA04F202F0FF0001F0FF011C
:1021A000FDE80445A0EB0100704714F0030F3CD19B
:1021B00010F0030428D150F8082B51F8083B82FA9C
:1021C0004CF582EA0305A5FA8CF55DB950F8042CAC
:1021D00051F8043C82FA4CF582EA0305A5FA8CF525
:1021E000002DE8D02DBAB5FA85F424F0070423FABF
:1021F00004F122FA04F202F0FF0001F0FF01FDE811
:102200000445A0EB010070474FEAC40420F003002E
:1022100050F8082B21F0030151F8083B0CFA04F4A4
:1022200062EA040263EA0403C9E710F003041AD067
:10223000A1EB040120F00300E40750F8042B06D0C2
:102240000FD28B785FFAA2F4E41A06D12BB1CB78C7
:102250005FFAB2F4E41A00D11BB920465DF8104BC6
:10226000704701F1040150F8042BCC0721F0030161
:1022700051F8043B48D824D222F07F4482FA4CF52E
:1022800094EA1325A5FA8CF50AD165B951F8043BF7
:1022900084EA0204B4EB036F0ED150F8042BEBE791
:1022A0004FEA132355E035F07F454DD10878FDE81E
:1022B0000445C0F1000070474FEA126203F0FF03CB
:1022C00047E002EA1C4482FA4CF594EA1345A5FA69
:1022D0008CF50AD165B951F8043B84EA0204B4EBE9
:1022E000034F0CD150F8042BEBE74FEA134330E0D7
:1022F00015EA1C4528D10B884FEA124229E04FEA23
:10230000124203EA1C4324E002F0FF0482FA4CF577
:1023100094EA1365A5FA8CF50AD165B951F8043B26
:1023200084EA0204B4EB032F09D150F8042BEBE745
:102330004FEA13630DE015F0FF0F05D10B684FEA6C
:10234000122223F07F4304E04FF00000FDE8044533
:10235000704712BA1BBA82FA4CF482EA0304A4FA58
:102360008CF5B5FA85F402FA04F203FA04F34FEAA5
:102370001260FDE80445A0EB1360704780EA01029B
:10238000844612F0030F4FD111F0030F32D14DF8F4
:10239000044D11F0040F51F8043B0BD0A3F10132AE
:1023A0009A4312F0803F04BF4CF8043B51F8043BC1
:1023B00016D100BF51F8044BA3F101329A4312F039
:1023C000803FA4F101320BD14CF8043BA24312F040
:1023D000803F04BF51F8043B4CF8044BEAD023463D
:1023E0000CF8013B13F0FF0F4FEA3323F8D15DF8EF
:1023F000044B704711F0010F06D011F8012B0CF8B7
:10240000012B002A08BF704711F0020FBFD031F82E
:10241000022B12F0FF0F16BF2CF8022B8CF80020B5
:1024200012F47F4FB3D1704711F8012B0CF8012B38
:10243000002AF9D1704700BF000000000000000032
:1024400090F800F06DE9024520F007016FF0000CF4
:1024500010F0070491F820F040F049804FF000049C
:102460006FF00700D1E9002391F840F000F1080077
:1024700082FA4CF2A4FA8CF283FA4CF3A2FA8CF3AF
:102480004BBBD1E9022382FA4CF200F10800A4FA16
:102490008CF283FA4CF3A2FA8CF3E3B9D1E904236A
:1024A00082FA4CF200F10800A4FA8CF283FA4CF3A1
:1024B000A2FA8CF37BB9D1E9062301F1200182FA5B
:1024C0004CF200F10800A4FA8CF283FA4CF3A2FA61
:1024D0008CF3002BC6D0002A04BF04301A4612BA6F
:1024E000B2FA82F2FDE8024500EBD2007047D1E972
:1024F000002304F00305C4F100004FEAC50514F001
:10250000040F91F840F00CFA05F562EA05021CBFD1
:1025100063EA050362464FF00004A9E7A2B330B5B1
:1025200040EA0104A40784460B462AD09CF8000028
:102530000C7884422FD1012A0DD0E64660B11EF8F6
:10254000010F11F8014F6FEA0E03A042134422D18C
:102550001CEB0303F2D1002030BD0468194653F888
:10256000045BA4F1013EAC4284462EEA040E00F165
:1025700004000BD1043A84461946ECD01EF0803F8B
:10258000E9D1032AE9D8D1E7104670479CF800004A
:102590000C78A042D1D0001B30BD00BF30B540EA5E
:1025A0000104A30701D1032A0FD8844601F1FF3E9D
:1025B00007E01EF8011F03F8011B541EC1B19C4621
:1025C00022466346002AF4D130BD0B4684461946A4
:1025D00053F8045BA5F1013424EA050414F0803FAC
:1025E000E4D1043A032A4CF8045B1946EFD8DDE73E
:1025F0006244002CE8D003F8011B9342FBD130BDAC
:1026000071B1034600EB010C01E0634506D01A46A8
:10261000013311780029F8D1101A7047181A704741
:102620000846704771B138B503460C46002501E0F5
:10263000431C05462146184600F036F90028F7D11C
:10264000284638BD00F030B92DE9F04F81464548A5
:102650008E4675461EF801CB10F80C4014F00804A5
:10266000F7D1BCF12D0FE34654D0BCF12B0F08BFBE
:102670009EF800B06FF0004808BF05F1020E1BB1D4
:10268000102B4FD01F4604E0BBF1300F55D00A236A
:102690001F460025B8FBF7F6284607FB168A07E019
:1026A000864215D329D007FB00C001251EF801BBC7
:1026B000ABF1300CBCF1090F06D9ABF1410CBCF108
:1026C000190F08D8ABF1370C63450DDD002DE7DAA3
:1026D0004FF0FF35EAE7ABF1610CBCF1190F03D8FD
:1026E000ABF1570C6345F1DC002D0BDB04B140422C
:1026F0000AB195BB1160BDE8F08FE245D3DA4FF027
:10270000FF35D3E72223C9F800301AB30EF1FF31A9
:102710004046EFE79EF800B04FF0004805F1020E8A
:102720000124ACE7BBF1300FACD19EF8000000F003
:10273000DF00582807D01F46ABE79EF8003003F0B3
:10274000DF03582B0BD110279EF801B03B460EF14A
:10275000020E9EE74046BDE8F08F8046D6E708238C
:102760001F4696E7F98E0108012B02D0242B00D8D2
:102770006AE710B5FFF784F916230360002010BD47
:10278000012A08D0242A06D8844606481346006841
:102790000A46614658E710B5FFF772F91623036041
:1027A000002010BD04000020012A08D0242A06D8E9
:1027B00084460648134600680A46614644E710B559
:1027C000FFF75EF916230360002010BD040000200F
:1027D000F8B5CD1C25F0030508350C2D38BF0C25A8
:1027E000002D064623DBA94221D8254F00F0C2F870
:1027F0003A6822B3144603E063682246FBB11C46E4
:1028000023685B1BF8D40B2B15D8636894420CBF6C
:102810003B605360304600F0AFF804F10B00231D1D
:1028200020F00700C21A01D01B1AA350F8BD0C23D8
:1028300033600020F8BD23601C442560EAE7796816
:10284000C9B12946304600F01DF8431C0CD0C41C09
:1028500024F00304A04205D0211A304600F012F8FB
:10286000013001D02560D5E70C233046336000F0FD
:1028700083F80020F8BD304600F004F87860E0E707
:102880004C01002038B5074D0022044608462A6056
:1028900000F068FF431C00D038BD2B68002BFBD034
:1028A000236038BD5401002011F0FF01034644D0DD
:1028B000820732D110B5046841EA012E4EEA0E4E6D
:1028C0008EEA0402A2F1013323EA0203A4F10132E9
:1028D00022EA0402134313F0803F0FD150F8044F53
:1028E00084EA0E0CA4F10133ACF1013223EA0403B3
:1028F00022EA0C02134313F0803FEFD0037823B990
:1029000036E010F8013F002B32D09942F9D110BDCA
:102910008A4211D09A071846CCD0184613F8012BDA
:10292000002AF5D1104670479907184607D0184677
:1029300001330278002AF7D170478207F7D1026885
:10294000A2F1013323EA020313F0803F08D150F8CB
:10295000042FA2F1013323EA020313F0803FF6D0E3
:102960000378002BE8D010F8013F002BFBD1704713
:10297000184610BD704700BF704700BF81F000418E
:1029800002E000BF83F0004330B54FEA41044FEA54
:10299000430594EA050F08BF90EA020F1FBF54EAEF
:1029A000000C55EA020C7FEA645C7FEA655C00F08B
:1029B000E2804FEA5454D4EB5555B8BF6D420CDD5C
:1029C0002C4480EA020281EA030382EA000083EADF
:1029D000010180EA020281EA0303362D88BF30BD7F
:1029E00011F0004F4FEA01314FF4801C4CEA1131D5
:1029F00002D0404261EB410113F0004F4FEA033334
:102A00004CEA133302D0524263EB430394EA050FBE
:102A100000F0A780A4F10104D5F1200E0DDB02FA2D
:102A20000EFC22FA05F2801841F1000103FA0EF2C1
:102A3000801843FA05F359410EE0A5F120050EF187
:102A4000200E012A03FA0EFC28BF4CF0020C43FAB8
:102A500005F3C01851EBE37101F0004507D54FF0C5
:102A6000000EDCF1000C7EEB00006EEB0101B1F515
:102A7000801F1BD3B1F5001F0CD349085FEA30005B
:102A80004FEA3C0C04F101044FEA445212F5800F66
:102A900080F09A80BCF1004F08BF5FEA500C50F103
:102AA000000041EB045141EA050130BD5FEA4C0CE6
:102AB000404141EB0101013C28BFB1F5801FE9D243
:102AC00091F0000F04BF01460020B1FA81F308BF66
:102AD0002033A3F10B03B3F120020CDA0C3208DD32
:102AE00002F1140CC2F10C0201FA0CF021FA02F10D
:102AF0000CE002F11402D8BFC2F1200C01FA02F17D
:102B000020FA0CFCDCBF41EA0C019040E41AA2BFA1
:102B100001EB0451294330BD6FEA04041F3C1CDA69
:102B20000C340EDC04F11404C4F1200220FA04F089
:102B300001FA02F340EA030021FA04F345EA030133
:102B400030BDC4F10C04C4F1200220FA02F001FAF5
:102B500004F340EA0300294630BD21FA04F0294677
:102B600030BD94F0000F83F4801306BF81F4801110
:102B70000134013D4EE77FEA645C18BF7FEA655C83
:102B800029D094EA050F08BF90EA020F05D054EA55
:102B9000000C04BF1946104630BD91EA030F1EBF5A
:102BA0000021002030BD5FEA545C05D1400049415E
:102BB00028BF41F0004130BD14F580043CBF01F551
:102BC000801130BD01F0004545F0FE4141F4700137
:102BD0004FF0000030BD7FEA645C1ABF1946104612
:102BE0007FEA655C1CBF0B46024650EA013406BF13
:102BF00052EA033591EA030F41F4002130BD00BFD2
:102C000090F0000F04BF0021704730B54FF480648E
:102C100004F132044FF000054FF0000150E700BF0F
:102C200090F0000F04BF0021704730B54FF480646E
:102C300004F1320410F0004548BF40424FF000015B
:102C40003EE700BF42004FEAE2014FEA31014FEA9E
:102C500002701FBF12F07F4393F07F4F81F06051ED
:102C6000704732F07F4208BF704793F07F4F04BF38
:102C700041F40021704730B54FF4607401F0004515
:102C800021F000411CE700BF50EA010208BF704775
:102C900030B54FF000050AE050EA010208BF704766
:102CA00030B511F0004502D5404261EB41014FF4CF
:102CB000806404F132045FEA915C3FF4D8AE4FF0D7
:102CC00003025FEADC0C18BF03325FEADC0C18BFBA
:102CD000033202EBDC02C2F1200300FA03FC20FA0B
:102CE00002F001FA03FE40EA0E0021FA02F1144458
:102CF000BDE600BF70B54FF0FF0C4CF4E06C1CEA71
:102D000011541DBF1CEA135594EA0C0F95EA0C0FE1
:102D100000F0DEF82C4481EA030621EA4C5123EA54
:102D20004C5350EA013518BF52EA033541F4801183
:102D300043F4801338D0A0FB02CE4FF00005E1FB36
:102D400002E506F00042E0FB03E54FF00006E1FB80
:102D500003569CF0000F18BF4EF0010EA4F1FF04C3
:102D6000B6F5007F64F5407404D25FEA4E0E6D4103
:102D700046EB060642EAC62141EA55514FEAC52014
:102D800040EA5E504FEACE2EB4F1FD0C88BFBCF590
:102D9000E06F1ED8BEF1004F08BF5FEA500E50F141
:102DA000000041EB045170BD06F0004646EA010107
:102DB00040EA020081EA0301B4EB5C04C2BFD4EB39
:102DC0000C0541EA045170BD41F480114FF0000E32
:102DD000013C00F3AB8014F1360FDEBF002001F0A0
:102DE000004170BDC4F10004203C35DA0C341BDC1A
:102DF00004F11404C4F1200500FA05F320FA04F0EC
:102E000001FA05F240EA020001F0004221F000411F
:102E100010EBD37021FA04F642EB06015EEA430E92
:102E200008BF20EAD37070BDC4F10C04C4F12005C2
:102E300000FA04F320FA05F001FA04F240EA020075
:102E400001F0004110EBD37041F100015EEA430E46
:102E500008BF20EAD37070BDC4F1200500FA05F266
:102E60004EEA020E20FA04F301FA05F243EA0203E5
:102E700021FA04F001F0004121FA04F220EA0200F4
:102E800000EBD3705EEA430E08BF20EAD37070BD3A
:102E900094F0000F0FD101F00046400041EB01011A
:102EA00011F4801F08BF013CF7D041EA060195F0FC
:102EB000000F18BF704703F00046520043EB0303B6
:102EC00013F4801F08BF013DF7D043EA06037047A3
:102ED00094EA0C0F0CEA135518BF95EA0C0F0CD0AE
:102EE00050EA410618BF52EA4306D1D181EA0301F4
:102EF00001F000414FF0000070BD50EA410606BFEE
:102F00001046194652EA430619D094EA0C0F02D132
:102F100050EA013613D195EA0C0F05D152EA033677
:102F20001CBF104619460AD181EA030101F0004195
:102F300041F0FE4141F470014FF0000070BD41F0DE
:102F4000FE4141F4780170BD70B54FF0FF0C4CF4B8
:102F5000E06C1CEA11541DBF1CEA135594EA0C0FD7
:102F600095EA0C0F00F0A7F8A4EB050481EA030E24
:102F700052EA03354FEA013100F088804FEA03330B
:102F80004FF0805545EA131343EA12634FEA0222D9
:102F900045EA111545EA10654FEA00260EF000419A
:102FA0009D4208BF964244F1FD0404F5407402D2EC
:102FB0005B084FEA3202B61A65EB03055B084FEA7D
:102FC00032024FF480104FF4002CB6EB020E75EB7A
:102FD000030E22BFB61A754640EA0C005B084FEAA2
:102FE0003202B6EB020E75EB030E22BFB61A75461F
:102FF00040EA5C005B084FEA3202B6EB020E75EB6A
:10300000030E22BFB61A754640EA9C005B084FEAE1
:103010003202B6EB020E75EB030E22BFB61A7546EE
:1030200040EADC0055EA060E18D04FEA051545EADD
:1030300016754FEA06164FEAC30343EA52734FEA86
:10304000C2025FEA1C1CC0D111F4801F0BD141EAFF
:1030500000014FF000004FF0004CB6E711F4801F64
:1030600004BF01430020B4F1FD0C88BFBCF5E06F44
:103070003FF6AFAEB5EB030C04BFB6EB020C5FEA54
:10308000500C50F1000041EB045170BD0EF0004EA9
:103090004EEA113114EB5C04C2BFD4EB0C0541EADB
:1030A000045170BD41F480114FF0000E013C90E6D8
:1030B00045EA060E8DE60CEA135594EA0C0F08BF9C
:1030C00095EA0C0F3FF43BAF94EA0C0F0AD150EA9B
:1030D00001347FF434AF95EA0C0F7FF425AF10462E
:1030E00019462CE795EA0C0F06D152EA03353FF456
:1030F000FDAE1046194622E750EA410618BF52EAD3
:1031000043067FF4C5AE50EA41047FF40DAF52EAA6
:1031100043057FF4EBAE12E74FF0FF3C06E000BF43
:103120004FF0010C02E000BF4FF0010C4DF804CD50
:103130004FEA410C7FEA6C5C4FEA430C18BF7FEA10
:103140006C5C1BD001B050EA410C0CBF52EA430C3E
:1031500091EA030F02BF90EA020F0020704710F1BE
:10316000000F91EA030F58BF994208BF90422CBF4D
:10317000D8176FEAE37040F0010070474FEA410C46
:103180007FEA6C5C02D150EA013C07D14FEA430C64
:103190007FEA6C5CD6D152EA033CD3D05DF8040BD5
:1031A000704700BF8446104662468C461946634607
:1031B00000E000BF01B5FFF7B7FF002848BF10F1DE
:1031C000000F01BD4DF808EDFFF7F4FF0CBF012023
:1031D00000205DF808FB00BF4DF808EDFFF7EAFF9F
:1031E00034BF012000205DF808FB00BF4DF808ED5A
:1031F000FFF7E0FF94BF012000205DF808FB00BF4F
:103200004DF808EDFFF7CEFF94BF012000205DF8D8
:1032100008FB00BF4DF808EDFFF7C4FF34BF0120E5
:1032200000205DF808FB00BF4FEA410C7FEA6C5CB0
:1032300002D150EA013C0AD14FEA430C7FEA6C5CB0
:1032400002D152EA033C02D14FF0000070474FF028
:10325000010070474FEA4102B2F1E04324BFB3F5E9
:10326000001CDCF1FE5C0DD901F0004C4FEAC002FD
:103270004CEA5070B2F1004F40EB830008BF20F0E1
:103280000100704711F0804F21D113F13872BCBF9B
:1032900001F00040704741F480114FEA5252C2F1F0
:1032A0001802C2F1200C10FA0CF320FA02F018BF39
:1032B00040F001004FEAC1234FEAD32303FA0CFC8C
:1032C00040EA0C0023FA02F34FEA4303CCE77FEA1B
:1032D000625307D150EA01331EBF4FF0FE4040F465
:1032E0004000704701F0004040F0FE4040F4000014
:1032F000704700BF7BB972B90029BEBF00204FF0F4
:10330000004106E008BF00281CBF6FF000414FF0ED
:10331000FF3000F0F5B9ADF1080C6DE904CE0029DD
:1033200009DB002B1ADB00F083F8DDF804E0DDE9AF
:10333000022304B07047404261EB4101002B1BDBCC
:1033400000F076F8DDF804E0DDE9022304B0404245
:1033500061EB4101524263EB43037047524263EB1E
:10336000430300F065F8DDF804E0DDE9022304B072
:10337000404261EB41017047524263EB430300F06E
:1033800057F8DDF804E0DDE9022304B0524263EBB4
:103390004303704753B94AB9002908BF00281CBF2E
:1033A0004FF0FF314FF0FF3000F0AAB9ADF1080C3B
:1033B0006DE904CE00F03CF8DDF804E0DDE902231D
:1033C00004B0704738B50022002304460D46FFF7CD
:1033D00003FF28B920462946BDE8384000F00AB866
:1033E000204605F1004100F005F8404261EB410143
:1033F00038BD00BFD0B50C4B002206460F46FFF784
:1034000079FC00F07FF90446FFF7FAFB074B002236
:10341000FFF770FC02460B4630463946FFF7B2FA1A
:1034200000F070F92146D0BD0000F03D0000F041F1
:103430002DE9F047089D04468E46002B4DD18A4267
:10344000944669D9B2FA82F252B101FA02F3C2F19A
:10345000200120FA01F10CFA02FC41EA030E94402B
:103460004FEA1C48210CBEFBF8F61FFA8CF708FB4C
:1034700016E341EA034306FB07F199420AD91CEB24
:10348000030306F1FF3080F01F81994240F21C8156
:10349000023E63445B1AA4B2B3FBF8F008FB10339E
:1034A00044EA034400FB07F7A7420AD91CEB0404D3
:1034B00000F1FF3380F00A81A74240F207816444A3
:1034C000023840EA0640E41B00261DB1D440002328
:1034D000C5E900433146BDE8F0878B4209D9002D8C
:1034E00000F0EF800026C5E9000130463146BDE816
:1034F000F087B3FA83F6002E4AD18B4202D3824280
:1035000000F2F980841A61EB030301209E46002D2E
:10351000E0D0C5E9004EDDE702B9FFDEB2FA82F283
:10352000002A40F09280A1EB0C014FEA1C471FFAE1
:103530008CFE0126200CB1FBF7F307FB131140EAC8
:1035400001410EFB03F0884208D91CEB010103F195
:10355000FF3802D2884200F2CB804346091AA4B257
:10356000B1FBF7F007FB101144EA01440EFB00FE2B
:10357000A64508D91CEB040400F1FF3102D2A64590
:1035800000F2BB800846A4EB0E0440EA03409CE72F
:10359000C6F12007B34022FA07FC4CEA030C20FADC
:1035A00007F401FA06F31C43F9404FEA1C4900FAFC
:1035B00006F3B1FBF9F8200C1FFA8CFE09FB181179
:1035C00040EA014108FB0EF0884202FA06F20BD9EC
:1035D0001CEB010108F1FF3A80F08880884240F23C
:1035E0008580A8F102086144091AA4B2B1FBF9F080
:1035F00009FB101144EA014100FB0EFE8E4508D97B
:103600001CEB010100F1FF346CD28E456AD90238FF
:10361000614440EA0840A0FB0294A1EB0E01A142E4
:10362000C846A64656D353D05DB1B3EB080261EB52
:103630000E0101FA07F722FA06F3F1401F43C5E92C
:10364000007100263146BDE8F087C2F12003D84062
:103650000CFA02FC21FA03F3914001434FEA1C47A4
:103660001FFA8CFEB3FBF7F007FB10360B0C43EA96
:10367000064300FB0EF69E4204FA02F408D91CEB46
:10368000030300F1FF382FD29E422DD90238634444
:103690009B1B89B2B3FBF7F607FB163341EA0341E4
:1036A00006FB0EF38B4208D91CEB010106F1FF3833
:1036B00016D28B4214D9023E6144C91A46EA00462A
:1036C00038E72E46284605E70646E3E61846F8E6BC
:1036D0004B45A9D2B9EB020864EB0C0E0138A3E705
:1036E0004646EAE7204694E74046D1E7D0467BE7E6
:1036F000023B614432E7304609E76444023842E75E
:10370000704700BF4A0011D212F5001211D20DD538
:103710006FF47873B3EB62520ED44FEAC12343F0D7
:10372000004343EA505323FA02F070474FF0000081
:10373000704750EA013002D14FF0FF3070474FF030
:1037400000007047024B58221A604FF0FF3070475C
:1037500054010020024B58221A604FF0FF3070478E
:1037600054010020044A05491368002B08BF0B468A
:103770001844106018467047580100204874002013
:10378000FEE700BF4EF60C50BFF34F8FCEF20000A5
:103790000168042201F4E061C0F2FA5211430160B1
:1037A000BFF34F8F00BFFDE7F0B503AF4DF804BD89
:1037B00086B0044606F077FA48F6F970C0F60100C4
:1037C000059006F077FA102808D148F6F970C0F68F
:1037D000010001A9102206F081FA0CE00020CDE9D9
:1037E0000100CDE9030048F6F970C0F6010001A917
:1037F000102206F099FA04F0CEF9064604F0BFF95B
:10380000054604F0C2F9F243019E4FEA324340F20A
:103810005C11C2F200019E4201AB0B601AD1EB4376
:10382000029E4FEA33439E4214D1C043039E4FEAA7
:103830003045AE420ED183EA3242049B82EA3040E8
:10384000834207D1002220460A6006B05DF804BB1F
:10385000F0BD00BF49F21A00C0F6010000F01CF8EC
:1038600040F6B83014F0D8F8F4E712F033BF13F094
:103870002BB800004EF60C50BFF34F8FCEF2000075
:103880000168042201F4E061C0F2FA5211430160C0
:10389000BFF34F8F00BFFDE783B0D0B502AF81B05B
:1038A000844607F108000EC040F29470C2F2000096
:1038B000041D07F1080320464FF48071624600930F
:1038C00002F04CFF2046FEF7BBFD0146204606F005
:1038D00073FC002001B0BDE8D04003B07047F0B5E4
:1038E00003AF2DE9000B82B0804606F099FC43F649
:1038F000DB10C0F6000002F0C8F900F051FD49F2FB
:10390000263143F6E912C0F60101C0F60002002399
:10391000002400F06FFB40F26019C2F2000909F1C7
:10392000080549F25F0143F63922C0F60101C0F6ED
:103930000002284600230094019401F068FC284608
:1039400001F07CFC09F1280549F2650143F61142BA
:10395000C0F60101C0F6000228460023009401943D
:1039600001F055FC284601F069FC082012F0B2FE77
:10397000034643F6D540C0F6000043F6CD45C3E903
:1039800000040320C0F6000549F26A0109F10406AB
:103990000090C0F6010128464FF48072019613F0A2
:1039A0007FFD082012F096FE034643F6E540C0F680
:1039B0000000C3E90004042049F275010090C0F63C
:1039C000010128464FF44072CDF8049013F068FDD1
:1039D000404602B0BDE8000BF0BDD0B502AF0C46CA
:1039E00006F0EAFB2046D0BDD0B502AF82B0044657
:1039F00006F00AFCD0B1646806F015FA00EE100A71
:103A00009FED0C1AB8EE400A80EE010A10EE100A83
:103A1000FFF718F9024649F28100C0F601000B4693
:103A2000009401F0A1FB002002B0D0BD072002B03D
:103A3000D0BD00BF00247449B0B502AF8EB00229DA
:103A400040F08580506849F28A01C0F601011446B1
:103A5000FEF72AFB002849D0606849F28F01C0F6C2
:103A60000101FEF721FB002858D0606849F295015A
:103A7000C0F60101FEF718FB002849D0606849F242
:103A80009A01C0F60101FEF70FFB002840D06068E4
:103A900049F2A301C0F60101FEF706FB002800F081
:103AA000A780606849F2AA01C0F60101FEF7FCFA9E
:103AB00000284FD0606849F2D401C0F60101FEF73A
:103AC000F3FA002800F09A80606849F2DC01C0F641
:103AD0000101FEF7E9FAD0BB49F2E500C0F60100AA
:103AE000FFF7DAFE00200EB0B0BD00BF04F0C2FD4B
:103AF00001A804F065FD0598AA2828D002200190AD
:103B0000AA2005900020C1F6FF700B9012E000BFC4
:103B100004F0C2FD00200EB0B0BD00BF04F0B3FD44
:103B200001A804F04DFD0598BB2810D0022001909B
:103B3000BB20059004F040FA04F061FA01A804F0FB
:103B4000B5FB04F081FA04F071FA04F04CFA00209D
:103B50000EB0B0BD49F2AD00C0F60100FFF79CFE0B
:103B600040F6C41013F058FF02F07CF80120012544
:103B700006F048F90020002406F044F985F3108887
:103B80004EF21005CEF200052C606C60AC6004F0C3
:103B900033FE4FF0FF30C5F87001C5F87002C5F86C
:103BA0007401C5F87402C5F87801C5F87802C5F843
:103BB0007C01C5F87C02C5F88001C5F88002C5F813
:103BC0008401C5F88402C5F88801C5F88802C5F8E3
:103BD0008C01C5F88C02002084F31088C1F6FF70B8
:103BE000016881F308884068804700200EB0B0BDAE
:103BF000012080F31388FFF73DFE00BF06F0B9F8FF
:103C0000012080F31388FFF735FE0000000000005C
:103C1000F0B503AF4DF804BD82B006F002F94DF2E5
:103C20003B41C3F2B511A0FB011244F6D351C1F2DE
:103C30006201A0FB011344F207569909CCF22E262B
:103C4000A1FB06652E0C40F2A3256E434BF2C53551
:103C5000A1EBC616C9F2A215A6FB0564A1FB0516C9
:103C6000150EF10A4FF461625143C1EB931148F60E
:103C7000890200EE100ADFED140A5143B8EE400A43
:103C8000E40A4E0DFCF766FC10EE100AFEF7DAFFB0
:103C90009FED0B0B53EC102BFFF756F941EC100B7B
:103CA00049F21910C0F601002946224633468DED2F
:103CB000000BFFF7F1FD002002B05DF804BBF0BD82
:103CC0000000000000408F4000606A47D0E90021FA
:103CD0000846104780B56F4606F003FB0A2013F034
:103CE0009BFEF9E780B56F4603E000BF012013F0AB
:103CF00093FE06F089FA0028F8D002F00EFB06F0D9
:103D000089FA18B106F06AFA01F0D2FA06F07CFAE4
:103D10000028EED00A2013F07FFE06F07BFA002880
:103D2000F0D1F3E74EF60C50BFF34F8FCEF2000008
:103D30000168042201F4E061C0F2FA52114301600B
:103D4000BFF34F8F00BFFDE7F0B503AF4DF804BDE3
:103D500082B00446012012F06CFE6060204600F044
:103D6000E1FE40F2A810C2F20000002526460460E1
:103D7000082046F8085F12F0ADFC034643F6B15048
:103D8000C0F60000C3E900050320009043F6CD40D3
:103D900049F24411C0F60000C0F601014FF48072F0
:103DA000019613F07DFB204602B05DF804BBF0BD28
:103DB00080B56F4682B006F034F840F2A818C2F21F
:103DC000000800260DF10409019009E0686800214F
:103DD0000022002312F0A6FE4846012113F0D4FC75
:103DE000D8F800504FF0FF31686813F0D1F92C6813
:103DF00001E000BF2468AC42E8D014F8040C0028AD
:103E0000F8D034F8060C34F8081C013082B2914224
:103E100024F8060CEED854E9040124F8066C88470F
:103E2000E8E700004EF60C50BFF34F8FCEF20000D3
:103E30000168042201F4E061C0F2FA52114301600A
:103E4000BFF34F8F00BFFDE7B0B502AF04460820B7
:103E500012F040FC002108220546FDF783FF281DD3
:103E600000F060FE28462C60A565B0BDB0B502AF7D
:103E700004461C2012F02EFC00211C220546FDF7F2
:103E800071FF2846AC61B0BD80B56F4601F11402E8
:103E9000011D104600F048FE002080BDDDF800C086
:103EA00002290171036007D0012909D000291CBF34
:103EB00001207047029904E0C0E9022C00207047FD
:103EC00001998260C0F80CC00161002070470000B9
:103ED000F0B503AF2DE9000782B08A465AF8046FA7
:103EE00056454BD09846914604460AE07068D4E99E
:103EF00000214B46CDF8008000F0D8FB36685645CF
:103F00003CD056F8140C10B121688142F6D116F855
:103F1000101C022918D06068012921D00029EDD198
:103F200056E9033221689D18A942E7D356F8041CCC
:103F30001844FDF7CFFD0028E0D116F8100C022838
:103F4000D4D3DBD106E000BF56E903012268084460
:103F50008242D3D3616856E9033270681944C8E7D6
:103F600056F80C1C22680B1D9A42C7D3405856E9DC
:103F70000212401A9042B9D3C0E700BF002002B03D
:103F8000BDE80007F0BD00004EF60C50BFF34F8FA8
:103F9000CEF200000168042201F4E061C0F2FA529E
:103FA00011430160BFF34F8F00BFFDE74EF60C5089
:103FB000BFF34F8FCEF200000168042201F4E061EC
:103FC000C0F2FA5211430160BFF34F8F00BFFDE70B
:103FD0004EF60C50BFF34F8FCEF200000168042262
:103FE00001F4E061C0F2FA5211430160BFF34F8F58
:103FF00000BFFDE782B0F0B503AF2DE9000782B046
:1040000004460D4607F10800C7E9022301900CB1F0
:1040100075B9A1E0019A104650F8041F019052F8BA
:10402000080B019200F09FFE0446002D00F09480E2
:104030002878002800F0908048F6F86A49F24F1876
:104040006E1CC0F6010A4FF00009C0F6010804E03A
:1040500016F8010B002800F07F800AEB0001497878
:10406000024601F00301022908BF203A012908BFD6
:104070000246A2F1410117294FF0000000F26D80C5
:10408000DFE801F01A6B1E0C22306B6B6B6B3C4A45
:104090006B6B6B6B6B6B525A6B6B6B62019801466F
:1040A00051F8043F019150F8082B4146019000203F
:1040B000009400F059F8CBE7204600F0BFFEC7E7B8
:1040C000606812F007FB43E0019A104650F8041FA5
:1040D00002F10C030190106892680193234600F0EE
:1040E00098FFB5E70198011D01910168216500F174
:1040F0000801406801916065AAE700BF019A104677
:1041000050F8041F93680190106802F10C052246D4
:10411000019500F07EFF9BE70198011D0191016868
:10412000204600F02EFF93E70198011D01910168E0
:10413000204600F007FF8BE70198011D0191006800
:10414000214600F01EFF83E70198011D01910068E0
:10415000206184F800907BE7204602B0BDE80007AC
:10416000BDE8F04002B0704782B0F0B503AF4DF843
:10417000048D82B00D46BA60FB6028B10021044670
:1041800000F0D1FE2DB93CE0002000F0BAFE04465C
:10419000BDB3287807F10801019190B348F6F8669D
:1041A0000135C0F601064FF0040809E00198011D31
:1041B00001910068214600F0C5FE15F8010B00B31F
:1041C0003118497801F00302022A014608BF20395C
:1041D000012A08BF01465429E8D0442910D184F8A7
:1041E00000800198011D01910168E16000F1080162
:1041F00040680191206115F8010B0028E0D100E032
:104200000024204602B05DF8048BBDE8F04002B007
:104210007047000082B0F0B503AF2DE9000784B00D
:10422000C7E902238246806D0D4607F1080103911C
:1042300010B1287830B971E05046FFF705FE2878B4
:1042400000286BD048F6F8686E1CC0F601084FF0E5
:10425000000922E00398011D03910068FFF706FEA4
:10426000039905460B4653F8042F01F114000393FC
:104270000B68D1E903410390CDE9004128460121B3
:10428000CDF80890FFF70AFEDAF858002946FFF744
:10429000FBFD16F8010B002840D008EB000149781F
:1042A00001F00302022A014608BF2039012A08BF93
:1042B000014644291CD05229CCD04C2936D1039830
:1042C000011D03910068FFF7D1FD039905460B46D8
:1042D00053F8042F01F1100003930B68D1E9024158
:1042E0000094CDE9021028460021CDF80490C9E7DA
:1042F0000398011D03910068FFF7B8FD0399054677
:104300000B4653F8042F01F10C0003930B688968E6
:104310000390CDE9001928460221B1E7002004B03E
:10432000BDE80007BDE8F04002B070470120F6E7A5
:104330004EF60C50BFF34F8FCEF2000001680422FE
:1043400001F4E061C0F2FA5211430160BFF34F8FF4
:1043500000BFFDE7B0B502AF40F2AC1049F2521118
:10436000C2F20000C0F601013D2200F033FD012041
:1043700000210322012412F013FB40F24825C2F26F
:104380000005002100220023686012F0CBFB686862
:1043900000210022002312F0C5FB00202C70B0BDCC
:1043A00040F2AC10C2F2000070470000F0B503AF5D
:1043B0002DE9000F83B040F24825C2F20005924675
:1043C0002A78012A3CD1064668680C46D7F808B01E
:1043D0004FF0FF31994612F0DBFE40F20828C2F29E
:1043E000000888F83C4005F1080449F25912C0F66B
:1043F000010220463C213346CDF800B003F0B9F964
:1044000007F10C0340463C212246029302F0A6F934
:1044100040F2AC10C2F2000041463D225346CDF8B6
:10442000009000F043F96968044608460021002224
:10443000002312F077FB204603B0BDE8000FF0BD6B
:104440000724204603B0BDE8000FF0BD4EF60C5027
:10445000BFF34F8FCEF200000168042201F4E06147
:10446000C0F2FA5211430160BFF34F8F00BFFDE766
:10447000F0B503AF2DE900070446007804282DD8D5
:104480000E46DFE800F026032F353D00E068924637
:104490008068002B3ED00021002212F057FF012837
:1044A00040D1D4F80C80B14659F80C0FD8F804105C
:1044B000884209D8D8F85020002A63D0D8F8541080
:1044C0004846904700285DD0E0680021806812F0DF
:1044D00013FD0020BDE80007F0BD00BF0120BDE8CE
:1044E0000007F0BD012020730020BDE80007F0BDEB
:1044F000E068316900F0E6FA0020BDE80007F0BD91
:10450000D4E9032106F10C0090470020BDE8000724
:10451000F0BD00BFBAF1000F08D04FF0FF3112F02C
:1045200037FE08E00320BDE80007F0BD002112F0CF
:104530002FFE0128CDD1D4F80C80B14659F80C0FCC
:10454000D8F80410884207D8D8F8502082B1D8F89B
:1045500054104846904758B1E06800218068002216
:10456000002312F0DFFA0020BDE80007F0BD00BF15
:1045700098F8000080B108F10C0049460822FDF7C8
:10458000DBFA12E098F8000040B308F10C0049464D
:104590000822FDF7D1FA2AE0D8F81000D6E9032165
:1045A000FDF7CAFAF068C8F80C00D8F8581029B11D
:1045B00008F10C0052460023FFF78AFC464656F8E5
:1045C000485FB542C8D000BF281F4146524600236D
:1045D000FFF74EFF2D68B542F6D1BDE7D8F81000C1
:1045E000D6E90321FDF7A8FAF068C8F80C00D8F85E
:1045F000581029B108F10C0052460123FFF768FC5E
:10460000464656F8485FB5423FF45EAF281F414624
:1046100052460123FFF72CFF2D68B542F6D153E730
:10462000F0B503AF2DE900070546884608686968BC
:10463000884207D892462A6D99463AB1696D40463C
:10464000904718B10120BDE80007F0BD287808B3F5
:1046500005F10C0041460822FDF76EFAA96D29B15B
:1046600005F10C0052464B46FFF732FC2C4654F83D
:10467000486FA64209D000BF301F294652464B461C
:10468000FFF7F6FE3668A642F6D10020BDE8000727
:10469000F0BD00BF2869D8E90021FDF74DFAD8F830
:1046A0000000E860A96D0029DAD1DFE7F0B503AFBB
:1046B0004DF8048D82B09046BA68044680681D4665
:1046C0000E46CAB10021002212F040FE012833D16B
:1046D000694620462A460123CDE90086FFF7A0FF60
:1046E000A16804460846002112F006FC204602B0EC
:1046F0005DF8048BF0BD00BF25B14FF0FF3112F023
:1047000047FD04E0002112F043FD012814D1694661
:1047100020462A460023CDE90086FFF781FFA168E5
:104720000446084600210022002312F0FBF920462F
:1047300002B05DF8048BF0BD0324204602B05DF8A2
:10474000048BF0BDB0B502AF0446002000F0D9FBE9
:10475000054600F0A0FC2046294600F0F3FB284661
:10476000B0BD0000F0B503AF4DF804BD0546007BB9
:1047700080B1A868144680680E468AB100210022E4
:1047800012F0E4FD01280FD0032420465DF804BB9D
:10479000F0BD00BF012420465DF804BBF0BD00BFA2
:1047A0004FF0FF3112F0F4FC0020A9682873D1E922
:1047B00003213046FDF7C0F9A868002180683CB1AC
:1047C000002412F099FB20465DF804BBF0BD00BF49
:1047D00000220023002412F0A5F920465DF804BB56
:1047E000F0BD00004EF60C50BFF34F8FCEF200002C
:1047F0000168042201F4E061C0F2FA521143016041
:10480000BFF34F8F00BFFDE7B0B502AF40F28C2C75
:104810001F21C2F2000C00BFA1F11F000CEB01022E
:1048200002F81F0CA1F11E0002F81E0CA1F11D00E0
:1048300002F81D0CA1F11C0002F81C0CA1F11B00D8
:1048400002F81B0CA1F11A0002F81A0CA1F11900D0
:1048500002F8190CA1F1180002F8180CA1F11700C8
:1048600002F8170CA1F1160002F8160CA1F11500C0
:1048700002F8150CA1F1140002F8140CA1F11300B8
:1048800002F8130CA1F1120002F8120CA1F11100B0
:1048900002F8110CA1F1100002F8100CA1F10F00A8
:1048A00002F80F0CA1F10E0002F80E0CA1F10D00A0
:1048B00002F80D0CA1F10C0002F80C0CA1F10B0098
:1048C00002F80B0CA1F10A0002F80A0CA1F1090090
:1048D00002F8090CA1F1080002F8080CC81F02F840
:1048E000070C881F02F8060C481F02F8050C081F69
:1048F00002F8040CC81E02F8030C881E02F8020C11
:10490000481E0CF80110FF2901F1200102F8010CEA
:1049100082D16FF001018C220CEB010E9EF8023067
:104920009EF8030082EA5304DD0708BF5C0882EAB0
:104930005403E50708BF630882EA5304DD0708BF94
:104940005C0882EA5403E50708BF630882EA53045F
:10495000DD0708BF5C0882EA5403E50708BF630867
:1049600082EA5304DD0708BF5C0882EA5403E507C6
:1049700008BF63088EF8023082EA5003C40708BFFC
:10498000430882EA5300DC0708BF580882EA500354
:10499000C40708BF430882EA5300DC0708BF580871
:1049A00082EA5003C40708BF430882EA5300DC07C9
:1049B00008BF580882EA5003C40708BF430882EAC8
:1049C0005300DC0701F1020108BF5808FE298EF8E8
:1049D0000300A1D1B0BD0000B0B502AF48F2203154
:1049E00040F28C3E46F2581C0020CEF6B851C2F27E
:1049F000000EC4F6B25C00BF10F0020281EA900320
:104A000008BF830881EA5304DD0708BF5C0881EA18
:104A10005403E50708BF630881EA5304DD0708BFB4
:104A20005C0881EA5403E50708BF630881EA530480
:104A3000DD0708BF5C0881EA5405E30708BF650885
:104A4000002A62464EF8205004BF42F2C802C3F664
:104A50006E3282EAD002440748BF4A4081EA5204DB
:104A6000D50708BF540881EA5402E50708BF620869
:104A700081EA5204D50708BF540881EA5402E507C9
:104A80000EEB800308BF620881EA5204D50700F1EB
:104A9000020008BF5408B0F5807F5C60ACD1B0BDA7
:104AA0004EF60C50BFF34F8FCEF200000168042287
:104AB00001F4E061C0F2FA5211430160BFF34F8F7D
:104AC00000BFFDE7D0B502AF0446007A00281CBF46
:104AD0000520D0BD2068D4E9042302FB0030FDF797
:104AE0002BF8D4E90001E268431C0020934228BF60
:104AF00003468B42236002BF012020720020D0BDFC
:104B00004EF60C50BFF34F8FCEF200000168042226
:104B100001F4E061C0F2FA5211430160BFF34F8F1C
:104B200000BFFDE7006070470A68026008607047D8
:104B30004EF60C50BFF34F8FCEF2000001680422F6
:104B400001F4E061C0F2FA5211430160BFF34F8FEC
:104B500000BFFDE7B0B502AF046874B10D4600BFF9
:104B600061682846FDF7A0FA002807D04FF00C0036
:104B700048BF08202458002CF2D100242046B0BDA4
:104B8000F0B503AF4DF8048D0D460021C5E90211C3
:104B9000296180460068012200282A7000F0A88060
:104BA000064668687168FDF77FFA00284FF00C0030
:104BB00048BF082030580028F2D1686871682E611B
:104BC000FDF772FA0C21002848BF082175502A69A8
:104BD0004FF0000C002A85F800C000F08C80012105
:104BE0000DE000BF54F8086F9E4218BF04342060E7
:104BF0008360186115461269002A00F07C801078E5
:104C0000002878D113699868824209D008B10678E3
:104C100096B19068A84219D016462A463BE000BFDC
:104C2000D86808B106783EB1D668AE421ED01046AC
:104C300014462A4647E000BF0170117083F800C097
:104C40001A4615461269002AD9D154E0E8681E4672
:104C5000906000281CBF026116692E611069A8B11E
:104C600050F80C6F964218BF043810E0A8681E4632
:104C7000D06000281CBF026116692E611069D8B18E
:104C800050F8086F964218BF043016E040462E4692
:104C90000560EA601561D8683170866883F800C0E5
:104CA000002EDE6018BF33611E6906611C69002C8E
:104CB0007FF498AF44469AE740460560AA6098683A
:104CC0002C46C6681561217083F800C0002E9E60D6
:104CD00018BF33611E6906611E692EB156F80C5F5C
:104CE0009D4218BF043E00E046463060C36080E746
:104CF000C8F800502970D8F80010012201200A706D
:104D00005DF8048BF0BD00004EF60C50BFF34F8FE2
:104D1000CEF200000168042201F4E061C0F2FA5210
:104D200011430160BFF34F8F00BFFDE7D0B502AF65
:104D300001200021032211F033FE40F28C74C2F2F4
:104D40000004002100220023606011F0EBFE606887
:104D500000210022002311F0E5FEFFF73DFEFFF7E2
:104D600053FD0020D0BDF0B503AF4DF8048D0646CD
:104D70005C20884611F0AEFC00215C220446FCF762
:104D8000F1FF04F11405284631461922FDF706FC0F
:104D90000120207004F14800A563C4F80480FFF7E7
:104DA000C1FE04F14C00FFF7BDFE012000210322EB
:104DB00011F0F6FD002100220023A06011F0B2FEE8
:104DC000A06800210022002311F0ACFE20465DF80F
:104DD000048BF0BDF0B503AF4DF8048D90460E4640
:104DE00000215C220446FCF7BDFF04F114052846AF
:104DF00031461922FDF7D2FB0120207004F1480052
:104E0000A563C4F80480FFF78DFE04F14C00FFF7A2
:104E100089FE01200021032211F0C2FD00210022A1
:104E20000023A06011F07EFEA06800210022002374
:104E300011F078FE20465DF8048BF0BDF0B503AFAD
:104E40004DF804BD40F28C74C2F20004054660685F
:104E50004FF0FF3105F1140612F09AF92046314661
:104E6000FFF778FE6168064608460021002200230D
:104E700011F058FE26B1012420465DF804BBF0BDB8
:104E800060684FF0FF3112F083F905F134012046DC
:104E9000FFF776FE6068002100220023002411F055
:104EA00041FE20465DF804BBF0BD0000F0B503AF45
:104EB0004DF8048D40F28C760C468046C2F2000616
:104EC00070684FF0FF3112F063F930464146FFF74A
:104ED00041FE71680546084600210022002311F0BA
:104EE00021FE4DB924B1012012F096FD013CE7D11D
:104EF00000205DF8048BF0BDA5F134005DF8048B53
:104F0000F0BDB0B502AF0446142011F0E3FB002160
:104F100014220546FCF726FF002C1EBF0120287036
:104F2000EC602846B0BDB0B502AF0D46002114229A
:104F30000446FCF717FF002D1EBF01202070E5601E
:104F40002046B0BDF0B503AF4DF804BD40F28C76FD
:104F5000C2F20006054670680C468D604FF0FF31C6
:104F600012F016F9201D05F14801FFF7DDFD70680C
:104F700000210022002311F0D5FD00205DF804BBC4
:104F8000F0BDF0B503AF2DE9000B054614208846AF
:104F900011F0A0FB002114220646FCF7E3FE40F2CC
:104FA0008C79B8F1000F1EBF01203070C6F80C805C
:104FB000C2F20009D9F804004FF0FF31B56012F0D9
:104FC000E7F8301D05F14801FFF7AEFDD9F8040000
:104FD00000210022002311F0A5FD0C2011F07AFB26
:104FE00046600446D9F804004FF0FF31A56012F086
:104FF000CFF808F14C012046FFF796FDD9F80400E0
:1050000000210022002311F08DFD0020BDE8000BDF
:10501000F0BDF0B503AF2DE9000B16460C4600219C
:10502000142298460546FCF79DFE40F28C79B8F1B3
:10503000000F1EBF01202870C5F80C80C2F20009C5
:10504000D9F804004FF0FF31AE6012F0A1F8281D2E
:1050500006F14801FFF768FDD9F80400002100229D
:10506000002311F05FFD6560D9F804004FF0FF31B7
:10507000A66012F08DF808F14C012046FFF754FDB0
:10508000D9F8040000210022002311F04BFD00207C
:10509000BDE8000BF0BD0146022008700022002090
:1050A0000A7370474EF60C50BFF34F8FCEF20000DC
:1050B0000168042201F4E061C0F2FA521143016078
:1050C000BFF34F8F00BFFDE7D0B502AFFFF72EFE55
:1050D0000446FFF73FF92044C0B2D0BD4EF60C5055
:1050E000BFF34F8FCEF200000168042201F4E061AB
:1050F000C0F2FA5211430160BFF34F8F00BFFDE7CA
:105100004EF60C50BFF34F8FCEF200000168042220
:1051100001F4E061C0F2FA5211430160BFF34F8F16
:1051200000BFFDE783B0B0B502AF81B040F2947527
:10513000C2F20005844607F108002C1D0EC007F1DD
:10514000080320464FF480716246009301F006FB8D
:105150002D682046FDF774F901462046A84701B0A6
:10516000BDE8B04003B0704783B0F0B503AF4DF871
:1051700004BD83B040F29475C2F20005844607F185
:1051800008002C1D0EC007F1080320464FF4807163
:105190006246029301F0E2FA2A6849F24730C0F60B
:1051A0000100062190472E682046FDF749F9014687
:1051B0002046B047D5F8F40405F57A71884212BF4D
:1051C000046849F28614C0F6010449F2621049F2FB
:1051D000741149F27A1249F27F13C0F60100C0F649
:1051E0000101C0F60102C0F601030094FFF79AFF27
:1051F00049F2870005F58271C0F60100FFF792FFC2
:1052000003B05DF804BBBDE8F04003B07047D0B513
:1052100002AFD7E902EC002404770160C0E9023E46
:1052200080F810C04261D0BDB0B502AF0C46054653
:1052300018300831FFF778FC6C60B0BDB0B502AF34
:1052400040F29475C2F200050446183005F55C7111
:10525000FFF76AFC05F55A706060B0BD80B56F4617
:1052600082B040F29471C2F20001D1F8F40401F569
:105270007A71884212BFD0F800C049F2861CC0F68D
:10528000010C49F2621049F2741149F27A1249F2A2
:105290007F13C0F60100C0F60101C0F60102C0F69E
:1052A0000103CDF800C0FFF73DFF02B080BD000054
:1052B000F0B503AF2DE9000F83B00D2802D00A2806
:1052C00040F09E8040F29476C2F20006D6F8E804E0
:1052D000D6F8EC1432680844C6F8E80449F2CB600A
:1052E000C0F6010003219047D6F8E80406F582785D
:1052F000002108F80010B6F842034CF6CD4400FB3C
:1053000004F1C90C01EB8101A0EB410189B206EB6C
:10531000411101304FF48072A6F8420301F5BE70CE
:105320004146A6F84023FDF729F8B6F8420300FBF2
:1053300004F1C90C01EB8101A0EB4100B6F8441364
:10534000A6F84203013188B20A28D6F8E80428BF3B
:105350000A21A6F84413E0B3411E721892F80431F2
:10536000202B37D102F58270C6F8E81400210170B5
:10537000D6F8E80468B3411E721892F80431202B65
:1053800028D102F58270C6F8E81400210170D6F821
:10539000E804F0B1411E721892F80431202B19D1A3
:1053A00002F58270C6F8E81400210170D6F8E8040E
:1053B00078B1411E721892F80431202B0AD102F5FF
:1053C0008270C6F8E81400210170D6F8E8040028BD
:1053D000C2D1002006F2071111F8032C202A2BD18C
:1053E00011F8022C202A2BD111F8012C202A2BD1C4
:1053F00011F8042B202AEFD0043940BB69E000BF2C
:1054000040F29479C2F2000999F8F014002900F0F2
:105410008F80022900F0AC80012940F05E8248F6BE
:10542000F861C0F601010844407810F0970018BFF9
:10543000012040004FE200BF033940B949E000BFFE
:10544000023920B945E000BF0139002841D006F5F6
:10545000927948462022C6F86491FDF79FF8002013
:105460000021002402E000BFCBB1013116FA81F225
:1054700092F82431202BF7D18BB2334493F82531A5
:1054800002F59272202B1070EFD00134E3B201329A
:1054900006EB8305062BC5F86421E6D106244846B1
:1054A00001F02AF8A8B1436933B1012151FA84F11E
:1054B00006F5B27298470CE049F28920C0F6010067
:1054C000FFF730FE326849F2CB60C0F601000321DD
:1054D0009047D6F8F40406F57A71884212BF056841
:1054E00049F28615C0F6010549F2621049F27411BD
:1054F00049F27A1249F27F13C0F60100C0F60101A9
:10550000C0F60102C0F601030095FFF70BFE002371
:10551000C6F8E834C6F8EC3440460021202286F86C
:10552000F03403B0BDE8000FBDE8F040FCF71ABC52
:105530001A283FDC032800F0C380092840F0BD8210
:1055400009F2071010F8031C202940F0CB8110F855
:10555000021C202940F0C88110F8011C202940F0CD
:10556000D98110F8041B2029ECD0011FD3E100BF22
:105570004138032800F2AE81DFE810F00400D800C3
:105580000C012201B9F94003B9F8442381B2B1F505
:10559000807F40F02F81002A00F09C81B9F84203FF
:1055A0004CF6CD410930CCF6CC41A0FB0112D1081C
:1055B00047E100BF1B2800F01B817F2840F07D825F
:1055C000D9F8E804002800F0888149F29E20C0F64E
:1055D0000100FFF7A7FDD9F8E80400210138C9F858
:1055E000E804484480F80411D9F8EC04002800F0DD
:1055F00074810020D9F8E8140144494491F8052148
:1056000081F80421D9F8EC14421C8A422BD2D9F833
:10561000E81409EB0102024492F8062101444944CE
:1056200081F80521D9F8EC14821C8A421BD2D9F8E2
:10563000E81442184A4492F807214944014481F889
:105640000621D9F8EC14C21C8A420CD2D9F8E8140D
:105650000144494491F80821043081F80721D9F820
:10566000EC148842C6D3D9F8E80409F582740844DA
:105670000021215449F2A22049F21A4149F21E4266
:10568000C0F60100C0F60101C0F60102FFF74AFDB5
:10569000D9F8E804D9F80020D9F8EC142044904750
:1056A00049F2870049F22241C0F60100C0F601012B
:1056B00003B0BDE8000FBDE8F040FFF733BD00BF09
:1056C000D9F8002049F2CB60C0F6010003219047D1
:1056D0000020C9F8E804C9F8EC04D9F8002089F8DA
:1056E000F00449F24730C0F6010006219047D9F88E
:1056F000F40409F57A71884212BF066849F28616E9
:10570000C0F6010649F2621049F2741149F27A12A8
:1057100049F27F13C0F60100C0F60101C0F6010294
:10572000C0F601030096FFF7FDFCD6E0B9F940038F
:1057300082B20A2A66D10020C9F8E804C9F8EC044C
:10574000D9F8002089F8F00449F24730C0F601008A
:1057500006219047D9F8F40409F57A71884212BFFE
:10576000066849F28616C0F6010649F2621049F24F
:10577000741149F27A1249F27F13C0F60100C0F6A3
:105780000101C0F60102C0F601030096FFF7CAFC52
:10579000A0E000BFD9F8EC04002800F09B80D9F805
:1057A000E81401380131C9F8E814C9F8EC0449F2E9
:1057B000870049F21241C0F60100C0F6010114E071
:1057C000D9F8E804002800F08580D9F8EC140138F5
:1057D000C9F8E804481CC9F8EC0449F2870049F20A
:1057E0001641C0F60100C0F60101FFF79BFC71E015
:1057F000012070E00A2A79D1B9F84213884269D0B1
:10580000093015E0B9F84433B9F842130A2B77D1BF
:105810004CF6CD420931CCF6CC42A1FB0223DA088A
:1058200002EB8202A1EB420181423FF484AF0130DE
:1058300046F26761C6F2666150FB01F18A1002EB25
:10584000D17101EB8101A0EB41040020C9F8E8040B
:10585000C9F8EC04D9F8002089F8F00449F247307F
:10586000C0F6010006219047D9F8F40409F57A71D1
:10587000884212BF066849F28616C0F6010649F250
:10588000621049F2741149F27A1249F27F13C0F69C
:105890000100C0F60101C0F60102C0F60103009646
:1058A000FFF740FCA0B209EB4010A9F8404300F517
:1058B000BE742046FCF7C4FD09F58275C9F8E804FA
:1058C00028462146FCF75AFDD9F80020D9F8E814FB
:1058D00028469047002089F8F00403B0BDE8000F87
:1058E000F0BD00BFC11E16E0811E14E000294FF07C
:1058F0000000F0D04C1EA1B2B1F5807FA5D1EAE73F
:10590000541CA2B2B2F5807F3FF415AF0139814239
:105910009BD110E7411E09F5927A5046FCF72EFD07
:1059200050462021FCF77EFE002818BF00F1010A36
:1059300050462F21FCF776FE90B1044614F8011F63
:1059400000291CBF00210170544509D0504600F0C9
:105950004FFD0028C1D083460125A24613E000BFB9
:10596000D9F8F4B409F55A709AF80020ABEB0001AD
:10597000B1FA81F1B2FA82F349095B09002A08BF42
:10598000834643EA010549F21701C0F6010150467A
:10599000FCF78AFB002800F08F8049F21801C0F65E
:1059A00001015046FCF780FB002800F0858050463E
:1059B0000295FCF745FD5BF8085F80465D454FF0BA
:1059C000000626D1D9F8705309F55C7BA5EB0B00D6
:1059D000B0FA80F00299400908432CD0B0B20028F8
:1059E0003FF47BAF012835D1D9F8F8140A6812F8D2
:1059F000080000285CD008EB02014C1EC0B200F089
:105A000071F8A07801340028F8D166E72D685D456B
:105A1000D8D02C4654F8181D50464246FCF77EFD5F
:105A20000028F3D10136B1B2204600F0FBFDEDE7CE
:105A30002D685D45D2D02C4654F8181D504642467C
:105A4000FCF76CFD0028F3D10136B1B2204600F01E
:105A5000E9FDEDE7D9F8002049F2CB60B9F8FC4444
:105A6000C0F6010003219047FFF7F8FB64B3D9F8B3
:105A70000020D9F8E81409F582709047B9F8FC04C1
:105A80001FFA88F188427FF628AF4FF0FF3010FAF6
:105A900088F4D9F8F804006820444078FFF708FC3F
:105AA000B9F8FC04A11C01348142F2D315E700BF10
:105AB000087F01287FF411AF2F2003B0BDE8000F4D
:105AC000BDE8F04000F00EB849F2870009F5827198
:105AD000C0F6010003B0BDE8000FBDE8F040FFF7DD
:105AE00021BB0000F0B503AF4DF804BD82B040F219
:105AF0009476C2F20006D6F8E824D6F8EC1407F83B
:105B0000110C0A441D2A00F2968000295BD0324411
:105B100092F80331481E82F8043154D010F0030C7F
:105B2000A1F1020221D0D6F8E834BCF1010F1844EB
:105B3000304490F8033180F80431104615D0D6F87F
:105B4000E804BCF1020F1044304490F8033180F8AF
:105B50000431A1F1030008D0D6F8E83418443044E9
:105B600090F8033180F80431081F032A2BD3002159
:105B7000324600BFD6F8E8341418E51895F80351FA
:105B80000344134483F80451D6F8E8340431C518AB
:105B9000154495F80251234483F80351D6F8E834AC
:105BA000884204EB030595F801510344134483F83C
:105BB0000251D6F8E834A2F10402234493F80051CC
:105BC00083F80151D6D13268A7F111000121904725
:105BD000D6F8E80417F8111C304480F80411D6F800
:105BE000E814D6F8EC040131C6F8E81418B30844F8
:105BF00006F582740021215449F2A22049F21A418B
:105C000049F21E42C0F60100C0F60101C0F60102D1
:105C1000FFF788FAD6F8E8043268D6F8EC14204486
:105C2000904749F2870049F22241C0F60100C0F6D0
:105C30000101FFF777FA02B05DF804BBF0BD40F256
:105C40009472C2F20002136849F247304FF0000C20
:105C5000C0F601000621C2F8E8C4C2F8ECC482F81C
:105C6000F0C4184740F29472C2F20002136849F27D
:105C70004D304FF0000CC0F601000921C2F8E8C415
:105C8000C2F8ECC482F8F0C41847F0B503AF2DE9B0
:105C9000000F83B040F29474C2F2000420604FF40D
:105CA0008070A4F8400349F20020C0F6010004F51A
:105CB00054760125C4F84803304684F8645304F54B
:105CC0005278FEF72FFF49F28810C0F6010004F564
:105CD0005C79C4F86803484684F8845304F55A7B19
:105CE000FEF720FF49F28C10C0F60100C4F8A803AB
:105CF00004F56C7084F8C453FEF714FF49F2901059
:105D0000C0F60100C4F8880304F5647084F8A45355
:105D1000FEF708FF04F57270019049F2941084F8C0
:105D2000E453C0F6010004F57475C4F8C8032846AE
:105D30004FF0010AFEF7F6FE04F57A70029049F280
:105D40007A1084F804A4C0F6010004F57C7AC4F843
:105D5000E8035046FEF7E6FE04F560703146FEF7B4
:105D6000E3FE04F568703146C4F86C83FEF7DCFE90
:105D700004F570703146C4F88C83FEF7D5FE04F547
:105D800078703146C4F8AC83FEF7CEFE04F580602F
:105D90002946C4F8CC83FEF7C7FE01980025C4F855
:105DA000EC0349F29910C0F60100C4F8280445F646
:105DB0003970C0F60000C4F83C0404F58860494618
:105DC00084F84454C4F83054C4F8345484F8385433
:105DD000FEF7AAFE49F29D10C0F60100C4F848047F
:105DE00045F67970C0F60000C4F85C0404F58C60D8
:105DF0004946C4F82CB484F86454C4F85054C4F828
:105E0000545484F85854FEF78FFE49F2A010C0F69F
:105E10000100C4F8680446F2B100C0F60000C4F8FE
:105E20007C0404F590604946C4F84CB484F884546A
:105E3000C4F87054C4F8745484F87854FEF774FEAF
:105E400049F2A310C0F60100C4F8880446F23910E4
:105E5000C0F60000C4F89C0404F594604946C4F8F8
:105E60006CB484F8A454C4F89054C4F8945484F8DE
:105E70009854FEF759FE49F2A710C0F60100C4F885
:105E8000A80446F21920C0F60000C4F8BC0404F5CA
:105E900098604946C4F88CB484F8C454C4F8B0542B
:105EA000C4F8B45484F8B854FEF73EFE49F2AC107E
:105EB000C0F60100C4F8C80446F2EF20C0F60000A6
:105EC000C4F8DC0404F59C604946C4F8ACB484F81A
:105ED000E454C4F8D054C4F8D45484F8D854FEF729
:105EE00023FE412149F2B210C4F814140121C0F676
:105EF000010084F8181449F2BD11C4F8080404F52F
:105F00002F70C0F60101C4F8CCB484F82454C4F84E
:105F10001004C4F81C54FCF731FA04F584605146AF
:105F2000FEF702FE0298C4F80C04C4F8F40403B0AF
:105F3000BDE8000FF0BD0000D0B502AF40F2947490
:105F4000C2F20004D4F8F40404F55271884203D07C
:105F500000F0CFFB07E000BF226849F20020C0F646
:105F6000010001219047226849F2CB60C0F6010090
:105F7000032190470020D0BDF0B503AF2DE9000FFD
:105F800083B0012906D140F29470C2F20000D0F82B
:105F9000F44406E05068154600F02AFA044600284A
:105FA00066D054F8086FA6425CD040F2947849F26B
:105FB000CB6949F2363A49F2033BC2F20008C0F617
:105FC0000109C0F6010AC0F6010B18E056E9040207
:105FD00056F8183C00284FF0720108BF2D21002A06
:105FE0004FF07702504608BF2D22FFF79BF8D8F8F4
:105FF00000204846032190473668A64232D03079C7
:1060000050B10228E2D00128F1D156F8181C5846A8
:10601000FFF788F8EBE700BF56F8040C56F8102C91
:1060200000284FF0780108BF2D218AB116F8080C1E
:106030007723002856F8180C56F80C5C08BF2D235F
:10604000009049F21030C0F6010072220195CCE7B1
:1060500056F8182C56F80C3C49F22830C0F60100CE
:10606000C3E700BF002003B0BDE8000FF0BD00BFD4
:10607000696849F235200A7849F21923C0F601000F
:10608000C0F60103002A08BF1846FFF74BF840F29C
:106090009470C2F20000026849F2CB60C0F60100C1
:1060A000032190474FF0FF3003B0BDE8000FF0BD73
:1060B000D0B502AF02290BD0012917D140F294705C
:1060C000C2F2000000F57A71C0F8F4140020D0BDCF
:1060D0005068144600F08CF980B140F29471C2F21D
:1060E0000001C1F8F4040020D0BD00BF49F2A72090
:1060F000C0F60100FFF716F80FE000BF616849F233
:1061000035200A7849F21923C0F60100C0F60103D0
:10611000002A08BF1846FFF705F840F29470C2F253
:106120000000026849F2CB60C0F6010003219047ED
:106130004FF0FF30D0BD0000F0B503AF2DE9000BEC
:1061400002291DD1506800F0D7F9002852D004462A
:10615000007F02282CD000284CD1A06800284FD006
:10616000E168FCF74DFA40F29471C2F200010B684D
:10617000A1680246084611469847002508E000BF7E
:1061800049F2A720C0F60100FEF7CCFF4FF0FF3523
:1061900040F29470C2F20000026849F2CB60C0F68F
:1061A0000100032190472846BDE8000BF0BD00BF69
:1061B000A3682BB340F29479C2F2000909F2FD28DA
:1061C0002046414640229847012813DB06464FF0FF
:1061D000FF3500BFD9F80020404631469047402E99
:1061E00014D1A3682046414640229847064601281C
:1061F000F0DAD8E74FF0FF352846BDE8000BF0BDD8
:1062000049F2E520C0F60100BEE700BF00252846A0
:10621000BDE8000BF0BD0000B0B502AF0429144684
:1062200016D002291CD1616849F28700C0F601002E
:10623000FEF778FF40F29470C2F20000026849F263
:10624000CB60C0F60100032190470020B0BD00BF25
:10625000A06849F24531C0F60101FBF725FF98B16E
:1062600049F2A720C0F60100FEF75CFF40F29470EF
:10627000C2F20000026849F2CB60C0F601000321BF
:1062800090474FF0FF30B0BDE06800F035F90028CE
:10629000F7D00546007F022816D00028F1D1A86863
:1062A00000B3287CF0B160682021FCF7A9F9D5E99A
:1062B00002356168421C1846AA4288BF2A46FBF78D
:1062C0003BFC0020B0BD00BFE86858B160682021E9
:1062D000FCF796F9EB686168421C28469847002055
:1062E000B0BD00BF49F2CB20C0F60100BCE780B5CD
:1062F0006F4640F29470C2F200000021C0F8E8142A
:10630000C0F8EC14026880F8F01449F24D30C0F681
:10631000010009219047002080BDB0B502AF82B0D6
:1063200040F29475C2F200050020C5F8E804C5F8F3
:10633000EC042A6885F8F00449F24D30C0F60100FB
:106340000921904749F256342A68C0F601042046D4
:10635000402190472A6804F140004021904749F2CB
:10636000870004F18001C0F60100FEF7DBFE49F270
:10637000CB642A68C0F601042046032190472A68AE
:1063800049F20220C0F60100172190472A682046F2
:1063900003219047D5F8F40405F57A71884212BFBD
:1063A000056849F28615C0F6010549F2621049F206
:1063B000741149F27A1249F27F13C0F60100C0F657
:1063C0000101C0F60102C0F601030095FEF7AAFE26
:1063D00002B0B0BD40F29470C2F2000000F56270ED
:1063E000704740F29470C2F2000000F55A70704796
:1063F000F0B503AF2DE9000F83B00546FCF720F898
:1064000040F29471C2F20001D1F8F48448B12A78C4
:106410002F2A0BD1013801F5527802D00135441CE6
:106420000DD3404603B0BDE8000FF0BD421EAB5C8B
:106430002F2B02BF0020A8541046441CF1D249F271
:10644000170A01F552704FF00009C0F6010A0290D8
:106450004FF0000B0020019404E000BF0BF1010B92
:10646000A345DED015F80B1009B12F29F6D12E184F
:106470005046314605F80B90FBF716FE30B349F253
:106480001800C0F601003146FBF70EFE20B358F8A5
:10649000089F01E0D9F80090C14525D099F8040083
:1064A0000128F7D1A9F1180421683046FBF7FCFD5B
:1064B0000028EFD10BF101002F21A046019C05F827
:1064C0000B1083464FF00009CAE700BF02988045D1
:1064D00014BFD8F8048080460BF101002F2105F885
:1064E0000B108346BCE700BF4FF00008404603B0E6
:1064F000BDE8000FF0BD0000F0B503AF2DE9000FBF
:1065000081B02F218046FCF78DF888B183461BF8B7
:10651000011F00291CBF00210170C34508D040465F
:10652000FFF766FF00285BD006464FF001090DE03B
:1065300040F29470C2F20000D0F8F464C346301AFE
:10654000A0F55A70B0FA80F04FEA501956F8085F7B
:1065500001E000BF2D68B54210D028790128F9D09C
:10656000A5F1180421685846FBF79EFD0028F1D1DB
:10657000204601B0BDE8000FF0BD00BF40F2947AA4
:10658000C2F2000ADAF870630AF55C75701BB0FAA3
:1065900080F0400950EA090015D098F8001049F23F
:1065A0006D2049F25622C0F6010000294146C0F68E
:1065B000010208BF1046FEF7B5FDDAF8002024E01E
:1065C0003668AE42E9D030790128F9D0A6F1180436
:1065D00021685846FBF768FD0028F1D1C8E700BFE5
:1065E00098F8001049F2352049F21922C0F601004E
:1065F00000294146C0F6010208BF1046FEF792FD91
:1066000040F29470C2F20000026849F2CB60C0F61A
:106610000100032190470024204601B0BDE8000F8F
:10662000F0BD0000F0B503AF4DF804BD02290646E9
:106630000ED0012928D140F29470C2F2000000214E
:10664000C0F8F864A0F8FC145DF804BBF0BD00BF0E
:1066500040F29474C2F20004226849F2CB60C0F6A2
:10666000010003219047D4F8F804016849F287003B
:10667000C0F60100FEF756FDD4F8F8040068FBF7F9
:10668000DFFE0138A4F8FC0440F29470C2F200006E
:106690003168D0F8F83400220BE000BF14463346CE
:1066A000A0F8FC24C0F8F864A5B2AA4202F10102E5
:1066B0000DD21C68A55C8C5CA542EFD1002CEDD0FE
:1066C000B0F8FC44A5B2AA4202F10102F1D302687B
:1066D00049F2CB60C0F6010003219047316849F2CE
:1066E0008700C0F601005DF804BBBDE8F040FEF78E
:1066F00019BDD0B502AF044640F29470C2F200005A
:1067000000F55270844208BFD0BD6068002818BFF1
:10671000FFF7EFFF216849F2FF20C0F60100BDE856
:10672000D040FEF7FFBC00004EF60C50BFF34F8F79
:10673000CEF200000168042201F4E061C0F2FA52D6
:1067400011430160BFF34F8F00BFFDE780B56F4677
:1067500003F079FA08F08EFB002080BD80B56F460B
:1067600086B09C460023CDE90133CDE90333059380
:1067700030B16FF00043994238BF0B460390059348
:1067800001A81146624600F003F806B080BD000083
:10679000F0B503AF2DE9000F81B02DED0C8B9EB04D
:1067A000044616A89FEDA08B9FEDA19B9FEDA2AB89
:1067B0009FEDA3BB9FEDA4CB00F1010A13924D1CEA
:1067C00001F1020B05E000BFA268505401350BF146
:1067D000010B15F8010C002800F0B48725280BD018
:1067E000D4E903124B1C9142E360EFD22268002AE5
:1067F000EAD061689047E9E72878002800F0A2878E
:1068000000256FF01F0656FA80F2102A00F27680FB
:106810000121DFE802F00973730B737373737373F1
:10682000730D730F73731100082105E0102103E04D
:10683000042101E0022100BF9BF800000D43A0F1FC
:106840002002102A00F29E800121DFE812F01100E0
:106850009B009B0013009B009B009B009B009B00E8
:106860009B009B0015009B0017009B009B001900DC
:10687000082105E0102103E0042101E0022100BF0E
:106880009BF801000D43A0F12002102A00F278804D
:106890000121DFE802F00975750B75757575757561
:1068A000750D750F75751100082105E0102103E0C5
:1068B000042101E0022100BF9BF802000D43A0F17A
:1068C0002002102A00F2A6800121DFE802F011A3C5
:1068D000A313A3A3A3A3A3A3A315A30FA3A3090077
:1068E0009BF803000D430BF1040B8CE70221F7E743
:1068F0000821F5E71021F3E70421F1E7ABF1010BE3
:10690000A0F13001C9B2092941D9C1B22A2913D154
:10691000139951F8040B00288046139148BFC0F129
:10692000000800281BF8010F48BF45F002050028A9
:1069300040F0BA8000F006BF4FF00008C1B22E2927
:1069400000F0B68000266FF0670151FA80F14FEA3F
:106950007101092900F21A81DFE811F07A008C0038
:1069600094001801180118010A00180118010A0002
:106970001BF8010F002800F0E58645F4007505E1DD
:106980000BF1010BA0F13001C9B20929BDD80BF1FF
:10699000020B4FF0000800BF08EB8801490051FAD4
:1069A00080F11BF8010CA1F13008A0F13002D2B245
:1069B000092A77D808EB880100EB41019BF8000019
:1069C000A1F13008A0F13002D2B2092A6CD808EB4C
:1069D000880100EB41019BF80100A1F13008A0F112
:1069E0003002D2B2092A00F2BF8008EB880100EB26
:1069F00041019BF80200A1F13008A0F13001C9B2B9
:106A00000A290BF1040BC7D3ABF1020BC1B22E293B
:106A10004ED097E70BF1020BA0F13001C9B2092962
:106A2000B5D972E700BF00BFFFFFFFFFFFFFEFFF19
:106A3000FFFFFFFFFFFFEF7F0000000065CDCD41AE
:106A40000000000065CDCDC1000000000000E03F67
:106A5000594611F8010F002800F07486682840F0AC
:106A60008D801BF8020F002800F06C8645F0C005F1
:106A70008CE000BF1BF8010F002800F0638645F48E
:106A8000806583E0594611F8010F002800F05A860E
:106A90006C2877D11BF8020F002800F0538645F4CC
:106AA000C06573E0ABF1010BC1B22E297FF44AAF90
:106AB000594611F8010F002800F04486A0F1300279
:106AC000D2B2092A45F4006540D80BF1020B00262A
:106AD00006EB8601490051FA80F19BF80000A1F114
:106AE0003006A0F13002D2B2092A3FF62CAF06EBF5
:106AF000860100EB41019BF80100A1F13006A0F1F5
:106B00003002D2B2092A00F2D78106EB860100EBEF
:106B100041019BF80200A1F13006A0F13002D2B28F
:106B2000092A00F2CD8106EB860100EB41019BF8BA
:106B30000300A1F13006A0F13001C9B20A290BF11E
:106B4000040BC5D3ABF1010BFDE600BF2A2811D120
:106B50001BF8020F002800F0F585139A52F8041B69
:106B6000139221EAE176EEE60BF1010BC1B22E2978
:106B70009ED0E7E600268B46E5E600BF45F080059F
:106B800002E000BF45F400758B4600BF6FF02401A2
:106B900051FA80F1532900F2EB80DFE811F0DB00BD
:106BA000E900E900E900E900E900E900E900E9009D
:106BB000E900E900E900E900E900E900E900E9008D
:106BC000E900E900E900E900E900E900E900E9007D
:106BD000E900E900E900E900E900E900E900E9006D
:106BE0005D00E900E900E900E900E900E900E900E9
:106BF000E900E900E900E900E900E900E900E9004D
:106C0000E900E9005500E900E900E900E900E900D0
:106C1000E900E900E900E900550055018900E900B3
:106C20005D00E900E9008900E900E900E900E90008
:106C3000E9005500FB00E900E9000F01E9005500FB
:106C4000E900E900550000BF6FF0570151FA80F1EB
:106C5000202935D94AE000BFC0B246281398CDF8A4
:106C600048A000F1070020F0070090ED00DB119034
:106C700059EC1DAB5046494652464B4608BF45F0BD
:106C80002005FCF7D1FA002840F0548553EC182B6E
:106C900050464946FCF7A0FA002800F0F38049F27C
:106CA00037412046C0F60101042200F02FBD00BF8D
:106CB00045F480456FF0570151FA80F1202915D82D
:106CC0001023DFE801F01913131313131313131315
:106CD0001113131313131313131313131317131382
:106CE0001313131313131900022305E025F01005E5
:106CF0000A2301E0082300BFC0B2582808BF45F0AE
:106D00002005280548BF25F00105680412D4680550
:106D100000F11A82A80525F00C0C00F1D580680658
:106D200000F11481139A28061168104648BF89B2F1
:106D30000EE100BF680500F10782A80500F1C880D8
:106D4000680600F10F8113982906006848BF00B259
:106D50000BE100BFD4E90301421C8842E26080F0ED
:106D6000F3812268002A00F04181616825200CE04F
:106D7000D4E903124B1C9142E36080F0E581226864
:106D8000002A00F03B816168C0B290470BF101011D
:106D9000FFF715BD1398324650F8041B139042F2CA
:106DA0000100002945EA000600F0F28002960A265A
:106DB00000922046002210230196E2E0139850F83A
:106DC000049BB9F1000F139000F0EC8099F80000DB
:106DD0004946002800F03A813146CDF848A0002EFF
:106DE00008BF6FF00041CA1EA1F1020AA1F1010C17
:106DF000043910910021119209EB0102CE4692F85C
:106E00000190B9F1000F18BF8C4500F0D98093783C
:106E1000002B18BF8A4500F01581D378F146002B6E
:106E200000F08484119B8B4200F080841279002A48
:106E300001F1040203D0109B8B421146DCD109EB17
:106E4000020100F074BC00BF15F002064AD1B8F18F
:106E5000020FC0F0B780A8F1010506E0A16820226A
:106E60000A5400BF013D00F0AF80D4E90301421C89
:106E70008842E260F6D22268002AEFD061682020C2
:106E80009047EFE753EC192B50464946FCF7C2F9FF
:106E900050B315F0040049F23C41C0F6010149F23B
:106EA00041404FF00402C0F6010008BF014608BF90
:106EB000032200F02ABC00BF0BF1010B43E500BF29
:106EC0000BF1020B3FE500BF139850F8041B40E0A4
:106ED000139951F8040B13910146002848BF414211
:106EE0004AE000BF012571E053EC1A2B5046494699
:106EF000FCF790F9002840F00D8453EC1B2B504612
:106F00004946FCF769F9002840F004842805CDF8CB
:106F10003CA0CDF8309058BF0626122EC0F0188144
:106F2000A6F1120CE646BCF11F0F28BF4FF01F0E52
:106F3000DDF848A0BEF1030F0EF101004FF0300163
:106F40000D9080F00B8100221AE100BF13980178A8
:106F500004301390CDE9006820460022CDF808C027
:106F60000FE000BF139890F900000146002848BFC9
:106F70004142139A04321392C20F2046CDE90068B1
:106F8000029500F017FC0BF10101FFF718BC00BFE0
:106F900049F22D412046C0F6010105220A23009640
:106FA00008E000BF49F226412046C0F60101062252
:106FB0004346009500F05CFD0BF10101FFF7FFBBBC
:106FC000511C40E0022501E008F10105139951F838
:106FD000040B1391D4E903124B1C9142E36013D2CA
:106FE00022687AB16168C0B290470DE0A16825229D
:106FF0000A540BF10101FFF7E2BB00BFA268505435
:10700000A2E000BFA2685054002E00F09D804545CC
:1070100080F09A80A8EB050507E000BFA168202258
:107020000A5400BF013D00F08F80D4E90301421CE7
:107030008842E260F6D22268002AEFD06168202000
:107040009047EFE7911CDDF848A0F146A1EB09015C
:1070500005F40063B142324638BF0A46002B0F9355
:1070600008BF0A4615F00201119119D1424519D203
:10707000A8EB020506E000BFA16820220A5400BF69
:10708000013D13D0D4E90301421C8842E260F7D2EB
:107090002268002AF0D0616820209047F0E700BF06
:1070A000109208E00132109205E000BF99F800004C
:1070B00008F10101109158B30F9909F1010531B19F
:1070C00019E000BFA268505415F8010B00B3D4E9D1
:1070D00003124B1C9142E360F6D22268002AF1D0E1
:1070E0006168C0B29047EFE76168C0B2904715F899
:1070F000010B013E60B15EB1D4E903124B1C914219
:10710000E360F4D22268002AEED1A2685054EEE780
:107110001198C8B11098404516D2A8EB000505E0BB
:10712000A16820220A5400BF013D0DD0D4E903011B
:10713000421C8842E260F7D22268002AF0D06168DF
:1071400020209047F0E700BF0BF10101FFF737BBAC
:107150000120099000200D9029E000BF20F00302DB
:1071600053426FF003020AEB020004329918043113
:107170004FF03001C170017141718171F3D104325E
:107180000D9810F0030309D0012B16A8815405D0E7
:1071900016A80244022B517018BF91706FEA0E00BE
:1071A00006440020BCF11F0F38BF012009900F9842
:1071B0008DED14DB9DF8571081F080018DF857108C
:1071C0000C99DDE9142A002948BF10460F9058BFDA
:1071D0008A465146FCF7F6F881460B91FBF75CFDB9
:1071E00002460F980B465146CDF814A0FBF7CAFB98
:1071F00049F24842C0F6010202EBC60292ED000BD2
:1072000053EC102B08920A93FBF774FD82460E9103
:10721000FCF7D8F810901391FBF73EFD0B460E9942
:1072200002465046FBF7AEFB53EC1CAB5246CDE991
:1072300006100E93FBF7EEFFCDF810A0A0B110984A
:1072400013990130DDF838A041F10001109013913D
:10725000FBF722FD02460B4608980A99FBF7C6FF8A
:10726000D0B90B99109B25E0DDE906100E9B524624
:10727000FBF7A8FFD0B1109B139943EA0100B0FAC5
:1072800080F04009184300F001001B1841F1000193
:1072900013910B990CE000BF0B9919F101094FF004
:1072A000000041F100010023139003E00B99109BB3
:1072B000DDF838A0002E00F0C180E804CDF8289059
:1072C00040F1FA80E80600F1E880581E139870F14A
:1072D0000000C0F2E2800B911399109318460A2225
:1072E00000238A46FCF706F8109B02460A20A2FB00
:1072F00000CE01EB81000EEB400EB3EB0C0C6AEB01
:107300000E0050EA0C0040F0B9804CF6CD49CCF6A6
:10731000CC49A2FB09E04FF0CC3C0E9202FB0C00E2
:1073200049F69812C9F69912089101FB09011EEB62
:10733000020049F69912C1F699125141C20742EA78
:107340005102C90741EA500013920F901846514666
:1073500064220023FBF7CEFF49F6981C0F9AC9F66A
:10736000991CBCEB020249F69913139AC1F69913C2
:1073700073EB02021391C0F08580A0FB09E14FF08E
:10738000CC32089000FB0211139800FB09111EEB90
:107390000C005941C20742EA5102C90741EA5000B4
:1073A0000E9010980F9251464FF47A720023FBF71B
:1073B000A1FF864649F698100E9AC9F69910801AD0
:1073C00049F699130F98C1F6991349F6981CC9F616
:1073D000991C73EB00000F915AD3AEFB09014FF0DB
:1073E000CC320EFB02110F9A10EB0C0002FB0911BC
:1073F0004FEAC072594142EA5102C90741EA5009B5
:1074000010981392514642F210720023CDF838E0E2
:10741000FBF770FF0346B9F19930139849F69912BA
:10742000C1F69912DDF828909041A6F10406FFF408
:1074300054AFDDE90E30013613902DE048460E467C
:10744000FBF72AFC02460B460F980599FBF79AFAC0
:10745000049A5346FBF7C0FEB0FA80F0400900EAF8
:10746000090019EB000909983146DDF834A046F10E
:10747000000110EA151F40F0C280C6E0CDF84CA014
:107480000AE000BF0E9B0898013E139002E000BF87
:10749000089B023EDDF828900B9941F2100028402D
:1074A000B0F5805F08D1581E139870F1000003DA20
:1074B000DDF834A0A9E000BF0998002800F0928010
:1074C0000B910D9A13994FF0010CB1460996A9F151
:1074D00001099246CDF83C9018460A2299460023AD
:1074E000CDF840C01391FBF705FF00EB8002A9EB3C
:1074F000420230320E92139AB9F10A0C62F1000383
:10750000BAF11F0F4FF0000E6FF01202DDF83C9041
:1075100038BF4FF0010EBCEB02024FF0FF3C73EBA3
:107520000C030E9E0AF1010216AB03F80A6006D2A4
:10753000109BBAF11F0F03F1010C0346C7D3109B38
:10754000BAF11E0F55D8B9F1000F52D009999C46D7
:10755000C81EA1F10209A1F1010A0E1F0D99139095
:1075600016A808440D994FF0000E61441F2938BF3A
:107570004FF0010E1E294FF0300200F80C2033D8D6
:10758000E24531D01E294FF0000E00EB0C0238BF4F
:107590004FF0010E1D294FF03003537026D8E145FE
:1075A00024D01D294FF0000E38BF4FF0010E1C29CA
:1075B0004FF0300393701BD8139B634518D03023D2
:1075C0001C294FF0000ED37038BF4FF0010E1B295D
:1075D0000CF1040102D866458C46C3D10D984218BF
:1075E00007E000BF0D9A38E04A1C02E08A1C00E068
:1075F000CA1CDDE90A91BEF1000F92462DD02E2063
:1076000016AA02F80A000AF1010ABAF11F0F23D8DC
:1076100048460A2200230E46FBF76CFE00EB800270
:10762000A9EB4202B9F10A096FF0120366F1000EEC
:10763000B9EB03034FF0FF337EEB030302F1300C91
:107640000AF1010216AB03F80AC006D2BAF11F0F05
:1076500081469246DCD300E0524605F00300012843
:1076600012D1DDF830E0B8F1000F11D0BEF1000FFB
:107670004FF0000048BF012015F00C0118BF012198
:107680000843A8EB000805E0DDF830E006E000BFA5
:107690004FF000081F2A98BF42450BD316A91F2A96
:1076A00033D8BEF1000F2BD468072BD428072CD574
:1076B000202028E0501C1E2A4FF0300116AB9954B0
:1076C00098BF404530D216A84FF0300C911C1044A2
:1076D0001D2A4FF0300380F801C098BF41450CD2FD
:1076E000D11C1C2A837098BF414506D2111D1B2A4C
:1076F000C37002D841450A46DCD30A46CEE700BF34
:107700002D2000E02B20885401322046434600956E
:1077100000F0AEF91198DDF848A0083013900BF195
:107720000101FFF74CB800BF0246B7E7D11CDDF8F6
:1077300048A08BE449F233412046C0F60101032200
:10774000E4E700BF206838B1E0681EB0BDEC0C8BE8
:1077500001B0BDE8000FF0BD20690028F4D0A16899
:107760000029F1D0E268824228BF421E00208854DE
:10777000EAE781B080B56F4687B09446BB6007F1F9
:10778000080200230192CDE90233CDE904330693C8
:1077900030B16FF00043994238BF0B460490069316
:1077A00002A86146FEF7F4FF07B0BDE8804001B0D3
:1077B00070470000F0B503AF2DE9000F89B0D7F88E
:1077C0001080002900F0868008F0200686F061060F
:1077D00006F1F60E4FF0000B0DF1040CB1FBF3F4C3
:1077E000764604FB13150A2D38BF302635449942DE
:1077F0000CF80B50C0F08E80B4FBF3F1764601FB21
:1078000013450A2D38BF30262E440CEB0B059C4245
:107810006E70C0F08780B1FBF3F6744606FB131957
:107820000BF1030AB9F10A0F38BF3024A144994281
:1078300085F80290C0F07E80B6FBF3F1744601FB40
:1078400013690BF1040BB9F10A0F38BF30244C4413
:107850009E42EC7002D3BAF11F0FBFD3D7E9029C4E
:107860005FEA88716DD4BCF1000F43D05FEAC87144
:1078700067D018F00C0118BF01211143BBF11F0F95
:10788000ACEB010C5DD8DC455BD90DF1040E4FF07B
:10789000300A59464E1C1E290EF801A098BF6645B5
:1078A00050D28E1C0EEB01051D2985F801A098BF52
:1078B000664547D2CE1C1C2985F802A098BF6645B4
:1078C00040D20E1D1B2985F803A03BD866453146E2
:1078D000E0D337E05FEA085110D430218DF804106E
:1078E00028F010084FF0010BD7E9029C5FEA88717D
:1078F000B9D526E04FF0000C23E000BF102B08BFE5
:1079000028F010084FF0000BD7E9029C5FEA88715D
:10791000A9D516E00BF1010BD7E9029C5FEA88714B
:10792000A1D50EE00BF1020BD7E9029C5FEA88714A
:1079300007D498E7D346D7E9029C5FEA88717FF5C0
:1079400092AF5E464E4525D21F2E23D80DF1040A74
:10795000302106F1010E1E2E0AF8061098BFCE4502
:1079600019D206F1020E0AEB06051D2E697098BFAA
:10797000CE4510D206F1030E1C2EA97098BFCE453D
:1079800009D206F1040E1B2EE97004D8CE457646C6
:10799000DFD300E0B646DE45464688BF26F0100637
:1079A000082B42F2100118BF46460E4240D0310566
:1079B00015D4BEF1000F12D0CE4518BFE6450ED14A
:1079C000DE4588BFAEF1010EBEF1000F18D0102BBE
:1079D00001D0022B03D1DE4588BFAEF1010E102B82
:1079E00012D116F0200105D1BEF1200F02D278216C
:1079F00010E000BF99B1BEF1200F10D2582109E06C
:107A00004FF0000E102BECD0022B08D1BEF11F0F4F
:107A100005D8622101AB03F80E100EF1010EBEF184
:107A20001F0F0BD801A9302301F80E300EF1010E03
:107A3000BEF11F0F02D82AB12D210AE04FF0200E0F
:107A40000CE000BF710703D4310707D5202100E007
:107A50002B2101AA02F80E100EF1010E01A97246A7
:107A60006346009600F004F809B0BDE8000FF0BDD1
:107A7000F0B503AF2DE9000F81B00546B868D5F821
:107A80000C909B461646800788461AD15E4518D250
:107A9000F04300EB0B044FF0200A48462969421CD2
:107AA0008842EA6004D22A6832B16968202090478F
:107AB0003CB1E868013CF1E7A96801F800A0002C9E
:107AC000F7D1B86800F0020AA6B1A8F1010403E0FA
:107AD000AA685054013E0DD0D5E90312A05D4B1C9D
:107AE0009142EB60F6D22A68002AF1D0696890478B
:107AF000F0E700BFBAF1000F1AD0E868A0EB090167
:107B0000594515D2202406E0A9680C54E868A0EB7A
:107B1000090159450CD22969421C8842EA60F5D214
:107B20002A68002AF0D0696820209047EEE700BF5D
:107B300001B0BDE8000FF0BD80B56F46032000F036
:107B400030F80F2007F02CF900281CBF012080BD61
:107B500001F0AAFB002080BD40F2680040F694418D
:107B6000C2F20000C2F2000140680A6810440860D6
:107B7000704740F69440C2F200000068704747F238
:107B80009050C1F6FF700068704747F29450C1F6FC
:107B9000FF700068704747F29850C1F6FF700068A8
:107BA00070474EF60C51CEF200010A684FF6FF0303
:107BB0001A4060F30A2242F0806040F0FD700860D5
:107BC0007047D0B502AF4EF60C5CCEF2000CDCF87C
:107BD0000030C3F3022E8EF00704042C28BF0424C7
:107BE000BEF103034FF0FF3E0EFA04F438BF00234A
:107BF000A14399400EFA03F39A43114300F00F0298
:107C0000043A624409010C3200F16043B0F1FF3FD5
:107C1000C8BF03F564421170D0BD002848BF70474B
:107C200000F01F01012202FA01F14EF20012400998
:107C3000CEF2000242F820107047002848BF70477B
:107C400000F01F01012202FA01F14EF280124009F8
:107C5000CEF2000242F82010BFF34F8FBFF36F8FB8
:107C600070470000F0B503AF2DE9000F81B040F27E
:107C7000700AC2F2000A90469AF80020012A05D143
:107C80000224204601B0BDE8000FF0BD064642F2D6
:107C90001005012099468B46C4F202058AF80000BF
:107CA000FFF767FF044600BF2868C00308D5FFF749
:107CB00060FF001BB0F57A7FF6D9032476E000BFA1
:107CC00028684CF2FA31084008D0DAF80410012490
:107CD0000143CAF80410286068E000BF2868C007A4
:107CE0001CBF012028600020CAF8040055F8101CB1
:107CF000490506D555F8100C20F4806045F8100CA5
:107D000002208AF81C009EB1701E01284FF0FF343B
:107D10001ED8B6F102095846414618BF4FF0010976
:107D200000F07CF8022E08BF6FF48024264613E092
:107D300068686FF0010640F001006860CBF80080D1
:107D4000BFF36F8FCBF804904FF0000904E000BF41
:107D50004FF001094FF0FF36FFF70BFF044600BF5D
:107D60002868C00308D5FFF704FF001BB0F57A7F31
:107D7000F6D9032412E000BF28684CF2FA3108401B
:107D800006D0DAF8041001240143CAF8041004E014
:107D900028680024C00701D001202860B9F1000F35
:107DA00002D168683040686000F048FA00208AF824
:107DB0000000204601B0BDE8000FF0BDF0B503AFF4
:107DC0004DF804BD42F210060446C4F20206FFF765
:107DD000D0FE05463068C00308D5FFF7CAFE401B39
:107DE000A042F7D903205DF804BBF0BD30684CF227
:107DF000FA31014008D040F27000C2F2000042683F
:107E00000A434260012005E03068C0074FF00000DF
:107E100001D0012131605DF804BBF0BD42F21402D3
:107E2000C4F20202136843F480231360EFF310825C
:107E300072B60B6803604B6843608B688360CB68E5
:107E4000C3600B6903614B6943618B698361CB69D3
:107E5000C3610B6A03624B6A43628B6A8362CB6ABB
:107E6000C3620B6B03634B6B43638B6B8363CB6BA3
:107E7000C3630B6C03644B6C43648B6C8364CB6C8B
:107E8000C3640B6D03654B6D43658B6D8365CB6D73
:107E9000C3650B6E03664B6E43668B6E8366CB6E5B
:107EA000C3660B6F03674B6F43678B6F8367CB6F43
:107EB000C367D1F88030C0F88030D1F88430C0F882
:107EC0008430D1F88830C0F88830D1F88C30C0F8D0
:107ED0008C30D1F89030C0F89030D1F89430C0F8A0
:107EE0009430D1F89830C0F89830D1F89C30C0F870
:107EF0009C30D1F8A030C0F8A030D1F8A430C0F840
:107F0000A430D1F8A830C0F8A830D1F8AC30C0F80F
:107F1000AC30D1F8B030C0F8B030D1F8B430C0F8DF
:107F2000B430D1F8B830C0F8B830D1F8BC30C0F8AF
:107F3000BC30D1F8C030C0F8C030D1F8C430C0F87F
:107F4000C430D1F8C830C0F8C830D1F8CC30C0F84F
:107F5000CC30D1F8D030C0F8D030D1F8D430C0F81F
:107F6000D430D1F8D830C0F8D830D1F8DC30C0F8EF
:107F7000DC30D1F8E030C0F8E030D1F8E430C0F8BF
:107F8000E430D1F8E830C0F8E830D1F8EC30C0F88F
:107F9000EC30D1F8F030C0F8F030D1F8F430C0F85F
:107FA000F430D1F8F830C0F8F830D1F8FC10C0F84F
:107FB000FC1082F31088704742F20800C4F20200FD
:107FC000C168B1F1FF3FC4BF0020704740F22311E8
:107FD000C4F26751016048F6AB11CCF6EF51016075
:107FE000C068C00F704742F21400C4F2020001687A
:107FF00041F0004101600068C043C00F704742F289
:108000000C00C4F20200816849005CBF0020704788
:1080100042F63B21C0F61901016046F67F61C4F6C5
:108020005D4101608068C0F38070704742F21400C7
:10803000C4F20200016841F0804101600068012142
:1080400021EA907070470000B0B502AF42F210050F
:10805000C4F20205686840F000606860FFF789FDBF
:10806000044600BF2868C00308D5FFF782FD001B47
:10807000B0F57A7FF6D90320B0BD00BF28684CF276
:10808000FA3101400AD040F27000C2F200004268AA
:108090000A43426001202960B0BD00BF2868C007C4
:1080A0004FF0000008BFB0BD01212960B0BD000045
:1080B000F0B503AF2DE9000740F27009C2F20009E4
:1080C00099F80020012A03D10220BDE80007F0BD85
:1080D0008246012089F800004FF47A708846FFF745
:1080E0006DFE28B1002189F80010BDE80007F0BD41
:1080F00042F200040020C4F20204C9F8040020681F
:10810000216849053CD4C0F3402089F81C00DAF806
:108110000000012844D04FF0FF30C8F80000DAE931
:1081200002603044864222D2F50000BF606905F447
:10813000FF6120F4FC7008436061606940F0020058
:108140006061606940F4803060614FF47A70FFF7DD
:1081500035FE6169002821F4FD71616164D1DAE9BD
:10816000020101360844864205F10805DED30020ED
:1081700099F81C1001F0FD02012A2BD03AE000BF53
:10818000216810F400704FF0030021F4806108BFF3
:108190000220216089F81C00DAF800000128BAD119
:1081A0009AF80400C00703D0606940F004006061E1
:1081B000606940F4803060614FF47A70FFF7FEFD33
:1081C000616921F00401616199F81C1001F0FD0260
:1081D000012A0FD1226822F400722260226842F440
:1081E00000622260226822F400622260226842F467
:1081F0000072226001F0FE0102290BD1216841F4D6
:1082000080512160216821F480512160216841F46E
:1082100080612160002189F81C10002189F800107C
:10822000BDE80007F0BD00BFC8F8006099F81C1059
:1082300001F0FD02012ACDD0DCE7000040F2700021
:10824000C2F20000027F02F0FD01012942F20001AA
:10825000C4F2020106D002F0FE02022A16D000216A
:10826000017770470B6823F400730B600B6843F4CD
:1082700000630B600B6823F400630B600B6843F42E
:1082800000730B6002F0FE02022AE8D10A6842F491
:1082900080520A600A6822F480520A600A6842F436
:1082A00080620A600021017770470000F0B503AFDB
:1082B0002DE9000F81B040F27009C2F2000999F86F
:1082C0000010012906D10224204601B0BDE8000FAC
:1082D000F0BD00BF82460120002489F80000C9F8E3
:1082E0000440DAF8000042F21408C107C4F20208A0
:1082F00008D181072ED441074BD4010700F1DF805C
:1083000017E100BFDAE9015BDAF80C604FF47A702C
:10831000FFF754FD0446B0B9012D05D045B94BEA2D
:108320000640C8F8180003E04BEA0640C8F81C00F5
:10833000D8F8000040F40030C8F800004FF47A701C
:10834000FFF73CFD0446DAF80000002C18BF0124BA
:108350008107D0D5DAF810504FF47A70FFF72EFD70
:1083600080B9D8F80C0020F0FF002843C8F80C00B2
:10837000D8F8000040F40030C8F800004FF47A70DC
:10838000FFF71CFD002818BF0124DAF800004107A0
:10839000B3D5DAE905654FF47A70FFF70FFD0028D1
:1083A00040F0868006F00200C10266F3082105EA6B
:1083B000C62066F3492105F4E06200F48050F3071B
:1083C00066F38A2118BF104416F0040205F4005326
:1083D00018BF184441EAC22116F4805205F48043C4
:1083E00018BF184441EA820116F0080205F48033F0
:1083F00018BF184341EA423116F0100205F4003369
:1084000018BF184341EA423C05F48022B30648BF36
:10841000104305F40022730648BF104305F4000220
:10842000B30548BF104305F08072730548BF104381
:1084300005F00072330548BF10434FF4402216F494
:10844000005E05F0806318BF184305F0006102EA82
:10845000463216F4804318BF084306F4606142EACE
:108460004E3242EA813141EA433141EA0C0116F4CD
:10847000004205F040521CBF104341F0405105F04E
:10848000804316F4803218BF1843D8F80C3041EA04
:10849000823123EA01010843C8F80C00D8F8000033
:1084A00040F40030C8F800004FF47A70FFF786FC03
:1084B000002818BF0124DAF80000010739D5DAE9ED
:1084C0000856B54235D0DAF81CB04FF47A70FFF791
:1084D00075FC48BB5FEACB7014D0D8F8101043F697
:1084E000FF7205F17840914341EAD000C8F81000CE
:1084F000D8F8140006F178416FF30D0040EAD1007E
:10850000C8F81400D8F814004FEADB7161F3DF708B
:10851000C8F81400D8F8000040F40030C8F8000093
:108520004FF47A70FFF74AFC002818BF0124DAF8EC
:10853000000081061ED5DAE90B654FF47A70FFF76B
:108540003DFC90B9012E06D1D8F85C0020F07F00E8
:108550002843C8F85C00D8F8000040F40030C8F8A0
:1085600000004FF47A70FFF729FC002818BF01249F
:10857000DAF80000C0061AD5DAF828504FF47A70FD
:10858000FFF71CFC80B9D8F85C0020F48030284349
:10859000C8F85C00D8F8000040F40030C8F80000CB
:1085A0004FF47A70FFF70AFC002818BF012400205E
:1085B00089F80000204601B0BDE8000FF0BD0000C2
:1085C000436842F2200C012BC4F2020C08D80722A7
:1085D00002603BB1012B10D10CF1100204E000BF8E
:1085E00006220AE00CF10C02136803F03F038360DB
:1085F0001268C2F30542C2600722DCF80030D9B22B
:108600000B46AA2918BFBB23CC2908BF0B46036120
:10861000DCF80010C36921F0FF01012B816114D146
:10862000DCF804104FF0006361F3D0030362DCF860
:1086300008104FF0006361F3D0034362DCF80810C8
:108640000123083263F31E01C16102F110010160D0
:10865000DCF85010C36A01F48031012B816218BF2D
:10866000704702F130010160DCF8501001F07F0129
:108670000163704742F20000C4F20200016841F455
:1086800080210160704742F20000C4F202000168DC
:1086900021F480210160704747F20000C4F200001D
:1086A0000168032262F3020101604EF61050CEF21F
:1086B0000000016841F00401016030BF7047000014
:1086C000B0F5007F42D0002840F0808047F21400CF
:1086D000C4F2000050F8141CC26E01F4C06122F410
:1086E0008072B1F5806FC2662ED150F8141C012241
:1086F00062F34A2140F8141C40F29001C2F20001DA
:108700000968322251434DF68362C4F21B32A1FB49
:108710000212910C0268520511D54A1C0FD0026852
:1087200052050CD559B10268520508D5012906D069
:108730000268520503D50229A1F10401EAD10068BB
:10874000400544BF032070470020704747F21400E3
:10875000C4F2000050F8141CC26E01F4C06142F46F
:108760008072B1F5806FC266EED150F8141C012200
:1087700062F34A2140F8141C40F29001C2F2000159
:108780000968322251434DF68362C4F21B32A1FBC9
:108790000212910C0268520511D54A1C0FD00268D2
:1087A00052050CD559B10268520508D5012906D0E9
:1087B0000268520503D50229A1F10401EAD100683B
:1087C000400544BF03207047BEE700BF47F21400D6
:1087D000C4F2000050F8141C022262F34A2140F84F
:1087E000141C0020704747F20800C4F20000016822
:1087F00041F4804101607047F0B503AF4DF804BD0E
:1088000041F20005C4F20205FFF7B3F929680446F6
:1088100041F48070286000BF2868400506D4FFF747
:10882000A8F9001B0228F7D916E000BF686840F0DD
:1088300080406860FFF79DF90446012041F28836C8
:10884000A86000BFA86800F00C00042808D0FFF75B
:1088500090F9001BB042F5D903205DF804BBF0BDD0
:1088600040F26800C2F2000040F2900142F2004281
:108870000068C2F20001C0F2F4020A6006F090FA49
:1088800020B101205DF804BBF0BD00BF4FF4807043
:1088900028602860FFF76DF9044600BF2868800152
:1088A00006D5FFF766F9001B0228F7D9D4E700BF09
:1088B0004FF48050E86000204FF0FF31A86129623A
:1088C000D5F8941041F40001C5F894105DF804BB8C
:1088D000F0BD0000F0B503AF2DE9000B82B0002819
:1088E00000F0E2808146007841F20006C007C4F241
:1088F000020621D199F8000080073FD499F80000C2
:10890000000767D499F80000400700F18B8099F8C0
:108910000000800600F1E280D9F81C40002C00F035
:108920005682B06800F00C000C2840F03981012C10
:1089300040F09A8101203EE2B06800F00C01F0683E
:10894000082965D0032281F00C0122EA00000844C6
:10895000B0FA80F040095BD1D9F80400B0F5803F4F
:1089600007D0B0F5A02F40F0ED80306840F48020B3
:108970003060306840F480303060EEE0B068F1681C
:1089800000F00C00042877D001F0030180F00C0007
:1089900081F002010844B0FA80F040096CD1D9F8A6
:1089A0000C103068002900F0E98040F480703060DD
:1089B000FFF7DFF8054600BF3068400500F112817F
:1089C000FFF7D7F8401B0228F6D9032002B0BDE814
:1089D000000BF0BDD9F81410D6F89400002900F06F
:1089E000998040F00100C6F89400FFF7C2F80546F0
:1089F000D6F8940080073FF585AFFFF7BAF8401B23
:108A00000228F5D9032002B0BDE8000BF0BD00BF7D
:108A1000306880037FF56EAFD9F8040000287FF43A
:108A200069AF41E0B06D10F0805808D1B06D40F0F2
:108A30008050B065B06D00F080500190019847F211
:108A40000004C4F200042068C00533D4206840F458
:108A500080702060FFF78DF8054600BF2068C005D4
:108A600028D4FFF786F8401B0228F7D9032002B06C
:108A7000BDE8000BF0BD00BF3068400502D5D9F855
:108A80000C0088B17068D9F8101020F0FE4040EA60
:108A90000160706040F26800C2F20000006806F0F9
:108AA0007FF900283FF42AAF012002B0BDE8000B97
:108AB000F0BD00BFD9F80800012808D0052840F013
:108AC000B180D6F8900040F00400C6F89000D6F8C7
:108AD000900040F00100C6F89000B1E0D9F81810FD
:108AE000D6F89800002900F0878040F00100C6F811
:108AF0009800FFF73EF80546D6F8980080073FF546
:108B00000BAFFFF736F8401B02284FF00300F3D9F4
:108B100051E100BF20F00100C6F89400FFF729F8EA
:108B2000054600BFD6F8940080077FF5EBAEFFF74F
:108B300020F8401B0228F5D9032002B0BDE8000B45
:108B4000F0BD00BF3168002821F480313160316808
:108B500021F48021316000F0C580FFF70AF8054656
:108B6000306880033FF5C6AEFFF703F8401B64286A
:108B7000F6D9032002B0BDE8000BF0BD20F48070F0
:108B80003060FEF7F6FF0546306840057FF5B6AE6B
:108B9000FEF7EFFF401B02284FF00300F4D90AE173
:108BA000306820F080703060FEF7E3FF022C05464D
:108BB0000CD100BF3068800140F1C080FEF7D9FFC2
:108BC000401B02284FF00300F4D9F4E03068800124
:108BD00040F1F680FEF7CDFF401B02284FF0030066
:108BE000F4D9E8E07068D9F8101020F0FE4040EAAF
:108BF0000160706082E600BF20F00100C6F89800B6
:108C0000FEF7B7FF054600BFD6F8980080077FF54E
:108C100083AEFEF7AEFF401B02284FF00300F3D9EE
:108C2000C9E000BFD6F89010002821F00101C6F875
:108C30009010D6F8901021F00401C6F8901061D081
:108C4000FEF797FF054641F2883400BFD6F8900042
:108C5000800769D4FEF78DFF401BA042F6D90320A0
:108C600002B0BDE8000BF0BDF068D9F8201000F0AC
:108C700003028A427FF418AFD9F824206FF00F0363
:108C800000F0F00103EB021291427FF40DAFD9F82E
:108C9000281000F4FE42B2EB012F7FF405AFD9F8A3
:108CA0002C1000F07842B2EBC16F7FF4FDAED9F822
:108CB00030200023CFF6E07303EB025200F4C00132
:108CC0006FF3140291427FF4EFAED9F834104FF0F5
:108CD0007E4202EB016100F0C06001F07E418842FB
:108CE00075D0E1E6FEF745FF054600BF306880031A
:108CF0007FF500AEFEF73DFF401B64284FF00300F8
:108D0000F4D958E0FEF735FF054641F2883400BF3C
:108D1000D6F89000800707D5FEF72BFF401BA04236
:108D20004FF00300F4D946E0B8F1000F7FF4EFAD47
:108D3000B06D20F08050B065E9E500BFF06848F202
:108D40000C01C0F29F1109F1200E00EA010C9EE80F
:108D50000E406FF00F05D9E90C4005EB021200251B
:108D6000CFF6E07541EA0C0105EB045411436FF3B3
:108D700014044FF07E4541EA032105EB00602143D6
:108D800000F07E4041EACE610843F060306840F078
:108D900080703060F06840F08070F060FEF7E9FEAF
:108DA00004463068800112D4FEF7E3FE001B02285F
:108DB0004FF00300F5D902B0BDE8000BF0BD00BFD5
:108DC000F0684FF6FC71CFF6EE610840F0600020CD
:108DD00002B0BDE8000BF0BDF0B503AF2DE9000F08
:108DE00081B0002868D042F20009C4F2020983462B
:108DF000D9F800000D4600F00F0088420CD2D9F8D7
:108E0000000020F00F002843C9F80000D9F8000046
:108E100000F00F00A8424FD1DBF8001041F2080823
:108E2000C807C4F2020803D1880740F1DD80C1E021
:108E3000DBF8040002283BD0032843D158F8082C63
:108E4000920139D5D8F80420D8F8043042F200460F
:108E500002F00302C3F30313C0F2F4060133032A42
:108E600004BF43F20066C0F26E16D8F80420B6FBC9
:108E7000F3F3D8F80460C2F306225A43C6F3416301
:108E8000022606EB4303B2FBF3F24BF20043C0F2BF
:108E9000C4439A4260D9D8F8002012F0F00F50D0A5
:108EA000890759D5DBF80810002955D149E000BFE2
:108EB00058F8081C890309D4012001B0BDE8000F4F
:108EC000F0BD00BF58F8081C4905F5D5D8F80010CA
:108ED00001F00C0104293FD0D8F8001001F00C017A
:108EE000082939D0D8F8001001F00C010C2933D131
:108EF000D8F80410D8F8042042F2004301F003012E
:108F0000C2F30312C0F2F4030132032904BF43F297
:108F10000063C0F26E13D8F80410B3FBF2F2D8F875
:108F20000430C1F306215143C3F34162022303EB32
:108F30004202B1FBF2F14BF20042C0F2C442914254
:108F40000AD9D8F80010082262F307114FF0010A7D
:108F5000C8F8001002E000BF4FF0000AD8F8001077
:108F600021F003010843C8F80000FEF702FE0646A0
:108F700041F28834D8F80000DBF8041000F00C004F
:108F8000B0EB810F0AD0FEF7F4FD801BA042F1D9AF
:108F9000032001B0BDE8000FF0BD00BFDBF80010FA
:108FA000880707D4BAF1000F1ED0D8F8000020F0CF
:108FB000F00017E0480705D5D8F8000040F4E0605D
:108FC000C8F80000080706D5D8F80000072262F3A9
:108FD0000D20C8F80000D8F80000DBF8082020F0C9
:108FE000F0001043C8F80000D9F8000000F00F00AE
:108FF000A8421DD9D9F8000020F00F002843C9F875
:109000000000FEF7B6FD064641F28834D9F80000AC
:1090100000F00F00A84209D0FEF7ABFD801BA04274
:10902000F4D9032001B0BDE8000FF0BDDBF800105B
:10903000480708D5D8F80000DBF80C2020F4E060E1
:109040001043C8F80000080709D5D8F80000DBF87D
:10905000101020F4605040EAC100C8F80000D8F8B1
:10906000000042F20041C0F2F40100F00C000428BC
:1090700008462ED0D8F8000000F00C00082843F273
:109080000060C0F26E1024D0D8F8002002F00C026C
:109090000C2A1DD1D8F80420D8F8043002F00302BD
:1090A000C3F303130133032A08BF0146D8F80400B1
:1090B000B1FBF3F1D8F80420C0F306204843C2F313
:1090C0004161022202EB4101B0FBF1F001E000BF7F
:1090D0000020D8F8001049F2D842C1F30311C0F6BD
:1090E0000102515C40F2900201F01F0120FA01F1EF
:1090F00040F26800C2F200000068C2F20002116093
:1091000001B0BDE8000FBDE8F04005F049BE41F2F6
:109110000C01C4F2020151F8040C42F20042C0F208
:10912000F40200F00C000428104608BF704751F804
:10913000040C00F00C00082843F20060C0F26E102E
:1091400021D051F8043C03F00C030C2B1CBF002071
:109150007047D1F800C00B680CF0030CC3F3031385
:109160000133BCF1030F08BF02460868B2FBF3F2FB
:109170000968C0F306205043C1F34161022202EBAB
:109180004101B0FBF1F0704740F2900041F208015C
:10919000C2F20000C4F202010068096849F2E84224
:1091A000C1F30221C0F60102515C01F01F01C84069
:1091B000704740F2900041F20801C2F20000C4F290
:1091C00002010068096849F2E842C1F3C221C0F611
:1091D0000102515C01F01F01C84070470F2202607C
:1091E00041F20802C4F20202136803F00303436071
:1091F000136803F0F0038360136803F4E063C36053
:1092000012684FF4E06303EAD202026142F2000006
:10921000C4F20200006800F00F00086070474EF6CC
:109220008850CEF20000016841F47001016070477F
:109230000D488546FFF7F3FF0C480D490D4A002302
:1092400002E0D458C4501B1DC4188C42F9D30A4AFA
:109250000A4C002301E01360121DA242FBD3F8F771
:1092600015FCFDF773FAFEE70080002000000020E7
:109270003001002050A1010830010020447400207A
:10928000FEE700004EF60C50BFF34F8FCEF2000009
:109290000168042201F4E061C0F2FA521143016056
:1092A000BFF34F8F00BFFDE780B56F4682B041F23C
:1092B0005800C4F202008168002241F0010181607F
:1092C000816801F0010101910199016841F080512B
:1092D000016000680F2100F08050009000986FF04E
:1092E0000100FEF76EFC052005210022FEF769FC57
:1092F0000520FEF792FC02B0BDE88040FFF773BA8C
:10930000D0B502AF96B00446684604304021F8F765
:1093100063FB206846F20041C4F20001884201D09C
:1093200016B0D0BD4FF4805000904FF000700C90FC
:10933000684601F0CDFE002818BF05F033FA41F26F
:109340004C00C4F20200C16841F00071C160C16804
:1093500001F0007111911199016841F00101016062
:10936000006811A900F00100119011984FF4C0504D
:109370001190022012900020CDE9130009201590D1
:109380004FF0904001F090FD152005210022FEF7DE
:1093900018FC1520FEF741FC162005210022FEF7DF
:1093A00010FC1620FEF739FC16B0D0BDF0B503AFA7
:1093B0002DE9000786B00446006843F60041C4F278
:1093C000000100268842CDE90466CDE902660196D7
:1093D00070D043F20001C4F20101884240F0CD8018
:1093E00041F24C00C4F2020041690DF1040941F45C
:1093F00080514161416940F2300801F4805100918F
:1094000000990168022541F0010101600068002611
:1094100000F0010000900098A0200190012003902E
:109420004FF0050A4FF090404946C4F202080295F9
:109430000496CDF814A001F037FD4020CDE90105D8
:1094400003A880E860044FF09040494601F02CFDED
:1094500041F2D00508F12800C2F200050A214FF0C0
:10946000800985E843002846C5E90369C5E9056622
:10947000C5E9076600F036FF002818BF05F092F92D
:10948000A565AC6241F2301508F13C00C2F200055E
:109490000B21102285E847022846C5E90566C5E983
:1094A000076600F01FFF00284FF0230618BF05F0E5
:1094B00079F958E041F24C00C4F20200C16840F270
:1094C000300841F40041C160C168C4F2020801F4EF
:1094D000004100910099016841F0020101600068BB
:1094E00001A900F0020000900098382001900220AD
:1094F000CDE902060620059040F20040C4F60000C7
:10950000049601F0D1FC41F29015C2F200050E2044
:109510004FF08009C5E900802846C5E90266C5E923
:109520000496C5E906662E6200F0DCFE002818BF2E
:1095300005F038F9A565AC6241F2F01508F11400A8
:10954000C2F200050F211022002385E80F022846F1
:10955000C5E90533C5E9073300F0C4FE4FF0330613
:1095600008B105F01FF93046052100226565AC629F
:10957000FEF727FB3046FEF750FB06B0BDE80007BC
:10958000F0BD000080B56F4682B00068B0F1804F3A
:109590001ED042F60041C4F20101884225D141F2B9
:1095A0005800C4F202008168002241F40061816029
:1095B00080680F2100F40060019001981820FEF7E8
:1095C00000FB182002B0BDE88040FEF726BB00BFBC
:1095D00041F25800C4F20200016841F0010101604B
:1095E000006800F001000090009802B080BD00000B
:1095F00081B0006843F20041C4F20101884201D009
:1096000001B0704741F26000C4F20200016841F409
:1096100000510160006800F400500090009801B013
:109620007047000080B56F4686B000680021B0F139
:10963000804F0591CDE903110291019118D042F6B6
:109640000041C4F2010188422DD141F24C00C4F224
:109650000200016841F001010160006800F00100B2
:10966000009000984FF480700190062010E000BF39
:1096700041F24C00C4F20200016841F001010160B6
:10968000006800F001000090009802200190012085
:10969000022102910021CDE90311059001A94FF0AB
:1096A000904001F001FC06B080BD0000F0B503AFB2
:1096B0002DE9000B98B0044600201790CDE9150065
:1096C000CDE9130002A84421F8F786F9206844F296
:1096D0000041C4F20001884272D043F60001C4F296
:1096E0000101884240F0DA800120029002A801F0D6
:1096F000EFFC002818BF05F055F841F25800C4F2FD
:109700000200816841F24C0841F480418160806828
:10971000C4F2020800F4804001900198D8F80000DB
:10972000002640F00100C8F80000D8F8000013A996
:1097300000F00100019001984FF4C06013900220E6
:109740001490072017904FF09040CDE9156601F076
:10975000ABFB0820C4F2020041F2502500F5806006
:10976000C2F2000518214FF0800985E84300284621
:10977000C5E90369C5E90566C5E9076600F0B2FDFC
:10978000002818BF05F00EF8C4F88050AC6241F212
:10979000B025A8F54360C2F200051921102285E822
:1097A00047022846C5E90566C5E9076600F09AFD47
:1097B00000284FF0250618BF04F0F4FF64E000BF56
:1097C000022502A8029501F083FC002818BF04F0CE
:1097D000E9FF41F25800C4F20200016840F20808B3
:1097E00041F4003101600068002600F4003001906F
:1097F000019841F24C00C4F202000168C4F2020870
:1098000041F001010160006813A900F0010001901E
:1098100001980C20CDE91305072017904FF09040D8
:10982000CDE9156601F040FB41F21035C2F20005AA
:109830001A204FF08009C5E900802846C5E9026674
:10984000C5E90496C5E906662E6200F04BFD0028C6
:1098500018BF04F0A7FFC4F88050AC6241F2703525
:1098600008F11400C2F200051B21102285E847020E
:109870002846C5E90566C5E9076600F033FD4FF0E7
:10988000260608B104F08EFF304605210022E56768
:10989000AC62FEF796F93046FEF7BFF918B0BDE8A6
:1098A000000BF0BD80B56F464EF21004012080F32E
:1098B0001088CEF20004002525606560A560FEF7E3
:1098C0009BFF4FF0FF30C4F87001C4F87002C4F879
:1098D0007401C4F87402C4F87801C4F87802C4F8BA
:1098E0007C01C4F87C02C4F88001C4F88002C4F88A
:1098F0008401C4F88402C4F88801C4F88802C4F85A
:109900008C01C4F88C02002085F31088C1F6FF702A
:10991000016881F308884068804700BFFEE70000C7
:1099200080B56F464EF21004012080F31088CEF20D
:109930000004002525606560A560FEF75DFF4FF01F
:10994000FF30C4F87001C4F87002C4F87401C4F8A0
:109950007402C4F87801C4F87802C4F87C01C4F831
:109960007C02C4F88001C4F88002C4F88401C4F801
:109970008402C4F88801C4F88802C4F88C01C4F8D1
:109980008C02002085F31088C1F6FF70016881F316
:1099900008884068804700BFFEE7000080B56F463A
:1099A0004EF21004012080F31088CEF2000400254E
:1099B00025606560A560FEF71FFF4FF0FF30C4F81B
:1099C0007001C4F87002C4F87401C4F87402C4F8D9
:1099D0007801C4F87802C4F87C01C4F87C02C4F8A9
:1099E0008001C4F88002C4F88401C4F88402C4F879
:1099F0008801C4F88802C4F88C01C4F88C020020E5
:109A000085F31088C1F6FF70016881F3088840680B
:109A1000804700BFFEE7000080B56F464EF210049D
:109A2000012080F31088CEF20004002525606560D7
:109A3000A560FEF7E1FE4FF0FF30C4F87001C4F8F6
:109A40007002C4F87401C4F87402C4F87801C4F850
:109A50007802C4F87C01C4F87C02C4F88001C4F820
:109A60008002C4F88401C4F88402C4F88801C4F8F0
:109A70008802C4F88C01C4F88C02002085F3108899
:109A8000C1F6FF70016881F308884068804700BF15
:109A9000FEE7000080B56F464EF21004012080F30F
:109AA0001088CEF20004002525606560A560FEF7F1
:109AB000A3FE4FF0FF30C4F87001C4F87002C4F880
:109AC0007401C4F87402C4F87801C4F87802C4F8C8
:109AD0007C01C4F87C02C4F88001C4F88002C4F898
:109AE0008401C4F88402C4F88801C4F88802C4F868
:109AF0008C01C4F88C02002085F31088C1F6FF7039
:109B0000016881F308884068804700BFFEE770471E
:109B10007047012001F0D1BA41F21030C2F20000CA
:109B200000F06CBD41F27030C2F2000000F066BD82
:109B300041F29010C2F2000000F060BD41F2F0105E
:109B4000C2F2000000F05ABD41F2D000C2F20000A3
:109B500000F054BD41F23010C2F2000000F04EBDE2
:109B600040F69850C2F2000001F0C8B840F6985094
:109B7000C2F2000001F0C2B8802001F09EBA80B5A8
:109B80006F4640F6C460C2F20000006828B140F69B
:109B9000C460C2F2000002F057FF41F2D030C2F2BE
:109BA00000000068002808BF80BD41F2D030C2F23A
:109BB0000000BDE8804002F047BF40F6FC50C2F212
:109BC000000002F0C9BBD0B502AF40F6A874C2F2E3
:109BD0000004204604F07EFA40F69840C2F20000ED
:109BE00001682046BDE8D0400847D0B502AF41F239
:109BF0003C04C2F20004204604F06CFA40F698409F
:109C0000C2F2000001682046BDE8D04008474FF48A
:109C1000004001F052BA40F66060C2F2000002F06B
:109C20009BBB41F25020C2F2000000F0E7BC41F2C1
:109C3000B020C2F2000000F0E1BC40F69841C2F250
:109C400000010860704780B56F4640F26800C2F2BC
:109C500000000F210160FDF76FFF04F071FD04F0BB
:109C6000FFFF04F098FF04F0A1FD04F0CBFD04F029
:109C70004FFF04F007FF04F081FE04F0EBFD04F059
:109C800017FE04F0BFFE41F2D030C2F2000002F035
:109C900059FD00F0B4F940F65C70C2F20000BDE876
:109CA000804002F0BFBC80B56F460CF057F9002031
:109CB00080BD000080B56F460CF0B2FC60B110F8BA
:109CC000041F42788378C07841EA022143EA0020E9
:109CD00041EA004080BD00BF002080BDF0B503AF69
:109CE0004DF804BD14460E460CF09AFCC0B1014676
:109CF00011F8042F4B788D78C97842EA032245EA9F
:109D0000012142EA0141A1420AD10CF0D6FC0146F0
:109D1000304622465DF804BBBDE8F040F7F70CBFC3
:109D20005DF804BBF0BD0000F0B503AF4DF804BD15
:109D300014460D4606460CF073FC60B110F8041F83
:109D400042788378C07841EA022143EA002041EA60
:109D50000040A0420AD13046294622460CF0AEFA15
:109D60005DF804BBBDE8F0400CF0D6B95DF804BB6B
:109D7000F0BD0CF06ABA80B56F4649F2F041C0F60A
:109D8000010101EBC00251F83000918802F02AFD78
:109D9000002080BDB7EE001AB4EE410AF1EE10FAD1
:109DA000C8BFB0EE410A9FED151AB5EE400AF1EEBC
:109DB00010FA48BFB0EE410A9FED111A49F2F04186
:109DC00020EE010AC0F6010101280DD0002851F84B
:109DD0003000BDEEC00A006810EE101A14BFC16456
:109DE00041630020704700BF51F83000BDEEC00A4B
:109DF000006810EE101A8163002070470000000018
:109E00000000C84280B56F4649F2F041C0F601013A
:109E100001EBC00251F83000918802F0A7FD00204C
:109E200080BD0DF06BBF40F65C70C2F200000068B0
:109E3000406A80B270470000006844F20041C4F2FA
:109E400000010322884201F5744108BF0122401A33
:109E500018BF1046032808BF704740F69C4100EB2E
:109E6000C000C2F2000101EBC000816811B1C068FE
:109E7000084700BF70470000006844F20041C4F288
:109E800000010322884201F5744108BF0122401AF3
:109E900018BF1046032808BF704740F69C4200EBED
:109EA000C000C2F2000252F8301019B102EBC0003B
:109EB0004068084770470000006844F20041C4F25F
:109EC00000010322884201F5744108BF0122401AB3
:109ED00018BF1046032808BF704740F69C4100EBAE
:109EE000C000C2F2000101EBC000816911B1C0697C
:109EF000084700BF70470000006844F20041C4F208
:109F000000010322884201F5744108BF0122401A72
:109F100018BF1046032808BF704740F69C4100EB6D
:109F2000C000C2F2000101EBC000016911B140693B
:109F3000084700BF70470000006844F20041C4F2C7
:109F400000010322884201F5744108BF0122401A32
:109F500018BF1046032808BF704740F69C4100EB2D
:109F6000C000C2F2000101EBC000016A11B1406AF9
:109F7000084700BF70470000006844F20041C4F287
:109F800000010322884201F5744108BF0122401AF2
:109F900018BF1046032808BF704740F69C4100EBED
:109FA000C000C2F2000101EBC000816B11B1C06BB7
:109FB000084700BF704700000068C169C9061DD589
:109FC00044F20041C4F200010322884201F57441C9
:109FD00008BF0122411A18BF11461022032902624C
:109FE00008BF704701EBC10040F69C41C2F200017E
:109FF00001EBC000016C09B1406C0847704780B5A7
:10A000006F4649F6B970C0F60000FFF716FE40F63D
:10A01000A870C2F200000068016841F01001016000
:10A0200041F23C00C2F200000068016841F01001FA
:10A03000016080BD00EBC00C40F69C40C2F2000005
:10A0400000EBCC0000EBC10C40F831200020CCF834
:10A050000430704780B56F4641F23C0CC2F2000CF0
:10A06000012818BF4FF0000C002840F6A870C2F27B
:10A07000000018BF604692B233B10A2303F0E6FB3A
:10A08000002818BF012080BD03F014FE002818BF6F
:10A09000012080BD80B56F4641F23C0CC2F2000C3D
:10A0A000012818BF4FF0000C002840F6A870C2F23B
:10A0B000000018BF604692B233B10A2303F084FD5A
:10A0C000002818BF012080BD03F0E8FE002818BF5B
:10A0D000012080BD41F23C0140F6A872C2F20001AD
:10A0E0000128C2F2000218BF0021002818BF0A464A
:10A0F000D2F88000B2F85C1000684068081A704717
:10A1000080B56F4641F23C02C2F2000200210128F4
:10A1100018BF0A4640F6A871C2F20001002818BF15
:10A120001146084603F04EFF002080BD80B56F4603
:10A1300040F6A872C2F2000243F6000C0029116139
:10A1400018BF0121C4F2010C090300234FF00C0ECB
:10A15000C2E900C01046C2E90213C2E905E3C2E940
:10A160000733C2E9093303F017F9002818BF04F0D8
:10A1700019FB40F6A870C2F20000002104F050FA6A
:10A18000002818BF04F00EFB40F6A870C2F20000D1
:10A19000002104F08DFA002818BF04F003FB40F6FC
:10A1A000A870C2F2000004F020FA002808BF80BDA9
:10A1B000BDE8804004F0F6BA80B56F460A46014615
:10A1C00001200023FFF746FF40F62C50C2F20000AA
:10A1D00040680A210CF0DCFF002080BD40F62C51C5
:10A1E000C2F200010878002804BF002070474878B8
:10A1F00091F802C0431C0844007ADAB262454B7001
:10A2000024BF00220A70704740F62C50C2F20000B2
:10A21000C078704740F62C50C2F2000000787047BA
:10A22000D0B502AF4AF26D22C0F60002012008212B
:10A230000023FFF7FFFE4AF2AB22C0F60002012026
:10A2400001210023FFF7F6FE40F62C54C2F2000471
:10A2500004F10801012064220023FFF71BFF012005
:10A26000002103220CF09CFB6060D0BDD0B502AF92
:10A2700040F62C54C2F20004204610F8031F31B1FE
:10A280000120FFF727FFA070002060702046012109
:10A2900001700120FFF734FF04F10801012064225E
:10A2A0000023BDE8D040FFF7F5BE80B56F4682B011
:10A2B00040F62C50C2F2000000214068019101A933
:10A2C0000CF01AFE019850B14EF60450CEF2000088
:10A2D0004FF080510160BFF34F8FBFF36F8F02B01B
:10A2E00080BD704700284FF0010C00F09680F0B55B
:10A2F00003AF2DE9000F0021C4F2020103684FF6FD
:10A30000F83201F58168CBF6FD72434538BF02F59E
:10A3100080624CF6CD451A44CCF6CC45A2FB052E06
:10A320006FF0070252FA83F2A2FB052901F580655E
:10A330006FF00304D0E9026BD0F810A03CBF0025F9
:10A34000C4F2020504EA9E04C0E91054022580F814
:10A3500025501D6847F6F07225EA0202324342EAB0
:10A360000B02456942EA0A0281692A43C569114321
:10A37000026A294311430022C4F20202196002F565
:10A380000261434538BF02F50061631802F50861B8
:10A39000C164C9F304110CFA01F240F6840CB6F55D
:10A3A000804FC4F2020C8364026505D10021416034
:10A3B0001960CCF800201DE041685FFA81FE013988
:10A3C00003294FF00001C3F800E0CCF8002011D8B9
:10A3D000AEF101020CEB820646F87C1F02F01F0171
:10A3E000012202FA01F30CF1BC023146CCF8C03074
:10A3F00002E000BF0022002300F1540C8CE80E00A4
:10A400004FF0000C0121C0F83CC080F8251080F806
:10A4100024C0BDE8000FBDE8F04060467047000072
:10A42000F0B503AF2DE9000B90F824C0BCF1010F8B
:10A4300045D04FF0010C80F824C090F825C0BCF145
:10A44000010F39D14FF0020C80F825C04FF0000CFD
:10A45000C0F83CC0D0F800C000F14C0E9EE830407F
:10A46000DCF80060BEF1000F26F00106CCF80060B9
:10A4700065601CBFD0E916456560D0E9105601241F
:10A4800006F01F06D0F80890B440D0F830806C6019
:10A49000CCF804300B46B9F1100F04BF13460A463E
:10A4A000CCF80830CCF80C20DCF80010B8F1000F24
:10A4B0000AD041F00E010FE0002180F824100220A4
:10A4C000BDE8000BF0BD00BF21F00401CCF8001086
:10A4D000DCF8001041F00A01CCF80010806C016833
:10A4E000C90303D5016841F480710160BEF1000F1A
:10A4F00005D0DEF8000040F48070CEF80000DCF8F3
:10A50000000040F00100CCF800000020BDE8000B86
:10A51000F0BD000080B56F46014690F82500022886
:10A5200024D10868D1E910CE8A6C036823F00E03A9
:10A530000360136823F480731360026822F0010241
:10A5400002600EF01F00012202FA00F0CCF80400B5
:10A55000D1E913205060486D30B1026822F4807256
:10A560000260D1E916024260002002E00420C863C4
:10A570000120012281F82520002281F8242080BDBD
:10A5800080B56F4690F8251002292DD10168D0E9D9
:10A5900010CE826C0B6823F00E030B600B6823F067
:10A5A00001030B60116821F4807111600EF01F022D
:10A5B000012101FA02F2CCF80420D0E913325A60EA
:10A5C000426D32B1136823F480731360D0E916230F
:10A5D000536080F82510826B002180F824100AB1A6
:10A5E00090470021084680BD0421C163012100225B
:10A5F00080F8251080F82420084680BDB0B502AF51
:10A60000D0E910C30268DCF8001003F01F03042433
:10A61000D2F800E09C400C4218BF1EF0040521D186
:10A6200002249C400C4218BF1EF0020528D1D940DC
:10A63000090723D51EF0080108BFB0BD116821F03D
:10A640000E011160012101FA03F2CCF80420C1636C
:10A6500080F82510416B002280F8242071B1BDE8FC
:10A66000B04008471168890603D4116821F004013D
:10A670001160CCF80440016B0029F0D1B0BD00BFDF
:10A680001168890606D4116821F00A0111600121C0
:10A6900080F82510CCF80440C16A0022002980F817
:10A6A0002420DCD1EAE70000F0B503AF4DF804BD8B
:10A6B000E0B1044690F85C0028B9002084F85D0001
:10A6C0002046FEF71DFE2068816921F0100181619E
:10A6D000FDF74FFA054600BF20688169090709D5D3
:10A6E000FDF747FA401B0B28F6D314E001205DF874
:10A6F00004BBF0BD816941F001018161FDF739FAC8
:10A70000054600BF21688869C0070FD1FDF731FAFF
:10A71000401B0B28F6D3206E032140F00100206679
:10A72000012084F85C105DF804BBF0BD4AF20040E3
:10A730008A69C4F20000A0F5804342F00202994207
:10A740008A6105D162684CF20013CFF6FF73C250E4
:10A75000227C8B69012A23F0400318BF40338B61B0
:10A76000627C8B69012A23F4804308BF03F5804390
:10A770008B61A27C8B69012A23F4805318BF03F5F7
:10A7800080538B618A69D4E902E322F4407545EA7B
:10A790000E058D618D6925F0A4058D610D6925F08B
:10A7A00010050D61A3B1012B0ED0022B09D08D69CC
:10A7B000032B45F080058D610D6945F010050D6195
:10A7C00006D1202301E000BF04238D692B438B6158
:10A7D000D4E90535D4E907266FF0FF0C013D0CEBF9
:10A7E000022242EA4562751E2A430025CFF6FF7514
:10A7F00005EB03431A43BEF5407FCA6110D1D4E98B
:10A8000009E3D4E90B62013B0CEB062633436FF0FE
:10A810000F0606EB02121A4305EB0E431A43CA60F9
:10A8200004F134064CCED1F8C0502E43C1F8C060BC
:10A830002064D1F880604AF2704526F4F816C4F21C
:10A84000000546EA0242C1F880206564D1F8802004
:10A8500022F0706242EA0362C1F8802005F14001F3
:10A86000A16405F58C71E16405F5F871216505F5C4
:10A8700002716165002105F5037200BFC0E9001196
:10A88000C0E90211C0E90411C0E90611C0E90811CC
:10A89000C0E90A11C0E90C11C0E90E11C0E910119C
:10A8A000C0E91211C0E91411C0E91611C0E918116C
:10A8B000C0E91A11C0E91C11C0E91E11C0E920113C
:10A8C000C0E92211C0E92411C0E92611C0E928110C
:10A8D000C0E92A11C0E92C11C0E92E11C0E93011DC
:10A8E000C0E93211C0F8D010904200F1D400C5D3B5
:10A8F00000200121A065206684F85C105DF804BB8F
:10A90000F0BD000080B56F4690F85C20013A012A46
:10A9100014D80A68C2B101F1040ED1E904319EE8ED
:10A920000450406C43EA4E7E41EA8C7100EBC20356
:10A9300040F832E00020596080BD00BF016E41F058
:10A9400002010166012080BDD1E90323D1E901CED6
:10A95000D206496942EA8E7242EA0342006C114310
:10A9600040F82C10002080BD90F85C1001290BD11C
:10A97000022180F85C1001688A6922F001028A6174
:10A980000021016608467047016E41F0040101662E
:10A9900001207047F0B503AF2DE9000790F85C3057
:10A9A000022B57D1D0F800E0DEF8C4309B0259D416
:10A9B000DEF8C450D1E901360C69002B0B6844EA7B
:10A9C00006041ABF234343F0804844EA8348D1E990
:10A9D0000763C5F3014CD1E9059546EA0363CC68EA
:10A9E0002B43456D43EA09030CEBCC0643EA0443D1
:10A9F00005EBC60445F836806360CB6803B349F2C3
:10AA0000005804F1080902F1030A0024C0F6010805
:10AA10000AEB040616F8012C1AF8045016F8033C49
:10AA200016F8026C120442EA056242EA06221A444F
:10AA300049F80420CA68043418F802209442E7D385
:10AA4000012101FA0CF1CEF8CC1081650020BDE89F
:10AA50000007F0BD016E41F0080101660120BDE86C
:10AA60000007F0BD016E41F4007101660120BDE8F0
:10AA70000007F0BDF0B503AF2DE9000790F85C606A
:10AA8000022E1BD1D0F800C040291FD1DCF8906005
:10AA9000360700F0A380DCF89060F60146BFDCF8D2
:10AAA0008060C6F340260026DCF89050C5F30125EF
:10AAB00005EB060C00F148061EE000BF016E41F0F8
:10AAC000080101660120BDE80007F0BDDCF89860D0
:10AAD000360700F08380DCF89860F60146BFDCF8AA
:10AAE0008060C6F300260026DCF89850C5F30125E7
:10AAF00005EB060C00F14C0636680CEBCC0556F85D
:10AB0000354014F08044546056F835E02EF060442F
:10AB100008BFCEF38A44146056F8354006EBC50EE4
:10AB200004F00054946056F8354004F00044146179
:10AB3000BEF80440D461BEF8064014F00F04D4609F
:10AB4000DEF8044004F480145461DEF8044004F498
:10AB5000001494619EF8074004F07F041462DEF84C
:10AB600004404FEAD47454622CD049F200580024B7
:10AB7000C0F601080EEB040A9AF808501D55D56876
:10AB800018F80590651C4D451CD29AF809901D19BE
:10AB900085F80190D66818F80690A61C4E4511D28B
:10ABA0009AF80A60AE70D66818F80690E61C4E4512
:10ABB00008D29AF80B600434EE70D56818F8055086
:10ABC000AC42D7D3006840290CBFC0F894C0C0F88D
:10ABD0009CC00020BDE80007F0BD00BF016E41F43D
:10ABE000807101660120BDE80007F0BDD0B502AF5D
:10ABF00090F85C30013B012B6AD8006811F0070E19
:10AC0000D0F858C00CF0010300D01BB311F0380F7E
:10AC100002D01CF002041DD011F4E07F02D01CF021
:10AC2000040417D011F4F05F02D01CF0080411D016
:10AC300011F4604F02D01CF010040BD011F4403F0F
:10AC400002D01CF0200405D011F47C0F06D01CF0BB
:10AC5000400403D1C46D44F00104C465BEF1000F8B
:10AC600018BF002B3CD111F0380F18BF1CF00203A5
:10AC700036D111F4E07F18BF1CF0040330D111F479
:10AC8000F05F18BF1CF008032AD111F4604F18BF01
:10AC90001CF0100324D111F4403F18BF1CF0200316
:10ACA0001ED111F47C0F18BF1CF0400318D10B0605
:10ACB0001CD4CB0504D5D0F8E0301A43C0F8E0200E
:10ACC00000F154020020136819431160D0BD00BF89
:10ACD00000F1600201200221136819431160D0BD08
:10ACE000C36D43F00203C3650B06E2D5D0F8DC3038
:10ACF0001343C0F8DC30CB05DDD4E1E7F0B503AF9A
:10AD00002DE9000F85B004460068016D426DD0F852
:10AD100050A0456D066DD0F854C0036D01EA0209DC
:10AD20000493436D0393036D0293436D0193D0F835
:10AD30005480D0F850B05FEA4B630DD518F0400155
:10AD40000AD0402101652046CDF80080E04600F0A1
:10AD5000A3F8C446DDF800800AEA050A5FEACB5092
:10AD600009F4E05512D518F480700FD02068C14660
:10AD7000D0F8D810D0F8E020E04611404FF48072AF
:10AD8000026520460AF004FDC446C84606EA0C09DE
:10AD90000AF007062DB1206829460565204600F017
:10ADA0007CF809F038052EB120683146066520464A
:10ADB0000AF076FD2DB1206829460565204600F091
:10ADC0006DF85FEA8B5009D518F4007006D0206842
:10ADD0004FF400710165204600F061F85FEA0B60F6
:10ADE0000DD518F080000AD02068D0F8D410D0F823
:10ADF000DC2011408022026520460AF0A5FC5FEAB3
:10AE00008B4009D518F4005006D020684FF400514B
:10AE10000165204600F044F85FEA0B40DDE90110CF
:10AE200000EA010509D518F4004006D020684FF467
:10AE300000410165204600F034F8DDE903100840C8
:10AE40005FEA4B4105F460210AD518F4804207D02F
:10AE500022684FF480431365226E42F0800222661E
:10AE600000F4710521B120680165204600F01AF850
:10AE700025B120680565206E28432066206E38B114
:10AE8000204605B0BDE8000FBDE8F0400AF0A4BCC4
:10AE900005B0BDE8000FF0BD7047704770477047C0
:10AEA0007047704770470000F0B503AF2DE9000F01
:10AEB00086B00A680290002A00F0F080029841F201
:10AEC000004500F13843C4F600054FEAB3260624D6
:10AED000A84208BF0524052E4FF0000B4FF00106D5
:10AEE0004FF000084FF0000938BF4FEAB324009438
:10AEF00003910CE00A6809F1010932FA06F008F141
:10AF0000020806F101060BF1040B00F0C780A6F160
:10AF1000010C012000FA0CF312EA0300EAD04D689C
:10AF2000049005F00304621E012A21D8CDF804C064
:10AF3000DDF808C00322DCF8080002FA08FECA683F
:10AF400020EA0E0002FA08F21043CCF80800DCF800
:10AF50000400C5F3001298436346DDF804C04FEACD
:10AF6000490A02FA0CF26FEA0E0E104358600BE029
:10AF7000032000FA08F0029B6FEA000E032CC24681
:10AF800002D14146032426E0D868039900EA0E0066
:10AF90008A68022C02FA0AF240EA0200CDF804A004
:10AFA000D86017D16FF0030000EA5C0018440BF082
:10AFB0001C030F22056A02FA03F40A6925EA040455
:10AFC0009A402243029B02624A68019902F00304FC
:10AFD00002E000BF01992A46049D186804FA01F1B5
:10AFE00000EA0E0008431860039912F4403F3FF452
:10AFF00081AF41F26002C4F20202106840F2004EDA
:10B0000040F0010010601068C4F2010E00F0010071
:10B01000059005982CF003004FF6084C7044CFF6CD
:10B02000FF7C50F80C400BF00C020F23934024EAF5
:10B030000303009C04FA02F21A4340F80C20DEF8E5
:10B0400008004C6840EA050240F20C4CE30258BF8D
:10B0500020EA0502CEF80820C4F2010CDCF800005A
:10B06000A30240EA050258BF20EA0502CCF80020FE
:10B07000DEF80400A30340EA050258BF20EA0502F7
:10B08000CEF80420DEF80000E30340EA050258BFD2
:10B0900020EA0502CEF800202CE700BF06B0BDE88C
:10B0A000000FF0BD0069084018BF01207047182349
:10B0B000002A08BF2823C150704740F21441C4F24F
:10B0C00001010A68024214BF086070470AF022BDFD
:10B0D000F0B503AF2DE9000B82B08146807841F2D4
:10B0E00088060007C4F2020602D400202FE000BF49
:10B0F00056F8300C10F080580BD156F8300C40F058
:10B10000805046F8300C56F8300C00F0805001901A
:10B11000019847F20004C4F20004206840F48070F3
:10B120002060FCF726FD05462068C00500F1E6809A
:10B13000FCF71FFD401B0228F6D90320B8F1000FD1
:10B1400005D156F8301C21F0805146F8301CD9F852
:10B150000010CA0712D18A0719D44A0720D40A0757
:10B1600027D48A062ED44A0635D40A063CD4CA050A
:10B1700043D48A054AD44A0551D460E03268D9F8EC
:10B18000043022F003021A4332608A07E5D53268A0
:10B19000D9F8083022F00C021A4332604A07DED593
:10B1A0003268D9F80C3022F030021A4332600A07B4
:10B1B000D7D53268D9F8103022F0C0021A43326075
:10B1C0008A06D0D53268D9F8143022F440621A4386
:10B1D00032604A06C9D53268D9F8183022F4405294
:10B1E0001A4332600A06C2D53268D9F81C3022F4FC
:10B1F00040421A433260CA05BBD53268D9F82030C4
:10B2000022F440321A4332608A05B4D53268D9F844
:10B21000243022F440221A4332604A050FD53268A6
:10B22000D9F8283022F440121A43B3F5801F326057
:10B2300005D156F87C2C42F4801246F87C2C0A0585
:10B240000FD53268D9F82C3022F440021A43B3F5F6
:10B25000800F326005D156F87C2C42F4801246F8FB
:10B260007C2CCA040FD53268D9F8303022F04072F5
:10B270001A43B3F1807F326005D156F87C2C42F43A
:10B28000801246F87C2C8A040FD53268D9F8343005
:10B2900022F040621A43B3F1006F326005D156F8D4
:10B2A0007C2C42F4801246F87C2C4A040FD532687C
:10B2B000D9F8383022F040621A43B3F1006F32609F
:10B2C00005D156F87C2C42F4801246F87C2C0904F7
:10B2D0000FD53168D9F83C2021F040511143B2F12B
:10B2E000805F316005D156F87C1C41F4803146F80E
:10B2F0007C1C02B0BDE8000BF0BD00BFB06810F4CC
:10B30000407011D0D9F8401088420BD0B068B168B5
:10B3100020F4407041F48031B160B16821F4803193
:10B32000B160B060C0070DD1B068D9F8401020F40A
:10B3300040700843B0600020B8F1000F7FF407AF01
:10B34000FFE600BFFCF715FC054641F2883400BF5C
:10B35000B0688007E8D4FCF70CFC401BA042F7D98A
:10B36000EBE60000002804BF01207047B0B502AF33
:10B370000446406A20B10020206104F1140005E079
:10B380006068B0F5827F03D004F11C0000210160E9
:10B390000025A56294F85D0020B9204684F85C5031
:10B3A000FEF704F8022084F85D002068D4F80CE071
:10B3B0000268BEF5E06F22F0400202604EF40062C7
:10B3C00098BF0125B2F5706F1CBF0023A3624FEA3E
:10B3D000053CD4E90135D4E9042103F4827305F472
:10B3E00004452B4402F002021A44A36901F0010152
:10B3F000E569114403F40072114405F03802256A2E
:10B40000114405F08002A56A114405F4005211436D
:10B4100001600421626A0EF4706501EA1341636BF6
:10B4200045EA0C0502F01002294303F0080311431A
:10B4300019434160C16921F40061C161002001210B
:10B44000206684F85D10B0BDF0B503AF2DE9000BA8
:10B4500082B0044690F85C00012805D1022002B0B9
:10B46000BDE8000BF0BD00BF0120994615460E4611
:10B4700084F85C00FCF77DFB94F85D10012975D120
:10B480008046002E4FF0010018BF002D6FD0032022
:10B49000002184F85D002166A663A587E587216405
:10B4A000A4F84410A4F84610A068E164B0F5004F79
:10B4B0002068216507D1016821F040010160016821
:10B4C00041F4804101600168490603D4016841F0FC
:10B4D0004001016061686B1EE268B1FA81F1B3FA64
:10B4E00083F349095B09B2F5E06F41EA030145D9ED
:10B4F00031B136F8021BC160A663E18F0139E187E3
:10B50000E18F002900F07B8019F101011BD000BF01
:10B510008168890706D4FCF72CFBA0EB080048459E
:10B5200008D3B9E0A16B31F8022BC260A163E08FB0
:10B530000138E087E08F002861D0206881688907A2
:10B54000E9D5EFE720688168890703D4FCF711FB90
:10B5500008E000BFA16B31F8022BC260A163E08F4D
:10B560000138E087E08F0028ECD148E0022000217C
:10B5700084F85C1002B0BDE8000BF0BD89B1E18F2A
:10B5800002294FF6FE7103D336F8022BC26004E0A5
:10B59000327801310273A06B461CA663E08F084429
:10B5A000E087E08F58B319F1010058D04FF6FE70D4
:10B5B000451C07E0FCF7DDFAA0EB080048456BD21C
:10B5C000E08FE0B1206881688907F3D5E18F022917
:10B5D00008D3A16B31F8022BC260A1634FF6FE7055
:10B5E00007E000BFA16B09780173A06B0130A06375
:10B5F0002846E18F0844E087E08F0028E2D120460A
:10B600004FF4C0514A46434600F06EFD68B92046EB
:10B610004946424600F030FE38B920464FF4C0613A
:10B620004A46434600F060FD28B1206E40F02000FD
:10B63000206620202066A06838B90020019020688C
:10B64000C1680191806801900198206E10B30120BB
:10B650008DE700BFFCF78DFAE08F0028CFD020687F
:10B6600081688907F6D5E18F012909D9A16B31F8E5
:10B67000022BC260A163E08F0238E087ECE700BFD5
:10B68000A16B09780173A06B0130A063E08F0138D2
:10B69000E087E1E7002000E00320012184F85D104D
:10B6A00065E70000F0B503AF2DE9000782B004465E
:10B6B00090F85D00012813D16068994692460D46C6
:10B6C000B0F5827F01D1A068F0B194F85C00012848
:10B6D00008D10226304602B0BDE80007F0BD00BF29
:10B6E000022609E0012684F85C60FCF742FA002D8E
:10B6F00018BFBAF1000F17D1002084F85C00304663
:10B7000002B0BDE80007F0BD042084F85D002046CB
:10B7100029462A465346CDF8009000F0F1F802B0D1
:10B72000BDE80007F0BD00BF8046042084F85D003E
:10B73000002020662564A4F844A0A4F846A0A063D5
:10B74000A087E087C4E913002068D4E90221436898
:10B75000B1F5E06F23F4805398BF03F58053B2F541
:10B76000004F43604CD1026822F040020260026840
:10B7700022F4804202600268520644D5B4F84620A2
:10B78000B1F5E06F48D8002A00F07C8019F1010182
:10B790001FD000BF8168C90706D1FCF7EAF9A0EB0A
:10B7A000080048450BD3A5E0007B216C0870206C95
:10B7B00001302064B4F846000138A4F84600B4F81B
:10B7C000460000285ED020688168C907E5D0EBE715
:10B7D00020688168C90703D1FCF7CBF90BE000BFF3
:10B7E000007B216C0870206C01302064B4F84600A6
:10B7F0000138A4F84600B4F846000028E8D141E03A
:10B8000002685206BAD4026842F040020260B4F8FC
:10B810004620B1F5E06FB6D9A2B319F101011CD0F1
:10B820008168C90706D1FCF7A4F9A0EB08004845D8
:10B830000AD35FE0C068216C21F8020B2164B4F8E0
:10B8400046000138A4F84600B4F84600D0B120689C
:10B850008168C907E7D0EDE720688168C90703D18F
:10B86000FCF787F90AE000BFC068216C21F8020BE1
:10B870002164B4F846000138A4F84600B4F8460044
:10B880000028E9D16068B0F5827F0BD1A068B0F5DF
:10B89000004F02D0B0F5806F04D12068016821F01C
:10B8A0004001016020464946424600F0E5FC38B1BF
:10B8B000206E40F0200020662020206614E000BFAB
:10B8C0006068B0F5827F0FD1A068B0F5004F02D05C
:10B8D000B0F5806F08D120464FF4C0614A46434618
:10B8E00000F002FC0028E3D1206E08B1012603E736
:10B8F000002600E00326012084F85D00FCE600003D
:10B90000F0B503AF2DE90007044690F85C0001286C
:10B9100004D10220BDE80007F0BD00BF01201D4694
:10B9200016468A4684F85C00FCF723F994F85D100B
:10B93000814601290CD1BAF1000F4FF0010018BF68
:10B94000002E13D1002184F85C10BDE80007F0BD83
:10B950006068B0F5827F40F0B380A06800284FF0A7
:10B96000020008BF0429EDD1E5E700BF002DE9D0B2
:10B9700094F85D0004281CBF052084F85D000020B9
:10B9800020662664A4F84650A4F84450C4F838A0B1
:10B99000E587C4E913002068A587E1684268B1F52E
:10B9A000E06F22F48052134698BF03F58053012DB7
:10B9B00088BF134643600268520603D4026842F00F
:10B9C0004002026062686B1EB2FA82F2B3FA83F33D
:10B9D000D7F8088052095B09B1F5E06F43EA02012C
:10B9E00076D939B13AF8021BC160C4F838A0E08FAB
:10B9F0000138E087012518F1010036D102E000BFCF
:10BA0000FCF7B7F8E08F20B9B4F84600002800F042
:10BA1000D1802068816889070CD5E18F51B1012D53
:10BA200008D1A16B002531F8022BC260A163E18F20
:10BA30000139E1878168C907E2D0B4F846100029CE
:10BA4000DED0C068216C012521F8020B2164B4F816
:10BA500046000138A4F84600D2E700BFFCF789F899
:10BA6000A0EB0900404580F0A380E08F20B9B4F836
:10BA70004600002800F09E802068816889070CD568
:10BA8000E18F51B1012D08D1A16B002531F8022BB6
:10BA9000C260A163E18F0139E1878168C907DDD008
:10BAA000B4F846100029D9D0C068216C012521F8CE
:10BAB000020B2164B4F846000138A4F84600CDE733
:10BAC0000220002184F85C10BDE80007F0BD00BF33
:10BAD000A1B1E18F02294FF6FE7103D33AF8022B90
:10BAE000C26006E09AF8002001310273A06B00F1F9
:10BAF000010AC4F838A0E08F0844E087012608F165
:10BB0000010500BFE08F18B9B4F84600002851D0F5
:10BB10002068816889071AD5E18FC1B1012E16D13D
:10BB2000E18F022908D3A16B31F8022BC260A16317
:10BB3000E18F023909E000BFA16B09780173A16BA5
:10BB400020680131A163E18F01390026E187816816
:10BB5000C90725D0B4F8461011B3B4F8461002292D
:10BB600012D3C168226C22F8021B2264B4F846107A
:10BB70000239A4F84610B4F8461001290FD84168DC
:10BB800041F4805141600AE0007B216C0870206C18
:10BB900001302064B4F846000138A4F846000126BC
:10BBA000FBF7E7FF002DADD0A0EB09004045A9D37E
:10BBB000032029E020464FF4C05142464B4600F096
:10BBC00093FA68B9204641464A4600F055FB38B919
:10BBD00020464FF4C06142464B4600F085FA78B1EA
:10BBE000206E40F020002066202020660120216E7B
:10BBF00051B10120002184F85C10BDE80007F0BDC0
:10BC00000020216E0029F4D1012184F85D1000216B
:10BC100084F85C10BDE80007F0BD806A01684A68DE
:10BC200022F003024A60016E41F010010166012119
:10BC300080F85D1000F02FBCF0B503AF4DF804BDE7
:10BC4000044690F85D00012812D1A56813460A4603
:10BC5000B5B96068B0F5827F12D10426204611463E
:10BC600084F85D605DF804BBBDE8F04000F098B872
:10BC70000220002184F85C105DF804BBF0BD00BF19
:10BC800094F85C00012803D102205DF804BBF0BDEC
:10BC90000120002A84F85C0018BF002BE9D00420A2
:10BCA00084F85D000020264646F8600F2264A4F860
:10BCB0004430A4F84630C4E91300A087E087216827
:10BCC000B5F5004F07D1086820F04000086008680B
:10BCD00020F480400860486820F400504860E36821
:10BCE0004868B3F5E06F05D920F480504860A06D36
:10BCF00022E000BF40F480504860A06D8369B3F536
:10BD0000806F19D14B6823F480534B60B4F84650D0
:10BD10004B68ED0706D123F400534B60B4F846306E
:10BD20005B0807E043F400534B60B4F8463001254C
:10BD300005EB5303A4F846304BF6837C4BF689752C
:10BD40004BF61B43C0F6000CC0F60005C0F600031E
:10BD50004FF0000EC0E90B5CC0E90D3EB4F8463070
:10BD60000C31FEF75DFB18B1012010210FE000BF80
:10BD700026683068400603D4306840F040003060E8
:10BD800056F8040F012140F0200030600020326896
:10BD900011433160002184F85C105DF804BBF0BDF4
:10BDA000F0B503AF2DE9000B044690F85C000128C4
:10BDB00004D10220BDE8000BF0BD00BF012084F8D3
:10BDC0005C0094F85D60012E0CD100294FF0010059
:10BDD00018BF002A12D1002184F85C10BDE8000BC6
:10BDE000F0BD00BF6068B0F5827F2DD1A06800284B
:10BDF0004FF0020008BF042EEDD1E6E7002BEAD099
:10BE000094F85D00A04604281CBF052084F85D005E
:10BE1000002048F8600FA163A387E3872264A4F899
:10BE20004430A4F846302168C4E91300E668486845
:10BE3000B6F5E06F20F4C040486048680CD920F4A3
:10BE40008050486042E000BF0220002184F85C106E
:10BE5000BDE8000BF0BD00BF40F480504860606D4D
:10BE60008069B0F5806F11D14868DB0706D120F4F6
:10BE700080404860E08F400807E000BF40F4804009
:10BE80004860E08F012303EB5000E087A06D8069DC
:10BE9000B0F5806F1AD1486820F480504860B4F83B
:10BEA00046304868DB0707D120F400504860B4F8FA
:10BEB0004600400808E000BF40F400504860B4F875
:10BEC0004600012303EB5000A4F8460094F85D30CF
:10BED0004BF683764CF25305C0F60006C0F600051B
:10BEE000A06D042B08BF35464BF689734CF25906FA
:10BEF000C0F60003C0F6000608BF1E464BF61B4303
:10BF0000C0F600034FF00009C0E90B65C0E90D3928
:10BF1000B4F846300C31FEF783FA78B92268A16B89
:10BF2000606D536843F001035360C0E90B99C0E9A9
:10BF30000D99E38F0C32FEF773FA68B101201021DE
:10BF4000D8F800201143C8F80010002184F85C10D4
:10BF5000BDE8000BF0BD00BFD4F80080D8F80000A9
:10BF6000400605D4D8F8000040F04000C8F80000B2
:10BF700058F8040F022140F02000C8F8000000200B
:10BF8000DEE7806A00F089BAB0B502AF846A054680
:10BF9000FBF7EFFD29680968890655D40546206836
:10BFA000A268014651F8043F23F020030B603AB920
:10BFB0006368B3F5827F03D16FF0030211E000BF25
:10BFC0000B6823F001030B606168B1F5827F0BD130
:10BFD000B2F5004F02D0B2F5806F05D16FF040028C
:10BFE0000146086810400860204664212A4600F097
:10BFF00043F938B1206E40F02000206620202066F2
:10C0000014E000BF6068B0F5827F0FD1A068B0F582
:10C01000004F02D0B0F5806F08D120464FF4C061C8
:10C0200064222B4600F060F80028E3D10020A4F839
:10C030004600012084F85D00206E28B12046BDE84E
:10C04000B04000F028BA00BF2046BDE8B04009F07B
:10C05000DBBE806A00F022BAB0B502AF846A054642
:10C06000FBF787FD29680968890637D405462068EB
:10C07000642241682B4621F02001416020464FF4A4
:10C08000C05100F031F868B9204664212A4600F01A
:10C09000F3F838B920464FF4C06164222B4600F013
:10C0A00023F838B1206E40F020002066206E40F06A
:10C0B000200020662068416821F0030141600020D3
:10C0C000E087A4F84600012084F85D00206E28B1C6
:10C0D0002046BDE8B04000F0DEB900BF2046BDE814
:10C0E000B04000F0D9B90000F0B503AF2DE9000F62
:10C0F00083B000261C4691468B46804607F8216C8B
:10C10000FBF737FD201A00EB0905FBF732FD40F283
:10C110009001C2F20001096823225143090DD8F8A9
:10C12000004069430291A16811EA0B0F35D08246A5
:10C1300019F1010036D0BBF5C06F19D1207B07F88B
:10C14000210C17F8210CFBF714FDA0EB0A00A84204
:10C1500064D2029802990028A1F101010291D8F855
:10C160000010896808BF054611F4C06FE6D113E0DE
:10C17000FBF7FFFCA0EB0A00A8424FD202980299FD
:10C180000028A1F101010291D8F80010896808BFC8
:10C19000054611EA0B0FEBD10026304603B0BDE88F
:10C1A000000FF0BD0026BBF5C06F25D1207B07F83E
:10C1B000210C17F8210CA06810F4C06FECD0207B84
:10C1C00007F8210C17F8210CA06810F4C06FE3D019
:10C1D000207B07F8210C17F8210CA06810F4C06F21
:10C1E000DAD0207B07F8210C17F8210CA06810F496
:10C1F000C06FDBD1D1E700BFA06810EA0B0FCBD036
:10C20000A06810EA0B0FC7D0A06810EA0B0FC3D0CC
:10C21000A06810EA0B0FEFD1BFE700BFD8E900011B
:10C220004268B1F5827F22F0E00242600BD1D8F87B
:10C230000810B1F5004F02D0B1F5806F03D101684D
:10C2400021F040010160D8F82810B1F5005F07D156
:10C25000016821F400510160016841F4005101605E
:10C26000012088F85D00002088F85C000326304635
:10C2700003B0BDE8000FF0BDF0B503AF4DF8048D7D
:10C2800082B0154688460446FBF773FC281A00EB7B
:10C290000806FBF76EFC40F29001C2F2000109684B
:10C2A000C1F3CB317143019121688A68120622D50E
:10C2B000054618F1010014D0FBF75BFC401BB042AF
:10C2C0001ED2019801990028A1F101010191216874
:10C2D000896808BF06460806EED40CE088680006A8
:10C2E00009D58868000606D58868000644BF8868B6
:10C2F0005FEA0060F2D4002002B05DF8048BF0BD6C
:10C30000D4E900014268B1F5827F22F0E002426088
:10C310000AD1A168B1F5004F02D0B1F5806F03D109
:10C32000016821F040010160A16AB1F5005F07D109
:10C33000016821F400510160016841F4005101607D
:10C34000012084F85D00002084F85C00032002B026
:10C350005DF8048BF0BD0000B0B502AF82B00446BA
:10C3600000684168826812F0400305D112F00105AF
:10C3700018BF11F0400513D1950709D511F08005BC
:10C3800006D0216D204602B0BDE8B040084700BF8E
:10C3900012F4B07F18BF11F0200507D102B0B0BD74
:10C3A000E16C204602B0BDE8B0400847BBB194F84C
:10C3B0005D30032B08D100210191C1680191806893
:10C3C0000190019802B0B0BD236E43F004032366D0
:10C3D00000230193C368019383680193019B12F0CA
:10C3E000200302F4807203D18AB9226EDAB9D5E74C
:10C3F000236E43F0010323660023019383680193B6
:10C40000036823F040030360019B002AEDD0226EF5
:10C4100042F0080222660022019282680192019A8B
:10C42000226E002ABAD04268890722F0E0024260F8
:10C430004FF0010284F85D2020D041684CF289451C
:10C4400021F003014160A06DC0F6000538B185639D
:10C45000FEF796F818B1206E40F040002066606D3F
:10C4600000289BD08563FEF78BF800283FF496AF39
:10C47000206E40F04000206602B0B0BD204602B001
:10C48000BDE8B04000F007B8806A0021A0F846106F
:10C49000C18700F000B870477047704770470028A8
:10C4A00004BF01207047D0B502AF044690F83D00AC
:10C4B00028B9002084F83C002046FDF799F80220B6
:10C4C00084F83D002068211D00F01CF8012084F84C
:10C4D000480084F83E0084F83F0084F8400084F867
:10C4E000410084F8420084F8430084F8440084F852
:10C4F000450084F8460084F8470084F83D00002099
:10C50000D0BD000080B56F4640F2FF7C0268C4F2E7
:10C51000000C604522DD40F60003C4F2000398429F
:10C5200025D043F20043C4F2010398421FD042F6E3
:10C530000043C4F20103984219D043F2FF33C4F21E
:10C54000010398421DDC60452ADCB0F1804F3DD0EC
:10C5500040F20043C4F2000336E000BFB0F1804F68
:10C5600005D040F20043C4F200039842E5D14B6885
:10C5700022F070021A4343F2FF33C4F201039842DF
:10C58000E1DD44F2FF33C4F20103984212DC43F2CE
:10C590000043C4F20103984218D044F2000311E0B2
:10C5A00040F60003C4F2000398420FD042F6004365
:10C5B00008E000BF44F60003C4F20103984205D02E
:10C5C00044F20043C4F20103984203D1CB6822F441
:10C5D00040721A434B6922F0800E8A6843EA0E03C8
:10C5E000D1F800C00360C262A0F18042A2F5963289
:10C5F0004FEAB222072AC0F828C007D8012303FA5D
:10C6000002F212F0E50F1CBF0969016301214161CB
:10C610000169C90708BF80BD016921F001010161FD
:10C6200080BD000090F83D1001291CBF012070471B
:10C63000022180F83D10016842F6FF30C4F201008B
:10C6400081420FDCB1F1804F1ED040F20040C4F2B5
:10C650000000814218D040F60000C4F20000814280
:10C6600012D01EE042F60040C4F2010081420BD01D
:10C6700044F20000C4F20100814205D043F20040C0
:10C68000C4F2010081420CD188680722C0F2010285
:10C690000240062A4FF0000008D0B2F5803F08BFE4
:10C6A0007047086840F001000860002070470000F3
:10C6B00090F83D1001291CBF01207047022180F82D
:10C6C0003D10016842F6FF32C868C4F2010291428F
:10C6D00040F00100C8600FDCB1F1804F1ED040F285
:10C6E0000040C4F20000814218D040F60000C4F2BD
:10C6F0000000814212D01EE042F60040C4F2010068
:10C7000081420BD044F20000C4F20100814205D006
:10C7100043F20040C4F2010081420CD18868072234
:10C72000C0F201020240062A4FF0000008D0B2F524
:10C73000803F08BF7047086840F001000860002093
:10C74000704700000146006841F21113C26822F0F0
:10C750000102C260026A1A4204D00122002081F85C
:10C760003D207047026A44F244431A42F5D1026800
:10C7700022F0010202600122002081F83D20704772
:10C78000002804BF01207047D0B502AF044690F8DE
:10C790003D0028B9002084F83C002046FCF7F2FE5A
:10C7A000022084F83D002068211DFFF7ABFE012028
:10C7B00084F8480084F83E0084F83F0084F8400084
:10C7C00084F8410084F8420084F8430084F844006F
:10C7D00084F8450084F8460084F8470084F83D005A
:10C7E0000020D0BD61B10A1F4FEAB202032A11D85E
:10C7F000DFE802F00214181C00F13F0318E000BF4C
:10C8000090F83E20012A1CBF01207047022280F8C8
:10C810003E202CE000F143030AE000BF00F140039A
:10C8200006E000BF00F1410302E000BF00F1420357
:10C830001B78012B1CBF01207047032A08D8DFE8B2
:10C8400002F0030B0F1300BF022280F83F200EE01E
:10C85000022280F843200AE0022280F8402006E00D
:10C86000022280F8412002E0022280F84220026881
:10C8700001F01F010120136A00FA01F18B431362DA
:10C88000136A0B43A2F18041A1F596314FEAB12121
:10C890000629136244D8884010F0650F40D0506CD0
:10C8A00042F6FF31C4F2010140F400408A42506474
:10C8B00010DCB2F1804F1FD040F20040C4F2000003
:10C8C000824219D040F60000C4F20000824213D028
:10C8D0001FE000BF42F60040C4F2010082420BD0CC
:10C8E00044F20000C4F20100824205D043F200404D
:10C8F000C4F2010082420CD190680721C0F201010C
:10C90000014006294FF0000008D0B1F5803F08BF74
:10C910007047106840F0010010600020704700BFB1
:10C9200042F6FF30C4F201008242C2DD43F6FF70DE
:10C93000C4F20100824207DC42F60040C4F201006A
:10C940008242D3D1D8E700BF44F20000C4F2010014
:10C950008242D1D044F60000C4F20100824202BFFC
:10C96000506C40F400405064D3E70000D0B502AFF3
:10C97000026801F01F0E4FF0010C146A0CFA0EF35E
:10C9800024EA03031362A2F18043A3F59633146AE9
:10C990004FEAB323062B146214D80CFA03F313F0F6
:10C9A000650F0FD0136A41F21114234210D1136A9C
:10C9B00044F2444423420BD1536C23F400435364A8
:10C9C00006E000BF44F60003C4F201039A42E9D036
:10C9D000136A41F21114234208D1136A44F2444409
:10C9E000234203D1136823F0010313604FEAB1011E
:10C9F00004290BD8DFE801F00410161C220000BF48
:10CA0000012180F83E100020D0BD00BF012180F838
:10CA100043100020D0BD00BF012180F83F1000204E
:10CA2000D0BD00BF012180F840100020D0BD00BF64
:10CA3000012180F841100020D0BD00BF012180F805
:10CA400042100020D0BD0000F0B503AF4DF8048DBA
:10CA500004460068D0F80C800669B10716D518F0B6
:10CA6000020113D06FF00201016101212177806979
:10CA7000800703D0204600F0D2F805E0204600F001
:10CA8000CFF8204600F0CDF800202077700719D5A8
:10CA900018F0040016D020686FF004010161022133
:10CAA0002177806910F4407F04D0204600F0B7F869
:10CAB00006E000BF204600F0B3F8204600F0B1F8D1
:10CAC00000202077300717D518F0080014D0206810
:10CAD0006FF00801016104212177C069800703D04C
:10CAE000204600F09CF805E0204600F099F820462A
:10CAF00000F097F800202077F00619D518F0100004
:10CB000016D020686FF01001016108212177C069FB
:10CB100010F4407F04D0204600F081F806E000BF0A
:10CB2000204600F07DF8204600F07BF800202077BA
:10CB3000F00718BF18F0010006D020686FF001015F
:10CB40000161204602F021F916F4025F08F0800529
:10CB500018BF002D02D1F00509D410E020686FF451
:10CB600002510161204600F011FCF00507D535B1F6
:10CB700020686FF480710161204600F008FC7006A7
:10CB800009D518F0400006D020686FF0400101611F
:10CB9000204600F047F8B00609D518F0200006D06E
:10CBA00020686FF020010161204600F0EEFBF002EA
:10CBB00009D518F4801006D020686FF48011016147
:10CBC000204600F0E5FBB00209D518F4001006D0AD
:10CBD00020686FF400110161204600F0DAFB70025A
:10CBE00009D518F4800006D020686FF48001016137
:10CBF000204600F0CFFB30020ED518F400000BD019
:10CC000021686FF4000220460A615DF8048BBDE8DC
:10CC1000F04000F0C0BB00BF5DF8048BF0BD704772
:10CC20007047704770470000F0B503AF2DE9000B67
:10CC300090F83C30012B05D102210846BDE8000BDD
:10CC4000F0BD00BF4FEAB202052A00F29581DFE88D
:10CC500012F007005500A900FF005501950100BF23
:10CC600003681D6A1A6AA3F1804622F001021A6263
:10CC70001A46D3F8048052F818CF8C68A6F5963679
:10CC8000D1F800E025F002054FEAB626072E44EA67
:10CC900005090BD80124B44014F0E50F1FBFCC6880
:10CCA00029F00C0524F0040444EA0509072E0BD8EA
:10CCB0000124B44014F0E50F1FBF28F44074D1E9FB
:10CCC0000565344344EA05084FF68C74CFF6FE74CC
:10CCD0000CEA040646EA0E06C3F804809E614E681C
:10CCE00009695E63C3F820909E6946F008069E615C
:10CCF0009E6926F004069E617FE100BF036843F24F
:10CD000000461D6A1A6AC4F2010622F010021A6275
:10CD10001A465C6852F818EFB3428E68D1F800C02A
:10CD200025F0200545EA061805D042F60046C4F273
:10CD30000106B34208D1CE686FF0400528F0C00864
:10CD400005EA061548EA0508A3F18046A6F59636D9
:10CD50004FEAB626072E0CD80125B54015F0E50F91
:10CD60001FBF24F44064D1E9055644EA850444EA2F
:10CD7000860448F6FF45CFF6FF650EEA050646EA4B
:10CD80000C265C609E614E6809699E63C3F8208032
:10CD90009E6946F400669E619E6926F480669E61E7
:10CDA0002AE100BF036843F200461D6A1A6AC4F212
:10CDB000010622F480721A621A46D3F8048052F8EF
:10CDC0001CCFB3428E68D1F800E025F4007545EA27
:10CDD000062905D042F60046C4F20106B34209D145
:10CDE000CE6840F2FF44360229F4406526EA040486
:10CDF00044EA0509A3F18044A4F596344FEAB42629
:10CE0000072E0CD80124B44014F0E50F1FBF28F4FE
:10CE10004054D1E9056544EA061444EA05184FF682
:10CE20008C74CFF6FE740CEA040646EA0E06C3F8CC
:10CE30000480DE614E680969DE63C3F82090DE6914
:10CE400046F00806DE61DE6926F00406DE61D4E005
:10CE5000036843F200461D6A1A6AC4F2010622F40E
:10CE600080521A621A46D3F8048052F81CCFB3429B
:10CE70008E68D1F800E025F4005545EA063905D062
:10CE800042F60046C4F20106B34209D1CE6844F628
:10CE9000FF74360329F4404526EA040444EA0509F0
:10CEA000A3F18044A4F596344FEAB426072E0CD89B
:10CEB0000124B44014F0E50F1FBF28F44044D1E929
:10CEC000056544EA861444EA851848F6FF44CFF61F
:10CED000FF640CEA040646EA0E26C3F80480DE610D
:10CEE0004E6809691E64C3F82090DE6946F4006646
:10CEF000DE61DE6926F48066DE617DE00368D3F8DA
:10CF000020C01A6AA3F1804422F480321A621A46C1
:10CF1000A4F596345D6852F8508FD1F800E0D1F84E
:10CF200008904FEAB424072C0AD8012606FA04F424
:10CF300014F0E50F1EBF4C6925F4803545EA042541
:10CF40004FF68C74CFF6FE74033404EA080444EA06
:10CF50000E045D601C652CF400364D6846EA0946F7
:10CF600009699D641E621E6D46F008061E651E6DF1
:10CF700026F004061E6540E0012142E00368D3F874
:10CF800020C01A6AA3F1804422F480121A621A4661
:10CF9000A4F596345D6852F8508FD1F800E0D1F8CE
:10CFA00008904FEAB424072C0AD8012606FA04F4A4
:10CFB00014F0E50F1EBF4C6925F4802545EA842551
:10CFC00048F6FF44CFF6FF6404F5407404EA080411
:10CFD00044EA0E245D601C652CF400164D6846EA98
:10CFE00009560969DD641E621E6D46F400661E6501
:10CFF0001E6D26F480661E650902136819431160D0
:10D000000021002280F83C200846BDE8000BF0BD5E
:10D0100080B56F4690F83C20012A4FF0020200F0E4
:10D02000A88080F83D20D0F800C08822DCF80830C5
:10D03000CFF6CE721A40CCF808200B686F2B0FDDAC
:10D040001F22C0F21002934236DCB3F5005F45DACE
:10D05000702B00F09180B3F5805F00F08380D5E005
:10D060002F2B35DD4F2B3FDC302B6FD0402B40F08A
:10D07000CD80D1F804E0C968DCF82030DCF820204D
:10D0800022F00102CCF82020DCF8182022F0F00277
:10D0900042EA011123F00A0242EA0E02CCF818100B
:10D0A000CCF82020DCF808104FF68872CFF6CF724B
:10D0B0001140473154E000BF3F21C0F210018B42C4
:10D0C0003ADC2021C0F210018B423FD0302139E000
:10D0D000E3B3102B3AD0202B38D097E060D0B3F1D7
:10D0E000101F33D092E000BF502B6DD0602B40F06A
:10D0F0008D80D1F804E0C968DCF82030DCF820200D
:10D1000022F01002CCF82020DCF8182022F4704223
:10D1100042EA013123F0A00242EA0E12CCF81810C4
:10D12000CCF82020DCF808104FF68872CFF6CF72CA
:10D130001140673114E000BF4021C0F210018B4262
:10D1400004D07021C0F210018B425FD1DCF80810CE
:10D150004FF68872CFF6CF721140194341F00701A4
:10D16000CCF808100022012180F83D10002180F841
:10D170003C10104680BD00BFD1E901E3C968DCF86E
:10D18000082043EA0E0322F47F4243EA01211143BF
:10D19000CCF80810DCF8081041F07701E0E700BF98
:10D1A000D1E901E3C968DCF8082043EA0E0322F460
:10D1B0007F4243EA01211143CCF80810DCF8081043
:10D1C00041F48041CCE700BFD1F804E0C968DCF845
:10D1D0002030DCF8202022F00102CCF82020DCF8FE
:10D1E000182022F0F00242EA011123F00A0242EA7A
:10D1F0000E02CCF81810CCF82020DCF808104FF6FE
:10D200008872CFF6CF7211405731A9E70122AAE701
:10D21000F0B503AF4DF804BD90F83C20012A4FF063
:10D22000020248D080F83D20026843F2004C546866
:10D230009368C4F2010C42F6004E6245C4F2010E3E
:10D2400001D0724503D14D6824F470042C434FF68D
:10D250008F75CFF6FF550E682C4042F6FF35C4F2AD
:10D2600001053443AA42546010DCB2F1804F17D05C
:10D2700040F20046C4F20006B24211D040F6000669
:10D28000C4F20006B2420BD00FE000BF724507D0D7
:10D2900044F20006C4F20106B24201D0624504D154
:10D2A000896823F08003194391600121002280F8EE
:10D2B0003D1080F83C2010465DF804BBF0BDB0B5D1
:10D2C00002AF90F83C20012A04BF0220B0BDD1E992
:10D2D0000232D1E900CE22F47C5223F4705343EAA7
:10D2E000020448F2FF73CEF6F0730EEA0302224303
:10D2F00003F5006404EA0C0442EA040C0C6903F52B
:10D30000C05222404C6942EA0C02224303F56054A9
:10D3100022400C6B03F5F04323401A438B6940F223
:10D32000000CCC69CEF6FF7C0CEA03431443D0F822
:10D3300000C043F20042C4F20102944543EA0403F0
:10D3400005D042F60042C4F20102944516D14FF6D0
:10D35000FF72CDF60F421A40D1E9083ED1E90A41E9
:10D360000025CDF6F04505EA0454224323F0085386
:10D370001A432EF000531A4342EA01030021CCF86D
:10D38000443080F83C100846B0BD70477047704785
:10D390007047704770477047D0B502AFD8B10446A8
:10D3A000D0F8880028B9002084F884002046FCF7D3
:10D3B0007DF92420C4F888002068A16A026822F060
:10D3C0000102026011B1204600F01AF8204600F078
:10D3D0008BF8012802D10120D0BD00BF2168486828
:10D3E00020F490404860886820F02A00886008682F
:10D3F00040F0010220460A60BDE8D04000F0C0B90C
:10D4000080B56F46816A0A070CD4CA0715D18A070E
:10D410001ED44A0727D4CA0630D48A0639D44A060D
:10D4200042D456E00268D0F838C0536823F4004371
:10D4300043EA0C035360CA07E9D00268D0F82CC055
:10D44000536823F4003343EA0C0353608A07E0D5A2
:10D450000268D0F830C0536823F4803343EA0C03E9
:10D4600053604A07D7D50268D0F834C0536823F414
:10D47000802343EA0C035360CA06CED50268D0F875
:10D480003CC0936823F4805343EA0C0393608A06FC
:10D49000C5D50268D0F840C0936823F4005343EA2E
:10D4A0000C0393604A0614D50268D0F844C0536850
:10D4B000BCF5801F23F4801343EA0C03536008D1AA
:10D4C000D2F804C0D0F848E02CF4C00343EA0E03BD
:10D4D0005360090658BF80BD0168C06C4A6822F4D9
:10D4E00000221043486080BDF0B503AF4DF804BD85
:10D4F00004462269D4E9021300680A436169E669B7
:10D500001143026846F6F315CCF6FF7531432A4005
:10D5100011430160416848F2000C21F44051194365
:10D520004160A269C4F2000C60451CBF216A0A4335
:10D5300081684FF2FF43C1F2FF131940114381602C
:10D54000C16AD4F824E021F00F0141EA0E01C16262
:10D5500044F6FF31C4F2000188424FF0100317DD9A
:10D5600044F60041C4F20001884225D060452BD02A
:10D5700043F60001C4F2010188423BD141F2880127
:10D58000C4F202010B6849F22852C0F601022DE0F4
:10D5900044F20041C4F2000188421DD044F600016B
:10D5A000C4F20001884225D141F28801C4F202018F
:10D5B00009680B0916E000BF41F28801C4F20201BC
:10D5C00009688B090EE000BF41F28801C4F2020134
:10D5D00009688B0A06E000BF41F28801C4F202012B
:10D5E00009688B0849F23852C0F6010203F00301C2
:10D5F00052F82130604542F20040C0F2F40015D0EC
:10D60000B6F5004F22D1082B4FF0010100F2AD809A
:10D61000DFE803F0065C6AAB60ABABAB680000BF51
:10D62000FBF7B2FD002840F059809AE0082B4FF03C
:10D63000010100F29A80DFE803F0059825981B9815
:10D6400098982300FBF7A0FDB0B98AE0082B4FF0B3
:10D65000010100F28A80DFE803F005636F886788C4
:10D6600088886D00FBF790FD002860D179E000BF4D
:10D67000FBF74DFD002874D0D4F824E002E000BF91
:10D680004FF4004049F21051C0F6010131F81E106C
:10D690006268B0FBF1F002EB420188424FF00101F9
:10D6A00063D31303984260D8010E000210EB5200BE
:10D6B00041F100010023F5F76DFE4FF60052A0F591
:10D6C0004071C0F20F02914249D34DE0FBF771FD6A
:10D6D00020B946E0FBF71BFD002842D0D4F824E037
:10D6E00002E000BF4FF4004049F21051C0F60101C2
:10D6F00031F81E106268B0FBF1F0510801EB4000F8
:10D70000B0FBF2F04FF6EF72A0F1100191422BD86E
:10D710004FF6F0710140C0F3420008441FE000BF23
:10D72000FBF747FD18B91CE0FBF7F1FCC8B1D4F8D2
:10D7300024E001E04FF4004049F21051C0F601012D
:10D7400031F81E104FF6EF72B0FBF1F0616800EB9C
:10D750005100B0FBF1F0A0F11001914204D8216812
:10D76000C860002101E000BF01214FF0011000223C
:10D77000A06662670846A2675DF804BBF0BD0000C2
:10D78000B0B502AF82B004460020C4F89000FAF7AA
:10D79000F0F9216805460A6812071AD56FF07E4C29
:10D7A00020464FF4001100222B46CDF800C000F0B7
:10D7B00017F968B1206850E8000F216820F0800058
:10D7C00041E80002002AF5D12020C4F8880028E0B2
:10D7D0002168086840072BD56FF07E4C20464FF437
:10D7E000800100222B46CDF800C000F0F9F8F8B116
:10D7F000206850E8000F216820F4907041E8000292
:10D80000002AF5D12068083050E8000F216820F088
:10D810000100083141E80002002AF3D12020C4F8B9
:10D820008C000320002184F8841002B0B0BD00BF3A
:10D830002020C4F88800C4F88C000020E06620672F
:10D84000002184F8841002B0B0BD0000F0B503AF31
:10D850002DE900070446D0F88800202844D10E4660
:10D8600000294FF0010000F095801546002A00F0D5
:10D8700091804FF0000A21209946C4F890A0C4F886
:10D880008800FAF776F9A4F85450A4F85650A16825
:10D890008046B1F5805F05D12069002814BF30466D
:10D8A000B2460646B4F8560010B319F1010021D073
:10D8B000B9F1000F72D121680BE000BF16F8010B1F
:10D8C0008862B4F856000138A4F85600B4F856003F
:10D8D00098B3C869000657D5002EEFD13AF8020B6D
:10D8E00000266FF35F20EBE70220BDE80007F0BDE4
:10D8F000216822E0216802E0C869000609D4C869ED
:10D90000000606D4C86900065CBFC8695FEA00600B
:10D91000F2D51EB116F8010B05E000BF3AF8020B74
:10D9200000266FF35F208862B4F856000138A4F82F
:10D930005600B4F856000028E1D1C869400620D44A
:10D94000B9F1000F20D019F101000FD1C8694006CC
:10D9500017D4C869400614D4C869400611D4C869F0
:10D9600040064FF00000F1D511E000BFFAF701F9D1
:10D97000A0EB0800484509D820680168C069400646
:10D98000F4D5002003E000BFFAF7F3F803202021CC
:10D99000C4F88810BDE80007F0BD00BF216800BFD3
:10D9A000C869000608D4FAF7E4F8A0EB0800484577
:10D9B000ECD821680868F3E716B116F8010B04E00B
:10D9C0003AF8020B00266FF35F208862B4F8560025
:10D9D0000138A4F85600B4F856000028E0D1ACE7AE
:10D9E000F0B503AF2DE9000B804600681546C2690B
:10D9F0000E461140891BB1FA81F14909A94227D18C
:10DA0000D7F80890B9F1000F26D019F1010129D1FA
:10DA1000C1693140891BB1FA81F14909A94217D185
:10DA2000C1693140891BB1FA81F14909A9420FD17D
:10DA3000C1693140891BB1FA81F14909A94207D175
:10DA4000C1693140891BB1FA81F14909A942DFD08E
:10DA50000020BDE8000BF0BDFAF78BF80320BDE80D
:10DA6000000BF0BD1C4607E0C0693040801BB0FAD7
:10DA700080F04009A842EBD1FAF77BF8001B48453B
:10DA8000ECD8D8F8000001684907EDD5402EEBD05E
:10DA9000802EE9D0C16909074CD4C1690905E3D5D5
:10DAA0004FF40061016250E8000FD8F8001020F434
:10DAB000907041E800025AB1D8F8000050E8000F19
:10DAC000D8F8001020F4907041E80002002AF3D149
:10DAD0004FF6FE70CEF6FF70D8F80010083151E80E
:10DAE000001FD8F800200140083242E80013002B44
:10DAF000F2D1D8F86C0001280BD1D8F8000050E81A
:10DB0000000FD8F8001020F0100041E80002002AB1
:10DB1000F3D120200021C8F88C00C8F86C10C8F898
:10DB20007410C8F8900088F884100320BDE8000B3A
:10DB3000F0BD00BF0821016250E8000FD8F80010C6
:10DB400020F4907041E8000262B100BFD8F80000F4
:10DB500050E8000FD8F8001020F4907041E800025F
:10DB6000002AF3D14FF6FE70CEF6FF70D8F8001001
:10DB7000083151E8001FD8F800200140083242E87F
:10DB80000013002BF2D1D8F86C0001280BD1D8F883
:10DB9000000050E8000FD8F8001020F0100041E815
:10DBA0000002002AF3D12020C8F88C0000200821B0
:10DBB000C8F86C00C8F87400C8F8901088F88400A1
:10DBC0000120BDE8000BF0BDF0B503AF2DE9000763
:10DBD00082B00446D0F88C0020282DD10E464FF09C
:10DBE000010051B3154642B3002022219946C4F8E2
:10DBF0009000C4F88C10E066F9F7BBFFA4F85C5005
:10DC0000A4F85E50A1688046E1B1B1F1805F1DD0FB
:10DC1000B1F5805F1ED12069FF250028014618BF9D
:10DC2000314608BF40F2FF15A4F86050002818BF25
:10DC30000026B2460E461EE0022002B0BDE80007F4
:10DC4000F0BD00BF206938B9FF2506E0206918B192
:10DC50003F2502E0002500E07F254FF0000AA4F8F0
:10DC6000605008E028402AF8020B0026B4F85E0055
:10DC70000138A4F85E00B4F85E0088B12046202187
:10DC800000224346CDF80090FFF7AAFE50B9206865
:10DC9000002E406AE6D0284006F8010BE6E700BFF8
:10DCA000002000E003202021C4F88C1002B0BDE861
:10DCB0000007F0BDB0B502AF0446D0F888002028B8
:10DCC0001CBF0220B0BD00294FF0010049D0002A3E
:10DCD000134608BFB0BD002221202165A4F85430AE
:10DCE000A4F85630C4F89020C4F88800E06FE8B17A
:10DCF0004DF6AD55C0F60005456325684DF6655CEB
:10DD00004DF6A75EC0F6000CC0F6000E826305F16A
:10DD10002802C0E90BCEFCF783FB38B11020C4F811
:10DD200090002020C4F888000120B0BD2068402168
:10DD30000162083050E8000F216840F0800008318F
:10DD400041E8000262B100BF2068083050E8000FCF
:10DD5000216840F08000083141E80002002AF3D138
:10DD60000020B0BD0168806A0968890648BFFCF7D9
:10DD700063B80021A0F856100168083151E8001F6F
:10DD8000026821F08001083242E80013002BF3D131
:10DD9000016851E8001F026841F0400142E80013A9
:10DDA000002BF5D17047806AFCF766B8806A02687C
:10DDB000D0F88830D0F88CC09168090626D5212B80
:10DDC00024D10021A0F8561052E8001F026821F06B
:10DDD000C00142E800134BB1016851E8001F02681E
:10DDE00021F0C00142E80013002BF5D10168083191
:10DDF00051E8001F026821F40001083242E80013D4
:10DE0000002BF3D12021C0F88810026891684906E0
:10DE10003CD5BCF1220F39D10021A0F85E1052E8A8
:10DE2000001F026821F4907142E8001353B100BF53
:10DE3000016851E8001F026821F4907142E8001364
:10DE4000002BF5D14FF6FE7CCEF6FF7C026808323F
:10DE500052E8002F036802EA0C02083343E800216D
:10DE60000029F3D1C16E01290AD100BF016851E830
:10DE7000001F026821F0100142E80013002BF5D1C9
:10DE80002021C0F88C100021C1664167D0F89010A5
:10DE900041F01001C0F89010FCF74EB880B56F4605
:10DEA000D0F88C30202B07D100294FF0010318BF88
:10DEB000002A05D1184680BD0223184680BD00BF48
:10DEC0000023C366D0F800C048F20003C4F2000388
:10DED0009C4503D0DCF804301B0203D4BDE880402D
:10DEE00000F01AB85CE800CFD0F800E04CF0806396
:10DEF0004EE8003CBCF1000FF0D000BF036853E8CF
:10DF000000CFD0F800E04CF080634EE8003CBCF15C
:10DF1000000FF3D1E2E70000B0B502AF13460A46A6
:10DF2000816500210446A0F85C30C0F890102220E2
:10DF3000C4F88C00D4F88000F0B14DF6AD55C0F6B1
:10DF40000005456325684EF2415C4EF2CB5EC0F69B
:10DF5000000CC0F6000E816305F12401C0E90BCE70
:10DF6000FCF75EFA40B11020C4F890002020C4F8FD
:10DF70008C000120B0BD00BF206948B1206850E886
:10DF8000000F216840F4807041E80002002AF5D1BA
:10DF90002068083050E8000F216840F00100083187
:10DFA00041E80002002AF3D12068083050E8000F51
:10DFB000216840F04000083141E80002002AF3D116
:10DFC0000020B0BDD0B502AF044600BF206850E8C5
:10DFD000000F216820F4907041E80002002AF5D17A
:10DFE0004FF6FE70CEF6FF702168083151E8001F31
:10DFF00022680140083242E80013002BF4D1E06EA1
:10E00000012809D1206850E8000F216820F0100095
:10E0100041E80002002AF5D12068816849060BD446
:10E0200000210F22A4F85E10A16502622020C4F82E
:10E030008C00E16637E000BF083050E8000F21682F
:10E0400020F04000083141E800025AB12068083051
:10E0500050E8000F216820F04000083141E800023C
:10E06000002AF3D1D4F8800070B14EF2B101C0F6AD
:10E0700000018163FCF784FAC0B1D4F88000816BA1
:10E0800088470020D0BD00BF0020A4F85E002168B2
:10E090000F22A0650A628A6942F008028A61202183
:10E0A000C4F88C10E0662046FBF766FF0020D0BD68
:10E0B000806A0021A0F85E1002680F231362936942
:10E0C00043F0080393612022C0F88C20C166FBF75F
:10E0D00053BF0000F0B503AF4DF804BD016840F632
:10E0E0002F03CA69044608688E681340202B0FD19D
:10E0F00000F0200306F080555B191AD0616F0029EB
:10E1000070D020465DF804BBBDE8F040084700BF72
:10E1100040F60F031A420CD00123C1F2000306EAB5
:10E12000030C40F22013C0F20043034013EB0C0336
:10E130005CD1E36E012B05D112F0100318BF10F073
:10E1400010033DD1D3020DD516F480030AD04FF44D
:10E15000801220460A625DF804BBBDE8F04000F082
:10E1600041BA00BF130606D500F0800306F400068E
:10E170009B1940F01781530640F1A28010F0400334
:10E1800000F09E8051E8000F216820F0400041E837
:10E1900000024AB1206850E8000F216820F04000DA
:10E1A00041E80002002AF5D120200021C4F88800AF
:10E1B0002046A1675DF804BBBDE8F040FBF73CBE1C
:10E1C00010200862886840061CD4B4F85C00B4F8DB
:10E1D0005E20B4F85E30002B1CBF801A5FEA00425C
:10E1E00040F060815DF804BBF0BD00BFD30718BFED
:10E1F00010F4807340F07280930706F0010E00F176
:10E20000798082E0D4F880000068426893B2002BE5
:10E21000E8D0B4F85C60B342E4D2A4F85E200068B1
:10E2200080063DD451E8000F216820F4807041E859
:10E2300000024AB1206850E8000F216820F4807085
:10E2400041E80002002AF5D12068083050E8000FAC
:10E25000216820F00100083141E80002002AF3D1D2
:10E260002068083050E8000F216820F04000083195
:10E2700041E80002002AF3D12020C4F88C000020DD
:10E28000E06600BF206850E8000F216820F0100011
:10E2900041E80002002AF5D1D4F88000FCF73AF9F1
:10E2A00002202067B4F85C00B4F85E10401A81B216
:10E2B00020465DF804BBBDE8F04000F03FB900BF68
:10E2C000110240F1D98010F0804100F0D580204645
:10E2D0005DF804BBBDE8F04000F086B901230B6295
:10E2E000D4F8903043F00103C4F89030930706F05F
:10E2F000010E0AD5BEF1000F07D002230B62D4F83D
:10E30000903043F00403C4F8903053070AD5BEF1AF
:10E31000000F07D004230B62D4F8903043F00203BF
:10E32000C4F8903013070CD500F0200353EA0C0317
:10E3300007D008230B62D4F8903043F00803C4F8E8
:10E34000903013050BD510F0806308D04FF40063B4
:10E350000B62D4F8903043F02003C4F89030D4F826
:10E360009030002B3FF43EAF12F020021EBF00F0B1
:10E37000200006F0805210EB020040F0CF80D4F86D
:10E3800090008A6800F0280002F0400280180FD147
:10E390002046FBF7D1FD0020C4F890005DF804BBD7
:10E3A000F0BD00BFA16F00297FF4ABAE1AE700BF3C
:10E3B00051E8000F216820F4907041E800024AB152
:10E3C000206850E8000F216820F4907041E80002B6
:10E3D000002AF5D14FF6FE70CEF6FF7021680831A5
:10E3E00051E8001F22680140083242E80013002B68
:10E3F000F4D1E06E012809D1206850E8000F2168AF
:10E4000020F0100041E80002002AF5D12020002170
:10E41000C4F88C00E166206861678168490639D5D7
:10E42000083050E8000F216820F04000083141E832
:10E4300000025AB12068083050E8000F216820F02F
:10E440004000083141E80002002AF3D1D4F88000EE
:10E4500000B34EF22D51C0F600018163FCF790F835
:10E4600000283FF4BFAED4F88000816B5DF804BB98
:10E47000BDE8F040084700BFD1017FF5B3AEB0F171
:10E48000FF3F3FF7AFAE20465DF804BBBDE8F0406C
:10E4900000F0A9B820465DF804BBBDE8F040FBF7EA
:10E4A0004BBD00BF51E8001F226821F4907142E883
:10E4B00000134BB1216851E8001F226821F49071CC
:10E4C00042E80013002BF5D14FF6FE71CEF6FF7136
:10E4D0002268083252E8002F23680A40083343E8D4
:10E4E0000026002EF4D12021C4F88C100021E16612
:10E4F000616700BF216851E8001F226821F0100108
:10E5000042E80013002BF5D1022281B22046226797
:10E510005DF804BBBDE8F04000F010B8626F002A5F
:10E520003FF42DAF20469047216828E7806A0021FC
:10E53000A0F85E10A0F85610FBF7FEBC7047000074
:10E540000168806A0968890634D40021A0F85E1049
:10E55000016851E8001F026821F4807142E800134D
:10E56000002BF5D10168083151E8001F026821F045
:10E570000101083242E80013002BF3D10168083191
:10E5800051E8001F026821F04001083242E8001300
:10E59000002BF3D12021C0F88C10C16E012909D1C4
:10E5A000016851E8001F026821F0100142E80013E1
:10E5B000002BF5D100210167C16E012918BFFBF7BF
:10E5C0007BBCB0F85C10FFF7B9BF806A012101671E
:10E5D000C16E012918BFFBF78FBCB0F85C10490869
:10E5E000FFF7ACBF70477047704790F8841001295F
:10E5F00004BF022070472421C0F888100268116807
:10E60000136823F00103136021F0005300214166D9
:10E6100013602022C0F8882080F8841008467047D4
:10E62000B0B502AF90F88420012A04BF0220B0BD2B
:10E630002422C0F888200268D0F864E0D2F800C034
:10E640001368BEF1000F23F001031360936823F0F9
:10E65000604341EA030191601AD09368916849F2DE
:10E66000485E490FC0F6010E49F250551EF80140B0
:10E67000C0F60105695CC3F34263E400B4FBF1F149
:10E680001EF80340EB5CE500B5FBF3F302E000BFCE
:10E6900001210123A0F86A102021A0F86830C2F8F7
:10E6A00000C0C0F88810002180F884100846B0BD72
:10E6B000B0B502AF90F88420012A04BF0220B0BD9B
:10E6C0002422C0F888200268D0F864E0D2F800C0A4
:10E6D0001368BEF1000F23F001031360936823F069
:10E6E000606341EA030191601AD09368916849F22E
:10E6F000485E490FC0F6010E49F250551EF8014020
:10E70000C0F60105695CC3F34263E400B4FBF1F1B8
:10E710001EF80340EB5CE500B5FBF3F302E000BF3D
:10E7200001210123A0F86A102021A0F86830C2F866
:10E7300000C0C0F88810002180F884100846B0BDE1
:10E74000B0B502AF94B0002400200C94CDE90A4487
:10E75000CDE90844F9F7B4FF012006904FF4A0205A
:10E760000790022028210D900325CDE91010CDE956
:10E77000120006A8CDE90E55FAF7ACF810B172B642
:10E78000FEE700BF0F20CDE9010501A80421CDE976
:10E7900003440594FAF720FB10B172B6FEE700BF00
:10E7A00014B0B0BD72B600BFFEE7000080B56F4682
:10E7B00040F6985046F20041C2F20000C4F2000157
:10E7C0004FF44073002280E80E004FF00A0C04233F
:10E7D0004FF00D0E0221C0E905C300F1240CC26008
:10E7E00002828274C0E907E18CE80A40C0E90C119A
:10E7F000C0E90E12FBF758FF002808BF80BD72B6B3
:10E80000FEE70000D0B502AF40F6FC5043F2000135
:10E81000C2F20000C4F201014FF4827200234FF4EF
:10E82000E06C4FF4007E182480E80E1007210822C7
:10E83000C0E90433C0E906E4C0E90833C0E90A319D
:10E84000C0E90C32FCF78EFD002808BFD0BD72B6BF
:10E85000FEE70000F0B503AF4DF804BD40F6606080
:10E8600043F60041C2F20000C4F200014FF482728C
:10E8700000234FF4E06C4FF0020E012480E80E50AC
:10E8800000F114014FF40075182670C10721C0E98A
:10E890000833C0E90A31C0E90C33FCF763FD18B155
:10E8A00072B600BFFEE700BF5DF804BBF0BD00001C
:10E8B000D0B502AF98B001A83421F3F78DF840F637
:10E8C000C46042F60041C2F20000C4F2010100241B
:10E8D0006322C0E90014C0E90242C0E90444846133
:10E8E000FDF74EFF10B172B6FEE700BF40F6C46000
:10E8F000C2F2000015A9CDE915441794FEF788FC73
:10E9000010B172B6FEE700BF60200E9040F6C46002
:10E910000024C2F200000EA90022CDE90F44CDE987
:10E920001144CDE91344FEF77FF918B172B600BF68
:10E93000FEE700BF4FF40050CDE906044FF0007031
:10E94000CDE90A0440F6C460C2F2000001A9CDE995
:10E950000144CDE903440594CDE90844CDE90C44D4
:10E96000FEF7ADFC10B172B6FEE700BF40F6C46022
:10E97000C2F20000FAF756FE18B0D0BDD0B502AF13
:10E980008AB040F610700024C2F200004FF08041BF
:10E9900063220894CDE90544CDE90344C0E900149D
:10E9A000C0E9024204618461FDF7EAFE10B172B66B
:10E9B000FEE700BF40F61070C2F2000007A90794FE
:10E9C0000994FEF725FC18B172B600BFFEE700BF40
:10E9D000602000900020CDE90100049040F6107006
:10E9E000C2F2000069460422FEF71EF910B172B6A9
:10E9F000FEE700BF40F61070C2F20000FAF712FE08
:10EA00000AB0D0BD80B56F4688B040F65C7043F266
:10EA100000420021C2F20000C4F201029F234FF61F
:10EA2000FF7C0791CDE90511C0E90023C0E9021C74
:10EA3000C0E904118161FDF732FD18B172B600BF63
:10EA4000FEE700BF4FF48050049040F65C70C2F2C5
:10EA5000000004A9FEF7DCFA10B172B6FEE700BFB1
:10EA60000020CDE90100039040F65C70C2F2000086
:10EA700001A9FEF7CDFB18B172B600BFFEE700BFDB
:10EA800008B080BD80B56F4640F6A87043F600011F
:10EA9000C2F20000C4F2010144F2402200234FF010
:10EAA0000C0CC0F20F0280E80E00C0E90333C0E98D
:10EAB00005C3C0E90733C0E90933FEF76DFC18B19F
:10EAC00072B600BFFEE700BF40F6A870C2F20000B9
:10EAD0000021FFF7A5FD18B172B600BFFEE700BF29
:10EAE00040F6A870C2F200000021FFF7E1FD18B166
:10EAF00072B600BFFEE700BF40F6A870C2F2000089
:10EB0000FFF773FD002808BF80BD72B6FEE7000066
:10EB100080B56F4641F23C0044F20041C2F2000071
:10EB2000C4F2000100234FF00C0C4FF4E12280E806
:10EB30000E00C0E90333C0E905C3C0E90733C0E9EB
:10EB40000933FEF729FC18B172B600BFFEE700BF1B
:10EB500041F23C00C2F200000021FFF761FD18B154
:10EB600072B600BFFEE700BF41F23C00C2F20000F7
:10EB70000021FFF79DFD18B172B600BFFEE700BF90
:10EB800041F23C00C2F20000FFF72FFD002808BF51
:10EB900080BD72B6FEE780B56F4684B041F2480092
:10EBA000C4F202000168002241F004010160016822
:10EBB00001F0040103910399016841F00101016032
:10EBC000016801F0010102910299016841F002011E
:10EBD00001600068052100F00200019001980B20FF
:10EBE000F8F7EFFF0B20F9F718F80C2005210022A9
:10EBF000F8F7E7FF0C20F9F710F80D2005210022A7
:10EC0000F8F7DFFF0D20F9F708F80E2005210022A4
:10EC1000F8F7D7FF0E20F9F700F80F2005210022A2
:10EC2000F8F7CFFF0F20F8F7F8FF1020052100229A
:10EC3000F8F7C7FF1020F8F7F0FF38200521002271
:10EC4000F8F7BFFF3820F8F7E8FF39200521002248
:10EC5000F8F7B7FF392004B0BDE88040F8F7DDBF12
:10EC6000F0B503AF2DE9000F87B0002441F24C004E
:10EC70000694C4F20200016840F2004841F020010D
:10EC800001600168C4F6000801F0200101910199BA
:10EC9000016808F5805641F0010101600168002219
:10ECA00001F001010191019901684FF0020A41F060
:10ECB000020101600068022100F002000190019849
:10ECC0003046FCF7F4F94FF09040112101224FF04B
:10ECD000110B4FF00109FCF7EAF9404640210122EF
:10ECE000FCF7E5F902AD30462946CDE902A9CDE9A8
:10ECF0000444FCF7D9F84FF090402946CDE902B919
:10ED0000CDE90444FCF7D0F84FF488164046294674
:10ED1000CDF80890CDE9036AFCF7C6F84FF400403F
:10ED2000CDE902064FF0904029460494FCF7BCF868
:10ED30004020CDE9020940462946CDE90444FCF7CC
:10ED4000B3F88020CDE90206404629460494FCF73A
:10ED5000ABF8062005210022F8F733FF0620F8F76C
:10ED60005CFF172005210022F8F72BFF1720F8F78A
:10ED700054FF282005210022F8F723FF2820F8F768
:10ED80004CFF07B0BDE8000FF0BD006844F2000181
:10ED9000C4F20101884208BFF8F7DEBE70470000E8
:10EDA000B0B502AF86B041F26001C4F202010A6858
:10EDB000044642F480320A60096801A801F48031F7
:10EDC000019101996946FAF709FAFAF7F2F94DF655
:10EDD0008361C4F21B31A0FB01014FF0FF3000EB57
:10EDE000914141F2D03044F20002C2F20000C4F27C
:10EDF000010240F2E7330025C0E90021C0E90253D7
:10EE00000561FDF74CFB054610B1284606B0B0BDC4
:10EE100041F2D030C2F20000FDF74AFC054600285E
:10EE2000F3D11820F8F7F9FE0F2C0DD81820214641
:10EE300000220025F8F7C5FE40F26800C2F200008B
:10EE40000460284606B0B0BD0125284606B0B0BD16
:10EE50004EF60C50BFF34F8FCEF200000168042233
:10EE600001F4E061C0F2FA5211430160BFF34F8F29
:10EE700000BFFDE7F0B503AF4DF804BD98B040F218
:10EE8000940103ADC2F2000128465022F2F7A8FD1A
:10EE90001020F4F7EAFC04465420F4F7E6FC06469A
:10EEA000043029465022F2F79BFD4EF60D704EF6C7
:10EEB0001571C0F60000C0F60001C4E90210002080
:10EEC00017900820266007F005FC03464FF2090062
:10EED000C0F60000C3E90004042000904FF20100D6
:10EEE00049F2585117AEC0F60000C0F601014FF4C8
:10EEF0000072019608F0D4FA09F07EF8012808BFE4
:10EF000008F0EEFD18B05DF804BBF0BD0068011D0F
:10EF100000F022B8B0B502AF032A044608D00D466F
:10EF2000022A0DD0012A08D1286820600020B0BD37
:10EF30002068002818BFF4F79AFC0020B0BD00BF7D
:10EF40005420F4F792FC296854220546F2F748FD54
:10EF500000202560B0BD0000F0B503AF4DF8048D72
:10EF600094B06C4620465022F2F73AFD012001266B
:10EF700007F0B0FBF6F7A8F8012007F0ABFBF4F7B9
:10EF8000AEFC012007F0A6FBF4F70EFC0C2007F006
:10EF9000A1FBF4F7D9FE41F22045C2F20005287822
:10EFA000C00705D04FF0FF3008F036FDFAE700BF8C
:10EFB0004FF49B60F4F759FC804604F06FFA303050
:10EFC00001F056FC08F1B0002146062204F0B0FE24
:10EFD00008F5D87004F1240102F0CCFB08F56A7042
:10EFE00004F1480102F046FB08F56E7000F028F8C5
:10EFF00041F21C40C2F20000C0F800802E70D1E740
:10F00000D0E900210846104780B56F46816819B1E4
:10F01000C168BDE88040084709F012FC4EF60C506C
:10F02000BFF34F8FCEF200000168042201F4E061CB
:10F03000C0F2FA5211430160BFF34F8F00BFFDE7EA
:10F04000F0B503AF2DE9000F83B049F6E30149F2B3
:10F0500067520446C0F60101C0F6010200203B23BE
:10F060000025F4F7C7FFA3464BF8585F4BF8040C94
:10F0700049F27150DA46D846D946C0F601004AF83E
:10F08000045F48F8085F49F80C5FCBE90455CBF8FA
:10F0900018500BF11C05CBF82000FAF70BFE0428E2
:10F0A00008D149F27150C0F6010029460422FAF74E
:10F0B00015FE09E03020286049F27150C0F60100C9
:10F0C00029460422FAF730FE49F27A50C0F60100D0
:10F0D00004F17C05C4F88000FAF7ECFD042809D19E
:10F0E00049F27A50C0F6010029460422FAF7F6FDEB
:10F0F0000AE000BF0220286049F27A50C0F6010001
:10F1000029460422FAF710FE49F28950C0F60100A0
:10F1100004F18405C4F88800FAF7CCFD012809D170
:10F1200049F28950C0F6010029460122FAF7D6FDBE
:10F130000AE000BF0120287049F28950C0F60100A2
:10F1400029460122FAF7F0FD49F29550C0F6010078
:10F1500004F18C05C4F89000FAF7ACFD012809D140
:10F1600049F29550C0F6010029460122FAF7B6FD92
:10F170000AE000BF0120287049F29550C0F6010056
:10F1800029460122FAF7D0FD49F2A150C0F601004C
:10F1900004F19405C4F89800FAF78CFD012809D110
:10F1A00049F2A150C0F6010029460122FAF796FD66
:10F1B0000AE000BF0120287049F2A150C0F601000A
:10F1C00029460122FAF7B0FD49F2AD50C0F6010020
:10F1D00004F19C05C4F8A000FAF76CFD012809D1E0
:10F1E00049F2AD50C0F6010029460122FAF776FD3A
:10F1F0000AE000BF0120287049F2AD50C0F60100BE
:10F2000029460122FAF790FD49F2B950C0F60100F3
:10F2100004F1A405C4F8A800FAF74CFD012809D1AF
:10F2200049F2B950C0F6010029460122FAF756FD0D
:10F230000AE000BF0020287049F2B950C0F6010072
:10F2400029460122FAF770FD49F2C650C0F60100C6
:10F2500004F1AC05C4F8B000FAF72CFD012809D17F
:10F2600049F2C650C0F6010029460122FAF736FDE0
:10F270000AE000BF0120287049F2C650C0F6010024
:10F2800029460122FAF750FD49F2D250C0F601009A
:10F2900004F1B405C4F8B800FAF70CFD012809D14F
:10F2A00049F2D250C0F6010029460122FAF716FDB4
:10F2B0000AE000BF0120287049F2D250C0F60100D8
:10F2C00029460122FAF730FD49F2DD50C0F601006F
:10F2D00004F1BC05C4F8C000FAF7ECFC012809D120
:10F2E00049F2DD50C0F6010029460122FAF7F6FC8A
:10F2F0000AE000BF0020287049F2DD50C0F601008E
:10F3000029460122FAF710FD49F66700C0F6010010
:10F3100004F1C405C4F8C800FAF7CCFC012809D1EF
:10F3200049F66700C0F6010029460122FAF7D6FC2B
:10F330000AE000BF0520287049F66700C0F601000A
:10F3400029460122FAF7F0FC49F6A000C0F60100B8
:10F3500004F1CC05C4F8D000FAF7ACFC012809D1BF
:10F3600049F6A000C0F6010029460122FAF7B6FCD2
:10F370000AE000BF0020287049F6A000C0F6010096
:10F3800029460122FAF7D0FCF7F72BF805464FF291
:10F390008D5004F1D406C0F6000049F2EF514FF64B
:10F3A0006962C4E93D044FF0000CC0F60101C0F6EB
:10F3B000000230460023CDF800C0CDF804C0F5F7B8
:10F3C00026FF30462946F5F72FFF0A200E2100229E
:10F3D00007F0E6FAC4F8FC000A200C21002207F02E
:10F3E000DFFAC4F800014FF0FF30012107F058FBAD
:10F3F000C4F804014FF0FF30002107F051FBC4F8BE
:10F4000008014FF0FF30002107F04AFBC4F80C015F
:10F41000012007F00EFB49F6441194F8C420C0F611
:10F42000010194F8CC3051F8222049F66011C0F661
:10F43000010151F82310C4F810011046FAF776FEC6
:10F440004FF6F942C0F60002002008212346FAF7E1
:10F45000F1FD4FF61D62C0F6000200200121234697
:10F46000FAF7E8FD082007F035F903464FF6796012
:10F470004FF67165C0F60000C0F6000549F2F7517D
:10F48000C3E900040426C0F601012846C022CDF8D5
:10F4900004B0009608F004F8082007F01BF90346B2
:10F4A00040F2F100C0F6010049F20561C3E9000431
:10F4B000C0F6010128464FF48072CDF804A00096F2
:10F4C00007F0EEFF49F6E30149F20E62C0F60101D2
:10F4D000C0F6010200200C23F4F78CFD02900820F6
:10F4E00007F0F8F8034640F2B150C0F6010018608A
:10F4F000029849F6151140F29D52C0F60101C0F67E
:10F5000001025C60F4F776FD02A8002100224FF0B2
:10F51000FF3304F03EFB082007F0DCF8034640F21E
:10F520007160C0F6010049F21C61C3E90004C0F635
:10F53000010128468022CDF80490009607F0B0FF24
:10F54000082007F0C7F8034640F29970C0F60100A2
:10F5500049F22761C3E90004C0F601012846C02230
:10F560000096CDF8048007F09BFF41F26C40C2F298
:10F57000000000F10C01002046220023FAF78AFD6A
:10F58000204603B0BDE8000FF0BD0000F0B503AFAA
:10F590002DE9000B88B0044649F2CC60C0F60100AA
:10F5A00015460E46F4F778F9032E0BD0012E43D101
:10F5B00094F8A400002845D049F23260C0F601005A
:10F5C00056E100BF686849F62901C0F60101F2F76B
:10F5D0006BFD00286AD0686849F2BF51C0F601018E
:10F5E000F2F762FD00287DD0686849F64401C0F654
:10F5F0000101F2F759FD002800F0E280686849F641
:10F600004C01C0F60101F2F74FFD002800F0C8815F
:10F61000686849F66301C0F60101F2F745FD00286C
:10F6200000F0E281686849F69C01C0F60101F2F73A
:10F630003BFD002800F0FC8149F6CF00C0F6010038
:10F6400060E100BF94F8B400002800F00D8149F299
:10F650003F60C0F60100F4F71FF994F8840028B168
:10F6600049F24F60C0F60100F4F716F994F88C00E7
:10F6700028B149F25560C0F60100F4F70DF994F88D
:10F68000940028B149F25B60C0F60100F4F704F978
:10F6900094F89C0028B149F26160C0F60100F4F7CB
:10F6A000FBF849F2CB60C0F60100E1E0AD6801A8CB
:10F6B00000F10808002DCDF8048000F0558228469E
:10F6C000F2F7BEFE06460F2807906FD901A807A9DA
:10F6D000002209F0BDF8079901900391002E69D12D
:10F6E0001CE100BFA86849F68121C0F60101F2F7CC
:10F6F000DBFC002800F07481A86849F61011C0F600
:10F700000101F2F7D1FC002800F08A81A86849F6CF
:10F710004E21C0F60101F2F7C7FC002800F0AC81D1
:10F72000A86849F60411C0F60101F2F7BDFC0028F3
:10F7300000F0AA81A86849F63301C0F60101F2F78A
:10F74000B3FC002800F0AE81A86849F20161C0F660
:10F750000101F2F7A9FC002800F0C681A86849F26F
:10F760000961C0F60101F2F79FFC002800F0E0817A
:10F77000A86849F63901C0F60101F2F795FC0028A6
:10F7800040F0C28004F1BC00012501A98DF80450AD
:10F7900000F09EFA062104F1C4008DF8041001A9BE
:10F7A00000F0A0FA85F31388FFF738FC0198002ECB
:10F7B00000F0B480012E40F0AD8029780170ADE0FA
:10F7C000A86849F68121C0F60101F2F76DFC002816
:10F7D00000F02A81A86849F61011C0F60101F2F77D
:10F7E00063FC002800F04C81A86849F64E21C0F661
:10F7F0000101F2F759FC002800F05081A86849F691
:10F800000411C0F60101F2F74FFC002800F05E8100
:10F81000A86849F63301C0F60101F2F745FC00285B
:10F8200000F07281A86849F20161C0F60101F2F7A7
:10F830003BFC002800F08081A86849F20961C0F60D
:10F840000101F2F731FC002800F08A81A86849F62E
:10F850003901C0F60101F2F727FC00284FF000053E
:10F8600053D104F8BC5F34E149F26760C0F601008F
:10F87000F4F712F894F8AC1049F2846049F29B62F4
:10F88000C0F60100C0F60102002908BF1046F4F7D7
:10F8900003F894F8BC1049F2B36049F2CE62C0F6A6
:10F8A0000100C0F60102002908BF1046F3F7F4FF7B
:10F8B000E16F49F2EA60C0F60100F3F7EDFF616F16
:10F8C00049F2FE60C0F60100F3F7E6FF49F210705E
:10F8D000C0F60100F3F7E0FF49F23B70C0F601000B
:10F8E000F3F7DAFF49F25E70C0F60100F3F7D4FFD8
:10F8F00049F2A470C0F60100F3F7CEFF49F2FB70A5
:10F90000C0F60100F3F7C8FF0025284608B0BDE89F
:10F91000000BF0BD29463246F2F762F807980199CC
:10F92000002602900E54019DF2F7AAF8D0F800903C
:10F93000F2F7A6F8066007A928460A22F2F734FF74
:10F940000799A94200F016810546F2F799F8006878
:10F95000222800F01581F2F793F8006818B9F2F741
:10F960008FF8C0F800900198404518BFF3F77FFF6B
:10F97000B5F57A7FA8BF4FF47A75012DD8BF012560
:10F9800044F87C5F606821460422FAF7CDF949F219
:10F99000F360C0F601002946F3F77EFFB4E700BF2D
:10F9A000A96801AD07AA284600F05AF900210A22E9
:10F9B00000F014F9019905F108029142054602D0C0
:10F9C0000846F3F754FF44F8745F60682146042248
:10F9D000FAF7AAF949F65700C0F60100DBE700BFC5
:10F9E000012004F8840F52E0A96801AD07AA284657
:10F9F00000F036F900210A2200F0F0F8019905F133
:10FA000008029142054602D00846F3F730FF072D61
:10FA1000C0F0BC8049F67100C0F6010022E000BFD2
:10FA2000012004F88C0F32E0002504F8845F50E0D8
:10FA3000A96801AD07AA284600F012F900210A22A0
:10FA400000F0CCF8019905F108029142054602D078
:10FA50000846F3F70CFF032DC0F0B08049F6AC0068
:10FA6000C0F60100F3F718FF4FF0FF35284608B045
:10FA7000BDE8000BF0BD00BF012004F8940F06E0C4
:10FA8000002504F88C5F24E0012004F89C0F6068D6
:10FA900021460122FAF748F936E700BF002504F8AD
:10FAA000945F16E001252146D4F8A80001F8A45F70
:10FAB0000122FAF739F9214611F8B40F00287FF432
:10FAC00023AFD4F8B80084F8B450E2E7002504F876
:10FAD0009C5F606821460122FAF726F9284608B0A3
:10FAE000BDE8000BF0BD00BF01222146D4F8B800EC
:10FAF00001F8B42F0122FAF717F9214611F8A40FE3
:10FB0000002540BB01E700BF00252146D4F8A8002E
:10FB100001F8A45F0122FAF707F9214611F8B40FA2
:10FB200000283FF4F2AED4F8B80084F8B450D2E71D
:10FB3000012004F8AC0FAAE700252146D4F8B8004C
:10FB400001F8B45F0122FAF7EFF8214611F8A40F8B
:10FB500000283FF4DAAED4F8A80084F8A450BAE73D
:10FB6000002504F8AC5FB4E749F61710C0F60100B1
:10FB700008F05AFE49F6DE00C0F6010008F057FE14
:10FB800049F6DE00C0F6010008F057FE04F1C4009B
:10FB900001A98DF8045000F0A5F849F64410C0F60C
:10FBA000010050F8251049F69200C0F60100F3F765
:10FBB00073FE012080F31388FFF730FA04F1CC00C4
:10FBC00001A9002D18BF01258DF8045000F080F820
:10FBD000012080F31388FFF721FA0000F0B503AF8E
:10FBE0004DF8048D82B0056816460C46F1F748FFC3
:10FBF000D0F80080F1F744FF0021016001A92846F8
:10FC00003246F2F7D1FD0199A9421DD00646F1F71F
:10FC100037FF006822281DD014B10198401B2060D6
:10FC2000F1F72EFF006828B1304602B05DF8048B72
:10FC3000F0BD00BFF1F724FFC0F80080304602B0ED
:10FC40005DF8048BF0BD00BF49F6DE00C0F6010090
:10FC500008F0EDFD49F6DE00C0F6010008F0EDFD0C
:10FC6000F0B503AF4DF804BD82B004460830206003
:10FC700041B308460D46F2F7E3FB06460F28019014
:10FC80000AD901A92046002208F0E2FD019920606E
:10FC9000A1601EB90CE000BF20684EB1012E03D157
:10FCA0002978017004E000BF29463246F1F798FE3A
:10FCB00001992268002361602046535402B05DF828
:10FCC00004BBF0BD49F61710C0F6010008F0ACFD0A
:10FCD0000346406891F800C01946012283F800C02D
:10FCE000FAF722B80346406891F800C0194601228D
:10FCF00083F800C0FAF718B8F0B503AF2DE9000F8C
:10FD000083B082460020FAF7E5F905460020FAF7AD
:10FD1000F7F941F26C460E2DC2F2000672D34FF095
:10FD20000E0B4FF080594FF0000808E008F1010871
:10FD300008F10E0BAB4598BFB8F1390F62D206EB54
:10FD4000080414F80C0FA628F0D120460E2105F067
:10FD5000F7F90028EAD014F8010F6178A278E37867
:10FD600040EA012042EA032140EA0141304640F8DE
:10FD7000041B211D0822F1F7DFFEEFF3058058B3C5
:10FD8000DAF80001314601AA002307F027F80198AC
:10FD900048B14EF60450CEF20000C0F80090BFF318
:10FDA0004F8FBFF36F8FEFF3058000B3DAF80C01CC
:10FDB0000021029102A907F09FF80298F0B14EF6D7
:10FDC0000450CEF20000C0F80090BFF34F8FBFF395
:10FDD0006F8F5FFA8BF8ABE7DAF80001314600224B
:10FDE000002306F09FFEEFF305800028DED1DAF84D
:10FDF0000C0100210022002306F094FE5FFA8BF82C
:10FE000096E700BF06F10C01002046220023FAF716
:10FE100041F903B0BDE8000FF0BD000080B56F46AA
:10FE200082B0EFF30581A9B10021D0F8040101915E
:10FE300001A907F061F8019850B14EF60450CEF2D6
:10FE400000004FF080510160BFF34F8FBFF36F8F01
:10FE500002B080BDD0F8040100210022002302B0CE
:10FE6000BDE8804006F05EBED0E908C31846604792
:10FE7000D0E900210846104780B56F4682B004469D
:10FE8000851DF9F7CEFF9FED998A9FED969A9FED1C
:10FE900096BA9FED93CA04F1020904F58A76B6EE8C
:10FEA00000AA0DF10408019094F8B40038B900BF1D
:10FEB0000A2007F0B1FD94F8B4000028F8D094F8B7
:10FEC000A40038B1616F00204A46382303F006FED3
:10FED000FCE000BF94F88400B0B3E88BA98B2A8CB7
:10FEE00041EA004000EE100A20EE0C0A20EE090A5A
:10FEF000BDEEC00A698C10EE100AA4F8180142EA9F
:10FF0000014000EE100A20EE0C0A20EE090ABDEEB8
:10FF1000C00AE98CAA8C10EE100AA4F81A0142EA71
:10FF2000014000EE100A20EE0C0A20EE090ABDEE98
:10FF3000C00A616F10EE100AA4F81C01C4F8141175
:10FF40000020314603F070FD94F88C00B8B3688A45
:10FF5000298A41EA004000EE100AE88AA98A80EE68
:10FF60000B0A41EA004001EE100A688B298B81EEF2
:10FF70000B1A41EA004002EE100A82EE0B2A20EE34
:10FF8000090ABDEEC00A10EE100AA4F8180121EE0D
:10FF9000090ABDEEC00A10EE101A22EE090AA4F8F2
:10FFA0001A11BDEEC00A616F10EE100AA4F81C0110
:10FFB000481CC4F814010020314603F035FD94F8C4
:10FFC0009400002847D068882988AA8841EA004020
:10FFD00000EE100A20EE0A0A20EE090ABDEEC00A61
:10FFE000E98810EE100AA4F8180142EA014000EE78
:10FFF000100A20EE0A0A20EE090ABDEEC00A69893D
:020000040801F1
:100000002A8910EE100AA4F81A0142EA014000EE13
:10001000100A20EE0A0A20EE090ABDEEC00AE9899C
:10002000AA8910EE100AA4F81C0142EA014000EE71
:10003000100A20EE0A0A20EE090ABDEEC00A616F1E
:1000400010EE100AA4F81E01081DC4F814010020C7
:10005000314603F0E9FC94F89C00B8B3E88DA98D13
:1000600041EA004000EE100A688E298E80EE080AF0
:1000700041EA004001EE100A688D298D81EE081AD0
:1000800041EA004002EE100A82EE082A20EE090A38
:10009000BDEEC00A10EE100AA4F8180121EE090AFC
:1000A000BDEEC00A10EE101A22EE090AA4F81A11C9
:1000B000BDEEC00A616F10EE100AA4F81C01C81C46
:1000C000C4F814010020314603F0AEFCE16F404655
:1000D00007F05AFB94F8B40000287FF4F0AEE7E68E
:1000E0000000803D00FEFF4658A00B42DB0FC940D8
:1000F00080B56F4688B0044649F6E500C0F60100B9
:100100004FF0FF31F4F7D2FE20B1F4F71BFB0546A8
:1001100001E000BF002549F6EE00C0F601004FF0F7
:10012000FF31F4F7C3FE18B1F4F70CFB064600E00C
:10013000002649F6F700C0F601004FF0FF31F4F752
:10014000B5FE18B1F4F7FEFA824601E04FF0000A5E
:1001500049F60010C0F601004FF0FF31F4F7A6FE9B
:1001600020B1F4F7EFFA834602E000BF4FF0000B36
:1001700049F67A20C0F601004FF0FF310595F4F7FB
:1001800095FE049620B1F4F7DDFA054601E000BFC4
:10019000002549F60910C0F601004FF0FF3104F1C7
:1001A000220604F11608F4F781FE18B1F4F7CAFA32
:1001B000814601E04FF00009F9F733FE0690A01DDB
:1001C000039004F16800029004F148009FED8D8ACD
:1001D0009FED8DDA019004F13C00B5EE00CAB7EE58
:1001E000009A009094F8AC0020BB1CE0D4F8040105
:1001F0004FF0FF3106F0CCFF41F224410020C2F263
:1002000000013B220023F9F725FFD4F8100100215B
:100210000022002306F086FCE16F06A807F0B4FA7E
:1002200094F8AC0030B90A2007F0F6FB94F8AC0063
:100230000028F8D0D4F810014FF0FF3106F0A8FFE5
:10024000BAF1000FEFF3058206D050463146002A7E
:1002500018BF0122F4F786FA0498EFF3058228B15B
:100260004146002A18BF0122F4F77CFA0598EFF303
:10027000058228B1002A18BF01220399F4F772FA07
:10028000BBF1000FEFF3058206D0002A18BF012250
:1002900002995846F4F766FAEFF3058235B1002A61
:1002A00018BF012201992846F4F75CFAB9F1000F52
:1002B000EFF3058206D0002A18BF012200994846B4
:1002C000F4F750FA41F23C50C2F2000000680078A6
:1002D00060B1002DEFF305827ED028463146002A1A
:1002E00018BF0122F4F73EFA76E000BF708831882B
:1002F00041EA004000EE100AF0F78AF8F088B18871
:10030000B0EE40AA41EA004000EE100AF0F780F893
:10031000B0EE40BAB4EE40AAF1EE10FAC8BFB0EEAB
:100320004ABA708931898DED07BA41EA004000EE82
:10033000100AF0F76DF8B4EE40BAF1EE10FAC8BF4B
:10034000B0EE4B0A20EE0C0A20EE000A8DED070AF3
:1003500007A8B0EE480AF0EE490A05F0D3F8708815
:1003600031889DED071A41EA004094ED122A00EE13
:10037000100A39EE413A21EE022A20EE030A30EE4D
:10038000020A10EE100A3080000C7080F088B188EC
:1003900094ED130A41EA004002EE100A21EE000A31
:1003A00022EE032A32EE000A10EE100AB080000C92
:1003B000F0807089318994ED140A41EA004002EE20
:1003C000100A21EE000A22EE031A31EE000A10EEA6
:1003D000100A3081000C708141F23C50C2F20000E2
:1003E0000068407890B1B9F1000FEFF3058200F09A
:1003F000958048464146002A18BF0122F4F7B2F919
:100400008CE000BF0000000058A00B41B8F80200CB
:10041000B8F8001041EA004000EE100AEFF7F8FFCC
:10042000B8F80600B8F80410B0EE40AA41EA00405F
:1004300000EE100AEFF7ECFFB0EE40BAB4EE40AABF
:10044000F1EE10FAC8BFB0EE4ABAB8F80A00B8F830
:1004500008108DED07BA41EA004000EE100AEFF7F0
:10046000D7FFB4EE40BAF1EE10FAC8BFB0EE4B0AB7
:1004700080EE0D0A07A8F0EE490A20EE000A8DED85
:10048000070AB0EE480A05F03DF8B8F80200B8F8DF
:1004900000109DED071A41EA004094ED0F2A00EE8E
:1004A000100A39EE413A21EE022A20EE030A30EE1C
:1004B000020A10EE100AA8F80000000CA8F80200CA
:1004C000B8F80600B8F8041094ED100A41EA0040AC
:1004D00002EE100A21EE000A22EE032A32EE000A92
:1004E00010EE100AA8F80400000CA8F80600B8F8EE
:1004F0000A00B8F8081094ED110A41EA004002EE33
:10050000100A21EE000A22EE031A31EE000A10EE64
:10051000100AA8F80800000CA8F80A0004F1680303
:100520000FCB3182090CB081000C7182110CF0816B
:10053000A520B282F18220706370F9F772FC6080AE
:10054000000CA08020463A21FF2204F0B1FD84F87F
:100550003A0041F22440C2F2000021463B22F1F76A
:10056000EBFAEFF3058000283FF440AED4F8040125
:1005700000210791002107AA06F0E8FE079800284D
:100580003FF43AAE4EF60450CEF200004FF08051E8
:100590000160BFF34F8FBFF36F8F2DE680B56F46BD
:1005A0004068D1E90021904780F0010080BD000043
:1005B000D0B502AF86B0024652F8040B0C46010ECD
:1005C0008DF805008DF80810010C000A8DF8060062
:1005D00001A88DF80710053011460822F1F7ACFA92
:1005E000EFF3058070B3D4F8FC0001A905AA00233D
:1005F00006F0F4FB059850B14EF60450CEF2000020
:100600004FF080510160BFF34F8FBFF36F8FEFF357
:10061000058010B30021D4F80801059105A906F062
:100620006BFC059850B14EF60450CEF200004FF02E
:1006300080510160BFF34F8FBFF36F8F012006B071
:10064000D0BD00BFD4F8FC0001A90022002306F0B1
:1006500069FAEFF305800028DCD1D4F80801002105
:100660000022002306F05EFA012006B0D0BD000093
:1006700080B56F468AB04EF604590446CEF20009A2
:1006800005AD4FF0000AA7F1220809AE4FF0805BDC
:1006900094F8BC0010BB1AE0D4F804014FF0FF310D
:1006A00006F076FD404629460E22F1F745FA002075
:1006B00041460E220023F9F7CDFCD4F810010021A9
:1006C0000022002306F02EFA94F8BC0030B90A206C
:1006D00007F0A2F994F8BC000028F8D0EFF30580E9
:1006E00080B1D4F8080100213246CDF824A006F0EC
:1006F0002DFE099860B1C9F800B0BFF34F8FBFF36A
:100700006F8F05E0D4F808014FF47A7106F040FDD0
:10071000D4F810014FF0FF3106F03AFDEFF30580F9
:1007200080B1D4F8FC002946324606F00FFE099944
:1007300029B1C9F800B0BFF34F8FBFF36F8F012805
:10074000BBD107E0D4F8FC002946002206F050FC9B
:100750000128B2D1A6208DF8140028460D21FF22D1
:1007600004F0A6FC8DF82100EFF3058000283FF48B
:1007700093AFD4F8040100213246CDF824A006F04E
:10078000E5FD099800283FF48DAFC9F800B0BFF32C
:100790004F8FBFF36F8F85E780B56F4682B04EF6FF
:1007A000045B41F260450446CEF2000BC2F2000544
:1007B0004FF0000A0DF104084FF08056E94602E0C0
:1007C0000A2007F029F994F8BC000028F8D0EFF3CC
:1007D000058018B3D4F80C0100214A46CDF800A0DA
:1007E00006F0B4FD009828B1CBF80060BFF34F8F3E
:1007F000BFF36F8FEFF30580D0B1D4F80001294625
:10080000424606F0A3FD019929B1CBF80060BFF381
:100810004F8FBFF36F8F0128D5D111E0D4F80C01B1
:100820004FF47A7106F0B4FCEFF305800028E4D1B0
:10083000D4F800012946002206F0DAFB0128C2D1D3
:100840000020294603F0F0F8BDE700004EF60C50FA
:10085000BFF34F8FCEF200000168042201F4E06183
:10086000C0F2FA5211430160BFF34F8F00BFFDE7A2
:10087000F0B503AF2DE9000B82B049F6E306002581
:10088000C0F6010649F6E5020446C0E90055804677
:10089000C0F6010200203146102348F8085FF3F744
:1008A000A9FB49F60012E060C0F6010200203146C3
:1008B0000C23F3F79FFBC4E90405C4E90655C4E91A
:1008C0000855C4E90A55C4E90C55C4E90E55C4E9F4
:1008D0001055F5F77FFD814640F6811004F148067A
:1008E000C0F6010049F66C1141F2ED12C4E91A0498
:1008F000C0F60101C0F601023046002300950195C3
:10090000F4F785FC30464946F4F78EFC4FF0FF3093
:10091000002106F0C5F820674FF0FF30002106F0F7
:10092000BFF860674FF0FF30002106F0B9F8A0670C
:100930000020CBF68070C4E905050820C4E90755FE
:1009400005F0C8FE034641F2FD10C0F60100C3E900
:1009500000040320009041F2F51049F67111C0F631
:100960000100C0F601014FF48072CDF8048006F05A
:1009700097FD204602B0BDE8000BF0BD000000006E
:10098000F0B503AF2DE9000F81B02DED048B90B0D1
:100990009246042904460BD002293BD0012940F09D
:1009A0003B8249F67D10C0F60100F2F775FF33E295
:1009B000DAF8040049F61121C0F60101F1F774FBE1
:1009C00000286BD0DAF8040049F64821C0F601018E
:1009D000F1F76AFB002840F01F82DAF8088009A8C6
:1009E00000F10809B8F1000F0894CDF8249000F048
:1009F0001B824046F1F724FD06460F280F9040F277
:100A00003F8109A80FA9002207F022FF0F99099042
:100A10000B9136E1DAF8040049F6C311C0F6010182
:100A2000F1F742FB002840F0F78149F6C810C0F604
:100A30000100F2F731FF40F6B83006F0EDFF49F65D
:100A4000EF10C0F60100F2F727FF94ED098A42F299
:100A5000107006F0E1FF94ED090A30EE480A10EE3E
:100A6000100AF2F7EFF89FEDAE0B53EC102BF2F7F4
:100A70006BFA9FEDAD0B53EC102BF2F73BF99FEDAA
:100A8000AC0B53EC102BF2F735F9024649F6FB108C
:100A9000C0F601000B46F2F7FFFEBDE1DAF8088070
:100AA00009A800F10809B8F1000F0894CDF82490C6
:100AB00000F0BA814046F1F7C3FC06460F280F90BC
:100AC00008D909A80FA9002207F0C2FE0F990990C2
:100AD0000B9100E009984EB1012E03D198F8001057
:100AE000017003E041463246F0F77AFF0F9809990A
:100AF00000260A900E54099CF0F7C2FFD0F800803F
:100B0000F0F7BEFF06600FA920460A22F1F74CFE5F
:100B10000F99A14200F08E818346F0F7B1FF006883
:100B2000222800F08D81F0F7ABFF006818B9F0F7CC
:100B3000A7FFC0F800800998484518BFF2F797FE54
:100B4000DAF80C80CDF82490B8F1000F00F06C8139
:100B50004046F1F775FC05460F280F9008D909A803
:100B60000FA9002207F074FE0F9909900B9100E085
:100B700009984DB1012D03D198F80010017003E0E0
:100B800041462A46F0F72CFF0F98099900260A9053
:100B90000E54099CF0F774FF0568F0F771FF0660CA
:100BA0000FA920460A22F1F7FFFD0F99A14200F09C
:100BB00041818246F0F764FF0068222800F04081FE
:100BC000F0F75EFF006810B9F0F75AFF056009986A
:100BD000484518BFF2F74BFEBAF57A7FA8BF4FF42D
:100BE0007A7ABAF1020FD8BF4FF0020ADDF82090EE
:100BF000D34526DDD9E90940D9F82C50F2F722F87F
:100C0000064628468846F2F71DF841EC180B2046A8
:100C1000F2F718F841EC100B49F61620C0F6010067
:100C2000324643468DED008B8DED020BF2F734FE1C
:100C3000504606F0F1FEF5F702F8ABEB0A0BD34590
:100C4000D8DCD9E90940D9F82C50F1F7FBFF06466A
:100C500028468846F1F7F6FF41EC180B2046F1F7DD
:100C6000F1FF41EC100B49F62E20C0F60100324690
:100C700043468DED008B8DED020BF2F70DFECBE0C0
:100C800009984EB1012E03D198F80010017003E0CD
:100C900041463246F0F7A4FE0F98099900260A90C3
:100CA0000E54099CF0F7ECFED0F80080F0F7E8FE57
:100CB00006600FA920460A22F1F776FD0F99A1429E
:100CC00000F0B8800546F0F7DBFE0068222800F04F
:100CD000B780F0F7D5FE006818B9F0F7D1FEC0F87C
:100CE00000800998484518BFF2F7C1FDDAF80C807A
:100CF000CDF82490B8F1000F00F096804046F1F74F
:100D00009FFB04460F280F9016D909A80FA90022AF
:100D100007F09EFD0F9909900B910EE000BF00BFF8
:100D2000182D4454FB21094000000000008066405B
:100D3000000000000000084009984CB1012C03D1CC
:100D400098F80010017003E041462246F0F748FE93
:100D50000F98099900260A900E54099CF0F790FE0E
:100D6000D0F80080F0F78CFE06600FA920460A221A
:100D7000F1F71AFD0F99A1425CD08346F0F780FE8F
:100D8000006822285CD0F0F77BFE006818B9F0F705
:100D900077FEC0F800800998484518BFF2F767FD54
:100DA000BBF57A7FA8BF4FF47A7BBBF1020FD8BFA7
:100DB0004FF0020B089C5D452EDD00BF04F11408C6
:100DC000089998E84101D1F82090F1F73BFF82465D
:100DD00030460791F1F736FF41EC180B4046F1F72A
:100DE00031FF41EC190B4846089CF1F72BFF41EC11
:100DF000100B49F65320079BC0F6010052468DECBC
:100E0000048B8DED040BF2F747FD584606F004FE07
:100E1000A5EB0B055D45D1DC002010B0BDEC048BCB
:100E200001B0BDE8000FF0BD49F61710C0F6010093
:100E300007F0FAFC49F6DE00C0F6010007F0F7FC07
:100E400049F6DE00C0F6010007F0F7FCB0B502AFCE
:100E50002DED0A8B044641F2E440C2F20000006826
:100E6000218800884A42884238BFCA43111889B293
:100E700001EE101A9FEDDA2AB8EE411A81EE021A3D
:100E80009FEDD82AB0EE408A6080B4EE421AF1EEAF
:100E900010FA09DD9FEDD40AB4EE401AF1EE10FA13
:100EA00002D584ED011A06E049F21600C0F60100F1
:100EB000F2F7F2FC608894ED0F4A94ED105A94ED2D
:100EC000062A94ED071A94ED116A94ED080A94ED40
:100ED000053A25EE017A62EE440A30EEC77A60EEFA
:100EE000060A37EE607A66EE010A63EE041A71EEC6
:100EF000A00A60EE051A70EEE10A66EE021A63EED1
:100F0000052A94ED0C9A25EE025A23EE066A72EE3B
:100F1000E11A60EE042A36EE055A21EE044A72EE1A
:100F2000A11A94ED0DAA75EE442AF6EE003A94ED5E
:100F30000EBA41F2C045B5EE409A27EE234A20EEA4
:100F4000A35A21EEA36A22EEA37AC2F20005F1EEC3
:100F500010FA208085ED004A85ED015A85ED026A80
:100F600085ED037A0AD1B5EE40AAF1EE10FA05D16B
:100F7000B5EE40BAF1EE10FA00F0EC802AEE0A0A63
:100F800029EE091A31EE000A2BEE0B1A31EE000A97
:100F900004F09CFA94ED053A94ED075A94ED064A54
:100FA000F1EE000A29EE002A35EE057A63EE201AEA
:100FB00065EE053A64EE042A62EE074A61EEA35A32
:100FC00075EEA44A61EEA21A71EEA41AF8EE004A78
:100FD0002AEE001A94ED086A64EE245A65EE816ADE
:100FE00076EEA11A66EE244A64EE206A66EE067A70
:100FF00022EE249A26EEA7AA3AEE099A23EE03AA35
:101000002AEE20AA2BEE000A2AEE04BA33EE033AA7
:101010003BEE099A23EE01BA39EE4B9AB2EE00BAD2
:1010200024EE0B4A39EE669A24EE22CA3CEE099A67
:1010300024EE234A34EE094A66EE806A36EE844A8C
:1010400022EE033A6AEE056A36EE833A65EE0B6AE3
:1010500025EE205A65EE277A37EE833A64EE814A10
:1010600034EE833A33EE453A66EEA24A34EE833AE2
:1010700066EEA34A34EE833A25EE000A30EE030A08
:1010800022EEA03A22EE252A23EE063A33EE022A79
:1010900023EEA03A23EE063A33EE022A27EE011A97
:1010A00032EE411A24EE042A21EEA13A33EE022A4E
:1010B00085ED060A20EE000A30EE020A85ED071AD9
:1010C00021EE011A31EE000AC5ED041A85ED054A3C
:1010D00004F0FCF995ED041A95ED052A95ED063A14
:1010E00095ED074A20EE011A20EE022A20EE033A7F
:1010F00020EE040A95ED004A85ED041A28EE011A47
:1011000095ED015A95ED026A95ED037A34EE414A68
:1011100028EE021A85ED070A35EE415A28EE031A29
:1011200028EE000A85ED052A85ED063A36EE416A7D
:1011300037EE407A94ED053A94ED062A94ED071ABD
:1011400094ED080A85ED004A85ED015A85ED026AA5
:1011500085ED037AD4ED010A24EE204A34EE033AF9
:1011600025EE204A34EE022A26EE204A34EE011AF9
:1011700027EE204A84ED053A84ED062A22EE022A63
:1011800023EE033A34EE000A84ED071A33EE022A06
:1011900021EE011A84ED080A31EE021A20EE000A4F
:1011A00030EE010A04F092F994ED051A94ED062A46
:1011B00094ED073A94ED084A20EE011A20EE022A37
:1011C00020EE033A20EE040A84ED051A84ED062A87
:1011D00084ED073A84ED080ABDEC0A8BB0BD00BF70
:1011E000002474496F12033AA69BC43AD0E908C39D
:1011F00018466047D0E900210846104780B56F4681
:1012000088B0044649F67A20C0F601004FF0FF315D
:10121000F3F74CFE20B1F3F795FA054601E000BF65
:10122000002549F6F700C0F601004FF0FF31F3F753
:101230003DFE00280CBF0020F3F784FA049049F625
:101240000910C0F601004FF0FF31F3F72FFE002820
:101250004FF000080CBF0020F3F774FA039049F632
:101260007A20C0F601000021F3F720FE0646082090
:1012700005F030FA034641F2755049F6151A41F26D
:10128000615BC0F60100C0F6010AC0F6010BC3E9BC
:101290000004304651465A46F2F7ACFE49F60910B2
:1012A000C0F601000021F3F701FE0646082005F014
:1012B00011FA034641F2C150C0F60100C3E900042F
:1012C000304651465A46F2F795FE0A2006F0A4FB36
:1012D0009FEDA0BA9FEDA08A9FEDA09A04F1300B7C
:1012E00004F13C0004F1140904F1240AB7EE00CA29
:1012F000029055E0B0EE4A0AEFF7F6F8F0EE480A31
:10130000EFF728F9B5EE400A30EE081AF1EE10FAC0
:1013100048BFB0EE410A84ED0B0A94ED050A94ED46
:10132000061A94ED072A94ED083A21EE021A20EEEF
:10133000030A30EE010A23EE031A22EE022A32EEED
:10134000011A31EE011A30EE000A7CEE410AEFF785
:10135000FFF8F0EE480AEFF7FDF8B5EE400A30EE80
:10136000081AF1EE10FA48BFB0EE410A84ED090AFE
:10137000EFF30586E068494610220123002E18BFCE
:1013800001260096F3F792F9EFF30586206951469E
:101390000C220123002E18BF01260096F3F786F9D0
:1013A000EFF3058070B3A06F002105AACDF814807B
:1013B00005F0CCFF059850B14EF60450CEF2000077
:1013C0004FF080510160BFF34F8FBFF36F8FEFF38A
:1013D000058000B3206F002106AACDF8188005F023
:1013E000B5FF069951B14EF60451CEF200014FF00F
:1013F00080520A60BFF34F8FBFF36F8F012810D068
:101400001AE000BFA06F4FF0FF3105F0C1FEEFF30F
:1014100005800028DED1206F002105F0B9FE0128EB
:101420000AD10498EFF3058230B1002A18BF0122D7
:1014300004985946F3F796F9EFF30580B0B1606F61
:10144000002107AACDF81C8005F080FF079951B153
:101450004EF60451CEF200014FF080520A60BFF305
:101460004F8FBFF36F8F012806D010E0606F00210F
:1014700005F08EFE01280AD10398EFF3058230B102
:10148000002A18BF0122DDE90210F3F76BF9EFF330
:10149000058235B128465946002A18BF0122F3F7C4
:1014A00061F9F8F7BEFC40F6C4118842B0EE4C0A70
:1014B000204688BFB0EE4B0AFFF7C8FC94ED050A42
:1014C00094ED071A94ED082A94ED063A21EE022ACB
:1014D00020EE030A30EE020A21EE011A23EE032A5F
:1014E00032EE011A31EE011A30EE000A7CEE410AAA
:1014F000EFF72EF8F0EE480AEFF72CF8B5EE400AB9
:1015000030EE081AF1EE10FA48BFB0EE410A84ED51
:101510000A0A94ED050A94ED061A94ED082A94ED52
:10152000073A21EE021A20EE030A30EE410A30EEAD
:1015300000AAB0EE4A0AEEF76BFFB4EE4C0AF1EEE9
:1015400010FAFFF6D7AEB0EE490AF0EE4A0AEEF70F
:101550001BFFD3E60AD7233CDB0FC940DB0FC93F93
:1015600080B56F464068D1E90021904780F00100C6
:1015700080BD000080B56F4682B0EFF30580A8B152
:10158000086F002201A9019205F0B6FC019850B144
:101590004EF60450CEF200004FF080510160BFF3D0
:1015A0004F8FBFF36F8F012002B080BD086F002105
:1015B0000022002305F0B6FA012002B080BD000031
:1015C000D0B502AF82B0EFF305800C4660B30021C6
:1015D000A06F0091694605F08FFC009850B14EF65F
:1015E0000450CEF200004FF080510160BFF34F8FE6
:1015F000BFF36F8FEFF3058000B30021606F01919F
:1016000001A905F079FC019850B14EF60450CEF2D4
:1016100000004FF080510160BFF34F8FBFF36F8F19
:10162000012002B0D0BD00BFA06F00210022002326
:1016300005F078FAEFF305800028DED1606F002115
:101640000022002305F06EFA012002B0D0BD000098
:101650004EF60C50BFF34F8FCEF20000016804220B
:1016600001F4E061C0F2FA5211430160BFF34F8F01
:1016700000BFFDE7F0B503AF2DE9000B0446D1E94B
:1016800000024FF00008C4E90002A4F80880D1F875
:101690000490082005F01EF8064641F20570C0F6D9
:1016A0000100C6E900041420F2F7DFF80546A0F8AF
:1016B0000A80A0F8089041F2FB60C0F60100C5E97D
:1016C000006040F2A810C2F20000066801217068B4
:1016D00029734FF0FF3105F05BFD05F11000314635
:1016E000F3F722FA706800210022002305F01AFAAD
:1016F0002046E560BDE8000BF0BDD0E900210846BA
:1017000010470000B0B502AF0446407A90B141F2F4
:10171000E045C2F200052878B0B12078217A04F0C3
:101720004EFB207A297880F00100207281F00100C0
:101730002870B0BD2078217A04F041FB207A80F037
:1017400001002072B0BD00BF01202870B0BD0000B4
:101750004EF60C50BFF34F8FCEF20000016804220A
:1017600001F4E061C0F2FA5211430160BFF34F8F00
:1017700000BFFDE7F0B503AF2DE9000F83B00446CD
:101780000020208049F66020C0F601000D4604F1DB
:101790000806A066F8F78EFA602809D149F660209D
:1017A000C0F6010031466022F8F798FA0DE000BF5C
:1017B000304600216022F0F7D5FA49F66020C0F6E5
:1017C000010031466022F8F7AFFA4FF0FF300021F8
:1017D00025674FF0000805F063F960674FF0FF30B0
:1017E000002105F05DF9A0674FF0FF30002105F002
:1017F00057F9E0674FF0FF30002105F051F9C4F8C8
:1018000080004FF0FF30002105F04AF949F6E3056A
:10181000C0F6010549F67A22C4E92108A146C0F6BE
:101820000102002029460C2349F88C8FC4F89080CF
:10183000F2F7E0FB49F60912C4F89400C0F6010281
:10184000002029460C23F2F7D5FBC4F89800F4F7E2
:10185000C8FD054641F6A91004F1C006C0F6010016
:1018600049F66C2143F2C502C4E93804C0F601010F
:10187000C0F6010230460023CDF80080CDF8048088
:10188000F3F7C5FC30462946F3F7CEFC40F2E401FD
:1018900004F1E800C2F20001B2EE040A03F0B0FC69
:1018A0004FF4C060A4F85C0104F5B0709621F0F725
:1018B00093F841F2E440C2F200000460042004F016
:1018C0006BFA05204FF0050A04F066FA42F6F16162
:1018D000C0F601010420224604F0D8F942F68171D5
:1018E000C0F601010520224604F0D0F943F21502AA
:1018F000C0F601020120012123464FF0010B04F044
:10190000A0FA01F01DF830B9012006F085F801F0C9
:1019100017F80028F8D0082004F0DCFE054643F252
:10192000D500C0F60100C5E900041420F1F79DFFC1
:1019300040F2A8110646C2F2000143F2CD0832205F
:1019400035600D68C0F60108C6E9018068684FF08F
:10195000FF3186F80CB005F01BFC06F1100029469B
:10196000F3F7E2F8686800210022002305F0DAF8B6
:10197000082004F0AFFE034643F21510C0F6010044
:1019800049F67321C3E90004C0F6010140464FF453
:101990008072CDF800A0CDF8049005F081FD2046BE
:1019A00003B0BDE8000FF0BDF0B503AF2DE9000FA7
:1019B00081B02DED0A8BA2B016460429044617D03B
:1019C00002293BD0012971D149F68620C0F60100D9
:1019D000F1F762FF49F6CA20C0F60100F1F75CFF9B
:1019E00049F6E420C0F60100F1F756FF00F0B0BC64
:1019F000706849F61121C0F60101F0F755FB002887
:101A000040F0A684D6F808901BA800F10808B9F1A8
:101A1000000FCDF86C8000F07B874846F0F710FD92
:101A200005460F28219040F28D831BA821A9002292
:101A300006F00EFF21991B901D9184E3706849F612
:101A4000F821C0F60101F0F72FFBC8B3706849F622
:101A5000FD21C0F60101F0F727FB002868D070686F
:101A600049F66721C0F60101F0F71EFB002840F09F
:101A70006F8494ED220A9FED281A30EE010AEEF7EA
:101A8000C7FC9FED261AB4EE410AF1EE10FA40F3BE
:101A90006984D4F88800F1F7D5F8024649F65E303B
:101AA000C0F601000B46F1F7F7FE05E049F6F040FD
:101AB000C0F60100F1F7F0FE4FF0FF3000F049BC36
:101AC00004F1080090EC080B49F61835C0F6010542
:101AD00053EC102B28468DEC041B8DED043BF1F7E5
:101AE000DBFE04F1280090EC080B284653EC102B89
:101AF0008DEC041B8DED043BF1F7CEFE04F14800A4
:101B000090EC080B284653EC102B8DEC041B8DED4C
:101B1000043B00F01BBC00BF000034C29A99993E00
:101B2000000000000000E03F00000000000018403E
:101B300094F8F001002800F0138494F8F1010028D3
:101B400000F0248494F8F201002800F02F8494F827
:101B5000F301002800F02C8494F8F401002800F030
:101B6000378494F8F501002800F0468494ED580B72
:101B700094ED5E1B94ED5ABB94ED60CB51EC100BD1
:101B800053EC112B1390199114921A93F0F7FAFE5B
:101B90001FED1D0B56EC105B2A463346F1F7AAF8F1
:101BA00041EC100B94ED6A1B84ED020B94ED640B79
:101BB000159004F108005BEC108B1791189053EC12
:101BC000112B40465946CDE91123F0F7DBFE2A469A
:101BD0003346F1F78FF841EC180B94ED700B94ED50
:101BE000761B84ED048BA24659EC104B53EC112B61
:101BF00020464946CDE90F23F0F7C4FE2A46334676
:101C0000F1F778F841EC190BDDE91302DDE919135E
:101C10008AED069BF0F7B8FE42465B46F0F7B4FE4D
:101C2000DDE91123F0F7B0FE22464B46F0F7ACFE9B
:101C3000DDE90F23F0F7A8FE1FED450B53EC102B49
:101C4000CDE91923F1F780F941EC1A0B51EC1B0B8C
:101C500053EC1C2B8AED08AB119013911292149344
:101C6000F0F790FE2A463346F1F744F89AED661BEA
:101C70009AED6C2B41EC100B5BEC118B53EC122B9F
:101C8000404659468AED0A0BCDE90F23F0F77AFE5C
:101C90002A4633463446F1F72DF89AED721B9AED39
:101CA000782B41EC100B56EC119B53EC122B484651
:101CB00031468AED0C0BCDE90D23F0F763FE2A4681
:101CC0002346F1F717F841EC100BDDE91102DDE9CD
:101CD00013138AED0E0BF0F757FE42465B46F0F702
:101CE00053FEDDE90F23F0F74FFE4A463346F0F787
:101CF0004BFEDDE90D23F0F747FEDDE91923F1F78F
:101D000023F941EC100B9AED621B8AED100B9AED52
:101D10005C0B9AED68BB9AED6ECB51EC100B53EC5B
:101D2000112B1190139112921493F0F72BFE2A4667
:101D300023462E46F0F7DEFF41EC100B5BEC1B5BFD
:101D400053EC1C2B284659468AED120BCDE90F2384
:101D5000F0F718FE32462346F0F7CCFF9AED741BDD
:101D60009AED7A2B41EC100B59EC118B53EC122BA2
:101D7000404649468AED140BCDE90D23F0F702FEEB
:101D800032462346F0F7B6FF41EC100BDDE91102B5
:101D9000DDE913138AED160BF0F7F6FD2A465B46D4
:101DA000F0F7F2FDDDE90F23F0F7EEFD42464B467A
:101DB000F0F7EAFDDDE90D23F0F7E6FDDDE9192393
:101DC000F1F7C2F849F6153441EC100BC0F60104E6
:101DD000159A179B204678218AED180B8DEC048B01
:101DE0008DED04ABF1F758FD0AF1280090EC080BDB
:101DF000204653EC102B79218DEC041B8DED043B18
:101E0000F1F74AFD0AF1480090EC080B204653EC2C
:101E1000102B7A218DEC041B8DED043BF1F73CFD7A
:101E200049F62630C0F60100F1F736FD9AED580B61
:101E30009AED089B51EC100B9AED020B9AED0AAB50
:101E40009AED108B53EC102BF0F79CFD53EC192BF3
:101E5000F0F798FD9AED5A0B04460D4651EC100B25
:101E600053EC1A2BF0F78EFD53EC182BF0F78AFD8C
:101E70009AED5C0B9AED121B41EC180B51EC100B18
:101E800053EC112BF0F77EFD9AED180B53EC102B51
:101E9000F0F778FD49F62F3641EC100BC0F601063D
:101EA000304622462B468DED008B8DED020BF1F76F
:101EB000F3FC9AED580B9AED089B51EC100B9AED40
:101EC000020B9AED0AAB9AED108B53EC102BF0F746
:101ED0005BFD53EC192BF0F755FD9AED5A0B0446B8
:101EE0000D4651EC100B53EC1A2BF0F74DFD53EC53
:101EF000182BF0F747FD9AED5C0B9AED121B41ECA5
:101F0000180B51EC100B53EC112BF0F73DFD9AED33
:101F1000180B53EC102BF0F735FD41EC100B30464D
:101F200022462B468DED008B8DED020BF1F7B4FCB4
:101F30009AED5E0B9AED089B51EC100B9AED040B99
:101F40009AED0CAB9AED108B53EC102BF0F71AFDB9
:101F500053EC192BF0F716FD9AED600B04460D4675
:101F600051EC100B53EC1A2BF0F70CFD53EC182B23
:101F7000F0F708FD9AED620B9AED141B41EC180B7B
:101F800051EC100B53EC112BF0F7FCFC9AED180BF5
:101F900053EC102BF0F7F6FC41EC100B30462246C8
:101FA0002B468DED008B8DED020BF1F775FC9AED54
:101FB0005E0B9AED089B51EC100B9AED040B9AED19
:101FC0000CAB9AED108B53EC102BF0F7DDFC53ECBF
:101FD000192BF0F7D7FC9AED600B04460D4651EC37
:101FE000100B53EC1A2BF0F7CFFC53EC182BF0F737
:101FF000C9FC9AED620B9AED141B41EC180B51ECE5
:10200000100B53EC112BF0F7BFFC9AED180B53ECAF
:10201000102BF0F7B7FC41EC100B304622462B4654
:102020008DED008B8DED020BF1F736FC9AED640B14
:102030009AED089B51EC100B9AED060B9AED0EAB46
:102040009AED108B53EC102BF0F79CFC53EC192BF2
:10205000F0F798FC9AED660B04460D4651EC100B18
:1020600053EC1A2BF0F78EFC53EC182BF0F78AFC8C
:102070009AED680B9AED161B41EC180B51EC100B06
:1020800053EC112BF0F77EFC9AED180B53EC102B50
:10209000F0F778FC41EC100B304622462B468DEDD4
:1020A000008B8DED020BF1F7F7FB9AED640B9AEDC7
:1020B000089B51EC100B9AED060B9AED0EAB9AEDC6
:1020C000108B53EC102BF0F75FFC53EC192BF0F74F
:1020D00059FC9AED660B04460D4651EC100B53EC7F
:1020E0001A2BF0F751FC53EC182BF0F74BFC9AED40
:1020F000680B9AED161B41EC180B51EC100B53ECCE
:10210000112BF0F741FC9AED180B53EC102BF0F764
:1021100039FC41EC100B304622462B468DED008BEE
:102120008DED020BF1F7B8FB49F64030C0F6010027
:10213000F1F7B2FBDAF8680018996022F7F7F4FDBE
:1021400006E100BF1B984DB1012D03D199F8001095
:10215000017003E049462A46EFF742FC21981B999B
:1021600000251C900D54A3461B9CEFF789FCD0F86A
:102170000090EFF785FC056021A920460A22F0F7C0
:1021800013FB2199A14200F0C9830546EFF778FCC3
:102190000068222800F0C883EFF772FC006818B9C5
:1021A000EFF76EFCC0F800901B98404518BFF1F7A0
:1021B0005EFBF468CDF86C80002C00F0A98320460B
:1021C000F0F73EF906460F28219009D91BA821A94E
:1021D000002206F03DFB21991B901D9101E000BFFC
:1021E0001B984EB1012E03D12178017004E000BF8D
:1021F00021463246EFF7F4FB21981B9900261C90EC
:102200000E541B9CEFF73CFCD0F800A0EFF738FC15
:10221000066021A920460A22F0F7C6FA2199A142B8
:1022200000F07C838146EFF72BFC0068222800F049
:102230007B83EFF725FC006818B9EFF721FCC0F8A5
:1022400000A01B98404518BFF1F711FBB9F57A7F44
:10225000A8BF4FF47A79B9F1020FD8BF4FF0020945
:102260004D453FDD0BF19C0898E84101DBF88840C3
:10227000F0F7E8FC824630461A91F0F7E3FC41ECB7
:10228000180B4046F0F7DEFC41EC190BDBF8B4000C
:10229000F0F7D8FC41EC1A0BDBF8B800F0F7D2FCF1
:1022A00041EC1B0BDBF8BC00F0F7CCFC41EC1C0B49
:1022B0002046F0F7C7FC41EC100B49F671401A9B21
:1022C000C0F6010052468DEC0A8B8DED0A0BF1F73A
:1022D000E3FA484605F0A0FBF3F7B1FCA5EB0905CE
:1022E0004D45BFDC0BF19C0531CDDBF88860F0F784
:1022F000A9FC804620468946F0F7A4FC41EC180B67
:102300002846F0F79FFC41EC190BDBF8B400F0F71E
:1023100099FC41EC1A0BDBF8B800F0F793FC41ECA8
:102320001B0BDBF8BC00F0F78DFC41EC1C0B3046BE
:10233000F0F788FC41EC100B49F6B0408DEC0A8BAD
:10234000C0F6010042464B468DED0A0BF1F7A4FAA8
:10235000002022B0BDEC0A8B01B0BDE8000FF0BD3B
:1023600000204AE0D4F89C00F0F76CFC9FED1E0BB7
:1023700006465AEC10BB5A4653460D464FF000082D
:10238000F0F748FF169418B1002060E0012034E017
:102390009FED170B304658EC109B29464A464346A2
:1023A000F0F71AFF30B101204EE000BF022024E018
:1023B000032022E01698D0F8A000F0F743FC5A461C
:1023C000534604460E46F0F725FF18B102203BE0C5
:1023D000042012E0204631464A464346F0F7FCFE10
:1023E000D0B1032030E000BF666666666666EE3FE9
:1023F000666666666666EEBF052049F66051C0F601
:10240000010101EBC000416849F60630C0F6010049
:10241000F1F742FAFFF750BB1698D0F8A400F0F796
:1024200011FC5A46534604460E46F0F7F3FE08B137
:10243000042009E0204631464A464346F0F7CCFEE8
:10244000002800F05F820520169C4FF0000849F636
:102450006051C0F6010101EBC001496884F85D01DB
:1024600049F68B30C0F60100F1F716FA49F69535BA
:10247000C0F6010528460521F1F70EFA4FF47A70EF
:1024800005F0CAFAF3F7DBFB28460421F1F704FA5A
:102490004FF47A7005F0C0FAF3F7D1FB2846032118
:1024A000F1F7FAF94FF47A7005F0B6FAF3F7C7FBD3
:1024B00028460221F1F7F0F94FF47A7005F0ACFAF2
:1024C000F3F7BDFB28460121F1F7E6F94FF47A70E6
:1024D00005F0A2FAF3F7B3FB49F6A130C0F601000C
:1024E0000521F1F7D9F994F85D0100EB400004EB08
:1024F000C000C0E95888C0E95A88C0E95C8800205B
:102500001A9000BFDDF858B049F61E440120C0F60D
:10251000010400258BF85C0120460021CBE95055D1
:10252000CBE95255CBE95455CBF85851F1F7B4F9F2
:102530004FF47A7005F070FAF3F781FB2046012121
:10254000F1F7AAF94FF47A7005F066FAF3F777FB22
:1025500020460221F1F7A0F94FF47A7005F05CFAF9
:10256000F3F76DFB20460321F1F796F94FF47A70EB
:1025700005F052FAF3F763FB20460421F1F78CF9DA
:102580004FF47A7005F048FAF3F759FB204605211D
:10259000F1F782F94FF47A7005F03EFAF3F74FFB4A
:1025A00020460621F1F778F94FF47A7005F034FAF5
:1025B000F3F745FB20460721F1F76EF94FF47A70E7
:1025C00005F02AFAF3F73BFB20460821F1F764F9FE
:1025D0004FF47A7005F020FAF3F731FB2046092119
:1025E000F1F75AF94FF47A7005F016FAF3F727FB72
:1025F00020460A21F1F750F94FF47A7005F00CFAF1
:10260000F3F71DFB20460B21F1F746F94FF47A70E2
:1026100005F002FAF3F713FB20460C21F1F73CF921
:102620004FF47A7005F0F8F9F3F709FB20460D2115
:10263000F1F732F94FF47A7005F0EEF9F3F7FFFA9B
:1026400020460E21F1F728F94FF47A7005F0E4F9ED
:10265000F3F7F5FA20460F21F1F71EF94FF47A70DF
:1026600005F0DAF9F3F7EBFA20461021F1F714F947
:102670004FF47A7005F0D0F9F3F7E1FA2046112112
:10268000F1F70AF94FF47A7005F0C6F9F3F7D7FAC3
:1026900020461221F1F700F94FF47A7005F0BCF9E9
:1026A000F3F7CDFA20461321F1F7F6F84FF47A70DC
:1026B00005F0B2F9F3F7C3FA20461421F1F7ECF86C
:1026C0004FF47A7005F0A8F9F3F7B9FA204615210E
:1026D000F1F7E2F84FF47A7005F09EF9F3F7AFFAEC
:1026E00020461621F1F7D8F84FF47A7005F094F9E6
:1026F000F3F7A5FA20461721F1F7CEF84FF47A70D8
:1027000005F08AF9F3F79BFA20461821F1F7C4F88F
:102710004FF47A7005F080F9F3F791FA2046192109
:10272000F1F7BAF84FF47A7005F076F9F3F787FA13
:1027300020461A21F1F7B0F84FF47A7005F06CF9E1
:10274000F3F77DFA20461B21F1F7A6F84FF47A70D3
:1027500005F062F9F3F773FA20461C21F1F79CF8B3
:102760004FF47A7005F058F9F3F769FA20461D2105
:10277000F1F792F84FF47A7005F04EF9F3F75FFA3B
:10278000DBF858018BF85C51F0F73AFA9BED500BEF
:1027900081468A469BED529B9BED548B51EC100B6E
:1027A0004A465346F0F7D0FBF0F754FDF0F74AFAEB
:1027B00006460C4651EC190B4A465346F0F7C4FB4B
:1027C000F0F748FDF0F73EFACDE9180141EC190B9E
:1027D00051EC180B4A465346F0F7B6FBF0F73AFDBA
:1027E000F0F730FADDF86880054641EC100B49F649
:1027F0002D401791C0F601004146324623468DED2B
:10280000009B8DED020BF1F747F89BF85D01324616
:1028100000EB40000BEBC00A9AED580B9AED5A8B77
:102820009AED5C9B51EC100B2346F0F7ADF841ECB0
:10283000100BDDE918238346159151EC180B8AED36
:10284000580BF0F7A1F841EC100B179B0646894690
:1028500051EC190B2A468AED5A0BF0F795F841EC2A
:10286000100B08F10108B8F1050FCDF868808AED6A
:102870005C0B7FF447AE05460AF5B0709FED2E0B5A
:1028800017900AF5B4700C4619900AF5B87058EC18
:1028900010AB15991A90584652464346F0F754FB30
:1028A000189041EC100B17988B4680ED000B3046CA
:1028B000494652464346F0F747FB41EC180B19983E
:1028C000214680ED008B284652464346F0F73CFBFC
:1028D00041EC100B1A98189A80ED000B49F6534002
:1028E000C0F601005B468DED008B8DED020BF0F71D
:1028F000D3FF169991F85D010844012180F8F01189
:1029000026E500BF49F67330C0F60100FFF7D2B8E4
:1029100049F61710C0F6010005F086FF49F6DE0003
:10292000C0F6010005F083FF49F6DE00C0F60100A5
:1029300005F083FF00BF00BF00000000000014404E
:10294000F0B503AF4DF8048D82B00120012605F0EB
:1029500063F8022000214FF0000803F030FA012054
:102960007E21B62203F0A1FA0220012103F027FA0A
:10297000012005F051F80320002103F020FA012086
:102980001421B62203F091FA0320012103F017FA73
:102990001E2005F041F841F2E845C2F2000580240E
:1029A00001202C7005F038F80220002103F007FA0E
:1029B000012000212A460223009603F099FA022002
:1029C000012103F0FCF901202C7005F025F803200B
:1029D000002103F0F4F9012000212A460223009689
:1029E00003F086FA0320012103F0E9F901202C709D
:1029F00005F012F80220002103F0E1F90120002186
:102A00002A460223009603F073FA0220012103F004
:102A1000D6F968781E2840F0C78001202C7004F099
:102A2000FBFF032000214FF0000803F0C8F901204C
:102A300000212A460223009603F05AFA03200121BE
:102A400003F0BDF928780F2840F0AE8001204FF048
:102A5000010804F0E1FF0220002103F0B0F9012099
:102A60004021AA2203F021FA0220012103F0A7F954
:102A7000012004F0D1FF0220002103F0A0F9012081
:102A80004121032203F011FA0220012103F097F9FA
:102A9000012004F0C1FF0220002103F090F9012081
:102AA0005321082203F001FA0220012103F087F9E3
:102AB000012004F0B1FF0220002103F080F9012081
:102AC0005821042203F0F1F90220012103F077F9E3
:102AD000012004F0A1FF0220002103F070F9012081
:102AE0007D21042203F0E1F90220012103F067F9BE
:102AF000322004F091FF042003F03AF9012004F0A1
:102B00008BFF0320002103F05AF901200F2100223E
:102B100003F0CBF90320012103F051F9012004F067
:102B20007BFF0320002103F04AF90120102102223B
:102B300003F0BBF90320012103F041F9012004F067
:102B40006BFF0320002103F03AF901201621002237
:102B500003F0ABF90320012103F031F9012004F067
:102B60005BFF0320002103F02AF901201821012234
:102B700003F09BF90320012103F021F9012004F067
:102B80004BFF0320002103F01AF9012015218022B8
:102B900003F08BF90320012103F011F9322004F036
:102BA0003BFF052003F0E4F8404602B05DF8048BDB
:102BB000F0BD0000F0B503AF2DE9000F81B02DEDA1
:102BC0000C8B88B041F2EA4504460020C2F20005B1
:102BD00027F8520CADF81C0027F8560C05F113012C
:102BE000A7F152000222EEF7A7FF05F1150107A891
:102BF0000222EEF7A1FF05F11701A7F1560002220C
:102C0000EEF79AFF37F9520C9FEDB73A00EE100A33
:102C1000BDF91C00B8EEC00A01EE100A37F9560CD7
:102C2000B8EEC11A02EE100AB8EEC22A80EE030A0C
:102C300081EE031A82EE032A9FEDAC3A04F1A8005C
:102C400000210C2220EE038A21EE039A22EE03BA21
:102C5000EFF788F8206F94ED2A1A90ED000A94EDB2
:102C60002B2A20EE080A30EE010A84ED2A0A90EDA4
:102C7000031A94ED2C3A21EE081A31EE021A84ED73
:102C80002B1A90ED062A22EE082A32EE032A84ED52
:102C90002C2A90ED013A23EE093A33EE000A84ED36
:102CA0002A0A90ED043A23EE093A33EE011A84ED34
:102CB0002B1A90ED073A23EE093A33EE022A84EDFF
:102CC0002C2A90ED023A23EE0B3A33EE00AA84ED63
:102CD0002AAA90ED050A20EE0B0A30EE019A84ED47
:102CE0002B9A90ED080AD4F89C0020EE0B0A30EEE7
:102CF000028A84ED2C8AEFF7A5FF8246D4F8A00063
:102D00000E460391EFF79EFF94ED040B02460590EB
:102D10000B46049194ED02DB94ED06CB94ED08BBD9
:102D200051EC100BEFF7E6FF8046894651EC1D0B86
:102D300052463346CDF808A0EFF7DCFF42464B463B
:102D4000EFF722FE8046D4F8A4008946EFF77AFF19
:102D500083460B46009151EC1C0B5A46CDF804B04B
:102D6000EFF7C8FF42464B46EFF70EFE02460B4612
:102D700051EC1B0BEFF708FEF0F76CFA00EE100AAF
:102D80003AEE400A84ED2D0A94ED0C0BDDF8148028
:102D9000DDF8109094ED0ADB94ED0ECB94ED10BBB2
:102DA00051EC100B42464B46EFF7A4FF5246DDF8BC
:102DB0000CA005460E4651EC1D0B5346EFF79AFF4B
:102DC0002A463346EFF7E0FD5A46DDF800B00546E7
:102DD0000E4651EC1C0B5B46EFF78CFF2A46334640
:102DE000EFF7D2FD02460B4651EC1B0BEFF7CCFD83
:102DF000F0F730FA00EE100A39EE400A84ED2E0AA0
:102E000094ED140B94ED12DB94ED16CB94ED18BBFE
:102E100051EC100B42464B46EFF76CFF029A054609
:102E20000E4651EC1D0B5346EFF764FF2A4633461E
:102E3000EFF7AAFD019A05460E4651EC1C0B5B46C6
:102E4000EFF758FF2A463346EFF79EFD02460B4642
:102E500051EC1B0BEFF798FDF0F7FCF900EE100AB0
:102E600094F85C0138EE400A84ED2F0AA0B3D4F840
:102E700058010130C4F858011AEE100AEFF7E2FECB
:102E800094ED500B02460B4694ED52BB94ED54ABBF
:102E900051EC100BEFF778FD41EC100B19EE100A16
:102EA00084ED500BEFF7CEFE02460B4651EC1B0BA8
:102EB000EFF76AFD41EC100B18EE100A84ED520B8F
:102EC000EFF7C0FE02460B4651EC1A0BEFF75CFD24
:102ED00041EC100B84ED540B08B0BDEC0C8B01B031
:102EE000BDE8000FF0BD00BF6F12834135FA8E3C84
:102EF000D0B502AF82B0EFF30581044661B3002183
:102F0000D4F884000091694603F0F6FF009850B1B0
:102F10004EF60450CEF200004FF080510160BFF336
:102F20004F8FBFF36F8FEFF3058000B30021D4F80C
:102F30008000019101A903F0DFFF0198F0B14EF686
:102F40000450CEF200004FF080510160BFF34F8F6C
:102F5000BFF36F8F02B0D0BDD4F8840000210022EF
:102F6000002303F0DFFDEFF305800028DED1D4F865
:102F7000800000210022002303F0D4FD02B0D0BD68
:102F8000D0B502AF82B00446F6F74DFF2080EFF3D4
:102F9000058058B30021D4F884000091694603F0FD
:102FA000ABFF009850B14EF60450CEF200004FF047
:102FB00080510160BFF34F8FBFF36F8FEFF3058038
:102FC000F8B10021E06F019101A903F095FF01988C
:102FD000E8B14EF60450CEF200004FF0805101608F
:102FE000BFF34F8FBFF36F8F02B0D0BDD4F8840012
:102FF00000210022002303F095FDEFF30580002857
:10300000DFD1E06F00210022002303F08BFD02B02E
:10301000D0BD0000D0B502AF82B00446022002F05D
:10302000E1FEC8B90220012102F0C9FEEFF30580DC
:1030300090B30021A06F0091694603F05DFF0098F6
:1030400050B14EF60450CEF200004FF080510160B6
:10305000BFF34F8FBFF36F8F032002F0C3FE30BB6F
:103060000320012102F0ABFEEFF3058010B3002135
:10307000606F019101A903F03FFF0198B8B14EF6CE
:103080000450CEF200004FF080510160BFF34F8F2B
:10309000BFF36F8F02B0D0BDA06F002100220023CC
:1030A00003F040FD032002F09DFE0028D8D002B0BE
:1030B000D0BD00BF606F00210022002303F032FD6D
:1030C00002B0D0BDD0E908C318466047D0E900215E
:1030D00008461047D0B502AFD0ED220A00F1E8044F
:1030E0009FED0A0A9FED0A1A204602F0CDF8002053
:1030F000F6F750FEF6F795FEC0087C2888BFD0BDD5
:103100002046BDE8D04002F0AFB800BF0000344216
:10311000CDCC4C3D80B56F469CB040F2E4019FEDB4
:10312000D40A0446C2F2000104A802F069F80020A3
:103130004FF0000BF6F71FFE41F2EA4904F1B4002C
:10314000C2F20009039009F101009FEDCA8A04F15F
:103150009C0A02901BAD09F10300B4EE009AB3EE95
:1031600007AA4FF0805801900EE000BF49F6FF40DB
:1031700049F60556C0F60100002101220023C0F6E1
:1031800001060096F1F712F9EFF30580B0B1D4F81B
:10319000840000212A46CDF86CB004F0D7F81B99C2
:1031A00049B14EF60451CEF20001C1F80080BFF3E0
:1031B0004F8FBFF36F8F0128D8D106E0D4F8840079
:1031C000142103F0E5FF0128D0D1EFF3058088B387
:1031D000D4F8800000212A46CDF86CB004F0B6F88F
:1031E0001B9949B14EF60451CEF20001C1F800809E
:1031F000BFF34F8FBFF36F8F012822D0EFF305800D
:10320000002800F0F380E06F00212A46CDF86CB072
:1032100004F09CF81B9949B14EF60451CEF200011E
:10322000C1F80080BFF34F8FBFF36F8F0128ABD180
:10323000E3E000BFD4F88000002103F0A9FF0128DB
:10324000DCD10220002102F0BAFD012012214A4601
:103250001323CDF800B002F04BFEEFF3058098B1D8
:10326000A06F00212A46CDF86CB004F06FF81B98CF
:1032700078B14EF60450CEF20000C0F80080BFF3E3
:103280004F8FBFF36F8F04E0A06F4FF0FF3103F05B
:103290007FFF029928460222ADF86CB027F806BCE1
:1032A000ADF868B0EEF748FC0199B81F0222EEF7BE
:1032B00043FC09F105011AA80222EEF73DFCBDF915
:1032C0006C0099F8121000EE100A37F9060CB8EEEF
:1032D000C00A01EE100ABDF9680080EE08BA02EEDD
:1032E000100A99F81100B8EEC11AC00040EA511056
:1032F0004FF60001BBEB902FCFF6FF7118BF0843CC
:1033000000EE100AB8EEC00A20EE090AB8EEC22A92
:1033100030EE0A0A504600210C2281EE08CA82EEE5
:1033200008DA84ED220AEEF71DFD206F94ED271ACE
:1033300090ED000A94ED282A20EE0B0A30EE010AE7
:1033400084ED270A90ED031A94ED293A21EE0B1A29
:1033500031EE021A84ED281A90ED062A514622EE2B
:103360000B2A32EE032A84ED292A90ED013A0C2231
:1033700023EE0C3A33EE000A84ED270A90ED043A6E
:10338000012323EE0C3A33EE011A84ED281A90ED56
:10339000073A23EE0C3A33EE022A84ED292A90ED07
:1033A000023A23EE0D3A33EE000A84ED270A90ED3F
:1033B000050A20EE0D0A30EE010A84ED280A90ED90
:1033C000080A20EE0D0A30EE020A84ED290AEFF316
:1033D0000586D4F89400002E18BF01260096F1F758
:1033E00065F9EFF3058000287FF40DAFE06F002151
:1033F00003F0CEFE01287FF4C7AE0320002102F0C7
:10340000DEFC09F11302012002210623CDF800B0F1
:1034100002F06EFDEFF30580A0B1606F00212A4637
:10342000CDF86CB003F092FF1B9880B14EF60450BB
:10343000CEF20000C0F80080BFF34F8FBFF36F8F54
:1034400005E000BF606F4FF0FF3103F0A1FE2046A2
:10345000FFF7B0FBEFF30586002ED4F8980018BFF5
:10346000012603990C2201230096F1F71FF98BE640
:1034700000007A4400A0AA444EF60C50BFF34F8FD0
:10348000CEF200000168042201F4E061C0F2FA52B9
:1034900011430160BFF34F8F00BFFDE7F0B503AFED
:1034A0002DE9000F8FB08246F2F79BFF054643F2ED
:1034B000A560C0F6010049F2016143F60352CAE972
:1034C000080A0026C0F60101C0F60102504600239A
:1034D00000960196F1F79BFE50462946F1F7A4FEAF
:1034E0004FF0FF30002103F0DBFACAF8280020205B
:1034F0000C21002203F054FACAF82C0041F20450C7
:10350000C2F20000C0F810A00420F0F7AEF903AC3E
:10351000814604F1080B204601212D22CDF80CB084
:1035200005F001FA039849F698553021C0F60105D7
:1035300001702846EEF784FF06462046002100224F
:103540002B46009605F046FA09A901F10808CDF8C6
:103550002480014651F8082B8A4203D083680992DF
:103560000B9307E0D2E90036D2E90252C8E90036EF
:10357000C8E90252426800230A92C0E90013099A7E
:1035800049F6E3010372C0F6010100200C23F0F7B5
:1035900031FD01460998C9F8001041F20451404537
:1035A000C2F20001C1F8049018BFF0F760F9039867
:1035B000584518BFF0F75BF90420F0F756F90DF104
:1035C0000C090646484601212D22CDF80CB005F025
:1035D000AAF9039849F6A1553021C0F601050170FA
:1035E0002846EEF72DFF04464846002100222B46D0
:1035F000009405F0EFF9CDF82480014651F8082B2E
:103600008A4203D0836809920B9307E0D2E9003520
:10361000D2E90242C8E90035C8E902424268002303
:103620000A92C0E90013099A49F6E3010372C0F651
:10363000010100200C23F0F7DDFC0146099841F25E
:1036400004554045C2F200053160AE6018BFF0F786
:103650000EF90398584518BFF0F709F90420F0F760
:1036600004F904464FF0FF30012103F019FA43F644
:10367000D5322060C0F60102002000210023EC605A
:1036800002F082F943F6B342C0F6010200200221A3
:10369000002302F079F902F0C3F850460FB0BDE8FC
:1036A000000FF0BDF0B503AF2DE9000F8DB0042978
:1036B000154615D0032935D001290BD149F6AC5058
:1036C000C0F60100F0F7E8F849F6DC50C0F601005A
:1036D000F0F7E2F800200DB0BDE8000FF0BD00BF2C
:1036E000686849F62061C0F60101EEF7DDFC0028AC
:1036F000F0D1AC6806A800F10808002CCDF81880BD
:1037000000F080812046EEF79BFE06460F280C90C5
:1037100032D906A80CA9002205F09AF80C99069057
:1037200008912AE0686849F61B61C0F60101EEF7CE
:10373000BBFC0028CED1AC6806A800F10806002C1E
:10374000069600F05F812046EEF77AFE05460F28C8
:103750000C9009D906A80CA9002205F079F80C995B
:103760000690089101E000BF06988DB1012D0BD1A4
:10377000217801700CE000BF0698002E4AD0012E7F
:1037800044D12178017045E021462A46EEF728F918
:103790000C980699002507900D54069CEEF770F9D9
:1037A000D0F80080EEF76CF905600CA920460A22DB
:1037B000EEF7FAFF0C99A14200F02A810446EEF7D9
:1037C0005FF90068222800F02981EEF759F90068B6
:1037D00018B9EEF755F9C0F800800698B04218BF46
:1037E000F0F745F840F20010C0F20230079040F2C6
:1037F0000450C0F20670089006A90020069400F05C
:1038000013F900200DB0BDE8000FF0BD214632468F
:10381000EEF7E6F80C980699002607900E54069CE1
:10382000EEF72EF9D0F80090EEF72AF906600CA911
:1038300020460A22EEF7B8FF0C99A14200F0E8807A
:103840000446EEF71DF90068222800F0E780EEF745
:1038500017F9006818B9EEF713F9C0F80090069848
:10386000404518BFF0F703F8ED68CDF81880002D3B
:1038700000F0C8802846EEF7E3FD06460F280C90BE
:1038800008D906A80CA9002204F0E2FF0C990690C2
:10389000089100E006984EB1012E03D129780170FD
:1038A00004E000BF29463246EEF79AF80C980699D4
:1038B000002607900E54069DEEF7E2F8D0F800902F
:1038C000EEF7DEF806600CA928460A22EEF76CFF38
:1038D0000C99A94200F09C800546EEF7D1F80068EB
:1038E000222800F09B80EEF7CBF8006818B9EEF7BD
:1038F000C7F8C0F800900698404518BFEFF7B7FF2B
:1039000042F2C070C0F20900854238BF2846012843
:1039100041F2045A4FF0010198BF0846002C08BF3D
:103920000124C2F2000A451E202C28BF20248AF858
:10393000001000BF012004F06FF8DAF81000EFF378
:103940000581C06A21B103F09DFDA04204D907E0C2
:1039500003F082FDA04203D8002DA5F10105E9D1B5
:1039600049F6286B00200AF11409C0F6010B0DF18D
:1039700018088AF80000DAF81000EFF30581A9B101
:10398000C06A4946424603F0E1FC069951B14EF641
:103990000451CEF200014FF080520A60BFF34F8F06
:1039A000BFF36F8F012809D094E600BFC06A494673
:1039B000002203F01DFB01287FF48CAE9AF81A0058
:1039C0009AF81B509AF81C40DAF814109AF818204C
:1039D0009AF819309AF81FE0CDE9000502A89AF884
:1039E0001D609AF81EC080E850105846CDF814E0CB
:1039F000EFF752FFDAF81000EFF305810029BFD18D
:103A0000D4E700BF49F61710C0F6010004F00CFF20
:103A100049F6DE00C0F6010004F009FF49F6DE00B9
:103A2000C0F6010004F009FFF0B503AF4DF804BD86
:103A300082B0044641F20450C2F2000000EB84065A
:103A4000F068EFF305820D46A2B1002100680091F5
:103A50006A46002103F07AFC009880B14EF60450CB
:103A6000CEF200004FF080510160BFF34F8FBFF3E3
:103A70006F8F04E000684FF0FF3103F089FB55F8C9
:103A8000042B204600212B46002501F089FFF16818
:103A9000EFF3058204469AB1086801A9019503F085
:103AA0002BFA019890B14EF60450CEF200004FF080
:103AB00080510160BFF34F8FBFF36F8F06E000BFEF
:103AC000086800210022002303F02CF8B4FA84F0E7
:103AD000400902B05DF804BBF0BD0000F0B503AFD3
:103AE0002DE9000B84B0064641F20450C2F20000FA
:103AF00000EB8605E86898469146EFF305820C4690
:103B0000A2B100210068029102AA002103F01EFC6C
:103B1000029880B14EF60450CEF200004FF0805172
:103B20000160BFF34F8FBFF36F8F04E000684FF069
:103B3000FF3103F02DFB3046012122464B46CDF8E4
:103B4000008001F073FFE968EFF3058204469AB143
:103B50000868002203A9039203F0CEF9039888B104
:103B60004EF60450CEF200004FF080510160BFF3DA
:103B70004F8FBFF36F8F05E00868002100220023FC
:103B800002F0D0FFB4FA84F0400904B0BDE8000BA5
:103B9000F0BD80B56F4684B09C4641F20453C2F23A
:103BA000000303EB81014968D0F800E00B680420B2
:103BB0000021CDE9001049F665610292C0F60101CD
:103BC000184672460C23CDF80CC0F0F723FB0120F9
:103BD00004B080BDF0B503AF4DF804BD84B041F230
:103BE0000456054600EB4000C2F2000606EB8004D6
:103BF00044F8201F201D11460822EDF79DFF06EB1B
:103C000085004068EFF30585006821460C220123FA
:103C1000002D18BF01250095F0F748FD30780128E8
:103C20002DD13069EFF3058171B3C06A02AA214634
:103C3000002303F0D3F8029850B14EF60450CEF2B0
:103C400000004FF080510160BFF34F8FBFF36F8FC3
:103C50003069EFF3058111B30021806A039103A954
:103C600003F04AF9039850B14EF60450CEF200002A
:103C70004FF080510160BFF34F8FBFF36F8F04B0DF
:103C80005DF804BBF0BD00BFC06A214600220023DE
:103C900002F048FF3069EFF305810029DCD1806A2A
:103CA00000210022002302F03DFF04B05DF804BBB8
:103CB000F0BDF0B503AF4DF804BD82B041F204563B
:103CC000044600EB4000C2F2000606EB800545F812
:103CD0002C1F281D11460822EDF72EFF06EB84004D
:103CE0008068EFF30586006829460C220123002E28
:103CF00018BF01260096F0F7D9FC02B05DF804BBAE
:103D0000F0BDD0E908C31846604700004EF60C50DD
:103D1000BFF34F8FCEF200000168042201F4E0618E
:103D2000C0F2FA5211430160BFF34F8F00BFFDE7AD
:103D3000F0B503AF2DE9000782B0044600202080D3
:103D400049F66760C0F6010090460E46251D2061C9
:103D5000F5F7B0FF0C2809D149F66760C0F60100FD
:103D600029460C22F5F7BAFF0DE000BF28460021D6
:103D70000C22EDF7F7FF49F66760C0F6010029460F
:103D80000C22F5F7D1FF4FF0FF300021666184F877
:103D90001880002502F084FEE0614FF0FF30002122
:103DA00002F07EFE49F6E306C0F6010649F6F70288
:103DB000C4E90805A146C0F60102002031460C23E3
:103DC00049F8285FE562F0F715F949F6EE0220633D
:103DD000C0F60102002031460C23F0F70BF9C4E9CC
:103DE0000D05C4E90F55C4E91155E564F2F7F9FA78
:103DF000804643F60D7004F15006C0F6010049F606
:103E0000756144F60372C4E91C04C0F60101C0F6F2
:103E100001023046002300950195F1F7F8F930468C
:103E20004146F1F701FA40F208119FED370A04F11B
:103E30007800C2F2000101F0E3F941F23C50C2F215
:103E400000000460012084F8FC504FF0010A01F0EA
:103E5000A3FF44F66561C0F601010120224601F08E
:103E600015FF44F6B162C0F601020020012123468D
:103E700001F0E7FF082002F02DFC054644F615701E
:103E8000C0F60100C5E900041420EFF7EEFC064679
:103E9000056040F2A810C2F200000568C6F808A04C
:103EA00044F60B786868C0F601084FF0FF3186F8D9
:103EB0000CA0C6F8048003F06BF906F11000294647
:103EC000F0F732FE686800210022002302F02AFE8B
:103ED000082002F0FFFB034644F65570C0F60100CF
:103EE000C3E90004052049F67E610090C0F6010197
:103EF00040464FF48072CDF8049003F0D1FA20468A
:103F000002B0BDE80007F0BD00007A44F0B503AF91
:103F10002DE9000F81B02DED0A8B94B016460429CF
:103F2000824615D0022937D0012940F0298249F66E
:103F30008620C0F60100EFF7AFFC49F6CA20C0F6B4
:103F40000100EFF7A9FC49F6E420C0F601000AE3FE
:103F5000706849F61121C0F60101EEF7A5F80028B6
:103F600040F00383B4680DA800F10808002CCDF8D8
:103F7000348000F003832046EEF762FA05460F28EE
:103F8000139040F225820DA813A9002204F060FCD2
:103F900013990D900F911CE2706849F6F821C0F654
:103FA0000101EEF781F8002800F0F481706849F60D
:103FB0006721C0F60101EEF777F800284FF0000501
:103FC00040F0D4824FF47A7003F026FD49F6AB64DA
:103FD000C0F6010420460521EFF75EFC4FF47A702D
:103FE00003F01AFD20460421EFF756FC4FF47A70D7
:103FF00003F012FD20460321EFF74EFC4FF47A70D8
:1040000003F00AFD20460221EFF746FC4FF47A70D8
:1040100003F002FD204601210124EFF73DFC49F6A3
:10402000B960C0F60100EFF737FC49F61E46C0F64E
:10403000010630460021CAE93855CAE93A55CAE9AD
:104040003C55CAF8F8508AF8FC40EFF725FC4FF4CD
:104050007A7003F0E1FCF1F7F2FD30460121EFF751
:104060001BFC4FF47A7003F0D7FCF1F7E8FD304603
:104070000221EFF711FC4FF47A7003F0CDFCF1F759
:10408000DEFD30460321EFF707FC4FF47A7003F0B2
:10409000C3FCF1F7D4FD30460421EFF7FDFB4FF4EC
:1040A0007A7003F0B9FCF1F7CAFD30460521EFF74D
:1040B000F3FB4FF47A7003F0AFFCF1F7C0FD30462C
:1040C0000621EFF7E9FB4FF47A7003F0A5FCF1F756
:1040D000B6FD30460721EFF7DFFB4FF47A7003F0AF
:1040E0009BFCF1F7ACFD30460821EFF7D5FB4FF410
:1040F0007A7003F091FCF1F7A2FD30460921EFF749
:10410000CBFB4FF47A7003F087FCF1F798FD304653
:104110000A21EFF7C1FB4FF47A7003F07DFCF1F751
:104120008EFD30460B21EFF7B7FB4FF47A7003F0AA
:1041300073FCF1F784FD30460C21EFF7ADFB4FF433
:104140007A7003F069FCF1F77AFD30460D21EFF744
:10415000A3FB4FF47A7003F05FFCF1F770FD30467B
:104160000E21EFF799FB4FF47A7003F055FCF1F74D
:1041700066FD30460F21EFF78FFB4FF47A7003F0A6
:104180004BFCF1F75CFD30461021EFF785FB4FF457
:104190007A7003F041FCF1F752FD30461121EFF740
:1041A0007BFB4FF47A7003F037FCF1F748FD3046A3
:1041B0001221EFF771FB4FF47A7003F02DFCF1F749
:1041C0003EFD30461321EFF767FB4FF47A7003F0A2
:1041D00023FCF1F734FD30461421EFF75DFB4FF47B
:1041E0007A7003F019FCF1F72AFD30461521EFF73C
:1041F00053FB4FF47A7003F00FFCF1F720FD3046CB
:104200001621EFF749FB4FF47A7003F005FCF1F744
:1042100016FD30461721EFF73FFB4FF47A7003F09D
:10422000FBFBF1F70CFD30461821EFF735FB4FF49F
:104230007A7003F0F1FBF1F702FD30461921EFF738
:104240002BFB4FF47A7003F0E7FBF1F7F8FC3046F4
:104250001A21EFF721FB4FF47A7003F0DDFBF1F741
:10426000EEFC30461B21EFF717FB4FF47A7003F09A
:10427000D3FBF1F7E4FC30461C21EFF70DFB4FF4C4
:104280007A7003F0C9FBF1F7DAFC30461D21EFF735
:1042900003FB4FF47A7003F0BFFBF1F7D0FCDAF8C0
:1042A000F8009AED388B8AF8FC50EEF7A9FC04462A
:1042B0000E4651EC180B22463346EEF745FEEEF75C
:1042C000C9FF9AED011A00EE100A31EE00AA9AED2C
:1042D0003A0B9AED028A9AED039A51EC100B2246A2
:1042E00033460AF104088AED01AAEEF72DFEEEF737
:1042F000B1FF00EE100A38EE008A9AED3C0B224620
:1043000051EC100B33468AED028AEEF71DFEEEF7F4
:10431000A1FF00EE100A39EE009A1AEE100A8AED9B
:10432000039AEEF78FFC044618EE100A0E46EEF7DD
:1043300089FC41EC180B19EE100AEEF783FC41ECF6
:10434000100B49F68D60C0F60100224633468DED14
:10435000008B8DED020BEFF79FFADAF81000414663
:104360000C22F5F7E1FC49F6E360C0F60100EFF737
:1043700093FA49F65530C0F60100EFF78DFAF5E0F3
:1043800049F6F040C0F60100EFF786FA4FF0FF352E
:10439000ECE000BF0AF1040531CDEEF753FC064610
:1043A00020468846EEF74EFC41EC180B2846EEF707
:1043B00049FC41EC100B49F68D60C0F60100324615
:1043C00043468DED008B8DED020BEFF765FACCE0E7
:1043D0000D984DB1012D03D12178017004E000BF8B
:1043E00021462A46EDF7FCFA13980D9900250E9008
:1043F0000D540D9CEDF744FBD0F80090EDF740FB19
:10440000056013A920460A22EEF7CEF91399A142BE
:1044100000F0BA800546EDF733FB0068222800F073
:10442000B980EDF72DFB006818B9EDF729FBC0F84E
:1044300000900D98404518BFEFF719FAF468CDF8D1
:104440003480002C00F09A802046EDF7F9FF0646F4
:104450000F28139008D90DA813A9002204F0F8F929
:1044600013990D900F9100E00D984EB1012E03D1DC
:104470002178017004E000BF21463246EDF7B0FA22
:1044800013980D9900260E900E540D9CEDF7F8FA36
:10449000D0F80090EDF7F4FA066013A920460A223E
:1044A000EEF782F91399A1426ED00646EDF7E8FACD
:1044B000006822286ED0EDF7E3FA006818B9EDF72E
:1044C000DFFAC0F800900D98404518BFEFF7CFF91C
:1044D000B6F57A7FA8BF4FF47A76022ED8BF0226AF
:1044E000F1F7ADFB0AF1380999E80103DAF8244045
:1044F000EEF7A8FB834640460C91EEF7A3FB41EC98
:10450000180B4846EEF79EFB41EC190BDAF8440015
:10451000EEF798FB41EC1A0BDAF84800EEF792FB45
:1045200041EC1B0BDAF84C00EEF78CFB41EC1C0B5A
:104530002046EEF787FB41EC100B49F6F8600C9B28
:10454000C0F601005A468DEC0A8B8DED0A0BEFF791
:10455000A3F9304603F060FAAD1BB542C0DC49F266
:10456000CB60C0F60100EFF797F90025284614B09C
:10457000BDEC0A8B01B0BDE8000FF0BD49F6171085
:10458000C0F6010004F050F949F6DE00C0F6010063
:1045900004F04DF949F6DE00C0F6010004F04DF9D3
:1045A000F0B503AF4DF8048D82B001200D464FF0F9
:1045B000010803F031FA0020002101F000FC002086
:1045C0007621002201F071FC0020012101F0F7FBAF
:1045D000012003F021FA0020002101F0F0FB00206F
:1045E0001121012201F061FC0020012101F0E7FB13
:1045F000052003F011FA012003F00EFA002000213B
:1046000001F0DDFB00202D2101F029FC002001211B
:1046100001F0D5FB012003F0FFF90020002101F09B
:10462000CEFB00207621002201F03FFC002001217A
:1046300001F0C5FB012003F0EFF90020002101F09B
:10464000BEFB0020752101F00AFC04460020012178
:1046500001F0B5FB472C40F01B82012003F0DCF990
:104660000020002101F0ABFB00204E21002201F0D0
:104670001CFC0020012101F0A2FB012003F0CCF979
:104680000020002101F09BFB00207621012201F097
:104690000CFC0020012101F092FB012003F0BCF989
:1046A0000020002101F08BFB00200B21A02201F053
:1046B000FCFB0020012101F082FB012003F0ACF99A
:1046C0000020002101F07BFB00200C210C2201F0D6
:1046D000ECFB0020012101F072FB012003F09CF9AA
:1046E0000020002101F06BFB00200D21902201F041
:1046F000DCFB0020012101F062FB012003F08CF9BA
:104700000020002101F05BFB00200E21802201F03F
:10471000CCFB0020012101F052FB012003F07CF9C9
:104720000020002101F04BFB00207621022201F045
:10473000BCFB0020012101F042FB012003F06CF9D9
:104740000020002101F03BFB00200321182201F092
:10475000ACFB0020012101F032FB012003F05CF9E9
:104760000020002101F02BFB00200421902201F009
:104770009CFB0020012101F022FB012003F04CF9F9
:104780000020002101F01BFB00200521802201F008
:104790008CFB0020012101F012FB012003F03CF909
:1047A0000020002101F00BFB00207621002201F007
:1047B0007CFB0020012101F002FB012003F02CF919
:1047C0000020002101F0FBFA00205221222201F0FA
:1047D0006CFB0020012101F0F2FA012003F01CF92A
:1047E0000020002101F0EBFA00201421122201F038
:1047F0005CFB0020012101F0E2FA012003F00CF93A
:104800000020002101F0DBFA00205121362201F0C6
:104810004CFB0020012101F0D2FA012003F0FCF84A
:104820000020002101F0CBFA00205221442201F0A7
:104830003CFB0020012101F0C2FA012003F0ECF85A
:104840000020002101F0BBFA002053210D2201F0CD
:104850002CFB0020012101F0B2FA012003F0DCF86A
:104860000020002101F0ABFA00206321002201F0BA
:104870001CFB0020012101F0A2FA012003F0CCF87A
:104880000020002101F09BFA00206421002201F0A9
:104890000CFB0020012101F092FA012003F0BCF88A
:1048A0000020002101F08BFA00206521082201F090
:1048B000FCFA0020012101F082FA012003F0ACF89B
:1048C0000020002101F07BFA00206621002201F087
:1048D000ECFA0020012101F072FA012003F09CF8AB
:1048E0000020002101F06BFA00206821002201F075
:1048F000DCFA0020012101F062FA012003F08CF8BB
:104900000020002101F05BFA00206921002201F063
:10491000CCFA0020012101F052FA012003F07CF8CA
:104920000020002101F04BFA00204D2101F097FA00
:1049300006460020012101F042FA012068F39F168B
:1049400003F06AF80020002101F039FA00204D211F
:10495000324601F0AAFA0020012101F030FA0120CC
:1049600003F05AF80020002101F029FA00207621F6
:10497000002201F09AFA0020012101F020FA012022
:1049800003F04AF80020002101F019FA00204E211E
:104990000F2201F08AFA0020012101F010FA012013
:1049A00045F0400503F038F80020002101F007FA37
:1049B00000204F212A4601F078FA0020012101F061
:1049C000FEF9012003F028F80020002101F0F7F99A
:1049D000002050212A4601F068FA0020012101F050
:1049E000EEF9012003F018F80020002101F0E7F9AA
:1049F00000207621002201F058FA0020012101F068
:104A0000DEF9012003F008F80020002101F0D7F9B9
:104A100000207721952201F048FA0020012101F0C1
:104A2000CEF9012002F0F8FF0020002101F0C7F9C3
:104A300000207621012201F038FA0020012101F046
:104A4000BEF9012002F0E8FF0020002101F0B7F9D3
:104A500000207B21042201F028FA0020012101F02E
:104A6000AEF9012002F0D8FF0020002101F0A7F9E3
:104A700000207621002201F018FA0020012101F027
:104A80009EF9322002F0C8FF012001F071F90EE01A
:104A900049F63670C0F60100009049F6FF40C0F6B6
:104AA00001000021012200230194EFF77FFCA4F113
:104AB0004700B0FA80F0400902B05DF8048BF0BD09
:104AC000F0B503AF2DE9000B2DED0E8B41F24058F0
:104AD000C2F20008044698F8020098F8031098F80B
:104AE000042098F8053041EA002001B243EA02228E
:104AF00098F8063098F8076015B200EE101A46EAEA
:104B00000323B8EEC08A00EE105A1EB2B8EEC09A67
:104B1000A4F8D0000020B0EE480A0AEE106AA4F80B
:104B2000D220A4F8D4302070EBF772FC9FEDC8BA05
:104B30009FEDC8DAB4EE4B0AB0EE490AF1EE10FA76
:104B4000C4BF01202070B8EECAAAEBF761FCB4EE36
:104B50004B0AB0EE4A0AF1EE10FAC4BF01202070F1
:104B600028EE0DCA29EE0D8AEBF752FCB4EE4B0A83
:104B7000F1EE10FAC4BF0120207004F138000021CA
:104B80000C222AEE0D9A4FF00009EDF7EBF8606960
:104B900094ED0E1A90ED000A94ED0F2A20EE0C0A07
:104BA00030EE010A84ED0E0A90ED031A94ED103AEE
:104BB00021EE0C1A31EE021A84ED0F1A90ED062A3E
:104BC00098F8091022EE0C2A32EE032A84ED102AFE
:104BD00090ED013A98F80A2023EE083A33EE000AE5
:104BE00084ED0E0A90ED043A98F80B3023EE083A63
:104BF00033EE011A84ED0F1A90ED073A43EA0222D0
:104C000023EE083A33EE022A84ED102A90ED023AA0
:104C100098F80C3023EE093A33EE000A84ED0E0AC0
:104C200090ED050A98F80D5020EE090A30EE010AC1
:104C300084ED0F0A90ED080A98F8080020EE090AA2
:104C400041EA002030EE020A01B284ED100A16B2E9
:104C500000EE101A45EA0323B8EEC09A00EE106A7F
:104C60001DB2B8EEC08AB0EE490A0AEE105AA4F896
:104C7000D600A4F8D820A4F8DA3084F80190EBF735
:104C8000C7FB9FED75CAB4EE4B0A9FED74DAB0EE28
:104C9000480AF1EE10FAC4BF0120607089EE0CEAF8
:104CA000B8EECA9AEBF7B4FBB4EE4B0A88EE0C0AE6
:104CB000F1EE10FAC4BF012060702EEE0DAA20EEB6
:104CC0000D8AB0EE490AEBF7A3FBB4EE4B0A89EE6E
:104CD0000C0AF1EE10FAC4BF0120607004F1440028
:104CE00000210C2220EE0D9AEDF73CF8606994ED5E
:104CF000111A90ED000A94ED122A20EE0A0A30EE05
:104D0000010A84ED110A90ED031A94ED133A21EE95
:104D10000A1A31EE021A84ED121A90ED062A94ED69
:104D2000014A22EE0A2A32EE032A84ED132A90ED7C
:104D3000013A23EE083A33EE000A84ED110A90EDB1
:104D4000043A23EE083A33EE011A84ED121A90ED7C
:104D5000073A23EE083A33EE022A84ED132A90ED47
:104D6000023A23EE093A33EE000A84ED110A90ED7F
:104D7000053A30EE440A23EE093A33EE011A84ED87
:104D8000121A90ED083A94ED034A23EE093A33EEF5
:104D9000022A94ED023A94F8FC0031EE43AA32EE76
:104DA000448A84ED110A84ED12AA84ED138AA0B31B
:104DB000D4F8F8000130C4F8F80010EE100AEDF74E
:104DC00041FF94ED380B02460B4694ED3ABB94ED4F
:104DD0003C9B51EC100BEDF7D7FD41EC100B1AEE9C
:104DE000100A84ED380BEDF72DFF02460B4651EC0F
:104DF0001B0BEDF7C9FD41EC100B18EE100A84ED0A
:104E00003A0BEDF71FFF02460B4651EC190BEDF77D
:104E1000BBFD41EC100B84ED3C0B98F8000098F8BA
:104E200001109FED0F1A41EA002000B200EE100AB7
:104E3000B8EEC00A80EE010AB3EE091A30EE010A9C
:104E400084ED090ABDEC0E8BBDE8000BF0BD00BF80
:104E500000FCFF46000000396F12834235FA8E3C99
:104E6000E17A044380B56F4682B0EFF30581A9B1C2
:104E70000021006A019101A902F03EF8019850B1A9
:104E80004EF60450CEF200004FF080510160BFF3A7
:104E90004F8FBFF36F8F02B080BD00BF006A00214B
:104EA0000022002302B0BDE8804001F03BBE0000BC
:104EB000B0B502AF82B0044600200121002500F009
:104EC0007EFFEFF3058098B1E06901A9019502F03A
:104ED00013F8019850B14EF60450CEF200004FF096
:104EE00080510160BFF34F8FBFF36F8F02B0B0BD31
:104EF000E06900210022002302B0BDE8B04001F0CB
:104F000011BED0E908C318466047D0E90021084621
:104F100010470000D0B502AFD0ED090A00F17804C7
:104F20009FED0A0A9FED0A1A204600F0ADF9012014
:104F3000F4F730FFF4F775FFC0087C2888BFD0BDB8
:104F40002046BDE8D04000F08FB900BF00003442D9
:104F50006F12833A80B56F4684B0017E0446FFF736
:104F60001FFB40B9012002F057FD217E2046FFF7CC
:104F700017FB0028F6D00120F4F7FDFE04F13809F4
:104F800004F144064FF000084FF0805A0DF1080B71
:104F9000EFF3058088B927E049F6FF4049F65375DD
:104FA000C0F60100002101220023C0F60105009592
:104FB000EFF7FCF9EFF30580B0B1206A00215A4603
:104FC000CDF8088002F0C2F9029949B14EF60451B9
:104FD000CEF20001C1F800A0BFF34F8FBFF36F8F77
:104FE0000128D9D106E000BF206A142102F0D0F8D0
:104FF0000128D1D10020002100F0E1FE41F2405211
:1050000000201D21C2F200020E23CDF8008000F026
:105010006FFFEFF3058098B1E069002103AACDF896
:105020000C8002F093F9039878B14EF60450CEF25A
:105030000000C0F800A0BFF34F8FBFF36F8F04E0F4
:10504000E0694FF0FF3102F0A3F82046FFF738FD8A
:10505000EFF30585206B49460C220123002D18BF74
:1050600001250095EFF722FBEFF30585606B3146D4
:105070000C220123002D18BF01250095EFF716FB28
:10508000EFF30580002898D1AEE700004EF60C50F3
:10509000BFF34F8FCEF200000168042201F4E061FB
:1050A000C0F2FA5211430160BFF34F8F00BFFDE71A
:1050B000B0B502AFB9B349F66A73A1F1010C11F0B2
:1050C000030EC0F6010318D0044614F8015BBEF1CC
:1050D000010F82EA05029A5C06D161462046BCF1C6
:1050E000030F0DD21FE000BF4478BEF1020F82EA29
:1050F00004029A5C1AD102390230BCF1030F12D3B8
:10510000043800BF10F8045FD2B26A409A5C457858
:1051100084786A409A5CC57862409A5C043982EA75
:1051200005029A5CEED1D0B2B0BD00BF85780339DC
:105130006A409A5C0330BCF1030FE1D2F3E7000050
:1051400002293CBF00207047F0B503AF4DF804BD05
:10515000A1F1010E0239032949F66A710EF0030C20
:10516000C0F6010102D2FF23024619E02EF003042B
:10517000FF23024612F8045B043C83EA050312F89D
:10518000036CCB5C12F8025C83EA0603CB5C12F87A
:10519000016C83EA0503CB5C83EA0603CB5CE9D1AF
:1051A000BCF1000F10D01478BCF1010F83EA0403A6
:1051B000CB5C09D05478BCF1020F83EA0403CB5CCA
:1051C00002D092785A408B5C10F80E00181AB0FA90
:1051D00080F040095DF804BBF0BD00004EF60C50B5
:1051E000BFF34F8FCEF200000168042201F4E061AA
:1051F000C0F2FA5211430160BFF34F8F00BFFDE7C9
:10520000F0B503AF4DF804BD2DED028B8E4604467C
:105210008446BEE82D00B0EE408AACE82D009EE842
:105220006D008CE86D00D1ED060A002504F1380010
:10523000C4E90A55C4E90C5500F08AF9B7EE000A32
:1052400080EE080AC4E90A55C4E90C5584ED090A40
:105250009FED040A00F026FA2046BDEC028B5DF8B3
:1052600004BBF0BD0000000000229FED050A0146CE
:10527000C0E90A22026338304A6300F013BA00BF63
:105280000000000000000000F0B503AF4DF804BDC1
:105290002DED0E8B9FED88CAB0EE418AB0EEC01A9C
:1052A000B4EE4C1AF1EE10FA044600F0F68080F1EC
:1052B000F480FFE7B0EEE01AB4EE4C1AB0EE609A5C
:1052C000F1EE10FA00F0E98080F1E78000E000BF25
:1052D000B0EEC81AB4EE4C1AF1EE10FA00F0DD8010
:1052E00080F1DB8000E000BF207F002852D09FEDDE
:1052F00073AAF0EE4A0AEBF72DF9B0EE40BA30EEA1
:105300000A0AB5EE40BAF1EE10FA48BFB0EE40BA64
:10531000B0EE490AF0EE4A0AEBF71CF9B5EE400A86
:1053200030EE0A1AF1EE10FA48BFB0EE410A3BEE39
:1053300040BA1BEE100AEDF785FC9FED5B0B41ECCC
:105340001D0B56EC105B2A463346EDF759FF78B13A
:105350009FED5BEA3BEE0EBA1BEE100AEDF772FC16
:105360002A46334641EC1D0BEDF74AFF0028F1D1E8
:105370009FED4F0B51EC1D0B56EC105B2A4633464C
:10538000EDF72AFF40B13BEE0ABA1BEE100AEDF72B
:1053900059FCF3E730EE49BA94ED000A04F1380005
:1053A0002BEE00DA20EE090A00F04AF9B0EE409A3E
:1053B00094ED0C0AD4ED090A39EE40AAB0EE480A81
:1053C000EBF72EF88AEE000A9FED3E2A84ED0BBA29
:1053D00084ED0C9A9FED3C9AB0EEC01AB4EE4C1AD4
:1053E000F1EE10FA48BFB0EE402AC8BFB0EE402A36
:1053F00094ED010A94ED033A94ED021A94ED0A4AF1
:1054000023EE022A2DEE000A30EE42AA2DEE080A03
:1054100030EE048AB4EE491AF1EE10FA28EE01BA21
:1054200020DDB0EEC80AB4EE4C0AF1EE10FA19D045
:1054300018D6FFE73AEE0B0AEAF7EAFF94ED051AF1
:10544000B4EE410AF1EE10FA0CD8B0EE480AEAF7D1
:10545000DFFF94ED041AB4EE410AF1EE10FA98BFA2
:1054600084ED0A8A94ED080A3BEE000A3AEE000A3F
:10547000B0EEC01AB4EE4C1AF1EE10FA0DD00CD604
:1054800000E000BFD4ED050AF4EE490AF1EE10FA8F
:10549000C8BF00F024F884ED0D0A94ED0D0ABDECB0
:1054A0000E8B5DF804BBF0BD182D4454FB21094060
:1054B000182D4454FB2109C00000807FDB0FC94038
:1054C000DB0FC9C000000000BD37863580B56F46D0
:1054D000EBF76AF8B7EE001A81EE000A80BDB1EE74
:1054E000601AB4EE401AF1EE10FA48BFB0EE401A5E
:1054F000B4EE601AF1EE10FAC8BFB0EE601AB0EE6A
:10550000410A704790ED001AB4EE401AF1EE10FA1D
:10551000C8BFB0EE410AB4EE600AF1EE10FAC8BF9F
:10552000B0EE600A80ED000A704700004EF60C50A5
:10553000BFF34F8FCEF200000168042201F4E06156
:10554000C0F2FA5211430160BFF34F8F00BFFDE775
:10555000D0B502AF2DED0A8BF5EE400A0446C0ED42
:10556000000A0020F1EE10FAA061E06152D980EE4D
:10557000200A10EE100AEDF765FB9FED2D0B024699
:105580000B4651EC100BEDF7DFFCEDF763FE00EE80
:10559000100AEAF77FFF9FED299AB0EE408AB0EE3D
:1055A000490AEAF7FDFE30EE000A20EE080AB7EEDF
:1055B00000AA30EE0A0A28EE08BABFEE001A3BEE47
:1055C00000CA3BEE011A8BEE0C0A31EE011A81EE95
:1055D0000C1A30EE002A84ED030A84ED050AB0EEC1
:1055E000490A84ED042A84ED011AEAF7D9FEB8EEDF
:1055F000001A20EE010A20EE080A30EE0A0A3BEEFD
:10560000000A80EE0C0A204684ED020ABDEC0A8BEB
:10561000D0BD00BF4FF07E519FED070AC4E90310D3
:1056200060616060204684ED020ABDEC0A8BD0BD4B
:10563000182D4454FB21094000000000DB0F493FB6
:1056400090ED011A90ED066A90ED022A90ED077A2E
:1056500026EE011A30EE411A27EE022A31EE421AE6
:105660009FED0F2A90ED033A90ED044AF0EEC10A47
:1056700090ED055AF4EE420AF1EE10FA08BFB0EED2
:10568000401A26EE040A21EE032A32EE000A27EE23
:10569000052A32EE000A80ED061A80ED076A70478F
:1056A0000000807F90ED031A90ED042A90ED053AFA
:1056B00031EE024A34EE034A80EE044A9FED187A36
:1056C00090ED015A90ED026AF0EEC40AF4EE470A3A
:1056D000F1EE10FA08BFB0EE404A68BFB0EE404AA3
:1056E00024EE055A30EE455A24EE066A35EE465A47
:1056F000B0EEC56AB4EE476AF1EE10FA08BFB0EE3C
:10570000405A22EE040A25EE011A31EE000A24EE78
:10571000031A31EE000A80ED065A80ED074A704701
:105720000000807F4EF60C50BFF34F8FCEF200008A
:105730000168042201F4E061C0F2FA5211430160F1
:10574000BFF34F8F00BFFDE780B56F4682B00068A2
:1057500046F20042C4F20002904241F2B850C2F256
:10576000000018BF083000210068019101A901F074
:10577000C3FB019850B14EF60450CEF200004FF03A
:1057800080510160BFF34F8FBFF36F8F02B080BDB8
:1057900080B56F4682B0006846F20042C4F2000253
:1057A000904241F2B850C2F2000018BF0830002108
:1057B0000068019101A901F09FFB019850B14EF6DC
:1057C0000450CEF200004FF080510160BFF34F8FC4
:1057D000BFF36F8F02B080BD80B56F4682B00068A6
:1057E00046F20042C4F20002904241F2B850C2F2C6
:1057F000000018BF083000210068019101A901F0E4
:105800007BFB019850B14EF60450CEF200004FF0F1
:1058100080510160BFF34F8FBFF36F8F02B080BD27
:10582000F0B503AF2DE9000B86B001200021032263
:105830004FF00108002601F0B3F841F2B85140F6EC
:105840009854C2F20001C2F200046D4608604FF0A5
:10585000020920462946CDE90066CDE90298CDE946
:105860000466F5F74FF84FF080408DE801032046BD
:105870002946CDE903860596F5F744F82046F5F765
:1058800073F8204601210022F5F7B0F920464FF4C5
:1058900000710022F5F7AAF906B0BDE8000BF0BDD3
:1058A000F0B503AF2DE9000F87B0006846F2004164
:1058B000C4F20001441A41F2505918BF0124884231
:1058C000C2F200094FF0D00040F6985B14FB00953F
:1058D000C2F2000B05F1280618BF4FF0000B584626
:1058E00040212A463346F5F7C5F818B107B0BDE8A0
:1058F000000FF0BD6100682041F2B85811FB009024
:10590000C2F2000800F1180A049108EB41110C30B2
:10591000039001F1200001F11C0901F10C02029039
:1059200001F110000192009009E000BFA047584625
:1059300040212A463346F5F79DF80028D6D1D8F8FD
:105940000800DAF800100130C8F8080091B1D9F861
:105950000040002CEBD0039849F200514088C0F67B
:105960000101085C29680590029805AA036804985B
:105970000696DBE701980468002CD8D000982968C7
:10598000036804983246D1E741F2B85CC2F2000CD9
:105990000CEB401000EBC1010020CA600B617047A6
:1059A000F0B503AF4DF8048D8AB0002918BF01216E
:1059B0000546880708210290002004914FF000411D
:1059C0000390CDE9051007904FF4000040F698567B
:1059D00041F2B854984608900120C2F20006C2F283
:1059E00000040192099000BF3068D0F8C400800222
:1059F0000CD554F825000A2101F0CAFB0028F3D188
:105A000005200AB05DF8048BF0BD00BF002D18BF63
:105A1000002601A930464246F4F7BCFF002818BF13
:105A200001200AB05DF8048BF0BD0000F0B503AFB3
:105A30004DF8048D8AB00546002918BF0121B868C9
:105A4000890798460291002108280192039107D8FE
:105A50004AF26C01C0F6010151F8200014E000BFC9
:105A6000182809D809384AF26C0120F00300C0F662
:105A700001010844406A07E01F2801D80D2003E017
:105A80002F288CBF0F200E2004904FF0004005906F
:105A90004FF4801006904FF4001040F6985641F2F3
:105AA000B85407900020C2F20006C2F20004CDE90B
:105AB000080000BF3068D0F8C400800212D56068CA
:105AC0000A2821D854F82500012101F061FB0028A3
:105AD000F0D160680130606005200AB05DF8048B89
:105AE000F0BD00BF0020002D18BF0646606001A970
:105AF00030464246F4F74EFF002818BF01200AB096
:105B00005DF8048BF0BD00BF01200AB05DF8048B86
:105B1000F0BD0000B0B502AF40F214450446C00726
:105B2000C4F2010508D041F2E4502C60C2F200003A
:105B3000016809B140688847A00708D541F2E450E0
:105B40002C60C2F20000816809B1C0688847600714
:105B500008D541F2E4502C60C2F20000016909B19D
:105B600040698847200708D541F2E4502C60C2F212
:105B70000000816909B1C0698847E00608D541F293
:105B8000E4502C60C2F20000016A09B1406A884703
:105B9000A00608D541F2E4502C60C2F20000816AF0
:105BA00009B1C06A8847600608D541F2E4502C600C
:105BB000C2F20000016B09B1406B8847200608D58E
:105BC00041F2E4502C60C2F20000816B09B1C06B5D
:105BD0008847E00508D541F2E4502C60C2F200008D
:105BE000016C09B1406C8847A00508D541F2E4502A
:105BF0002C60C2F20000816C09B1C06C884760055E
:105C000008D541F2E4502C60C2F20000016D09B1E8
:105C1000406D8847200508D541F2E4502C60C2F25F
:105C20000000816D09B1C06D8847E00408D541F2DC
:105C3000E4502C60C2F20000016E09B1406E88474A
:105C4000A00408D541F2E4502C60C2F20000816E3D
:105C500009B1C06E8847600408D541F2E4502C6059
:105C6000C2F20000016F09B1406F8847200458BF9D
:105C7000B0BD41F2E4502C60C2F20000816F19B156
:105C8000C06FBDE8B0400847B0BD00004AF2AC03A9
:105C9000C0F6010333F83000C30723D1830725D4AE
:105CA000430727D4030729D4C3062BD483062DD456
:105CB00043062FD4030631D4C30533D4830535D42A
:105CC000430537D4030539D4C3043BD483043DD4FE
:105CD00043043FD400045CBF012070474FF00F0C19
:105CE0003AE000BF4FF0000C36E000BF4FF0010C6F
:105CF00032E000BF4FF0020C2EE000BF4FF0030C6B
:105D00002AE000BF4FF0040C26E000BF4FF0050C66
:105D100022E000BF4FF0060C1EE000BF4FF0070C62
:105D20001AE000BF4FF0080C16E000BF4FF0090C5E
:105D300012E000BF4FF00A0C0EE000BF4FF00B0C5A
:105D40000AE000BF4FF00C0C06E000BF4FF00D0C56
:105D500002E000BF4FF00E0C41F2E453C2F2000328
:105D600003EBCC004260002043F83C107047000079
:105D7000012807D0052807D004281CBF0120704740
:105D8000282002E0062000E0172080B56F46F1F7DA
:105D900044FF002080BD0000012807D0052807D05F
:105DA00004281CBF01207047282002E0062000E0E4
:105DB000172080B56F46F1F740FF002080BD80B509
:105DC0006F464AF2AC03C0F6010303EBC00252680F
:105DD00033F830308C46104619466246F5F767F9BD
:105DE000002080BD80B56F464AF2AC01C0F60101CB
:105DF00001EBC002526831F830101046F5F752F945
:105E0000002818BF012080BD006843F60041C4F29D
:105E100000010322884201F5744108BF0122401AA3
:105E200018BF1046032808BF704741F26461C2F2F0
:105E3000000101EB0010816811B1C068084700BF84
:105E4000704741F2646CC2F2000C0CEB001000EBE6
:105E5000C10C40F831200020CCF80430704780B5E8
:105E60006F4682B041F0800140F6606207F8021C84
:105E70000021C2F2000207F8011C012818BF0A46DF
:105E800040F6FC51C2F20001002818BF1146BA1EAC
:105E90004FF00A0C084611460223CDF800C0F5F772
:105EA0002FFD17F8010C02B080BD80B56F4682B09F
:105EB00001F07F0107F8021C07F8012C40F6606131
:105EC00040F6FC52C2F200010128C2F2000218BFE3
:105ED0000021002818BF0A46B91E104602220A23D4
:105EE000F5F7B2FA002818BF012002B080BD00000B
:105EF000F0B503AF4DF8048D82B041F0800107F892
:105F0000111C40F66061C2F2000140F6FC56012807
:105F100018BF0021C2F200061D461446D7F80880BB
:105F2000002818BF0E46A7F11101304601220A23AE
:105F3000F5F78AFAAAB230462146B8F1000F03D02D
:105F40000A23F5F7AFFB01E0F5F776FE002818BF4E
:105F5000012002B05DF8048BF0BD0000F0B503AF86
:105F60004DF8048D84B04AF2E400C0F60100826866
:105F7000D0E9001041F28464C2F2000445F2786670
:105F80004FF600050392CDE9011020464FF0FF3196
:105F90004FF40062C1F23426C0F60105EBF7E2FED1
:105FA00001A920460C22EBF7C7FD562084F8FF0715
:105FB0002868B04206D14FF6FF70C0F601000078A5
:105FC000562802D0284600F057F84FF20008C0F6D5
:105FD0000108D8F80000B04202D0404600F04CF86A
:105FE00015F8010C56283AD04FF606004FF6050179
:105FF000C0F60100C0F601014FF6070200780978EB
:10600000C0F60102127841EA002040EA024018B3CB
:10601000F1F7D2FF18BB42F21800C4F20200016887
:1060200008F5FF6441F0404101604CF2FA31264628
:10603000454640F8081C00BF56F8082F002073683A
:106040002946F1F70FFEA54203D2002805F1080505
:10605000F2D0F1F7C8FF02E0404600F00DF841F23F
:106060008460C2F2000041464FF40062EBF764FD29
:1060700004B05DF8048BF0BDF0B503AF4DF8048DAE
:1060800086B042F2180500260446C4F202050196C5
:10609000F1F792FF28684CF2FA3840F0404028604F
:1060A000012045F8088C0590039004F17840C00A5F
:1060B000049002A801A90296F1F7FAFFF1F793FF05
:1060C000F1F77AFF20B106B05DF8048BF0BD00BF98
:1060D000286814F5006F40F04040286045F8088CAF
:1060E00014D241F28460C2F2000004F50065A0F110
:1060F000080600BF56F8082F002073682146F1F704
:10610000B1FD0834AC4201D20028F3D0F1F76BFFA7
:1061100006B05DF8048BF0BDF0B503AF2DE9000FBC
:1061200085B042F2180B4FF00009C4F2020BCDF813
:106130000090F1F741FFDBF800004CF2FA3840F034
:106140004040CBF800003F204BF8088C4FF0010A8C
:10615000039001A86946CDF810A0CDF808A0CDF8AD
:106160000490F1F7A5FFF1F73EFFF1F725FF00BB23
:10617000DBF800004FF60004C0F601044EF6F87696
:1061800040F04040C0F6010604F5FF65CBF8000082
:106190004BF8088C56F8082F002073682146F1F759
:1061A00061FDAC4203D2002804F10804F2D0F1F7FB
:1061B0001AFFCDF80090F1F7FFFEDBF8000069460A
:1061C00040F04040CBF800003E204BF8088C039094
:1061D00001A8CDF810A0CDF808A0CDF80490F1F7F3
:1061E00067FFF1F700FFF1F7E7FE18B105B0BDE872
:1061F000000FF0BDDBF800004EF6F87140F04040B3
:10620000CBF800004CF2FA304BF8080C41F28460F5
:10621000C0F60101C2F20000A0F1080501F1080476
:1062200001F5006655F8082F00206B682146F1F74C
:1062300019FDB44203D2002804F10804F2D0F1F7AA
:10624000D2FE05B0BDE8000FF0BDF0B503AF4DF8CC
:10625000048D86B000240194F1F7AEFE42F21805D9
:10626000C4F2020528684CF2FA3840F04040286039
:106270003F2045F8088C0126049002A801A9059644
:1062800003960294F1F714FFF1F7ADFE0194F1F7D4
:1062900093FE286801A940F0404028603E2045F860
:1062A000088C049002A8059603960294F1F700FF6B
:1062B000F1F799FE06B05DF8048BF0BDF0B503AFC1
:1062C0002DE9000F81B041F2846AC2F2000A9046C3
:1062D000524612F8053F8B465178927843EA0121E5
:1062E00041EA0241814689B3544614F8040F28B3A9
:1062F0000AF10404254600BF05F108014846EBF702
:10630000D3FE002800F0C68015F804CF15F8031D51
:10631000AA796B78AE7868792D7940EA02204CEA48
:10632000052241EA032142EA004041EA06410844CD
:10633000044414F8080F00282546DDD104F10801B3
:106340004846EBF7B1FE002800F0A4804846CDF89F
:1063500000B0ECF775F8524612F8051F00F1010B7A
:106360005378967841EA032141EA0641002900F07A
:10637000D580554615F8040F002800F0D58050460A
:1063800010F8082F9AF809308678C07842EA03227C
:1063900046EA002042EA0040084400EB0A0515F8EE
:1063A0000C0F00286AD000BF284610F8011FAA78F9
:1063B000807841EA02212A4612F8046F6B7941EA9B
:1063C00000409178D27846EA032341EA022143EA69
:1063D00001410844054415F8080F00284ED028460E
:1063E00010F8011FAA78807841EA02212A4612F8A3
:1063F000046F6B7941EA00409178D27846EA032332
:1064000041EA022143EA01410844054415F8080F16
:10641000A0B3284610F8011FAA78807841EA02212B
:106420002A4612F8046F6B7941EA00409178D278DD
:1064300046EA032341EA022143EA014108440544B4
:1064400015F8080FD0B1284610F8011FAA788078F7
:1064500041EA02212A4612F8046F6B7941EA0040B2
:106460009178D27846EA032341EA022143EA0141C6
:106470000844054415F8080F002895D1284610F85F
:10648000011FAA78807841EA0221C44641EA00410E
:106490004BE000BF504610F8051F4278807841EA73
:1064A000022141EA0040002800F08C80544614F894
:1064B000040F30B30AF104052C4600BF04F10801B3
:1064C0004846EBF7F1FD002800F0828014F804CF75
:1064D00014F8031DA2796378A6786079247940EADC
:1064E00002204CEA042241EA032142EA004041EA48
:1064F00006410844054415F8080F00282C46DDD154
:106500002C4604F108014846EBF7CEFD00285FD089
:10651000032001B0BDE8000FF0BD00BFC446A2F1EA
:106520000108D41D002512E0C446284610F8042FA7
:106530006B798678C07842EA032246EA002042EA74
:1065400000400844284400F1080800F1100408EB5A
:106550000C00584408300AF2FF71884204D9022026
:1065600001B0BDE8000FF0BD204649465A466646D8
:10657000EBF7E2FA009904EB0B003246EBF7DCFA9A
:106580004FEA1B2188F80210414601F801BF4FEA8B
:106590001B4200208A70310A88F8000088F8051034
:1065A00008F8046F310E88F80310310C002D88F8BC
:1065B0000210AED001202870002001B0BDE8000F0D
:1065C000F0BD00BF032001B0BDE8000FF0BD00BF6B
:1065D000204610F8041F42788378C07841EA0221EF
:1065E00043EA002041EA0040404513D1204610F81C
:1065F000011FA278807841EA022141EA004020444C
:10660000083059464246EBF797FA002001B0BDE842
:10661000000FF0BD012001B0BDE8000FF0BD00008B
:10662000F0B503AF4DF8048D41F28461C2F2000170
:106630000A4612F8053F5678927843EA062343EA61
:106640000242AAB30D46804615F8040F18B30E1D7A
:10665000354600BF05F108014046EBF725FD10B3B4
:1066600015F804CF15F8031DAA796B78AC78687912
:106670002D7940EA02204CEA052241EA032142EA50
:10668000004041EA04410844064416F8080F002877
:106690003546DFD1354605F108014046EBF704FDEC
:1066A000002818BF002528465DF8048BF0BD00BF08
:1066B000002528465DF8048BF0BD014611F8012F36
:1066C0008378897842EA032242EA0141084408308B
:1066D00070470000F0B503AF4DF804BD044601F06B
:1066E000DEF841F68463C2F20003186820B104F1B9
:1066F0000802092A26D22BE041F69470C2F200006B
:10670000C21D22F0070210F00701A0EB020618BF1D
:106710001046002245F2AF45C3E90502002918BF23
:1067200035444119083921F007011960C1E90022F7
:106730001A68091AC0E90021C3E9011104F108022D
:10674000092A05D314F0070010D00938824209D96C
:10675000002401F0ADF8600762D120465DF804BB6B
:10676000F0BD00BF04F1100020F00702012A4FF035
:10677000000450DB586882424DD81E4656F814EF8C
:10678000DEF8044094422CD2DEF80010C1B170460D
:106790004C68944218D20D68B5B16C68944217D217
:1067A0002E68AEB17468944216D23068A0B14468C5
:1067B000944215D2016886460029E9D111E000BF54
:1067C00003F114060DE000BF8E46064609E000BF47
:1067D000AE460E4605E000BFB6462E4601E000BFBD
:1067E00086461868864515D0D6F800C0DEF8001039
:1067F000A01A112831604CD30EEB0204610719D0A6
:106800004FF0500080F31188BFF36F8FBFF34F8FAD
:10681000FEE700BF002401F04BF860073FF49DAF96
:106820004FF0500080F31188BFF36F8FBFF34F8F8D
:10683000FEE700BF606003F11400CEF80420016899
:10684000A1420BD20868A0420CD20168A14205D235
:1068500008680A46A042F2D305E000BF0246084697
:1068600001E000BF0A46556861685619A64202D188
:106870002944144651606518854206D11D68A84216
:1068800003D0D0E9000529446160A242206018BF0E
:106890001460DEF80400D3E901120CF10804091AAF
:1068A00040F000409142596038BF9960CEF8040032
:1068B000D86800210130CEF80010D86000F0F8FF51
:1068C0006007ADD149E70000B0B502AF002808BFAE
:1068D000B0BD044650F8040C002809D44FF0500015
:1068E00080F31188BFF36F8FBFF34F8FFEE700BFB8
:1068F000A4F10805296849B14FF0500080F31188D0
:10690000BFF36F8FBFF34F8FFEE700BF20F0004053
:1069100044F8040C00F0C3FF41F6846CC2F2000C92
:1069200054F8042CDCF804101144CCF804100CF1D9
:10693000140100BF0B68AB420AD21968A94229D2E0
:106940000B68AB4204D219681C46A942F2D301E09D
:106950000C4619466368E018A84202D11A4425463D
:106960006260A818884207D1DCF80000814203D099
:10697000D1E9001010446860AC42296018BF25605E
:10698000DCF810000130CCF81000BDE8B04000F099
:106990008FBF00BF1C466368E018A842E1D1DDE765
:1069A000F0B503AF4DF8048DD0B305460E46A0FBFD
:1069B0000101A9BB06FB05F010F1490F30D84830A2
:1069C000FFF788FE4FF0000828B30446002E18BFDA
:1069D00048302060C4E90F5601F0C2FD2068D4E9B8
:1069E0000F12C4F8388002FB0103013901FB0201D8
:1069F000C4E90103FF20E16084F8440084F8450005
:106A000004F1100001F0B9FE04F1240001F0B5FE1C
:106A100001F0CAFDA04640465DF8048BF0BD00BF02
:106A20004FF0500080F31188BFF36F8FBFF34F8F8B
:106A3000FEE7B0B502AF4820FFF74CFE4FF000056F
:106A400058B3044600600120C4E90F0501F088FD39
:106A50002068D4E90F12A56302FB0103013901FB91
:106A60000201C4E90103FF20E16084F8440084F8D6
:106A7000450004F1100001F080FE04F1240001F053
:106A80007CFE01F091FD20460021002200232560BC
:106A9000C4E9025500F046F825462846B0BD00007E
:106AA000F0B503AF4DF8048D90B30446884681429B
:106AB0002ED84820FFF70EFE4FF0000618B305460B
:106AC0000060C0E90F4601F04BFD2868D5E90F12C0
:106AD000AE6302FB0103013901FB0201C5E90103B9
:106AE000FF20E96085F8440085F8450005F11000B5
:106AF00001F043FE05F1240001F03FFE01F054FDDA
:106B00002E46C5F8388030465DF8048BF0BD00BFD6
:106B10004FF0500080F31188BFF36F8FBFF34F8F9A
:106B2000FEE70000F0B503AF2DE9000F85B0049239
:106B3000C0B11D4616468B460446E9B1022D03D16D
:106B4000E06B012840F0888001F056FA10BB0EB3CC
:106B50004FF0500080F31188BFF36F8FBFF34F8F5A
:106B6000FEE700BF4FF0500080F31188BFF36F8F36
:106B7000BFF34F8FFEE700BF206C0028DED04FF040
:106B8000500080F31188BFF36F8FBFF34F8F00BFAA
:106B9000FEE700BF01F0E4FCA06B022D66D0E16BC4
:106BA000884263D3002E53D004F110000DF1080980
:106BB0000190484601F0CDF90DF1100A01F0F4FC06
:106BC00000F06DFE01F0CCFC94F84400FF2804BFF7
:106BD000002084F8440094F84500FF2804BF0020FA
:106BE00084F8450001F0E0FC4846514601F0BAF94E
:106BF000002867D101F0B4FCA66BD4F83C8001F00A
:106C0000D3FC464516D10499019801F0D9F82046E5
:106C100000F0A4F800F04CFE88B94EF60450CEF215
:106C200000004FF080510160BFF34F8FBFF36F8FB3
:106C300005E000BF204600F091F800F039FE01F0B9
:106C40008FFCA06BE16B884210D304980028B5D16B
:106C500001F0AAFC3BE000BF4FF0500080F3118828
:106C6000BFF36F8FBFF34F8FFEE700BF204659463B
:106C70002A4600F031F854F8241F79B1204601F07B
:106C8000EFF8B8B14EF60450CEF200004FF080514C
:106C90000160BFF34F8FBFF36F8F0BE050B14EF623
:106CA0000450CEF200004FF080510160BFF34F8FCF
:106CB000BFF36F8F01F078FC012005B0BDE8000F35
:106CC000F0BD00BF204600F049F800F0F1FD0020C3
:106CD00005B0BDE8000FF0BDF0B503AF4DF804BD41
:106CE000866B036C0446DBB115461AB3E0681A469E
:106CF000EAF722FFE168206C2268091A9142E160FC
:106D000003D2A16840420844E060A81EB0FA80F0B7
:106D100040093146002E18BF01210840361A16E0FE
:106D200020680025A0B9A06801F0DCF9A56005463F
:106D30000EE000BF60681A46EAF7FEFE216CD4E957
:106D4000010208449042606001D320686060002521
:106D5000711C2846A1635DF804BBF0BDF0B503AF1C
:106D60004DF8048D044601F0FBFB94F94560012EBB
:106D70000FDB04F1240500BF286850B1284601F05C
:106D80006FF8002818BF01F030F970B2013E0128F9
:106D9000F2DC4FF0FF0884F8458001F005FC01F0BB
:106DA000DFFB94F94460012E0FDB04F1100500BFF6
:106DB000286850B1284601F053F8002818BF01F0A8
:106DC00014F970B2013E0128F2DC84F844805DF8C9
:106DD000048BBDE8F04001F0E7BB0000F0B503AF65
:106DE0002DE9000F81B018B31E46904605460C46AB
:106DF00041B3022E02D1E86B01284FD101F03AFCD9
:106E0000EFF311894FF0500080F31188BFF36F8FBB
:106E1000BFF34F8FA86B022E22D0E96B88421FD39D
:106E2000002089F3118801B0BDE8000FF0BD00BF5C
:106E30004FF0500080F31188BFF36F8FBFF34F8F77
:106E4000FEE700BF286C0028D3D04FF0500080F33D
:106E50001188BFF36F8FBFF34F8F00BFFEE700BFF6
:106E600095F945B0A86B2846214632465FFA8BFA61
:106E7000FFF732FFBAF1FF0F1AD000F045FF584577
:106E800032D9BAF17F0F2BD14FF0500080F3118827
:106E9000BFF36F8FBFF34F8FFEE700BF4FF050007F
:106EA00080F31188BFF36F8FBFF34F8FFEE700BFF2
:106EB00055F8240FC0B1284600F0D2FF0146B8F1C2
:106EC000000F4FF00100ACD000291CBF0120C8F812
:106ED000000089F3118801B0BDE8000FF0BD00BFCC
:106EE0000AF1010085F84500012089F3118801B0FD
:106EF000BDE8000FF0BD0000F0B503AF2DE9000BB9
:106F000060B10546006C98B14FF0500080F31188D5
:106F1000BFF36F8FBFF34F8FFEE700BF4FF05000FE
:106F200080F31188BFF36F8FBFF34F8FFEE700BF71
:106F300028680C4680B301F09DFBEFF311884FF0F9
:106F4000500080F31188BFF36F8FBFF34F8FA86B92
:106F5000E96B88421AD295F9456001305FFA86F9EB
:106F6000B9F1FF0FA86325D000F0CEFEB04239D9A9
:106F7000B9F17F0F32D14FF0500080F31188BFF389
:106F80006F8FBFF34F8F00BFFEE700BF002088F375
:106F90001188BDE8000BF0BDA8680028CBD04FF0E9
:106FA000500080F31188BFF36F8FBFF34F8F00BF86
:106FB000FEE700BF55F8240FA0B1284600F050FFAF
:106FC0000146002C4FF00100E1D000291CBF012038
:106FD000206088F31188BDE8000BF0BD09F10100C5
:106FE00085F84500012088F31188BDE8000BF0BD4D
:106FF000F0B503AF2DE9000F85B0049290B11646AD
:107000000D460446002949D000F0F6FFA0B99EB114
:107010004FF0500080F31188BFF36F8FBFF34F8F95
:10702000FEE700BF4FF0500080F31188BFF36F8F71
:10703000BFF34F8FFEE700BF01F092FAD4F838B0EB
:10704000BBF1000F38D0226C52B1D4E90230811864
:10705000E160994224BF2168E1602846EAF76CFDAF
:10706000ABF10100A06354F8100F70B1204600F09E
:10707000F7FE50B14EF60450CEF200004FF08051B2
:107080000160BFF34F8FBFF36F8F4FF0010801F026
:107090008BFA404605B0BDE8000FF0BD206C00281B
:1070A000B2D04FF0500080F31188BFF36F8FBFF361
:1070B0004F8F00BFFEE700BF002E4FF00008E6D064
:1070C00004F124000DF108090190484600F041FF49
:1070D0000DF1100A01F068FA00F0E1FB01F040FA4E
:1070E00094F84400FF2808BF84F8448094F84500D1
:1070F000FF2808BF84F8458001F056FA48465146FB
:1071000000F030FF60B12046FFF728FE00F0D0FB12
:1071100001F026FAA66B01F047FA1EBB30E000BF73
:1071200001F01EFAA66B01F03FFA2EB12046FFF7E0
:1071300015FE00F0BDFB15E00499019800F040FE3B
:107140002046FFF70BFE00F0B3FB58B94EF6045093
:10715000CEF200004FF080510160BFF34F8FBFF3BC
:107160006F8F00BF01F0FCF9D4F838B0BBF1000F0D
:107170007FF469AF04980028ACD14FF0000886E78F
:107180004FF00008404605B0BDE8000FF0BD00001C
:10719000F0B503AF2DE9000F85B0049160B104464E
:1071A000006C98B14FF0500080F31188BFF36F8FDF
:1071B000BFF34F8FFEE700BF4FF0500080F3118800
:1071C000BFF36F8FBFF34F8FFEE700BF0D4600F098
:1071D00013FF58B955B14FF0500080F31188BFF339
:1071E0006F8FBFF34F8F00BFFEE700BF01F0B8F90C
:1071F000A06BE8B10138A063206810B901F046F82F
:10720000A06054F8100F88B1204600F029FE68B144
:107210004EF60450CEF200004FF080510160BFF3F3
:107220004F8FBFF36F8F012589E000BF012586E0F6
:10723000002D4FF0000500F0828004F124080120A9
:107240000DF1080A0DF1100900210191C00702D0CB
:10725000504600F07EFE01F0A7F900F020FB01F09F
:107260007FF994F84400FF2808BF84F8445094F84C
:107270004500FF2808BF84F8455001F095F95046B5
:10728000494600F06FFE58B12046FFF767FD00F059
:107290000FFB01F065F9A66B01F086F986BB3BE0B8
:1072A00001F05EF9D4F838B001F07EF9BBF1000FBF
:1072B00006D02046FFF752FD00F0FAFA20E000BFAA
:1072C000206838B901F04CF9A06800F0A5FE0190E3
:1072D00001F06AF90499404600F072FD2046FFF77C
:1072E0003DFD00F0E5FA58B94EF60450CEF200002C
:1072F0004FF080510160BFF34F8FBFF36F8F00BF1E
:1073000001F02EF9A06B00287FF474AF04980028D8
:107310004FF000009AD111E0019848B101F020F936
:10732000606A38B1206B0068C0F1060103E000BF5D
:10733000002506E00021A06800F03EFF002501F0D6
:1073400033F9284605B0BDE8000FF0BDF0B503AF36
:107350002DE9000F81B000283AD0914605460E462F
:1073600000293FD001F086F9EFF311884FF050006B
:1073700080F31188BFF36F8FBFF34F8FAC6B002C7E
:107380003ED095F944B02A6C5FFA8BFA52B1D5E938
:1073900002308118E960994224BF2968E9603046CB
:1073A000EAF7CAFB601EBAF1FF0FA86330D000F005
:1073B000ABFC584548D9BAF17F0F41D14FF050008E
:1073C00080F31188BFF36F8FBFF34F8FFEE700BFCD
:1073D0004FF0500080F31188BFF36F8FBFF34F8FD2
:1073E000FEE700BF286C0028BCD04FF0500080F3AF
:1073F0001188BFF36F8FBFF34F8F00BFFEE700BF51
:10740000002088F3118801B0BDE8000FF0BD00BF77
:1074100055F8100FC0B1284600F022FD0146B9F121
:10742000000F4FF00100ECD000291CBF0120C9F86B
:10743000000088F3118801B0BDE8000FF0BD00BF67
:107440000AF1010085F84400012088F3118801B099
:10745000BDE8000FF0BD0000D0B502AF40B104465A
:1074600001F07EF8A46B01F09FF82046D0BD00BF6C
:107470004FF0500080F31188BFF36F8FBFF34F8F31
:10748000FEE7000000281CBF806B70474FF05000E3
:1074900080F31188BFF36F8FBFF34F8FFEE70000BB
:1074A000F0B503AF2DE9000F81B095008146284665
:1074B000984616468A46FFF70DF9002800F0A4808A
:1074C00004465820FFF706F9002800F0A5800021A7
:1074D00058228346EAF746FC2046A5212A46CBF8E7
:1074E0003040EAF73FFCDBF83000BAF1000F00EB68
:1074F0008600A0F1040020F00706CBF8446076D0A7
:107500009AF800008BF834009AF8000000286BD03D
:107510009AF801008BF835009AF80100002863D032
:107520009AF802008BF836009AF8020000285BD027
:107530009AF803008BF837009AF80300002853D01C
:107540009AF804008BF838009AF8040000284BD011
:107550009AF805008BF839009AF80500002843D006
:107560009AF806008BF83A009AF80600E0B39AF809
:1075700007008BF83B009AF80700A8B39AF80800B8
:107580008BF83C009AF8080070B39AF809008BF861
:107590003D009AF8090038B39AF80A008BF83E00CB
:1075A0009AF80A0000B39AF80B008BF83F009AF89B
:1075B0000B00C8B19AF80C008BF840009AF80C0048
:1075C00090B19AF80D008BF841009AF80D0058B16F
:1075D0009AF80E008BF842009AF80E0000281CBFA3
:1075E0009AF80F008BF8430000208BF84300BC682A
:1075F000062C1BD34FF0500080F31188BFF36F8F20
:10760000BFF34F8FFEE700BF4FF0FF36304601B0AB
:10761000BDE8000FF0BD00BF2046FFF755F94FF061
:10762000FF36304601B0BDE8000FF0BD0BF1040598
:10763000D7F80CA02846CBF82C40CBF8484001F0F6
:10764000A7F80BF1180001F0A3F8C4F10600CBF87D
:107650001800304649464246CBF810B0CBF824B06B
:1076600000F020FEBAF1000FCBF8000018BFCAF8F6
:1076700000B000F075FF41F61C74C2F200046069AE
:1076800041F6A06A01306061C2F2000ADAF8000037
:1076900041F6A468C2F2000860B12069B8BBDAF80C
:1076A0000000DBF82C10C06A884298BFCAF800B00E
:1076B0002DE000BFCAF800B06069012827D140461C
:1076C00001F05BF808F1140001F057F808F1280008
:1076D00001F053F808F13C0001F04FF808F15000B8
:1076E00001F04BF808F1640001F047F804F1480993
:1076F000484601F042F804F15C06304601F03DF8DE
:1077000004F1340001F039F8C4F82490A662A069AD
:10771000216B012601312163DBF82C1006FA01F2FE
:107720001043A06101EB810008EB80014A68CBF8AF
:1077300014109368CBF80820CBF80C309368956050
:107740005D6058F82010013148F8201000F02CFF3F
:10775000206900283FF45AAFDAF80000DBF82C105B
:10776000C06A88420AD24EF60450CEF200004FF0B2
:1077700080510160BFF34F8FBFF36F8F01263046FA
:1077800001B0BDE8000FF0BDF0B503AF4DF8048DBA
:1077900080B1C9B141F61C75C2F200052A68EAB190
:1077A0004FF0500080F31188BFF36F8FBFF34F8FFE
:1077B000FEE700BF4FF0500080F31188BFF36F8FDA
:1077C000BFF34F8FFEE700BF4FF0500080F31188EA
:1077D000BFF36F8FBFF34F8FFEE700BF2A68013200
:1077E0002A606A6803689A42194407D299424FF0A6
:1077F000000401603CD2914208D839E0994201600E
:1078000004D3914202D8002432E000BF41F6A068C0
:10781000C2F200086E68D8F800008C1A043000F03C
:10782000EEFF58B1D8F80000A419446015D3A86A37
:10783000D8F80010043100F0AFFF18E0D8F80000CD
:107840000121C06AAA6901FA00F022EA0000A861D9
:10785000D8F80000A4194460E9D2686AD8F800108A
:10786000043100F099FFE868844238BFEC600124DD
:1078700000F01EF820B120465DF8048BF0BD00BF7B
:107880004EF60450CEF200004FF080510160BFF37D
:107890004F8FBFF36F8F20465DF8048BF0BD41F62C
:1078A0001C70C2F2000001680131016070470000E5
:1078B000F0B503AF2DE9000741F61C7AC2F2000AC9
:1078C000DAF8000080B100F04BFEDAF80000013871
:1078D000CAF80000DAF8000080B1002400F064FE6D
:1078E0002046BDE80007F0BD4FF0500080F311883E
:1078F000BFF36F8FBFF34F8FFEE700BFDAF81400BE
:107900000028EAD0DAF8340000285FD041F6A469F4
:1079100041F6A06E4FF0000C4FF00108C2F20009D2
:10792000C2F2000EDAF84000C068D0E90715836A99
:107930008D605A68056A00F11806B242696008BF96
:107940005D60C0F828C0196801391960D0E90212D9
:1079500045698A606A68C668031D9A42716008BFFB
:107960006E60296801392960C16ADAF8182008FABE
:1079700001F52A43CAF8182001EB810209EB8205C0
:107980006E684561B4688660C460B468B360636063
:1079900059F82200013049F82200DEF80000C06AE0
:1079A000814288BFCAF81C80DAF834000028B9D1B7
:1079B000DAF82400006828B1DAF82400C06800680A
:1079C00002E000BF4FF0FF30CAF80C00DAF8205098
:1079D0005DB1012600F0D6F8002818BFCAF81C6077
:1079E000013DF7D10020CAF82000DAF81C00002879
:1079F0003FF473AF4EF60450CEF200004FF08051CA
:107A00000160BFF34F8F0124BFF36F8F00F0CCFDF7
:107A10002046BDE80007F0BDF0B503AF4DF8048D7A
:107A200000284FD041F61C75C2F2000504462868B4
:107A300050B14FF0500080F31188BFF36F8FBFF348
:107A40004F8F00BFFEE700BF286841F6A0680130F5
:107A50002860C2F200086E68D8F80000043000F018
:107A6000CEFE78B1D8F80000A419446019D3A86AF2
:107A7000D8F80010043100F08FFEFFF719FFE8B9C5
:107A800020E000BFD8F800000121C06AAA6901FA0D
:107A900000F022EA0000A861D8F80000A4194460B0
:107AA000E5D2686AD8F80010043100F075FEE86885
:107AB000844238BFEC60FFF7FBFE18B15DF8048B21
:107AC000F0BD00BF4EF60450CEF200004FF08051E2
:107AD0000160BFF34F8FBFF36F8F5DF8048BF0BD74
:107AE000B0B502AF82B041F61C750020C2F20005AD
:107AF000009047F65D304AF2F40105F10804C0F643
:107B00000100C0F60101202200230194FFF7C8FC08
:107B1000411C19D0012810D14FF0500080F311887A
:107B2000BFF36F8FBFF34F8F4FF0FF30E86001203E
:107B300028610020686000F0FDFB4AF2F000C0F60A
:107B40000100006802B0B0BD4FF0500080F3118812
:107B5000BFF36F8FBFF34F8FFEE7000041F6A460C5
:107B60004EF60451C2F20000CEF200014FF08052F6
:107B70000368022BFCD30A60BFF34F8FBFF36F8FF4
:107B8000F6E70000F0B503AF2DE9000F41F61C7BCE
:107B9000C2F2000BDBF8000040B1DBF8200001303E
:107BA000CBF820000020BDE8000FF0BDDBF804009A
:107BB00010F10109CBF8049028D3DBF82400006809
:107BC00050B14FF0500080F31188BFF36F8FBFF3B7
:107BD0004F8F00BFFEE700BFDBF82400DBF8282052
:107BE000CBF82420CBF82800DBF82C000130CBF8B0
:107BF0002C00DBF82400006820B1DBF82400C0680A
:107C0000006801E04FF0FF30CBF80C00DBF80C000F
:107C1000814501D2002069E0DBF8240000680028DB
:107C20005CD041F6A46A41F6A0684FF0010EC2F2A2
:107C3000000AC2F20008002024E000BFD5F82CC0E2
:107C4000DBF818200EFA0CF31A43CBF818200CEBD3
:107C50008C020AEB82035C686B61A168AC60E9602E
:107C6000A168A6604E605AF8221001314AF822102D
:107C7000D8F80010C96ADBF824208C4588BF0120A1
:107C8000116879B3DBF82420D268D5682E4656F8FF
:107C9000044FA14528D3D5E902326C699A60616826
:107CA000EA68B142536008BF62602168013921600F
:107CB000AC6A002CC2D0D5E90712D4F804C08A609F
:107CC0002A6A05F11803516000219C4508BF6260D3
:107CD000A962216801392160B0E700BF4FF0FF348D
:107CE000002001E04FF0FF34CBF80C40DBF81C1013
:107CF000002918BF0120BDE8000FF0BD41F61C703F
:107D0000C2F200004068704741F61C70C2F20000E9
:107D100040697047B0B502AF41F61C75C2F200056C
:107D2000286818B10120E861B0BD00BF002041F60D
:107D3000A064E861C2F200042068006B0168B1F140
:107D4000A53F0BD14168B1F1A53F07D18168B1F1E1
:107D5000A53F03D1C068B0F1A53F04D020682168D9
:107D6000343100F0C1FCA869B0FA80F0C0B2C0F1B3
:107D70001F0041F6A46100EB8000C2F2000151F83F
:107D800020206AB101EB8002114651F8040F4068CF
:107D90000B1D984208600DD0C0682060B0BD00BFC8
:107DA0004FF0500080F31188BFF36F8FBFF34F8FF8
:107DB000FEE700BFD0680860C0682060B0BD00006A
:107DC000F0B503AF4DF8048D10B341F6A066C2F2D2
:107DD00000060C463168183100F0DEFC41F61C78D4
:107DE000C2F20008D8F804503068043000F007FDF3
:107DF000C0B130686419446023D3D8F828003168D2
:107E000004315DF8048BBDE8F04000F0C5BC00BF54
:107E10004FF0500080F31188BFF36F8FBFF34F8F87
:107E2000FEE700BF30680121C06AD8F8182001FAC7
:107E300000F022EA0000C8F81800306864194460B5
:107E4000DBD2D8F824003168043100F0A5FCD8F862
:107E50000C00844238BFC8F80C405DF8048BF0BDBC
:107E6000F0B503AF4DF804BDC068C06850B3D0E9A9
:107E70000723816A9360036AD1F804C000F1180EE9
:107E80005A600022F44508BF4B6082620A6841F6DE
:107E90001C7C013A0A60C2F2000CDCF80010D9B177
:107EA000614651F8342F4B6801329C68C36104620B
:107EB0009C68C3F808E0C4F804E081620A60C36A01
:107EC00038E000BF4FF0500080F31188BFF36F8F90
:107ED000BFF34F8FFEE700BFD0E9022143699160F5
:107EE0005C68C16800F1040E74454A6008BF5960BF
:107EF000196801391960C36A0121DCF8182099401A
:107F0000114341F6A462CCF8181003EB8301C2F2CE
:107F1000000202EB810465684461AE688560C6605A
:107F2000AE68C5F808E0C6F804E052F82100013058
:107F300042F8210041F6A060C2F200000068C06A69
:107F4000834292BF00200120CCF81C005DF804BBE6
:107F5000F0BD41F61C71C2F20001CA6A02604968B4
:107F600041607047B0B502AF20B30D46A1B30446DF
:107F700000F0F6FA41F61C7CC2F2000CDCF80410AA
:107F8000D4E90032DCF82C00984201D091421BD297
:107F90002B68891A8B4217D9581A2860DCF82C00F4
:107FA0002060DCF804006060002400F0FDFA204648
:107FB000B0BD00BF4FF0500080F31188BFF36F8F4A
:107FC000BFF34F8FFEE700BF00200124286000F0C0
:107FD000EBFA2046B0BD00BF4FF0500080F311888F
:107FE000BFF36F8FBFF34F8FFEE741F61C70C2F2F5
:107FF00000000121C161704741F61C70C2F200000F
:10800000016900290FBF01200068B0FA80F0400923
:1080100018BF400070470000F0B503AF4DF8048D65
:1080200020B341F6A066C2F200060446C06A316879
:10803000C96A88421ED2A169002904D43168C96A7C
:10804000C1F10601A16141F6A468616900EB8000FD
:10805000C2F2000808EB8000814215D03068C06A87
:10806000E06201205DF8048BF0BD00BF00205DF8E8
:10807000048BF0BDA16C3068C26A0020914238BF09
:1080800001205DF8048BF0BD251D284600F0B7FBEC
:1080900041F61C71C2F2000138B9E06A01228B6915
:1080A00002FA00F023EA000088613068C26A012009
:1080B000E2628B6900FA02F633438B6102EB8201C4
:1080C00008EB8102536862619E68A360E6609E6867
:1080D0009D60756058F82120013248F821205DF834
:1080E000048BF0BDF0B503AF4DF804BD90B104466C
:1080F00041F6A060C2F200000068A0420ED04FF02E
:10810000500080F31188BFF36F8FBFF34F8F00BF14
:10811000FEE700BF00205DF804BBF0BDE06C002866
:1081200040D0411EE06AA26CE16490424FF0000032
:1081300035D0A1BB261D304600F061FB41F61C7C0A
:10814000C2F2000C48B9E06A0122DCF8183002FAE9
:1081500000F023EA0000CCF81800A26CC2F106007F
:10816000E262A0610120DCF8183000FA02F1194344
:10817000CCF8181041F6A46C02EB8201C2F2000C9C
:108180000CEB81035A6863619568A260E5609568AD
:1081900096606E605CF8212001324CF821205DF879
:1081A00004BBF0BD4FF0500080F31188BFF36F8F18
:1081B000BFF34F8FFEE70000F0B503AF4DF804BDED
:1081C00020B3C36C04462BB3A26CE06A8A4238BF6A
:1081D0000A4690421AD0012B18D141F6A061C2F292
:1081E00000010968A1421FD0A169E26200295CBFB9
:1081F000C2F10601A16141F6A466616900EB80004D
:10820000C2F2000606EB8000814217D05DF804BB85
:10821000F0BD00BF4FF0500080F31188BFF36F8FA7
:10822000BFF34F8FFEE700BF4FF0500080F311887F
:10823000BFF36F8FBFF34F8FFEE700BF251D2846AA
:1082400000F0DDFAE16A0122002841F61C7002FA12
:1082500001F2C2F2000002D1836993438361836912
:108260001A43826101EB810006EB80014A6861617B
:108270009368A260E360936895605D6056F8201093
:10828000013146F820105DF804BBF0BD41F6A06056
:10829000C2F20000016819B10168CA6C0132CA64F7
:1082A00000687047034648F2CD20C0F601004FF049
:1082B000807C21F0010103E903106FF0020043F814
:1082C000240CA3F1440043F8202C704781B0002017
:1082D000009040F22C10C2F2000000684FF05001F4
:1082E00081F31188BFF36F8FBFF34F8F013007D039
:1082F000FEE700BF009830B9009820B9009810B987
:1083000000980028F6D001B070470000000000007F
:10831000074B19680868B0E8F04F80F30988BFF38D
:108320006F8F4FF0000080F31188704700BF00BFCF
:10833000A01E0020B0B502AF84B04EF20040CEF2D5
:1083400000004CF27021C4F20F11D0F800294B1C30
:108350009A4209D14FF0500080F31188BFF36F8F1C
:10836000BFF34F8FFEE700BFD0F800298A4209D142
:108370004FF0500080F31188BFF36F8FBFF34F8F22
:10838000FEE700BF00210191017807F80D1CFF21D5
:108390000170017807F8151C17F8151C11F0500230
:1083A00041F68C71C2F200010A7000F08D8017F85E
:1083B000152C02F05002502A40F0908017F9152C2D
:1083C000B2F1FF3F66DD019A0024082A4FF0000257
:1083D00006D0019A4FF4E063A3EB022202F4E062BC
:1083E0004A6017F80D1C0170D0F8201941F47F0184
:1083F000C0F82019D0F8201941F07F41C0F82019A9
:1084000000F075F840F22C15C2F200052C6000F067
:1084100089F84EF63470CEF20000016841F0404118
:10842000016000F089F8FFF775FC039428684FF0AD
:10843000500181F31188BFF36F8FBFF34F8F01306D
:108440003CD000BFFEE700BF019A0132019217F84D
:10845000152C520007F8152C17F9152CB2F1FF3F17
:10846000B1DC019A0132019217F8152C520007F87D
:10847000152C17F9152CB2F1FF3FA4DC019A01323B
:10848000019217F8152C520007F8152C17F9152C26
:10849000002A98D5019A0132019217F8152C520042
:1084A00007F8152C17F9152CB2F1FF3FCCDD8AE740
:1084B000039830B9039820B9039810B9039800289D
:1084C000F6D0002004B0B0BD4FF0500080F311880A
:1084D000BFF36F8FBFF34F8FFEE700BF4FF0500029
:1084E00080F31188BFF36F8FBFF34F8FFEE74EF21B
:1084F0001000CEF2000000210160816040F2900186
:10850000C2F20001096844F6D352C1F26202A1FB33
:1085100002124FF0FF3101EB92114160072101601F
:1085200070470000DFF80C00016841F47001016041
:108530007047000088ED00E008480068006880F39C
:1085400008884FF0000080F3148862B661B6BFF36C
:108550004F8FBFF36F8F00DF00BF000008ED00E01A
:108560004FF0500080F31188BFF36F8FBFF34F8F30
:1085700040F22C10C2F2000001684A1C026009B1EE
:10858000704700BF4EF60450CEF2000000680006AF
:1085900008BF70474FF0500080F31188BFF36F8F12
:1085A000BFF34F8FFEE7000040F22C10C2F2000034
:1085B000016839B10139016018BF7047002080F3AC
:1085C000118870474FF0500080F31188BFF36F8F10
:1085D000BFF34F8FFEE70000000000000000000026
:1085E000EFF30980BFF36F8F154B1A681EF0100F61
:1085F00008BF20ED108A20E9F04F10602DE9090036
:108600004FF0500080F31188BFF34F8FBFF36F8F8F
:10861000FFF780FB4FF0000080F31188BDE80900F0
:1086200019680868B0E8F04F1EF0100F08BFB0ECF2
:10863000108A80F30988BFF36F8F704700BF00BFB7
:10864000A01E002080B56F464FF0500080F31188C7
:10865000BFF36F8FBFF34F8FFFF794FA30B14EF631
:108660000450CEF200004FF080510160002080F3F2
:10867000118880BD41F68C70EFF305811029C2F29C
:10868000000011D34EF2F032CEF20002895C027883
:10869000914209D24FF0500080F31188BFF36F8FE1
:1086A000BFF34F8FFEE700BF4EF60C51CEF2000134
:1086B0000968406801F4E061814298BF70474FF05B
:1086C000500080F31188BFF36F8FBFF34F8F00BF4F
:1086D000FEE780B56F46FFF78FFC012808BF80BD1D
:1086E000BDE88040FFF7AEBF80B56F464FF0500049
:1086F00080F31188BFF36F8FBFF34F8F4AF2F900F9
:10870000C0F60100EBF7C8F84EF21004012080F328
:108710001088CEF20004002525606560A560F0F7A2
:108720006BF84FF0FF30C4F87001C4F87002C4F861
:108730007401C4F87402C4F87801C4F87802C4F86B
:108740007C01C4F87C02C4F88001C4F88002C4F83B
:108750008401C4F88402C4F88801C4F88802C4F80B
:108760008C01C4F88C02002085F31088C1F6FF70DC
:10877000016881F30888406880474FF0FF31024666
:1087800042F8081F00214260C0E9032201607047DF
:108790000021016170470000D0B502AFD1F800E0C0
:1087A0001EF1010214D000F1080400BF62681368D2
:1087B000734511D853681C68744511D85A681468F9
:1087C00074450FD854682368A4467345EED90BE06E
:1087D0000269D2F804C007E09446224604E000BFD4
:1087E0009C4601E094461A46C1F804C0CCF8081033
:1087F0008A6051600861016801310160D0BDD0E933
:10880000013201699A60D1F804C0826884455360DE
:1088100008BF4A60002202610868013808600868E1
:10882000704708B5E9F7D0F808B5E9F7CDF808B50D
:10883000E9F7CAF808B5E9F7C7F808B5E9F7C4F8E1
:1088400008B5E9F7C1F80AB1E9F776B97047000051
:1088500008B50B68B3F1804F02D30D48FFF7EAFF6C
:1088600093420BD9B3EB420F4FEA420006D2B0F16C
:10887000804F2ABF6FF0404308600B6008680130EA
:1088800001D5FFF7CEFFBDE80840EAF7EEBF00BF15
:108890000AA1010850F8083B834202D01846EAF7C3
:1088A000E6BF7047406801F180410139091A9142E1
:1088B00008B502D21846FFF7BDFF08BD03688B421A
:1088C00006D840681844814294BF002001207047B8
:1088D00001207047012A10B404D10A785DF8044BD6
:1088E000027070475DF8044BFFF7ADBF012A30B44A
:1088F00003D10B78037030BC7047002AFBD030BC2A
:10890000E9F7B4B90B46012B10B41146044603D164
:1089100022705DF8044B7047002BFAD05DF8044BD1
:108920001A46E9F71FBA37B50F29044601911546D3
:1089300006D9002201A9FFF78BFF019B2060A360ED
:10894000019919B120682A46FFF7DCFF019B2268D4
:1089500063600021D15403B030BD2DE9F3470A9E76
:108960001F46436801EB0208B21A1A44A3EB080938
:108970000346019253F8082B9A4218BF82680D46AD
:1089800008BF0F2201A90446FFF762FF82461DB10E
:1089900021682A46FFF79EFF37B12EB1324639468D
:1089A0000AEB0500FFF796FFB9F1000F07D0216829
:1089B00035444A4641440AEB0500FFF78BFF204649
:1089C000FFF768FF019BC4F800A0A36002B0BDE8F8
:1089D000F08700002DE9F74F0C9D144680462A468B
:1089E00089461F462146394BFFF75CFF4246D8F8BF
:1089F000043052F8086B964218BFD8F80820A5EB4F
:108A0000040B03EB0B0A08BF0F22524551D34E440F
:108A10003946A1444046A3EB0909FFF74FFF80B157
:108A2000B9F1000F06D0AC4204D04A463119701992
:108A3000FFF75CFF15B32A4639463046FFF74AFF79
:108A40001CE035B1AC423CD32A4639463046FFF7EC
:108A50004DFFB9F1000F11D0AC420FD04A46311989
:108A60007019FFF743FFAC4208D234447B199C4293
:108A70000FD32A4639463046FFF738FFD8F8003082
:108A8000C8F804A00022404603F80A2003B0BDE85D
:108A9000F08FBC4203D82A4607EB0B01CDE7E41B5D
:108AA000224639463046FFF721FF2A1B711930193B
:108AB000C4E700953B46224649464046FFF74DFF36
:108AC000DCE7B9F1000FD0D0C8E700BF22A1010850
:108AD000F8B500BFF8BC08BC9E467047F8B500BFAB
:088AE000F8BC08BC9E4670477B
:108AE800DB0F49BFE4CB1640E4CB16C00000008082
:108AF800DB0F4940DB0F49C0000000000000008088
:108B0800000FC93F000F494000CB9640000FC940F5
:108B18000053FB4000CB164100ED2F41000F4941A7
:108B28000031624100537B41003A8A4100CB9641B3
:108B3800005CA34100EDAF41007EBC41000FC9417C
:108B480000A0D5410031E24100C2EE410053FB4193
:108B580000F20342003A0A420083104200CB164258
:108B680000141D42005C234200A5294200ED2F425B
:108B780000363642007E3C4200C74242000F49425E
:108B8800A2000000F9000000830000006E00000051
:108B98004E000000440000001500000029000000FD
:108BA800FC0000002700000057000000D100000072
:108BB800F500000034000000DD000000C0000000E7
:108BC800DB00000062000000950000009900000032
:108BD8003C0000004300000090000000410000003D
:108BE800FE0000005100000063000000AB00000020
:108BF800DE000000BB000000C500000061000000AE
:108C0800B7000000240000006E0000003A000000D9
:108C1800420000004D000000D2000000E00000000B
:108C280006000000490000002E000000EA000000D5
:108C380009000000D1000000920000001C000000A4
:108C4800FE0000001D000000EB0000001C000000FA
:108C5800B100000029000000A70000003E0000004D
:108C6800E80000008200000035000000F500000068
:108C78002E000000BB00000044000000840000003B
:108C8800E90000009C0000007000000026000000C1
:108C9800B40000005F0000007E00000041000000FA
:108CA8003900000091000000D600000039000000E3
:108CB800830000005300000039000000F4000000A9
:108CC8009C000000840000005F0000008B00000092
:108CD800BD000000F9000000280000003B00000073
:108CE8001F000000F800000097000000FF000000CF
:108CF800DE00000005000000980000000F000000E2
:108D0800EF0000002F000000110000008B000000A1
:108D18005A0000000A0000006D0000001F0000005B
:108D28006D000000360000007E000000CF0000004B
:108D380027000000CB00000009000000B700000079
:108D48004F000000460000003F00000066000000E1
:108D58009E0000005F000000EA0000002D000000F7
:108D68007500000027000000BA000000C7000000DE
:108D7800EB000000E5000000F10000007B000000AF
:108D88003D0000000700000039000000F700000067
:108D98008A0000005200000092000000EA00000073
:108DA8006B000000FB0000005F000000B100000045
:108DB8001F0000008D0000005D000000080000009A
:108DC80056000000030000003000000046000000CC
:108DD800FC0000007B0000006B000000AB000000FE
:108DE800F0000000CF000000BC00000020000000E0
:108DF8009A000000F4000000360000001D0000008A
:108E0800A9000000E30000009100000061000000DC
:108E18005E000000E60000001B00000008000000E3
:108E28006500000099000000850000005F00000058
:108E380014000000A00000006800000040000000CE
:108E48008D000000FF000000D80000008000000036
:108E58004D000000730000002700000031000000F2
:108E68000600000006000000150000005600000083
:108E7800CA00000073000000A8000000C90000003C
:108E880060000000E20000007B000000C00000005D
:108E98008C0000006B0000000400000007000000C8
:108EA800090000000000C93F0000F0390000DA376F
:108EB8000000A2330000842E0000502B0000C227BF
:108EC8000000D0220000C41F0000C61B0000441789
:108ED8006937AC3168212233B40F14336821A233C7
:108EE8003863ED3EDA0F493F5E987B3FDA0FC93FA2
:108EF8000020202020202020202028282828282062
:108F08002020202020202020202020202020202059
:108F180020881010101010101010101010101010C1
:108F280010040404040404040404041010101010B1
:108F3800101041414141414101010101010101017B
:108F480001010101010101010101010110101010CD
:108F5800101042424242424202020202020202024D
:108F680002020202020202020202020210101010A1
:108F780020000000000000000000000000000000C9
:108F880000000000000000000000000000000000D9
:108F980000000000000000000000000000000000C9
:108FA80000000000000000000000000000000000B9
:108FB80000000000000000000000000000000000A9
:108FC8000000000000000000000000000000000099
:108FD8000000000000000000000000000000000089
:108FE8000000000000000000000000000000000079
:108FF800002E2E2E6162636465666768696A6B6C11
:109008006D6E6F707172737475767778797A2E2EAB
:109018002E00E4BDA0E58FAFE883BDE59CA8E4BDC4
:10902800BFE794A8E4B88DE59088E6B395E79A84FD
:10903800E7A1ACE4BBB6EFBC8CE8AFB7E88194E736
:10904800B3BB323539323539303931383340717143
:109058002E636F6D0D0A00706F776572006461741E
:1090680065007573625F7468726561640074657227
:109078006D5F74687265616400252D2E3466202545
:1090880073006F70656E00636C6F73650073746F47
:10909800700073687574646F776E007265626F6FC5
:1090A8007400626C005265626F6F7420696E746F31
:1090B80020626F6F746C6F6164657220696E203313
:1090C800207365636F6E64732E0D0A007265737486
:1090D8006F726500346363323061363500546869F5
:1090E800732066756E6374696F6E206973206E6F86
:1090F8007420617661696C61626C6520696E2070AC
:1091080075626C69632076657273696F6E2E0D0ADD
:10911800002564206461797320256420686F757266
:1091280073202564206D696E7574657320252E3350
:1091380066207365636F6E64730D0A0074696D65EC
:10914800725F7461736B004454006F6D5F6C6F677E
:10915800005B25735D25730D0A0025732573402573
:10916800733A2573241B5B30306D20001B5B333250
:109178006D0061746F6D0058526F626F74007E00ED
:1091880062696E006574630064657600686F6D657A
:1091980000707764006C7300636400636174006539
:1091A80063686F00636C65617200524541444D45C8
:1091B8002E7478740041746F6D3A204475616C2088
:1091C800362D4178697320494D5520436F726520CB
:1091D800426F6172642056332E312E206874747089
:1091E800733A2F2F78726F626F742D6F72672E67C4
:1091F80069746875622E696F2F0057656C636F6DAF
:109208006520746F207573652058526F626F7421E2
:10921800004552524F523A204469726563746F7226
:1092280079206E6F7420666F756E642E00455252F9
:109238004F523A204469726563746F72792027250A
:109248007327206E6F7420666F756E642E0045520A
:10925800524F523A2046696C65206E6F7420666FD3
:10926800756E642E004552524F523A2046696C651D
:109278002027257327206E6F7420666F756E642E05
:109288000046696C65206E6F742065786563757437
:1092980061626C652E00082008002573257300455F
:1092A80052524F523A20496E76616C6964206E754D
:1092B8006D626572206F6620617267756D656E7488
:1092C800732E004552524F523A2046696C65206E03
:1092D8006F74207772697461626C652E0045525212
:1092E8004F523A2046696C65206E6F742072656132
:1092F8006461626C652E002F257300642D2D2D206E
:109308002020252D313573006625632563256320CC
:109318002020252D3135732073697A652025640056
:109328006625632D2D202020252D31357300632DD2
:1093380025632563202020252D313573003E001B31
:109348005B324B0D001B5B324A1B5B314800205FD0
:109358005F20205F5F205F2020202020205F205F8B
:109368005F5F205F20202020202020205F205F20BA
:109378000D0A7C20205C2F2020285F295F205F2099
:10938800285F29205F5F7C207C5F20205F5F5F7CF7
:10939800207C207C0D0A7C207C5C2F7C207C207C1F
:1093A8002027205C7C205C5F5F205C2027205C2FCE
:1093B800202D5F29207C207C0D0A7C5F7C20207C6E
:1093C8005F7C5F7C5F7C7C5F7C5F7C5F5F5F2F5F27
:1093D8007C7C5F5C5F5F5F7C5F7C5F7C0D0A4275B5
:1093E800696C643A46656220323720323032352063
:1093F80030333A30353A32390D0A76657273696F0F
:109408006E3A312E302E360D0A001B5B43001B5B73
:1094180044001B5B73001B5B4B001B5B7500296CD6
:109428006C756E2800296C696E28006E616E006686
:109438006E692D00666E692B00666E69000000007B
:10944800000000000000F03F000000000000244081
:1094580000000000000059400000000000408F405C
:10946800000000000088C34000000000006AF840C7
:109478000000000080842E4100000000D0126341EB
:109488000000000084D797410000000065CDCD4161
:10949800000000205FA00242000000E87648374242
:1094A800000000A2941A6D42000040E59C30A242E0
:1094B8000000901EC4BCD64200003426F56B0C4355
:1094C8000080E03779C3414300A0D88557347643FC
:1094D800000000000000000001020304060708095C
:1094E8000000000001020304C40E00200000000078
:1094F800100F002004000000000102030405060705
:10950800080C101418203040010002000400060066
:1095180008000A000C001000200040008000000134
:109528000100000004000000020000000800000024
:109538000000000004000000020000000800000015
:1095480001010103070100000804020408010101E8
:10955800696E69745F7468726561645F666E0063E2
:10956800616E66645F696D750063616E66645F69EC
:10957800640063616E66645F66625F6379636C65ED
:10958800006163636C5F656E61626C650067797228
:109598006F5F656E61626C6500717561745F656EA1
:1095A80061626C650065756C725F656E61626C65A1
:1095B8000063616E66645F656E61626C650075610B
:1095C80072745F656E61626C650063616E5F656E83
:1095D80061626C650063616E5F6272696467655F92
:1095E800656E61626C65007365745F696D750063B3
:1095F800616E66645F696D755F63616E00696D7544
:109608005F7561727400696D755F63616E5F727812
:109618005F747000696D755F63616E5F7278006971
:109628006D755F63616E5F74780063616E66642058
:109638006D6F64650D0A0063616E206D6F64650D62
:109648000A646174613A006163636C2C0067797223
:109658006F2C00717561742C0065756C722C006339
:10966800616E2F63616E6664206F75747075742007
:1096780064697361626C65642E0D0A0075617274A9
:10968800206F757470757420656E61626C65642EE8
:109698000D0A0075617274206F757470757420649A
:1096A800697361626C65642E0D0A0063616E2062E5
:1096B8007269646765206D6F646520656E61626CB0
:1096C80065642E0D0A0063616E20627269646765C5
:1096D800206D6F64652064697361626C65642E0D2A
:1096E8000A00666565646261636B2064656C617914
:1096F8003A25640D0A0069643A25640D0A0D0A5575
:10970800736167653A0D0A00097365745F64656C77
:10971800617920205B74696D655D2020E8AEBEE745
:10972800BDAEE58F91E98081E5BBB6E697B66D736E
:109738000D0A00097365745F63616E5F6964205B7D
:1097480069645D20202020E8AEBEE7BDAE63616E8F
:109758002069640D0A0009656E61626C652F646991
:109768007361626C6520202020205B6163636C2F2D
:109778006779726F2F717561742F65756C722F63BD
:10978800616E66642F63616E2F756172742F6361F9
:109798006E5F6272696467655D0D0A0009736574BE
:1097A8005F756172745F62617564202020202020DB
:1097B8005B303A3936303020313A31303030303061
:1097C80020323A31313532303020333A343630387D
:1097D800303020343A39323136303020353A313071
:1097E800303030303020363A323030303030305D42
:1097F8000D0A00097365745F756172745F70617238
:10980800697479202020205B303A4E6F6E652C20D9
:10981800313A4F64642C20323A4576656E5D0D0A04
:10982800007365745F64656C61790063616E66647A
:109838000063616E5F627269646765006469736181
:10984800626C65007365745F63616E5F6964006371
:10985800616E5F69643A25640D0A007365745F750B
:109868006172745F62617564006261756420736817
:109878006F756C64206265206265747765656E201B
:109888003020616E6420360D0A00626175643A25E5
:10989800640D0A007365745F756172745F7061723C
:1098A800697479007061726974792073686F756C76
:1098B80064206265206265747765656E203020617A
:1098C8006E6420320D0A00E591BDE4BBA4E99499C9
:1098D800E8AFAF0D0A0073746F69004100696D75D8
:1098E8005F7175617400696D755F6779726F006982
:1098F8006D755F6163636C00696D755F65756C722A
:1099080000626D693038385F6779726F00440062B1
:10991800617369635F737472696E673A3A5F4D5F2A
:10992800636F6E737472756374206E756C6C206EE1
:109938006F742076616C6964000000008025000067
:10994800A086010000C201000008070000100E00F8
:1099580040420F0080841E00000000000006000046
:10996800000400004148525300616872735F7468D4
:1099780072656164005B73686F775D205B74696D05
:10998800655D205B64656C61795D20E59CA8746900
:109998006D65E697B6E997B4E58685E6AF8FE99AEF
:1099A8009464656C6179E68993E58DB0E4B880E6E6
:1099B800ACA1E695B0E68DAE0D0A0074657374002F
:1099C800E8AFB7E4BF9DE68C81E99D99E6ADA2EFCB
:1099D800BC8CE5BC80E5A78BE6A380E6B58BE99B4C
:1099E800B6E6BC820D0A00E8AFB7E7AD89E5BE85EB
:1099F8000D0A00E99BB6E6BC823A2566E5BAA62FB1
:109A0800E58886E9929F0D0A0073686F7700706990
:109A18007463683A256620726F6C6C3A2566207903
:109A280061773A25660070697463683A2566207222
:109A38006F6C6C3A2566207961773A25660D0A00C5
:109A48007072696E745F717561740025662C256685
:109A58002C25662C25660A00626D693038385F63EC
:109A6800616C6900626D69303838007468726561CC
:109A7800645F626D693038385F6163636C00736876
:109A88006F77205B74696D655D205B64656C6179D7
:109A98005D20E59CA874696D65E697B6E997B4E51D
:109AA8008685E6AF8FE99A9464656C6179E6899357
:109AB800E58DB0E4B880E6ACA1E695B0E68DAE0DD4
:109AC8000A006C69737420E58897E587BAE6A0A157
:109AD800E58786E695B0E68DAE0D0A0063616C6990
:109AE80020E5BC80E5A78BE6A0A1E587860D0A00E6
:109AF8006C6973740063616C5F63616C69002573E2
:109B080020E69CAAE6A0A1E587860D0A0025633A0F
:109B180025662025662025662025660D0A006572C3
:109B2800726F723A0D0A00252B386620252B38668D
:109B380020252B38660D0A00E68980E69C89E6A078
:109B4800A1E58786E6ADA5E9AAA4E5B7B2E5AE8C9E
:109B5800E688900D0A00E6B8A9E5BAA6E4B88DE74C
:109B6800A8B3E5AE9A3A25660D0A00E69186E69412
:109B7800BEE696B9E59091E99499E8AFAFE38082A3
:109B88000D0A00417869733A25730D0A00E5809241
:109B9800E8AEA1E697B6256400E5BC80E5A78BE6AC
:109BA800A0A1E58786EFBC8CE8AFB7E4BF9DE68C43
:109BB80081E99980E89EBAE4BBAAE7A8B3E5AE9A22
:109BC800EFBC8CE680BBE585B1E99C80E8A681E620
:109BD800A0A1E58786E585ADE4B8AAE696B9E59043
:109BE80091EFBC8CE6AF8FE4B8AAE696B9E5909100
:109BF800E6A0A1E587862564E4B8AAE5BEAAE78EB3
:109C0800AFEFBC8CE8AFB7E88090E5BF83E7AD89DC
:109C1800E5BE850D0A00E8BF9BE5BAA6EFBC9A250C
:109C2800642F333000E7ACAC2569E6ACA1E5BEAAE9
:109C3800E78EAFE7BB93E69E9C20783A25662079AD
:109C48003A2566207A3A25660D0A00E6A0A1E5873E
:109C580086E7BB93E69E9C20783A256620793A25CC
:109C680066207A3A25660D0A006163636C20783AAB
:109C7800252B356620793A252B3566207A3A252B0F
:109C88003566206779726F20783A252B35662079FA
:109C98003A252B3566207A3A252B35662C207465B3
:109CA8006D703A252B3366006163636C20783A2522
:109CB8002B356620793A252B3566207A3A252B35BF
:109CC80066206779726F20783A252B356620793AB5
:109CD800252B3566207A3A252B35662074656D70FC
:109CE8003A252B33660D0A00E58F82E695B0E99494
:109CF80099E8AFAF0D0A004572726F7200424D4984
:109D080030383820776169742074696D656F7574AF
:109D18002E00415849535F5800415849535F585FD6
:109D28004D494E555300415849535F5900415849D0
:109D3800535F595F4D494E555300415849535F5A37
:109D480000415849535F5A5F4D494E555300415899
:109D580049535F4E554D0000060000001A9D01084A
:109D68000C000000219D0108060000002E9D01083E
:109D78000C000000359D010806000000429D010806
:109D88000C000000499D010808000000569D0108CC
:109D98006465765F63616E5F006465765F63616EBC
:109DA80066645F0073656E64202020205B69645DD3
:109DB800202020202020202020202020202020E5D6
:109DC8008F91E98081E6B58BE8AF95E695B0E68D91
:109DD800AE0D0A006D6F6E69746F72205B6E756DE3
:109DE8006265723A20312D33325D205B74696D658E
:109DF8006F75745D20E79B91E68EA7E68C87E5AECC
:109E08009AE695B0E9878FE79A8463616EE58C8559
:109E18000D0A0073656E64006D6F6E69746F720071
:109E280043616E49642049443A25303878204441DA
:109E380054413A2530327820253032782025303286
:109E48007820253032782025303278202530327835
:109E5800202530327820253032780D0A00520069EA
:109E6800636D34323638385F63616C690069636DDD
:109E78003432363838007468726561645F69636DBE
:109E88003432363800E6A0A1E58786E695B0E68D3F
:109E9800AE20783A256620793A2566207A3A2566F2
:109EA8000D0A00E58092E8AEA1E697B625640D0A92
:109EB80000E5BC80E5A78BE6A0A1E58786EFBC8C12
:109EC800E8AFB7E4BF9DE68C81E99980E89EBAE4E3
:109ED800BBAAE7A8B3E5AE9A0D0A00E4BF9DE5ADBD
:109EE80098E6A0A1E58786E695B0E68DAE0D0A0056
:109EF8006163636C20783A252B356620793A252BE7
:109F08003566207A3A252B3566206779726F207876
:109F18003A252B356620793A252B3566207A3A255D
:109F28002B35662074656D703A252B3366004943DE
:109F38004D34323638382057686F416D492069737F
:109F48002025642C2072657472790049434D34329F
:109F580036383820776169742074696D656F757457
:109F68002E00005EBCE2613FDD83C29C7E20A3FD23
:109F78001F419DC3217FFCA2401E5F01E3BD3E60DF
:109F880082DC237D9FC1421CFEA0E1BF5D0380DE11
:109F98003C62BEE0025CDF81633D7C22C09E1D43C3
:109FA800A1FF4618FAA427799BC584DA3866E5BB71
:109FB8005907DB856739BAE406581947A5FB78269F
:109FC800C49A653BD987045AB8E6A7F91B45C698D1
:109FD8007A24F8A6441A99C7257B3A6486D85B0583
:109FE800E7B98CD2306EEDB3510F4E10F2AC2F7131
:109FF80093CD114FADF3702ECC92D38D6F31B2EC5F
:10A008000E50AFF1134DCE90722C6D33D18F0C5290
:10A01800B0EE326C8ED0530DEFB1F0AE4C1291CF42
:10A028002D73CA947628ABF517490856B4EA6937F0
:10A03800D58B5709EBB536688AD495CB2977F4AA1E
:10A048004816E9B7550B88D6346A2B7597C94A1450
:10A05800F6A8742AC896154BA9F7B6E80A54D78902
:10A068006B35000000000000010000000200000045
:10A0780003000000040000000500000006000000C6
:10A088000700000008000000090000000A000000A6
:10A098000B0000000C0000000D0000000E00000086
:10A0A8000F00000010000000000000480100000040
:10A0B80000040048400000000004004801000000BF
:10A0C80000000048008000000000004880000000F8
:10A0D80000040048020000000014004878563412BA
:10A0E80000000000000000000500000049444C4545
:10A0F80000537461636B206F766572666C6F770DC1
:10A108000A0062617369635F737472696E673A3AD1
:10A118005F4D5F6372656174650062617369635F57
:10A12800737472696E673A3A5F4D5F7265706C61FD
:08A13800636500000000000057
:08A14000C060FE7F0100000079
:04A14800690300089F
:04A14C0041030008C3
:10A15000FF000000080000200000000000000000D8
:10A1600000000000000000000000000000000000EF
:10A1700000000000000000000000000000000000DF
:10A1800000000000000000000000000000000000CF
:10A1900000000000000000000000000000000000BF
:10A1A00000000000000000000000000000000000AF
:10A1B000000000000000000010000000010000008E
:10A1C000000000000000000000000000000000008F
:10A1D000010000000000000000000000000000007E
:10A1E0000024F400000080BF000000000000000018
:10A1F00000000000000080BF000000000000000020
:10A20000000000000000803F0000803F00000000D0
:10A2100000000000000000000000803F000000007F
:10A2200000000000000000000000803F0600000069
:10A23000C80000009A99193E0000803FCDCCCC3D6B
:10A24000000000009A99993E0000803F0000000045
:10A2500000000000CDCCCC3DCDCC4C3E0000803F7A
:10A26000CDCCCC3D000000009A99993E0000803F83
:10A270000000000000000000295C8F3DAAAAAAAAE5
:04000005080092312C
:00000001FF
